2026-10-05T12:04:21.1216421Z Current runner version: '2.337.0'
2026-10-05T12:04:21.1241626Z ##[group]Runner Image Provisioner
2026-10-05T12:04:21.1242617Z Hosted Compute Agent
2026-10-05T12:04:21.1243189Z Version: 20260901.588
2026-10-05T12:04:21.1243910Z Commit: f88ec8081b781fac6c440065ac7ff9e710ce3d0b
2026-10-05T12:04:21.1244649Z Build Date: 2026-09-01T19:56:44Z
2026-10-05T12:04:21.1245380Z Worker ID: {02dca4e4-66cc-4a6a-be41-88f3a3d61dbd}
2026-10-05T12:04:21.1246162Z Azure Region: westcentralus
2026-10-05T12:04:21.1246761Z ##[endgroup]
2026-10-05T12:04:21.1248431Z ##[group]Operating System
2026-10-05T12:04:21.1249093Z Ubuntu
2026-10-05T12:04:21.1249750Z 24.04.5
2026-10-05T12:04:21.1250316Z LTS
2026-10-05T12:04:21.1251071Z ##[endgroup]
2026-10-05T12:04:21.1251699Z ##[group]Runner Image
2026-10-05T12:04:21.1252307Z Image: ubuntu-24.04
2026-10-05T12:04:21.1252861Z Version: 20260927.320.1
2026-10-05T12:04:21.1254214Z Included Software: https://github.com/actions/runner-images/blob/ubuntu24/20260927.320/images/ubuntu/Ubuntu2404-Readme.md
2026-10-05T12:04:21.1255819Z Image Release: https://github.com/actions/runner-images/releases/tag/ubuntu24%2F20260927.320
2026-10-05T12:04:21.1256802Z ##[endgroup]
2026-10-05T12:04:21.1257991Z ##[group]GITHUB_TOKEN Permissions
2026-10-05T12:04:21.1260100Z Contents: read
2026-10-05T12:04:21.1260937Z Metadata: read
2026-10-05T12:04:21.1261622Z ##[endgroup]
2026-10-05T12:04:21.1263659Z Secret source: Actions
2026-10-05T12:04:21.1264729Z Cache mode: write
2026-10-05T12:04:21.1265457Z Prepare workflow directory
2026-10-05T12:04:21.1732221Z Prepare all required actions
2026-10-05T12:04:21.1781357Z Getting action download info
2026-10-05T12:04:21.5025715Z Download action repository 'actions/checkout@3d3c42e5aac5ba805825da76410c181273ba90b1' (SHA:3d3c42e5aac5ba805825da76410c181273ba90b1)
2026-10-05T12:04:21.6042779Z Download action repository 'actions/setup-node@820762786026740c76f36085b0efc47a31fe5020' (SHA:820762786026740c76f36085b0efc47a31fe5020)
2026-10-05T12:04:21.7911982Z Complete job name: verify (ubuntu-latest, node 24)
2026-10-05T12:04:21.8688224Z ##[group]Run actions/checkout@3d3c42e5aac5ba805825da76410c181273ba90b1
2026-10-05T12:04:21.8689317Z with:
2026-10-05T12:04:21.8689762Z   fetch-depth: 0
2026-10-05T12:04:21.8690369Z   repository: ArndtGold/ai-native-governance-delivery-framework
2026-10-05T12:04:21.8694870Z   token: ***
2026-10-05T12:04:21.8695313Z   ssh-strict: true
2026-10-05T12:04:21.8695753Z   ssh-user: git
2026-10-05T12:04:21.8696204Z   persist-credentials: true
2026-10-05T12:04:21.8696708Z   clean: true
2026-10-05T12:04:21.8697203Z   sparse-checkout-cone-mode: true
2026-10-05T12:04:21.8697736Z   fetch-tags: false
2026-10-05T12:04:21.8698191Z   show-progress: true
2026-10-05T12:04:21.8698648Z   lfs: false
2026-10-05T12:04:21.8699067Z   submodules: false
2026-10-05T12:04:21.8699526Z   set-safe-directory: true
2026-10-05T12:04:21.8700048Z   allow-unsafe-pr-checkout: false
2026-10-05T12:04:21.8701131Z ##[endgroup]
2026-10-05T12:04:21.9751605Z Syncing repository: ArndtGold/ai-native-governance-delivery-framework
2026-10-05T12:04:21.9754846Z ##[group]Getting Git version info
2026-10-05T12:04:21.9757129Z Working directory is '/home/runner/work/ai-native-governance-delivery-framework/ai-native-governance-delivery-framework'
2026-10-05T12:04:21.9759824Z [command]/usr/bin/git version
2026-10-05T12:04:21.9858011Z git version 2.55.0
2026-10-05T12:04:21.9892154Z ##[endgroup]
2026-10-05T12:04:21.9903694Z Temporarily overriding HOME='/home/runner/work/_temp/3acfcb5f-b6ef-487b-8386-dfeee5d6a5f6' before making global git config changes
2026-10-05T12:04:21.9909985Z Adding repository directory to the temporary git global config as a safe directory
2026-10-05T12:04:21.9912500Z [command]/usr/bin/git config --global --add safe.directory /home/runner/work/ai-native-governance-delivery-framework/ai-native-governance-delivery-framework
2026-10-05T12:04:21.9965808Z Deleting the contents of '/home/runner/work/ai-native-governance-delivery-framework/ai-native-governance-delivery-framework'
2026-10-05T12:04:21.9969437Z ##[group]Determining repository object format
2026-10-05T12:04:21.9972096Z ##[endgroup]
2026-10-05T12:04:21.9973791Z ##[group]Initializing the repository
2026-10-05T12:04:21.9976624Z [command]/usr/bin/git init /home/runner/work/ai-native-governance-delivery-framework/ai-native-governance-delivery-framework
2026-10-05T12:04:22.0125829Z hint: Using 'master' as the name for the initial branch. This default branch name
2026-10-05T12:04:22.0127524Z hint: will change to "main" in Git 3.0. To configure the initial branch name
2026-10-05T12:04:22.0129018Z hint: to use in all of your new repositories, which will suppress this warning,
2026-10-05T12:04:22.0130211Z hint: call:
2026-10-05T12:04:22.0131107Z hint:
2026-10-05T12:04:22.0131977Z hint: 	git config --global init.defaultBranch <name>
2026-10-05T12:04:22.0132997Z hint:
2026-10-05T12:04:22.0133919Z hint: Names commonly chosen instead of 'master' are 'main', 'trunk' and
2026-10-05T12:04:22.0135415Z hint: 'development'. The just-created branch can be renamed via this command:
2026-10-05T12:04:22.0136711Z hint:
2026-10-05T12:04:22.0137394Z hint: 	git branch -m <name>
2026-10-05T12:04:22.0143425Z hint:
2026-10-05T12:04:22.0144495Z hint: Disable this message with "git config set advice.defaultBranchName false"
2026-10-05T12:04:22.0146935Z Initialized empty Git repository in /home/runner/work/ai-native-governance-delivery-framework/ai-native-governance-delivery-framework/.git/
2026-10-05T12:04:22.0153851Z [command]/usr/bin/git remote add origin https://github.com/ArndtGold/ai-native-governance-delivery-framework
2026-10-05T12:04:22.0223993Z ##[endgroup]
2026-10-05T12:04:22.0225875Z ##[group]Disabling automatic garbage collection
2026-10-05T12:04:22.0227593Z [command]/usr/bin/git config --local gc.auto 0
2026-10-05T12:04:22.0263185Z ##[endgroup]
2026-10-05T12:04:22.0264635Z ##[group]Setting up auth
2026-10-05T12:04:22.0265446Z Removing SSH command configuration
2026-10-05T12:04:22.0269403Z [command]/usr/bin/git config --local --name-only --get-regexp core\.sshCommand
2026-10-05T12:04:22.0308043Z [command]/usr/bin/git submodule foreach --recursive sh -c "git config --local --name-only --get-regexp 'core\.sshCommand' && git config --local --unset-all 'core.sshCommand' || :"
2026-10-05T12:04:22.0713954Z Removing HTTP extra header
2026-10-05T12:04:22.0721176Z [command]/usr/bin/git config --local --name-only --get-regexp http\.https\:\/\/github\.com\/\.extraheader
2026-10-05T12:04:22.0758363Z [command]/usr/bin/git submodule foreach --recursive sh -c "git config --local --name-only --get-regexp 'http\.https\:\/\/github\.com\/\.extraheader' && git config --local --unset-all 'http.https://github.com/.extraheader' || :"
2026-10-05T12:04:22.0987800Z Removing includeIf entries pointing to credentials config files
2026-10-05T12:04:22.0993641Z [command]/usr/bin/git config --local --name-only --get-regexp ^includeIf\.gitdir:
2026-10-05T12:04:22.1028357Z [command]/usr/bin/git submodule foreach --recursive git config --local --show-origin --name-only --get-regexp remote.origin.url
2026-10-05T12:04:22.1261249Z [command]/usr/bin/git config --file /home/runner/work/_temp/git-credentials-3a50265f-a44a-4d52-bd42-9d443646ac62.config http.https://github.com/.extraheader AUTHORIZATION: basic ***
2026-10-05T12:04:22.1303301Z [command]/usr/bin/git config --local includeIf.gitdir:/home/runner/work/ai-native-governance-delivery-framework/ai-native-governance-delivery-framework/.git.path /home/runner/work/_temp/git-credentials-3a50265f-a44a-4d52-bd42-9d443646ac62.config
2026-10-05T12:04:22.1338167Z [command]/usr/bin/git config --local includeIf.gitdir:/home/runner/work/ai-native-governance-delivery-framework/ai-native-governance-delivery-framework/.git/worktrees/*.path /home/runner/work/_temp/git-credentials-3a50265f-a44a-4d52-bd42-9d443646ac62.config
2026-10-05T12:04:22.1379117Z [command]/usr/bin/git config --local includeIf.gitdir:/github/workspace/.git.path /github/runner_temp/git-credentials-3a50265f-a44a-4d52-bd42-9d443646ac62.config
2026-10-05T12:04:22.1416574Z [command]/usr/bin/git config --local includeIf.gitdir:/github/workspace/.git/worktrees/*.path /github/runner_temp/git-credentials-3a50265f-a44a-4d52-bd42-9d443646ac62.config
2026-10-05T12:04:22.1451770Z ##[endgroup]
2026-10-05T12:04:22.1452551Z ##[group]Fetching the repository
2026-10-05T12:04:22.1458374Z [command]/usr/bin/git -c protocol.version=2 fetch --no-tags --prune --no-recurse-submodules origin +refs/heads/*:refs/remotes/origin/* +refs/tags/*:refs/tags/*
2026-10-05T12:04:24.5412332Z From https://github.com/ArndtGold/ai-native-governance-delivery-framework
2026-10-05T12:04:24.5415091Z  * [new branch]      codex/host-compatibility-evidence -> origin/codex/host-compatibility-evidence
2026-10-05T12:04:24.5418043Z  * [new branch]      codex/qualify-late-source-revision-20261005 -> origin/codex/qualify-late-source-revision-20261005
2026-10-05T12:04:24.5422167Z  * [new branch]      feat/add-local-approval-command-with-atomic-replay-receipts -> origin/feat/add-local-approval-command-with-atomic-replay-receipts
2026-10-05T12:04:24.5425064Z  * [new branch]      feat/mcp-inspect-slice-1 -> origin/feat/mcp-inspect-slice-1
2026-10-05T12:04:24.5427156Z  * [new branch]      fix/windows-line-endings-and-npm -> origin/fix/windows-line-endings-and-npm
2026-10-05T12:04:24.5428979Z  * [new branch]      main                    -> origin/main
2026-10-05T12:04:24.5431410Z  * [new branch]      refactor/delivery-continuation-ownership -> origin/refactor/delivery-continuation-ownership
2026-10-05T12:04:24.5434368Z  * [new branch]      refactor/prd-definition-separation -> origin/refactor/prd-definition-separation
2026-10-05T12:04:24.5436811Z  * [new branch]      refactor/ur-definition-separation -> origin/refactor/ur-definition-separation
2026-10-05T12:04:24.5439002Z  * [new branch]      task-target-auto-recovery -> origin/task-target-auto-recovery
2026-10-05T12:04:24.5441107Z  * [new tag]         agdf-cli-v0.3.2         -> agdf-cli-v0.3.2
2026-10-05T12:04:24.5442879Z  * [new tag]         agdf-runtime-cli-v0.3.1 -> agdf-runtime-cli-v0.3.1
2026-10-05T12:04:24.5444894Z  * [new tag]         agdf-v0.10.0            -> agdf-v0.10.0
2026-10-05T12:04:24.5446600Z  * [new tag]         agdf-v0.10.1            -> agdf-v0.10.1
2026-10-05T12:04:24.5448301Z  * [new tag]         agdf-v0.10.2            -> agdf-v0.10.2
2026-10-05T12:04:24.5449888Z  * [new tag]         agdf-v0.10.3            -> agdf-v0.10.3
2026-10-05T12:04:24.5451741Z  * [new tag]         agdf-v0.11.0            -> agdf-v0.11.0
2026-10-05T12:04:24.5453399Z  * [new tag]         agdf-v0.11.1            -> agdf-v0.11.1
2026-10-05T12:04:24.5454916Z  * [new tag]         agdf-v0.11.2            -> agdf-v0.11.2
2026-10-05T12:04:24.5456405Z  * [new tag]         agdf-v0.11.3            -> agdf-v0.11.3
2026-10-05T12:04:24.5458081Z  * [new tag]         agdf-v0.11.4            -> agdf-v0.11.4
2026-10-05T12:04:24.5460079Z  * [new tag]         agdf-v0.12.0            -> agdf-v0.12.0
2026-10-05T12:04:24.5462169Z  * [new tag]         agdf-v0.13.0            -> agdf-v0.13.0
2026-10-05T12:04:24.5464032Z  * [new tag]         agdf-v0.13.1            -> agdf-v0.13.1
2026-10-05T12:04:24.5465594Z  * [new tag]         agdf-v0.13.2            -> agdf-v0.13.2
2026-10-05T12:04:24.5467148Z  * [new tag]         agdf-v0.13.3            -> agdf-v0.13.3
2026-10-05T12:04:24.5468611Z  * [new tag]         agdf-v0.13.4            -> agdf-v0.13.4
2026-10-05T12:04:24.5470087Z  * [new tag]         agdf-v0.13.5            -> agdf-v0.13.5
2026-10-05T12:04:24.5471926Z  * [new tag]         agdf-v0.13.6            -> agdf-v0.13.6
2026-10-05T12:04:24.5473547Z  * [new tag]         agdf-v0.13.7            -> agdf-v0.13.7
2026-10-05T12:04:24.5475020Z  * [new tag]         agdf-v0.13.8            -> agdf-v0.13.8
2026-10-05T12:04:24.5476497Z  * [new tag]         agdf-v0.14.0            -> agdf-v0.14.0
2026-10-05T12:04:24.5477989Z  * [new tag]         agdf-v0.14.1            -> agdf-v0.14.1
2026-10-05T12:04:24.5479430Z  * [new tag]         agdf-v0.14.2            -> agdf-v0.14.2
2026-10-05T12:04:24.5481231Z  * [new tag]         agdf-v0.14.3            -> agdf-v0.14.3
2026-10-05T12:04:24.5483081Z  * [new tag]         agdf-v0.14.4            -> agdf-v0.14.4
2026-10-05T12:04:24.5484585Z  * [new tag]         agdf-v0.14.5            -> agdf-v0.14.5
2026-10-05T12:04:24.5486165Z  * [new tag]         agdf-v0.3.0             -> agdf-v0.3.0
2026-10-05T12:04:24.5487818Z  * [new tag]         agdf-v0.3.3             -> agdf-v0.3.3
2026-10-05T12:04:24.5489294Z  * [new tag]         agdf-v0.3.4             -> agdf-v0.3.4
2026-10-05T12:04:24.5491010Z  * [new tag]         agdf-v0.3.5             -> agdf-v0.3.5
2026-10-05T12:04:24.5492510Z  * [new tag]         agdf-v0.4.0             -> agdf-v0.4.0
2026-10-05T12:04:24.5493964Z  * [new tag]         agdf-v0.4.1             -> agdf-v0.4.1
2026-10-05T12:04:24.5495405Z  * [new tag]         agdf-v0.4.2             -> agdf-v0.4.2
2026-10-05T12:04:24.5496870Z  * [new tag]         agdf-v0.4.3             -> agdf-v0.4.3
2026-10-05T12:04:24.5498309Z  * [new tag]         agdf-v0.4.4             -> agdf-v0.4.4
2026-10-05T12:04:24.5499765Z  * [new tag]         agdf-v0.4.5             -> agdf-v0.4.5
2026-10-05T12:04:24.5501389Z  * [new tag]         agdf-v0.4.6             -> agdf-v0.4.6
2026-10-05T12:04:24.5502705Z  * [new tag]         agdf-v0.4.7             -> agdf-v0.4.7
2026-10-05T12:04:24.5504033Z  * [new tag]         agdf-v0.4.8             -> agdf-v0.4.8
2026-10-05T12:04:24.5505362Z  * [new tag]         agdf-v0.4.9             -> agdf-v0.4.9
2026-10-05T12:04:24.5506699Z  * [new tag]         agdf-v0.5.0             -> agdf-v0.5.0
2026-10-05T12:04:24.5508062Z  * [new tag]         agdf-v0.6.0             -> agdf-v0.6.0
2026-10-05T12:04:24.5509417Z  * [new tag]         agdf-v0.6.1             -> agdf-v0.6.1
2026-10-05T12:04:24.5510979Z  * [new tag]         agdf-v0.6.2             -> agdf-v0.6.2
2026-10-05T12:04:24.5512301Z  * [new tag]         agdf-v0.6.4             -> agdf-v0.6.4
2026-10-05T12:04:24.5513610Z  * [new tag]         agdf-v0.6.5             -> agdf-v0.6.5
2026-10-05T12:04:24.5514918Z  * [new tag]         agdf-v0.6.6             -> agdf-v0.6.6
2026-10-05T12:04:24.5516558Z  * [new tag]         agdf-v0.6.7             -> agdf-v0.6.7
2026-10-05T12:04:24.5517975Z  * [new tag]         agdf-v0.6.8             -> agdf-v0.6.8
2026-10-05T12:04:24.5519284Z  * [new tag]         agdf-v0.6.9             -> agdf-v0.6.9
2026-10-05T12:04:24.5520919Z  * [new tag]         agdf-v0.7.0             -> agdf-v0.7.0
2026-10-05T12:04:24.5522322Z  * [new tag]         agdf-v0.7.1             -> agdf-v0.7.1
2026-10-05T12:04:24.5523704Z  * [new tag]         agdf-v0.7.2             -> agdf-v0.7.2
2026-10-05T12:04:24.5525214Z  * [new tag]         agdf-v0.7.3             -> agdf-v0.7.3
2026-10-05T12:04:24.5526507Z  * [new tag]         agdf-v0.8.0             -> agdf-v0.8.0
2026-10-05T12:04:24.5527843Z  * [new tag]         agdf-v0.8.1             -> agdf-v0.8.1
2026-10-05T12:04:24.5529173Z  * [new tag]         agdf-v0.8.2             -> agdf-v0.8.2
2026-10-05T12:04:24.5530481Z  * [new tag]         agdf-v0.8.3             -> agdf-v0.8.3
2026-10-05T12:04:24.5532096Z  * [new tag]         agdf-v0.8.4             -> agdf-v0.8.4
2026-10-05T12:04:24.5533451Z  * [new tag]         agdf-v0.8.5             -> agdf-v0.8.5
2026-10-05T12:04:24.5534824Z  * [new tag]         agdf-v0.8.6             -> agdf-v0.8.6
2026-10-05T12:04:24.5536177Z  * [new tag]         agdf-v0.8.7             -> agdf-v0.8.7
2026-10-05T12:04:24.5537538Z  * [new tag]         agdf-v0.8.8             -> agdf-v0.8.8
2026-10-05T12:04:24.5538931Z  * [new tag]         agdf-v0.8.9             -> agdf-v0.8.9
2026-10-05T12:04:24.5540311Z  * [new tag]         agdf-v0.9.0             -> agdf-v0.9.0
2026-10-05T12:04:24.5541908Z  * [new tag]         agdf-v0.9.1             -> agdf-v0.9.1
2026-10-05T12:04:24.5543285Z  * [new tag]         agdf-v0.9.2             -> agdf-v0.9.2
2026-10-05T12:04:24.5544862Z  * [new tag]         agdf-v0.9.3             -> agdf-v0.9.3
2026-10-05T12:04:24.5546414Z  * [new tag]         agdf-v0.9.4             -> agdf-v0.9.4
2026-10-05T12:04:24.5547759Z  * [new tag]         agdf-v0.9.5             -> agdf-v0.9.5
2026-10-05T12:04:24.5549515Z  * [new tag]         agdf-v0.9.6             -> agdf-v0.9.6
2026-10-05T12:04:24.5551101Z  * [new tag]         agdf-v0.9.7             -> agdf-v0.9.7
2026-10-05T12:04:24.5552459Z  * [new tag]         agdf-v0.9.8             -> agdf-v0.9.8
2026-10-05T12:04:24.5553915Z  * [new tag]         agdf-v0.9.9             -> agdf-v0.9.9
2026-10-05T12:04:24.5555413Z  * [new tag]         create-agdf-v0.1.0      -> create-agdf-v0.1.0
2026-10-05T12:04:24.5556985Z  * [new tag]         create-agdf-v0.1.1      -> create-agdf-v0.1.1
2026-10-05T12:04:24.5558490Z  * [new tag]         create-agdf-v0.1.2      -> create-agdf-v0.1.2
2026-10-05T12:04:24.5559922Z  * [new tag]         create-agdf-v0.1.3      -> create-agdf-v0.1.3
2026-10-05T12:04:24.5561148Z  * [new tag]         create-agdf-v0.1.4      -> create-agdf-v0.1.4
2026-10-05T12:04:24.5562070Z  * [new tag]         create-agdf-v0.1.5      -> create-agdf-v0.1.5
2026-10-05T12:04:24.5562946Z  * [new tag]         create-agdf-v0.1.6      -> create-agdf-v0.1.6
2026-10-05T12:04:24.5563848Z  * [new tag]         create-agdf-v0.1.7      -> create-agdf-v0.1.7
2026-10-05T12:04:24.5564714Z  * [new tag]         create-agdf-v0.1.8      -> create-agdf-v0.1.8
2026-10-05T12:04:24.5565587Z  * [new tag]         create-agdf-v0.1.9      -> create-agdf-v0.1.9
2026-10-05T12:04:24.5566544Z  * [new tag]         create-agdf-v0.2.0      -> create-agdf-v0.2.0
2026-10-05T12:04:24.5567400Z  * [new tag]         create-agdf-v0.2.1      -> create-agdf-v0.2.1
2026-10-05T12:04:24.5568237Z  * [new tag]         create-agdf-v0.2.2      -> create-agdf-v0.2.2
2026-10-05T12:04:24.5569082Z  * [new tag]         create-agdf-v0.2.3      -> create-agdf-v0.2.3
2026-10-05T12:04:24.5569951Z  * [new tag]         create-agdf-v0.2.4      -> create-agdf-v0.2.4
2026-10-05T12:04:24.5571073Z  * [new tag]         create-agdf-v0.2.5      -> create-agdf-v0.2.5
2026-10-05T12:04:24.5571951Z  * [new tag]         create-agdf-v0.2.6      -> create-agdf-v0.2.6
2026-10-05T12:04:24.5573392Z  * [new tag]         create-agdf-v0.2.7      -> create-agdf-v0.2.7
2026-10-05T12:04:24.5574577Z  * [new tag]         create-agdf-v0.2.8      -> create-agdf-v0.2.8
2026-10-05T12:04:24.5575517Z  * [new tag]         create-agdf-v0.2.9      -> create-agdf-v0.2.9
2026-10-05T12:04:24.5576405Z  * [new tag]         create-agdf-v0.3.0      -> create-agdf-v0.3.0
2026-10-05T12:04:24.5577273Z  * [new tag]         create-agdf-v0.3.1      -> create-agdf-v0.3.1
2026-10-05T12:04:24.5578762Z  * [new tag]         create-agdf-v0.3.2      -> create-agdf-v0.3.2
2026-10-05T12:04:24.5581131Z [command]/usr/bin/git branch --list --remote origin/codex/qualify-late-source-revision-20261005
2026-10-05T12:04:24.5582338Z   origin/codex/qualify-late-source-revision-20261005
2026-10-05T12:04:24.5584057Z [command]/usr/bin/git rev-parse refs/remotes/origin/codex/qualify-late-source-revision-20261005
2026-10-05T12:04:24.5585113Z e785c5ecb9c57fcab5f5a78ec8600c0734395e11
2026-10-05T12:04:24.5586789Z ##[endgroup]
2026-10-05T12:04:24.5587554Z ##[group]Determining the checkout info
2026-10-05T12:04:24.5588446Z ##[endgroup]
2026-10-05T12:04:24.5588951Z [command]/usr/bin/git sparse-checkout disable
2026-10-05T12:04:24.5590443Z [command]/usr/bin/git config --local --unset-all extensions.worktreeConfig
2026-10-05T12:04:24.5613863Z ##[group]Checking out the ref
2026-10-05T12:04:24.5618752Z [command]/usr/bin/git checkout --progress --force -B codex/qualify-late-source-revision-20261005 refs/remotes/origin/codex/qualify-late-source-revision-20261005
2026-10-05T12:04:24.9914725Z Switched to a new branch 'codex/qualify-late-source-revision-20261005'
2026-10-05T12:04:24.9918425Z branch 'codex/qualify-late-source-revision-20261005' set up to track 'origin/codex/qualify-late-source-revision-20261005'.
2026-10-05T12:04:24.9950334Z ##[endgroup]
2026-10-05T12:04:25.0001711Z [command]/usr/bin/git log -1 --format=%H
2026-10-05T12:04:25.0031482Z e785c5ecb9c57fcab5f5a78ec8600c0734395e11
2026-10-05T12:04:25.0453062Z ##[group]Run actions/setup-node@820762786026740c76f36085b0efc47a31fe5020
2026-10-05T12:04:25.0454675Z with:
2026-10-05T12:04:25.0455861Z   node-version: 24
2026-10-05T12:04:25.0456864Z   cache: npm
2026-10-05T12:04:25.0458204Z   cache-dependency-path: package-lock.json
pages/package-lock.json

2026-10-05T12:04:25.0459810Z   check-latest: false
2026-10-05T12:04:25.0469217Z   token: ***
2026-10-05T12:04:25.0470342Z   package-manager-cache: true
2026-10-05T12:04:25.0471846Z ##[endgroup]
2026-10-05T12:04:25.1746895Z Found in cache @ /opt/hostedtoolcache/node/24.21.0/x64
2026-10-05T12:04:25.1749694Z ##[group]Environment details
2026-10-05T12:04:25.6215351Z node: v24.21.0
2026-10-05T12:04:25.6216131Z npm: 11.19.0
2026-10-05T12:04:25.6216581Z yarn: 1.22.22
2026-10-05T12:04:25.6218185Z ##[endgroup]
2026-10-05T12:04:25.6240145Z [command]/opt/hostedtoolcache/node/24.21.0/x64/bin/npm config get cache
2026-10-05T12:04:25.7408486Z /home/runner/.npm
2026-10-05T12:04:25.9572344Z Cache hit for: node-cache-Linux-x64-npm-4a8c1dfe21846cde5c46d2e00bf82bda80106e5dab88c6ef4b098e180c48c961
2026-10-05T12:04:26.9984500Z Received 5799442 of 5799442 (100.0%), 6.8 MBs/sec
2026-10-05T12:04:26.9985440Z Cache Size: ~6 MB (5799442 B)
2026-10-05T12:04:27.0014940Z [command]/usr/bin/tar -xf /home/runner/work/_temp/a4266de7-aa8a-433e-9fef-30c2abb289be/cache.tzst -P -C /home/runner/work/ai-native-governance-delivery-framework/ai-native-governance-delivery-framework --use-compress-program unzstd
2026-10-05T12:04:27.0208008Z Cache restored successfully
2026-10-05T12:04:27.0222579Z Cache restored from key: node-cache-Linux-x64-npm-4a8c1dfe21846cde5c46d2e00bf82bda80106e5dab88c6ef4b098e180c48c961
2026-10-05T12:04:27.0376166Z ##[group]Run node scripts/verify-ci.mjs --lane runtime
2026-10-05T12:04:27.0376653Z [36;1mnode scripts/verify-ci.mjs --lane runtime[0m
2026-10-05T12:04:27.0683117Z shell: /usr/bin/bash --noprofile --norc -e -o pipefail {0}
2026-10-05T12:04:27.0683530Z ##[endgroup]
2026-10-05T12:04:27.1096765Z [verify-ci] dependencies
2026-10-05T12:04:28.1120082Z 
2026-10-05T12:04:28.1121168Z added 9 packages, and audited 12 packages in 947ms
2026-10-05T12:04:28.1121695Z 
2026-10-05T12:04:28.1122045Z 3 packages are looking for funding
2026-10-05T12:04:28.1122589Z   run `npm fund` for details
2026-10-05T12:04:28.1132502Z 
2026-10-05T12:04:28.1132982Z found 0 vulnerabilities
2026-10-05T12:04:28.1521011Z [verify-ci] maintenance
2026-10-05T12:04:28.2490608Z 
2026-10-05T12:04:28.2491602Z > test:maintenance-contracts
2026-10-05T12:04:28.2495522Z > npm run test:verification && node scripts/node-support-test.mjs && node packages/cli/scripts/interaction-catalog-test.js && node packages/cli/scripts/payload-budget-test.js && node packages/cli/scripts/release-workflow-contract-test.js && node scripts/native-probes/release-evidence-test.mjs && node --test scripts/native-probes/codex-activation-matrix-test.mjs
2026-10-05T12:04:28.2498237Z 
2026-10-05T12:04:28.3526638Z 
2026-10-05T12:04:28.3527326Z > test:verification
2026-10-05T12:04:28.3527994Z > node --test scripts/verification-test.mjs
2026-10-05T12:04:28.3528354Z 
2026-10-05T12:04:28.4431833Z [verify-ci] prepare
2026-10-05T12:04:28.7025221Z [verify-commit] Isolated Git index; Node 24.21.0, linux.
2026-10-05T12:04:28.7789187Z ✔ full plan preserves dependency ordering and mandatory package consumers in both lanes (1.518364ms)
2026-10-05T12:04:28.7791642Z ✔ a failed command stops before later commands and stages (1.420532ms)
2026-10-05T12:04:28.7793644Z ✔ the real CLI executes under temporary path aliases and rejects an invalid stage (39.643205ms)
2026-10-05T12:04:28.7810142Z ✔ snapshot uses staged blobs, excludes unstaged/untracked fixes and preserves source index (292.525459ms)
2026-10-05T12:04:28.7910255Z ℹ tests 4
2026-10-05T12:04:28.7910975Z ℹ suites 0
2026-10-05T12:04:28.7911404Z ℹ pass 4
2026-10-05T12:04:28.7913499Z ℹ fail 0
2026-10-05T12:04:28.7913981Z ℹ cancelled 0
2026-10-05T12:04:28.7914456Z ℹ skipped 0
2026-10-05T12:04:28.7914908Z ℹ todo 0
2026-10-05T12:04:28.7915380Z ℹ duration_ms 403.191493
2026-10-05T12:04:29.0716145Z Node support: package minimum, CI matrix, pinned Actions and legacy-runtime rejection passed.
2026-10-05T12:04:29.2118030Z Interaction catalog: complete locales, recovery rendering, negative and immutable-state checks passed.
2026-10-05T12:04:29.3017793Z Payload budget review/report tests passed.
2026-10-05T12:04:29.3943510Z Coupled release workflow contract passed.
2026-10-05T12:04:29.7537645Z Evidence publication tests passed (create, update, path rejection, stale source; isolated Git remote and mocked GitHub).
2026-10-05T12:04:29.8602633Z Release gate: native matrix, publish dependency, credential/artifact boundaries and negative evidence tests passed.
2026-10-05T12:04:29.9714079Z ✔ adaptive mode starts with ten cases and repeats only selected or deviant first runs (1.85238ms)
2026-10-05T12:04:29.9727360Z ✔ the actual scheduler completes all first runs before conditional repeats (8.675774ms)
2026-10-05T12:04:29.9728975Z ✔ fixed mode and boundary IDs are validated before host setup (0.748823ms)
2026-10-05T12:04:29.9735436Z ✔ expected target_unresolved remains a separate target-binding observation (0.279944ms)
2026-10-05T12:04:29.9737229Z ✔ JSONL parsing separates cached input and counts completed search calls once (1.498267ms)
2026-10-05T12:04:29.9738693Z ✔ unavailable usage or search telemetry remains unknown (0.25641ms)
2026-10-05T12:04:29.9862962Z ℹ tests 6
2026-10-05T12:04:29.9863889Z ℹ suites 0
2026-10-05T12:04:29.9868202Z ℹ pass 6
2026-10-05T12:04:29.9868692Z ℹ fail 0
2026-10-05T12:04:29.9869136Z ℹ cancelled 0
2026-10-05T12:04:29.9869612Z ℹ skipped 0
2026-10-05T12:04:29.9870038Z ℹ todo 0
2026-10-05T12:04:29.9871535Z ℹ duration_ms 91.600467
2026-10-05T12:04:30.0002399Z [verify-ci] shell
2026-10-05T12:04:30.0521869Z Shell syntax passed (5 tracked scripts).
2026-10-05T12:04:30.0579950Z [verify-ci] prepare
2026-10-05T12:04:30.1576268Z 
2026-10-05T12:04:30.1576846Z > build
2026-10-05T12:04:30.1577605Z > node scripts/sync-package-assets.js && node scripts/assemble-npm.mjs
2026-10-05T12:04:30.1578130Z 
2026-10-05T12:04:30.6534049Z [
2026-10-05T12:04:30.6534455Z   {
2026-10-05T12:04:30.6534749Z     "name": "create-agdf",
2026-10-05T12:04:30.6535090Z     "version": "0.14.5",
2026-10-05T12:04:30.6535853Z     "source": "/home/runner/work/ai-native-governance-delivery-framework/ai-native-governance-delivery-framework/packages/cli",
2026-10-05T12:04:30.6537050Z     "output": "/home/runner/work/ai-native-governance-delivery-framework/ai-native-governance-delivery-framework/dist/npm/create-agdf"
2026-10-05T12:04:30.6537903Z   },
2026-10-05T12:04:30.6538399Z   {
2026-10-05T12:04:30.6538741Z     "name": "@agdf/cli",
2026-10-05T12:04:30.6539195Z     "version": "0.14.5",
2026-10-05T12:04:30.6540832Z     "source": "/home/runner/work/ai-native-governance-delivery-framework/ai-native-governance-delivery-framework/packages/cli/distribution/agdf",
2026-10-05T12:04:30.6542595Z     "output": "/home/runner/work/ai-native-governance-delivery-framework/ai-native-governance-delivery-framework/dist/npm/agdf"
2026-10-05T12:04:30.6543310Z   },
2026-10-05T12:04:30.6543521Z   {
2026-10-05T12:04:30.6543771Z     "name": "@agdf/mcp-server",
2026-10-05T12:04:30.6544131Z     "version": "0.14.5",
2026-10-05T12:04:30.6544950Z     "source": "/home/runner/work/ai-native-governance-delivery-framework/ai-native-governance-delivery-framework/packages/mcp-server",
2026-10-05T12:04:30.6546296Z     "output": "/home/runner/work/ai-native-governance-delivery-framework/ai-native-governance-delivery-framework/dist/npm/agdf-mcp-server"
2026-10-05T12:04:30.6547058Z   }
2026-10-05T12:04:30.6547276Z ]
2026-10-05T12:04:30.7589882Z 
2026-10-05T12:04:30.7590508Z > create-agdf@0.14.5 release:prepare
2026-10-05T12:04:30.7592237Z > npm run sync-package-assets && npm run test:distribution-profile-history && npm run test:release-bump && npm run test:release-version-coherence && npm run test:public-plugin && npm run test:portable-plugin
2026-10-05T12:04:30.7593120Z 
2026-10-05T12:04:30.8819108Z 
2026-10-05T12:04:30.8819726Z > create-agdf@0.14.5 sync-package-assets
2026-10-05T12:04:30.8820347Z > node ../../scripts/sync-package-assets.js
2026-10-05T12:04:30.8820734Z 
2026-10-05T12:04:31.4021147Z 
2026-10-05T12:04:31.4021846Z > create-agdf@0.14.5 test:distribution-profile-history
2026-10-05T12:04:31.4022409Z > node scripts/distribution-profile-history-test.js
2026-10-05T12:04:31.4022673Z 
2026-10-05T12:04:31.4580301Z Distribution profile history passed (8 exact releases, malformed and closed-policy matrices)
2026-10-05T12:04:31.5844951Z 
2026-10-05T12:04:31.5845646Z > create-agdf@0.14.5 test:release-bump
2026-10-05T12:04:31.5846075Z > node scripts/release-bump-test.js
2026-10-05T12:04:31.5846289Z 
2026-10-05T12:04:31.8394390Z Release bump passed (20 transactional files; repair, forward, review, rollback and recovery)
2026-10-05T12:04:31.9893266Z 
2026-10-05T12:04:31.9893981Z > create-agdf@0.14.5 test:release-version-coherence
2026-10-05T12:04:31.9894636Z > node scripts/release-version-coherence-test.js
2026-10-05T12:04:31.9894960Z 
2026-10-05T12:04:33.1546559Z Release version coherence passed (50 surfaces at 0.14.5; 8 profile snapshots)
2026-10-05T12:04:33.2848641Z 
2026-10-05T12:04:33.2849373Z > create-agdf@0.14.5 test:public-plugin
2026-10-05T12:04:33.2850176Z > node scripts/public-plugin-test.js
2026-10-05T12:04:33.2850847Z 
2026-10-05T12:04:33.5617117Z Public plugin tests passed (60 inventoried candidate files; digest 416c48ca8fe420b133c90d0a967d9e834341c3b1578d8ca02e43db39b4b173e5)
2026-10-05T12:04:33.6918321Z 
2026-10-05T12:04:33.6918952Z > create-agdf@0.14.5 test:portable-plugin
2026-10-05T12:04:33.6919542Z > node scripts/portable-plugin-test.js
2026-10-05T12:04:33.6919828Z 
2026-10-05T12:04:34.1915419Z Portable plugin schema/profile/resource/selection/retry tests passed; digest 416c48ca8fe420b133c90d0a967d9e834341c3b1578d8ca02e43db39b4b173e5
2026-10-05T12:04:34.2103901Z [verify-ci] mcp-dependencies
2026-10-05T12:04:36.7237444Z 
2026-10-05T12:04:36.7238166Z added 15 packages, and audited 16 packages in 2s
2026-10-05T12:04:36.7238643Z 
2026-10-05T12:04:36.7239213Z 2 packages are looking for funding
2026-10-05T12:04:36.7239886Z   run `npm fund` for details
2026-10-05T12:04:36.7249631Z 
2026-10-05T12:04:36.7250009Z found 0 vulnerabilities
2026-10-05T12:04:36.7410091Z [verify-ci] runtime
2026-10-05T12:04:37.2371290Z [agdf-runtime-integrity] ok (mode=source; 13 skills and 16 control files checked)
2026-10-05T12:04:37.2483841Z [verify-ci] built-runtime
2026-10-05T12:04:37.7597382Z [agdf-runtime-integrity] ok (mode=installed; 13 skills and 16 control files checked)
2026-10-05T12:04:37.7663511Z [verify-ci] cli-package
2026-10-05T12:04:37.8627971Z 
2026-10-05T12:04:37.8628652Z > create-agdf@0.14.5 test:package-contents
2026-10-05T12:04:37.8629525Z > node scripts/package-contents-test.js
2026-10-05T12:04:37.8629915Z 
2026-10-05T12:04:39.5385575Z Package contents tests passed (761 files; complete release-built plugin present)
2026-10-05T12:04:39.5493172Z [verify-ci] wrapper-package
2026-10-05T12:04:39.6444463Z 
2026-10-05T12:04:39.6446727Z > @agdf/cli@0.14.5 test:package
2026-10-05T12:04:39.6447134Z > node ./scripts/package-test.js
2026-10-05T12:04:39.6447332Z 
2026-10-05T12:04:39.9717915Z AGDF CLI package contents passed (5 files).
2026-10-05T12:04:39.9815446Z [verify-ci] transactions
2026-10-05T12:04:40.0726545Z 
2026-10-05T12:04:40.0727246Z > create-agdf@0.14.5 test:run-step-transaction
2026-10-05T12:04:40.0727743Z > node ../core/test/run-step-transaction-test.js
2026-10-05T12:04:40.0727986Z 
2026-10-05T12:04:43.0457504Z Run-step transaction boundaries passed.
2026-10-05T12:04:43.1575602Z 
2026-10-05T12:04:43.1576235Z > create-agdf@0.14.5 test:run-lock
2026-10-05T12:04:43.1576936Z > node ../core/test/run-lock-test.js
2026-10-05T12:04:43.1577345Z 
2026-10-05T12:04:43.2146602Z Run lock owner recovery passed.
2026-10-05T12:04:43.2251766Z [verify-ci] evals
2026-10-05T12:04:43.3181383Z 
2026-10-05T12:04:43.3182095Z > create-agdf@0.14.5 eval:skills
2026-10-05T12:04:43.3182662Z > node ../../evals/scripts/run-skill-evals.js
2026-10-05T12:04:43.3182916Z 
2026-10-05T12:04:43.4193372Z AGDF skill evals: pass (102/102 cases; 13 skills; deterministic replay, not live host execution)
2026-10-05T12:04:43.4301877Z [verify-ci] mcp-package
2026-10-05T12:04:43.5278310Z 
2026-10-05T12:04:43.5278965Z > @agdf/mcp-server@0.14.5 test:package
2026-10-05T12:04:43.5279595Z > node ./test/package.test.js
2026-10-05T12:04:43.5279910Z 
2026-10-05T12:04:43.8963156Z AGDF MCP package boundary tests passed.
2026-10-05T12:04:43.9063681Z [verify-ci] archives
2026-10-05T12:04:45.6495281Z [
2026-10-05T12:04:45.6495728Z   {
2026-10-05T12:04:45.6496181Z     "id": "create-agdf@0.14.5",
2026-10-05T12:04:45.6496716Z     "name": "create-agdf",
2026-10-05T12:04:45.6497239Z     "version": "0.14.5",
2026-10-05T12:04:45.6497711Z     "size": 1016482,
2026-10-05T12:04:45.6498165Z     "unpackedSize": 6141850,
2026-10-05T12:04:45.6498810Z     "shasum": "a2ae509c29b137b2266af928a0a0b93575ad819b",
2026-10-05T12:04:45.6500184Z     "integrity": "sha512-8PU24Em8ULwLgBN8nw5bu8kJq1U4TNhfzq0kqi4+qdJ7dd2F3CHMWXj7AaIcG+W5Iel/7AgOCsCDtCWJDbZNvw==",
2026-10-05T12:04:45.6501603Z     "filename": "create-agdf-0.14.5.tgz",
2026-10-05T12:04:45.6502113Z     "files": [
2026-10-05T12:04:45.6502510Z       {
2026-10-05T12:04:45.6502862Z         "path": "LICENSE",
2026-10-05T12:04:45.6503371Z         "size": 11357,
2026-10-05T12:04:45.6503834Z         "mode": 420
2026-10-05T12:04:45.6504272Z       },
2026-10-05T12:04:45.6504661Z       {
2026-10-05T12:04:45.6505059Z         "path": "NOTICE",
2026-10-05T12:04:45.6505509Z         "size": 422,
2026-10-05T12:04:45.6505929Z         "mode": 420
2026-10-05T12:04:45.6506328Z       },
2026-10-05T12:04:45.6506691Z       {
2026-10-05T12:04:45.6507404Z         "path": "README.md",
2026-10-05T12:04:45.6507939Z         "size": 57597,
2026-10-05T12:04:45.6508370Z         "mode": 420
2026-10-05T12:04:45.6508768Z       },
2026-10-05T12:04:45.6509107Z       {
2026-10-05T12:04:45.6509499Z         "path": "bin/agdf-validator.js",
2026-10-05T12:04:45.6509934Z         "size": 323,
2026-10-05T12:04:45.6510332Z         "mode": 420
2026-10-05T12:04:45.6511212Z       },
2026-10-05T12:04:45.6511587Z       {
2026-10-05T12:04:45.6512414Z         "path": "bin/create-agdf.js",
2026-10-05T12:04:45.6512943Z         "size": 430,
2026-10-05T12:04:45.6513360Z         "mode": 493
2026-10-05T12:04:45.6513763Z       },
2026-10-05T12:04:45.6514144Z       {
2026-10-05T12:04:45.6514642Z         "path": "generated/.agdf/control/README.md",
2026-10-05T12:04:45.6515231Z         "size": 7277,
2026-10-05T12:04:45.6515680Z         "mode": 420
2026-10-05T12:04:45.6516186Z       },
2026-10-05T12:04:45.6516571Z       {
2026-10-05T12:04:45.6517149Z         "path": "generated/.agdf/control/templates/AGDF_RUN.md",
2026-10-05T12:04:45.6517814Z         "size": 4174,
2026-10-05T12:04:45.6518225Z         "mode": 420
2026-10-05T12:04:45.6518624Z       },
2026-10-05T12:04:45.6518993Z       {
2026-10-05T12:04:45.6519691Z         "path": "generated/.agdf/control/templates/AGENT_QUALITY_CONTRACTS.json",
2026-10-05T12:04:45.6520448Z         "size": 5289,
2026-10-05T12:04:45.6523352Z         "mode": 420
2026-10-05T12:04:45.6523758Z       },
2026-10-05T12:04:45.6524086Z       {
2026-10-05T12:04:45.6524623Z         "path": "generated/.agdf/control/templates/artefacts/BROWNFIELD_REVIEW.md",
2026-10-05T12:04:45.6525159Z         "size": 4977,
2026-10-05T12:04:45.6525525Z         "mode": 420
2026-10-05T12:04:45.6525886Z       },
2026-10-05T12:04:45.6526218Z       {
2026-10-05T12:04:45.6526663Z         "path": "generated/.agdf/control/templates/artefacts/OR.md",
2026-10-05T12:04:45.6527156Z         "size": 2685,
2026-10-05T12:04:45.6527522Z         "mode": 420
2026-10-05T12:04:45.6527865Z       },
2026-10-05T12:04:45.6528197Z       {
2026-10-05T12:04:45.6528670Z         "path": "generated/.agdf/control/templates/artefacts/PRD.md",
2026-10-05T12:04:45.6529169Z         "size": 3100,
2026-10-05T12:04:45.6529532Z         "mode": 420
2026-10-05T12:04:45.6529931Z       },
2026-10-05T12:04:45.6530261Z       {
2026-10-05T12:04:45.6530946Z         "path": "generated/.agdf/control/templates/artefacts/QA_REPORT.md",
2026-10-05T12:04:45.6531418Z         "size": 601,
2026-10-05T12:04:45.6531781Z         "mode": 420
2026-10-05T12:04:45.6532403Z       },
2026-10-05T12:04:45.6532751Z       {
2026-10-05T12:04:45.6533210Z         "path": "generated/.agdf/control/templates/artefacts/SD.md",
2026-10-05T12:04:45.6533695Z         "size": 2562,
2026-10-05T12:04:45.6534050Z         "mode": 420
2026-10-05T12:04:45.6534395Z       },
2026-10-05T12:04:45.6534724Z       {
2026-10-05T12:04:45.6535165Z         "path": "generated/.agdf/control/templates/artefacts/TP.md",
2026-10-05T12:04:45.6535652Z         "size": 1351,
2026-10-05T12:04:45.6536011Z         "mode": 420
2026-10-05T12:04:45.6536365Z       },
2026-10-05T12:04:45.6536690Z       {
2026-10-05T12:04:45.6537144Z         "path": "generated/.agdf/control/templates/artefacts/UR.md",
2026-10-05T12:04:45.6537636Z         "size": 845,
2026-10-05T12:04:45.6537993Z         "mode": 420
2026-10-05T12:04:45.6538347Z       },
2026-10-05T12:04:45.6538672Z       {
2026-10-05T12:04:45.6539176Z         "path": "generated/.agdf/control/templates/artefacts/UX_INTENT_DEFINITION.md",
2026-10-05T12:04:45.6539730Z         "size": 1196,
2026-10-05T12:04:45.6540086Z         "mode": 420
2026-10-05T12:04:45.6540414Z       },
2026-10-05T12:04:45.6540945Z       {
2026-10-05T12:04:45.6541606Z         "path": "generated/.agdf/control/templates/artefacts/VERIFIED_CHANGE.md",
2026-10-05T12:04:45.6542151Z         "size": 1716,
2026-10-05T12:04:45.6542513Z         "mode": 420
2026-10-05T12:04:45.6542869Z       },
2026-10-05T12:04:45.6543207Z       {
2026-10-05T12:04:45.6543656Z         "path": "generated/.agdf/control/templates/CONTEXT_GRAPH.md",
2026-10-05T12:04:45.6544318Z         "size": 1551,
2026-10-05T12:04:45.6544692Z         "mode": 420
2026-10-05T12:04:45.6545037Z       },
2026-10-05T12:04:45.6545365Z       {
2026-10-05T12:04:45.6545820Z         "path": "generated/.agdf/control/templates/MASTER_BACKLOG.md",
2026-10-05T12:04:45.6546304Z         "size": 3436,
2026-10-05T12:04:45.6546654Z         "mode": 420
2026-10-05T12:04:45.6547007Z       },
2026-10-05T12:04:45.6547337Z       {
2026-10-05T12:04:45.6547764Z         "path": "generated/.agdf/control/templates/RUN_STATE.md",
2026-10-05T12:04:45.6548238Z         "size": 2090,
2026-10-05T12:04:45.6548595Z         "mode": 420
2026-10-05T12:04:45.6548935Z       },
2026-10-05T12:04:45.6549261Z       {
2026-10-05T12:04:45.6549703Z         "path": "generated/.agdf/control/templates/SOT_REGISTRY.md",
2026-10-05T12:04:45.6550177Z         "size": 905,
2026-10-05T12:04:45.6550527Z         "mode": 420
2026-10-05T12:04:45.6551086Z       },
2026-10-05T12:04:45.6551415Z       {
2026-10-05T12:04:45.6551856Z         "path": "generated/.agents/plugins/marketplace.json",
2026-10-05T12:04:45.6552322Z         "size": 362,
2026-10-05T12:04:45.6552669Z         "mode": 420
2026-10-05T12:04:45.6553012Z       },
2026-10-05T12:04:45.6553346Z       {
2026-10-05T12:04:45.6553764Z         "path": "generated/.opencode/agdf-agent-router.md",
2026-10-05T12:04:45.6554226Z         "size": 12295,
2026-10-05T12:04:45.6554588Z         "mode": 420
2026-10-05T12:04:45.6554940Z       },
2026-10-05T12:04:45.6555273Z       {
2026-10-05T12:04:45.6555715Z         "path": "generated/.opencode/agdf-interaction-locales.json",
2026-10-05T12:04:45.6556201Z         "size": 153294,
2026-10-05T12:04:45.6556580Z         "mode": 420
2026-10-05T12:04:45.6557019Z       },
2026-10-05T12:04:45.6557354Z       {
2026-10-05T12:04:45.6557782Z         "path": "generated/.opencode/agdf-runtime-contract.md",
2026-10-05T12:04:45.6558254Z         "size": 1977,
2026-10-05T12:04:45.6558591Z         "mode": 420
2026-10-05T12:04:45.6558936Z       },
2026-10-05T12:04:45.6559280Z       {
2026-10-05T12:04:45.6559659Z         "path": "generated/.opencode/AGDF.md",
2026-10-05T12:04:45.6560075Z         "size": 1496,
2026-10-05T12:04:45.6560446Z         "mode": 420
2026-10-05T12:04:45.6561031Z       },
2026-10-05T12:04:45.6561367Z       {
2026-10-05T12:04:45.6561800Z         "path": "generated/.opencode/contracts/closeout.md",
2026-10-05T12:04:45.6562274Z         "size": 4196,
2026-10-05T12:04:45.6562822Z         "mode": 420
2026-10-05T12:04:45.6563407Z       },
2026-10-05T12:04:45.6563783Z       {
2026-10-05T12:04:45.6564330Z         "path": "generated/.opencode/contracts/context-graph.md",
2026-10-05T12:04:45.6564952Z         "size": 2512,
2026-10-05T12:04:45.6565355Z         "mode": 420
2026-10-05T12:04:45.6565752Z       },
2026-10-05T12:04:45.6566112Z       {
2026-10-05T12:04:45.6566571Z         "path": "generated/.opencode/contracts/control-scaffold.md",
2026-10-05T12:04:45.6567060Z         "size": 11537,
2026-10-05T12:04:45.6567409Z         "mode": 420
2026-10-05T12:04:45.6567741Z       },
2026-10-05T12:04:45.6568071Z       {
2026-10-05T12:04:45.6568553Z         "path": "generated/.opencode/contracts/gate-artifact-preparation.md",
2026-10-05T12:04:45.6569071Z         "size": 5731,
2026-10-05T12:04:45.6569431Z         "mode": 420
2026-10-05T12:04:45.6569774Z       },
2026-10-05T12:04:45.6570097Z       {
2026-10-05T12:04:45.6570541Z         "path": "generated/.opencode/contracts/gate-transition.md",
2026-10-05T12:04:45.6571345Z         "size": 17966,
2026-10-05T12:04:45.6571619Z         "mode": 420
2026-10-05T12:04:45.6571963Z       },
2026-10-05T12:04:45.6572295Z       {
2026-10-05T12:04:45.6572725Z         "path": "generated/.opencode/contracts/interaction.md",
2026-10-05T12:04:45.6573199Z         "size": 46599,
2026-10-05T12:04:45.6573565Z         "mode": 420
2026-10-05T12:04:45.6573912Z       },
2026-10-05T12:04:45.6574240Z       {
2026-10-05T12:04:45.6574681Z         "path": "generated/.opencode/contracts/modes.md",
2026-10-05T12:04:45.6575283Z         "size": 12906,
2026-10-05T12:04:45.6575914Z         "mode": 420
2026-10-05T12:04:45.6576332Z       },
2026-10-05T12:04:45.6576708Z       {
2026-10-05T12:04:45.6577141Z         "path": "generated/.opencode/contracts/prd-definition.md",
2026-10-05T12:04:45.6577615Z         "size": 5034,
2026-10-05T12:04:45.6577974Z         "mode": 420
2026-10-05T12:04:45.6578321Z       },
2026-10-05T12:04:45.6578654Z       {
2026-10-05T12:04:45.6579092Z         "path": "generated/.opencode/contracts/quality.md",
2026-10-05T12:04:45.6579550Z         "size": 8692,
2026-10-05T12:04:45.6579902Z         "mode": 420
2026-10-05T12:04:45.6580250Z       },
2026-10-05T12:04:45.6580778Z       {
2026-10-05T12:04:45.6581206Z         "path": "generated/.opencode/contracts/request-activation.md",
2026-10-05T12:04:45.6581692Z         "size": 18822,
2026-10-05T12:04:45.6582056Z         "mode": 420
2026-10-05T12:04:45.6582399Z       },
2026-10-05T12:04:45.6582728Z       {
2026-10-05T12:04:45.6583158Z         "path": "generated/.opencode/contracts/sd-definition.md",
2026-10-05T12:04:45.6583706Z         "size": 4617,
2026-10-05T12:04:45.6584182Z         "mode": 420
2026-10-05T12:04:45.6584599Z       },
2026-10-05T12:04:45.6584941Z       {
2026-10-05T12:04:45.6585409Z         "path": "generated/.opencode/contracts/task-target-resolution.md",
2026-10-05T12:04:45.6585904Z         "size": 8919,
2026-10-05T12:04:45.6586264Z         "mode": 420
2026-10-05T12:04:45.6586609Z       },
2026-10-05T12:04:45.6586939Z       {
2026-10-05T12:04:45.6587372Z         "path": "generated/.opencode/contracts/ur-definition.md",
2026-10-05T12:04:45.6587838Z         "size": 3139,
2026-10-05T12:04:45.6588189Z         "mode": 420
2026-10-05T12:04:45.6588528Z       },
2026-10-05T12:04:45.6588859Z       {
2026-10-05T12:04:45.6589244Z         "path": "generated/.opencode/README.md",
2026-10-05T12:04:45.6589680Z         "size": 1835,
2026-10-05T12:04:45.6590040Z         "mode": 420
2026-10-05T12:04:45.6590378Z       },
2026-10-05T12:04:45.6590898Z       {
2026-10-05T12:04:45.6591547Z         "path": "generated/.opencode/skills/agdf-brownfield-analysis/SKILL.md",
2026-10-05T12:04:45.6592033Z         "size": 15484,
2026-10-05T12:04:45.6592308Z         "mode": 420
2026-10-05T12:04:45.6592570Z       },
2026-10-05T12:04:45.6592879Z       {
2026-10-05T12:04:45.6593408Z         "path": "generated/.opencode/skills/agdf-clean-implementation-review/SKILL.md",
2026-10-05T12:04:45.6593970Z         "size": 7516,
2026-10-05T12:04:45.6594329Z         "mode": 420
2026-10-05T12:04:45.6594678Z       },
2026-10-05T12:04:45.6595265Z       {
2026-10-05T12:04:45.6595720Z         "path": "generated/.opencode/skills/agdf-code-review/SKILL.md",
2026-10-05T12:04:45.6596218Z         "size": 7615,
2026-10-05T12:04:45.6596573Z         "mode": 420
2026-10-05T12:04:45.6596915Z       },
2026-10-05T12:04:45.6597249Z       {
2026-10-05T12:04:45.6597723Z         "path": "generated/.opencode/skills/agdf-delivery-closeout/SKILL.md",
2026-10-05T12:04:45.6598229Z         "size": 7177,
2026-10-05T12:04:45.6598589Z         "mode": 420
2026-10-05T12:04:45.6598936Z       },
2026-10-05T12:04:45.6599263Z       {
2026-10-05T12:04:45.6599789Z         "path": "generated/.opencode/skills/agdf-delivery-path-search/SKILL.md",
2026-10-05T12:04:45.6600278Z         "size": 8015,
2026-10-05T12:04:45.6600760Z         "mode": 420
2026-10-05T12:04:45.6601109Z       },
2026-10-05T12:04:45.6601442Z       {
2026-10-05T12:04:45.6601902Z         "path": "generated/.opencode/skills/agdf-gate-check/SKILL.md",
2026-10-05T12:04:45.6602394Z         "size": 5506,
2026-10-05T12:04:45.6602760Z         "mode": 420
2026-10-05T12:04:45.6603096Z       },
2026-10-05T12:04:45.6603425Z       {
2026-10-05T12:04:45.6603894Z         "path": "generated/.opencode/skills/agdf-prd-definition/SKILL.md",
2026-10-05T12:04:45.6604402Z         "size": 3827,
2026-10-05T12:04:45.6604757Z         "mode": 420
2026-10-05T12:04:45.6605103Z       },
2026-10-05T12:04:45.6605426Z       {
2026-10-05T12:04:45.6605875Z         "path": "generated/.opencode/skills/agdf-qa-gate/SKILL.md",
2026-10-05T12:04:45.6606483Z         "size": 10610,
2026-10-05T12:04:45.6606862Z         "mode": 420
2026-10-05T12:04:45.6607206Z       },
2026-10-05T12:04:45.6607538Z       {
2026-10-05T12:04:45.6627794Z         "path": "generated/.opencode/skills/agdf-release-or/SKILL.md",
2026-10-05T12:04:45.6628331Z         "size": 10019,
2026-10-05T12:04:45.6628710Z         "mode": 420
2026-10-05T12:04:45.6629068Z       },
2026-10-05T12:04:45.6629406Z       {
2026-10-05T12:04:45.6629891Z         "path": "generated/.opencode/skills/agdf-sd-definition/SKILL.md",
2026-10-05T12:04:45.6630400Z         "size": 3732,
2026-10-05T12:04:45.6631031Z         "mode": 420
2026-10-05T12:04:45.6631372Z       },
2026-10-05T12:04:45.6631703Z       {
2026-10-05T12:04:45.6632186Z         "path": "generated/.opencode/skills/agdf-task-plan-review/SKILL.md",
2026-10-05T12:04:45.6632695Z         "size": 8267,
2026-10-05T12:04:45.6633060Z         "mode": 420
2026-10-05T12:04:45.6633408Z       },
2026-10-05T12:04:45.6633744Z       {
2026-10-05T12:04:45.6634207Z         "path": "generated/.opencode/skills/agdf-ur-definition/SKILL.md",
2026-10-05T12:04:45.6634695Z         "size": 3710,
2026-10-05T12:04:45.6635060Z         "mode": 420
2026-10-05T12:04:45.6635402Z       },
2026-10-05T12:04:45.6635723Z       {
2026-10-05T12:04:45.6636215Z         "path": "generated/.opencode/skills/agdf-ux-intent-definition/SKILL.md",
2026-10-05T12:04:45.6636734Z         "size": 7296,
2026-10-05T12:04:45.6637094Z         "mode": 420
2026-10-05T12:04:45.6637433Z       },
2026-10-05T12:04:45.6637773Z       {
2026-10-05T12:04:45.6638156Z         "path": "generated/opencode.json",
2026-10-05T12:04:45.6638573Z         "size": 268,
2026-10-05T12:04:45.6638932Z         "mode": 420
2026-10-05T12:04:45.6639286Z       },
2026-10-05T12:04:45.6639617Z       {
2026-10-05T12:04:45.6640061Z         "path": "generated/plugins/agdf/.claude-plugin/plugin.json",
2026-10-05T12:04:45.6640543Z         "size": 1090,
2026-10-05T12:04:45.6641161Z         "mode": 420
2026-10-05T12:04:45.6641513Z       },
2026-10-05T12:04:45.6641862Z       {
2026-10-05T12:04:45.6642320Z         "path": "generated/plugins/agdf/.codex-plugin/plugin.json",
2026-10-05T12:04:45.6642827Z         "size": 2020,
2026-10-05T12:04:45.6643201Z         "mode": 420
2026-10-05T12:04:45.6643549Z       },
2026-10-05T12:04:45.6643879Z       {
2026-10-05T12:04:45.6644301Z         "path": "generated/plugins/agdf/assets/agdf-icon.svg",
2026-10-05T12:04:45.6644748Z         "size": 924,
2026-10-05T12:04:45.6645103Z         "mode": 420
2026-10-05T12:04:45.6645636Z       },
2026-10-05T12:04:45.6645956Z       {
2026-10-05T12:04:45.6646376Z         "path": "generated/plugins/agdf/assets/agdf-logo.svg",
2026-10-05T12:04:45.6646822Z         "size": 962,
2026-10-05T12:04:45.6647179Z         "mode": 420
2026-10-05T12:04:45.6647517Z       },
2026-10-05T12:04:45.6647851Z       {
2026-10-05T12:04:45.6648248Z         "path": "generated/plugins/agdf/control/README.md",
2026-10-05T12:04:45.6648691Z         "size": 7277,
2026-10-05T12:04:45.6649052Z         "mode": 420
2026-10-05T12:04:45.6649405Z       },
2026-10-05T12:04:45.6649740Z       {
2026-10-05T12:04:45.6650203Z         "path": "generated/plugins/agdf/control/templates/AGDF_RUN.md",
2026-10-05T12:04:45.6650853Z         "size": 4174,
2026-10-05T12:04:45.6651206Z         "mode": 420
2026-10-05T12:04:45.6651551Z       },
2026-10-05T12:04:45.6651882Z       {
2026-10-05T12:04:45.6652408Z         "path": "generated/plugins/agdf/control/templates/AGENT_QUALITY_CONTRACTS.json",
2026-10-05T12:04:45.6652972Z         "size": 5289,
2026-10-05T12:04:45.6653335Z         "mode": 420
2026-10-05T12:04:45.6653677Z       },
2026-10-05T12:04:45.6654011Z       {
2026-10-05T12:04:45.6654541Z         "path": "generated/plugins/agdf/control/templates/artefacts/BROWNFIELD_REVIEW.md",
2026-10-05T12:04:45.6655086Z         "size": 4977,
2026-10-05T12:04:45.6655457Z         "mode": 420
2026-10-05T12:04:45.6655803Z       },
2026-10-05T12:04:45.6656126Z       {
2026-10-05T12:04:45.6656736Z         "path": "generated/plugins/agdf/control/templates/artefacts/OR.md",
2026-10-05T12:04:45.6657266Z         "size": 2685,
2026-10-05T12:04:45.6657619Z         "mode": 420
2026-10-05T12:04:45.6657960Z       },
2026-10-05T12:04:45.6658293Z       {
2026-10-05T12:04:45.6658770Z         "path": "generated/plugins/agdf/control/templates/artefacts/PRD.md",
2026-10-05T12:04:45.6659288Z         "size": 3100,
2026-10-05T12:04:45.6659650Z         "mode": 420
2026-10-05T12:04:45.6659996Z       },
2026-10-05T12:04:45.6660320Z       {
2026-10-05T12:04:45.6660962Z         "path": "generated/plugins/agdf/control/templates/artefacts/QA_REPORT.md",
2026-10-05T12:04:45.6661489Z         "size": 601,
2026-10-05T12:04:45.6661847Z         "mode": 420
2026-10-05T12:04:45.6662190Z       },
2026-10-05T12:04:45.6662515Z       {
2026-10-05T12:04:45.6662979Z         "path": "generated/plugins/agdf/control/templates/artefacts/SD.md",
2026-10-05T12:04:45.6663486Z         "size": 2562,
2026-10-05T12:04:45.6663846Z         "mode": 420
2026-10-05T12:04:45.6664192Z       },
2026-10-05T12:04:45.6664522Z       {
2026-10-05T12:04:45.6665003Z         "path": "generated/plugins/agdf/control/templates/artefacts/TP.md",
2026-10-05T12:04:45.6665506Z         "size": 1351,
2026-10-05T12:04:45.6665874Z         "mode": 420
2026-10-05T12:04:45.6666218Z       },
2026-10-05T12:04:45.6666560Z       {
2026-10-05T12:04:45.6667034Z         "path": "generated/plugins/agdf/control/templates/artefacts/UR.md",
2026-10-05T12:04:45.6667549Z         "size": 845,
2026-10-05T12:04:45.6667917Z         "mode": 420
2026-10-05T12:04:45.6668261Z       },
2026-10-05T12:04:45.6668588Z       {
2026-10-05T12:04:45.6669134Z         "path": "generated/plugins/agdf/control/templates/artefacts/UX_INTENT_DEFINITION.md",
2026-10-05T12:04:45.6669689Z         "size": 1196,
2026-10-05T12:04:45.6670047Z         "mode": 420
2026-10-05T12:04:45.6670395Z       },
2026-10-05T12:04:45.6670858Z       {
2026-10-05T12:04:45.6671369Z         "path": "generated/plugins/agdf/control/templates/artefacts/VERIFIED_CHANGE.md",
2026-10-05T12:04:45.6671930Z         "size": 1716,
2026-10-05T12:04:45.6672290Z         "mode": 420
2026-10-05T12:04:45.6672643Z       },
2026-10-05T12:04:45.6672961Z       {
2026-10-05T12:04:45.6673446Z         "path": "generated/plugins/agdf/control/templates/CONTEXT_GRAPH.md",
2026-10-05T12:04:45.6673959Z         "size": 1551,
2026-10-05T12:04:45.6674322Z         "mode": 420
2026-10-05T12:04:45.6674676Z       },
2026-10-05T12:04:45.6675004Z       {
2026-10-05T12:04:45.6675473Z         "path": "generated/plugins/agdf/control/templates/MASTER_BACKLOG.md",
2026-10-05T12:04:45.6676514Z         "size": 3436,
2026-10-05T12:04:45.6676953Z         "mode": 420
2026-10-05T12:04:45.6677353Z       },
2026-10-05T12:04:45.6677728Z       {
2026-10-05T12:04:45.6678377Z         "path": "generated/plugins/agdf/control/templates/RUN_STATE.md",
2026-10-05T12:04:45.6679102Z         "size": 2090,
2026-10-05T12:04:45.6679552Z         "mode": 420
2026-10-05T12:04:45.6679989Z       },
2026-10-05T12:04:45.6680309Z       {
2026-10-05T12:04:45.6680985Z         "path": "generated/plugins/agdf/control/templates/SOT_REGISTRY.md",
2026-10-05T12:04:45.6681512Z         "size": 905,
2026-10-05T12:04:45.6681868Z         "mode": 420
2026-10-05T12:04:45.6682206Z       },
2026-10-05T12:04:45.6682528Z       {
2026-10-05T12:04:45.6682963Z         "path": "generated/plugins/agdf/hooks/hooks.json",
2026-10-05T12:04:45.6683428Z         "size": 680,
2026-10-05T12:04:45.6683782Z         "mode": 420
2026-10-05T12:04:45.6684154Z       },
2026-10-05T12:04:45.6684488Z       {
2026-10-05T12:04:45.6684918Z         "path": "generated/plugins/agdf/hooks/session-start.sh",
2026-10-05T12:04:45.6685383Z         "size": 400,
2026-10-05T12:04:45.6685741Z         "mode": 420
2026-10-05T12:04:45.6686091Z       },
2026-10-05T12:04:45.6686407Z       {
2026-10-05T12:04:45.6686803Z         "path": "generated/plugins/agdf/LICENSE",
2026-10-05T12:04:45.6687218Z         "size": 11357,
2026-10-05T12:04:45.6687572Z         "mode": 420
2026-10-05T12:04:45.6687917Z       },
2026-10-05T12:04:45.6688246Z       {
2026-10-05T12:04:45.6689074Z         "path": "generated/plugins/agdf/mcp.json",
2026-10-05T12:04:45.6689629Z         "size": 329,
2026-10-05T12:04:45.6689994Z         "mode": 420
2026-10-05T12:04:45.6690343Z       },
2026-10-05T12:04:45.6690845Z       {
2026-10-05T12:04:45.6691292Z         "path": "generated/plugins/agdf/mcp/agdf-mcp-launch.js",
2026-10-05T12:04:45.6691768Z         "size": 314,
2026-10-05T12:04:45.6692128Z         "mode": 420
2026-10-05T12:04:45.6692485Z       },
2026-10-05T12:04:45.6692812Z       {
2026-10-05T12:04:45.6693240Z         "path": "generated/plugins/agdf/mcp/claude.mcp.json",
2026-10-05T12:04:45.6693719Z         "size": 173,
2026-10-05T12:04:45.6694073Z         "mode": 420
2026-10-05T12:04:45.6694415Z       },
2026-10-05T12:04:45.6694753Z       {
2026-10-05T12:04:45.6695185Z         "path": "generated/plugins/agdf/mcp/sdk/expected-sdk.json",
2026-10-05T12:04:45.6695640Z         "size": 709,
2026-10-05T12:04:45.6695994Z         "mode": 420
2026-10-05T12:04:45.6696332Z       },
2026-10-05T12:04:45.6696663Z       {
2026-10-05T12:04:45.6697105Z         "path": "generated/plugins/agdf/mcp/sdk/package-lock.json",
2026-10-05T12:04:45.6697578Z         "size": 1485,
2026-10-05T12:04:45.6697943Z         "mode": 420
2026-10-05T12:04:45.6698334Z       },
2026-10-05T12:04:45.6698680Z       {
2026-10-05T12:04:45.6699158Z         "path": "generated/plugins/agdf/mcp/sdk/package.json",
2026-10-05T12:04:45.6699665Z         "size": 124,
2026-10-05T12:04:45.6700005Z         "mode": 420
2026-10-05T12:04:45.6700350Z       },
2026-10-05T12:04:45.6700816Z       {
2026-10-05T12:04:45.6701266Z         "path": "generated/plugins/agdf/mcp/server/bin/agdf-mcp.js",
2026-10-05T12:04:45.6701747Z         "size": 659,
2026-10-05T12:04:45.6702102Z         "mode": 493
2026-10-05T12:04:45.6702449Z       },
2026-10-05T12:04:45.6702771Z       {
2026-10-05T12:04:45.6703186Z         "path": "generated/plugins/agdf/mcp/server/NOTICE",
2026-10-05T12:04:45.6703642Z         "size": 521,
2026-10-05T12:04:45.6703995Z         "mode": 420
2026-10-05T12:04:45.6704339Z       },
2026-10-05T12:04:45.6704675Z       {
2026-10-05T12:04:45.6705107Z         "path": "generated/plugins/agdf/mcp/server/package.json",
2026-10-05T12:04:45.6705571Z         "size": 1747,
2026-10-05T12:04:45.6705927Z         "mode": 420
2026-10-05T12:04:45.6706267Z       },
2026-10-05T12:04:45.6706593Z       {
2026-10-05T12:04:45.6707034Z         "path": "generated/plugins/agdf/mcp/server/README.md",
2026-10-05T12:04:45.6707495Z         "size": 2391,
2026-10-05T12:04:45.6708002Z         "mode": 420
2026-10-05T12:04:45.6708322Z       },
2026-10-05T12:04:45.6708651Z       {
2026-10-05T12:04:45.6709078Z         "path": "generated/plugins/agdf/mcp/server/src/main.js",
2026-10-05T12:04:45.6709540Z         "size": 1210,
2026-10-05T12:04:45.6709921Z         "mode": 420
2026-10-05T12:04:45.6710270Z       },
2026-10-05T12:04:45.6710705Z       {
2026-10-05T12:04:45.6711153Z         "path": "generated/plugins/agdf/mcp/server/src/server.js",
2026-10-05T12:04:45.6711615Z         "size": 3144,
2026-10-05T12:04:45.6711979Z         "mode": 420
2026-10-05T12:04:45.6712328Z       },
2026-10-05T12:04:45.6712648Z       {
2026-10-05T12:04:45.6713091Z         "path": "generated/plugins/agdf/mcp/server/src/worker-entry.js",
2026-10-05T12:04:45.6713582Z         "size": 964,
2026-10-05T12:04:45.6713941Z         "mode": 420
2026-10-05T12:04:45.6714280Z       },
2026-10-05T12:04:45.6714602Z       {
2026-10-05T12:04:45.6715060Z         "path": "generated/plugins/agdf/mcp/server/src/worker.js",
2026-10-05T12:04:45.6715529Z         "size": 2610,
2026-10-05T12:04:45.6715880Z         "mode": 420
2026-10-05T12:04:45.6716229Z       },
2026-10-05T12:04:45.6716543Z       {
2026-10-05T12:04:45.6716969Z         "path": "generated/plugins/agdf/meta/agdf-agent-router.md",
2026-10-05T12:04:45.6717435Z         "size": 12317,
2026-10-05T12:04:45.6717795Z         "mode": 420
2026-10-05T12:04:45.6718140Z       },
2026-10-05T12:04:45.6718461Z       {
2026-10-05T12:04:45.6719026Z         "path": "generated/plugins/agdf/meta/agdf-constitution.md",
2026-10-05T12:04:45.6719499Z         "size": 8709,
2026-10-05T12:04:45.6719842Z         "mode": 420
2026-10-05T12:04:45.6720191Z       },
2026-10-05T12:04:45.6720516Z       {
2026-10-05T12:04:45.6721187Z         "path": "generated/plugins/agdf/meta/agdf-interaction-locales.json",
2026-10-05T12:04:45.6721673Z         "size": 153294,
2026-10-05T12:04:45.6722017Z         "mode": 420
2026-10-05T12:04:45.6722302Z       },
2026-10-05T12:04:45.6722625Z       {
2026-10-05T12:04:45.6723107Z         "path": "generated/plugins/agdf/meta/agdf-mcp-capability.json",
2026-10-05T12:04:45.6723589Z         "size": 3972,
2026-10-05T12:04:45.6723940Z         "mode": 420
2026-10-05T12:04:45.6724286Z       },
2026-10-05T12:04:45.6724615Z       {
2026-10-05T12:04:45.6725085Z         "path": "generated/plugins/agdf/meta/agdf-plugin.definition.json",
2026-10-05T12:04:45.6725588Z         "size": 18450,
2026-10-05T12:04:45.6725948Z         "mode": 420
2026-10-05T12:04:45.6726291Z       },
2026-10-05T12:04:45.6726617Z       {
2026-10-05T12:04:45.6727078Z         "path": "generated/plugins/agdf/meta/agdf-runtime-contract.md",
2026-10-05T12:04:45.6727572Z         "size": 1977,
2026-10-05T12:04:45.6727924Z         "mode": 420
2026-10-05T12:04:45.6728267Z       },
2026-10-05T12:04:45.6728582Z       {
2026-10-05T12:04:45.6728990Z         "path": "generated/plugins/agdf/meta/agdf-tenets.md",
2026-10-05T12:04:45.6729447Z         "size": 8945,
2026-10-05T12:04:45.6729797Z         "mode": 420
2026-10-05T12:04:45.6730152Z       },
2026-10-05T12:04:45.6730471Z       {
2026-10-05T12:04:45.6731158Z         "path": "generated/plugins/agdf/meta/agent-skills-conformance.json",
2026-10-05T12:04:45.6731679Z         "size": 1867,
2026-10-05T12:04:45.6732036Z         "mode": 420
2026-10-05T12:04:45.6732387Z       },
2026-10-05T12:04:45.6732713Z       {
2026-10-05T12:04:45.6733150Z         "path": "generated/plugins/agdf/meta/contracts/closeout.md",
2026-10-05T12:04:45.6733630Z         "size": 4196,
2026-10-05T12:04:45.6733982Z         "mode": 420
2026-10-05T12:04:45.6734331Z       },
2026-10-05T12:04:45.6734652Z       {
2026-10-05T12:04:45.6735108Z         "path": "generated/plugins/agdf/meta/contracts/context-graph.md",
2026-10-05T12:04:45.6735602Z         "size": 2512,
2026-10-05T12:04:45.6735955Z         "mode": 420
2026-10-05T12:04:45.6736334Z       },
2026-10-05T12:04:45.6736680Z       {
2026-10-05T12:04:45.6737353Z         "path": "generated/plugins/agdf/meta/contracts/control-scaffold.md",
2026-10-05T12:04:45.6738318Z         "size": 11537,
2026-10-05T12:04:45.6738697Z         "mode": 420
2026-10-05T12:04:45.6739051Z       },
2026-10-05T12:04:45.6739385Z       {
2026-10-05T12:04:45.6739914Z         "path": "generated/plugins/agdf/meta/contracts/gate-artifact-preparation.md",
2026-10-05T12:04:45.6740546Z         "size": 5731,
2026-10-05T12:04:45.6741197Z         "mode": 420
2026-10-05T12:04:45.6741631Z       },
2026-10-05T12:04:45.6742019Z       {
2026-10-05T12:04:45.6742513Z         "path": "generated/plugins/agdf/meta/contracts/gate-transition.md",
2026-10-05T12:04:45.6743087Z         "size": 17966,
2026-10-05T12:04:45.6743523Z         "mode": 420
2026-10-05T12:04:45.6743926Z       },
2026-10-05T12:04:45.6744308Z       {
2026-10-05T12:04:45.6744950Z         "path": "generated/plugins/agdf/meta/contracts/interaction.md",
2026-10-05T12:04:45.6745688Z         "size": 46617,
2026-10-05T12:04:45.6746150Z         "mode": 420
2026-10-05T12:04:45.6746592Z       },
2026-10-05T12:04:45.6746977Z       {
2026-10-05T12:04:45.6747585Z         "path": "generated/plugins/agdf/meta/contracts/modes.md",
2026-10-05T12:04:45.6748252Z         "size": 12906,
2026-10-05T12:04:45.6748695Z         "mode": 420
2026-10-05T12:04:45.6749105Z       },
2026-10-05T12:04:45.6749487Z       {
2026-10-05T12:04:45.6750154Z         "path": "generated/plugins/agdf/meta/contracts/prd-definition.md",
2026-10-05T12:04:45.6751021Z         "size": 5034,
2026-10-05T12:04:45.6751357Z         "mode": 420
2026-10-05T12:04:45.6751699Z       },
2026-10-05T12:04:45.6752026Z       {
2026-10-05T12:04:45.6752662Z         "path": "generated/plugins/agdf/meta/contracts/quality.md",
2026-10-05T12:04:45.6753158Z         "size": 8692,
2026-10-05T12:04:45.6753517Z         "mode": 420
2026-10-05T12:04:45.6753859Z       },
2026-10-05T12:04:45.6754181Z       {
2026-10-05T12:04:45.6754674Z         "path": "generated/plugins/agdf/meta/contracts/request-activation.md",
2026-10-05T12:04:45.6755196Z         "size": 18822,
2026-10-05T12:04:45.6755558Z         "mode": 420
2026-10-05T12:04:45.6755900Z       },
2026-10-05T12:04:45.6756218Z       {
2026-10-05T12:04:45.6756664Z         "path": "generated/plugins/agdf/meta/contracts/sd-definition.md",
2026-10-05T12:04:45.6757157Z         "size": 4617,
2026-10-05T12:04:45.6757505Z         "mode": 420
2026-10-05T12:04:45.6757838Z       },
2026-10-05T12:04:45.6758161Z       {
2026-10-05T12:04:45.6758648Z         "path": "generated/plugins/agdf/meta/contracts/task-target-resolution.md",
2026-10-05T12:04:45.6759151Z         "size": 8919,
2026-10-05T12:04:45.6759505Z         "mode": 420
2026-10-05T12:04:45.6759845Z       },
2026-10-05T12:04:45.6760149Z       {
2026-10-05T12:04:45.6760812Z         "path": "generated/plugins/agdf/meta/contracts/ur-definition.md",
2026-10-05T12:04:45.6761284Z         "size": 3139,
2026-10-05T12:04:45.6761604Z         "mode": 420
2026-10-05T12:04:45.6761942Z       },
2026-10-05T12:04:45.6762305Z       {
2026-10-05T12:04:45.6763000Z         "path": "generated/plugins/agdf/meta/copilot-payload-baseline.json",
2026-10-05T12:04:45.6763568Z         "size": 276,
2026-10-05T12:04:45.6763931Z         "mode": 420
2026-10-05T12:04:45.6764270Z       },
2026-10-05T12:04:45.6764600Z       {
2026-10-05T12:04:45.6765098Z         "path": "generated/plugins/agdf/meta/distribution-profile-history.json",
2026-10-05T12:04:45.6765618Z         "size": 4398,
2026-10-05T12:04:45.6765978Z         "mode": 420
2026-10-05T12:04:45.6766360Z       },
2026-10-05T12:04:45.6766740Z       {
2026-10-05T12:04:45.6767357Z         "path": "generated/plugins/agdf/meta/schemas/agent-plugins/1.0.0/mcp.schema.json",
2026-10-05T12:04:45.6767923Z         "size": 3408,
2026-10-05T12:04:45.6768277Z         "mode": 420
2026-10-05T12:04:45.6768610Z       },
2026-10-05T12:04:45.6768899Z       {
2026-10-05T12:04:45.6769430Z         "path": "generated/plugins/agdf/meta/schemas/agent-plugins/1.0.0/plugin.schema.json",
2026-10-05T12:04:45.6769974Z         "size": 1805,
2026-10-05T12:04:45.6770322Z         "mode": 420
2026-10-05T12:04:45.6770861Z       },
2026-10-05T12:04:45.6771373Z       {
2026-10-05T12:04:45.6771912Z         "path": "generated/plugins/agdf/meta/schemas/agent-plugins/1.0.0/provenance.json",
2026-10-05T12:04:45.6772477Z         "size": 539,
2026-10-05T12:04:45.6772806Z         "mode": 420
2026-10-05T12:04:45.6773154Z       },
2026-10-05T12:04:45.6773463Z       {
2026-10-05T12:04:45.6773856Z         "path": "generated/plugins/agdf/plugin.json",
2026-10-05T12:04:45.6774289Z         "size": 526,
2026-10-05T12:04:45.6774637Z         "mode": 420
2026-10-05T12:04:45.6774990Z       },
2026-10-05T12:04:45.6775319Z       {
2026-10-05T12:04:45.6775799Z         "path": "generated/plugins/agdf/runtime/agdf-local.js",
2026-10-05T12:04:45.6776306Z         "size": 843,
2026-10-05T12:04:45.6776555Z         "mode": 420
2026-10-05T12:04:45.6776782Z       },
2026-10-05T12:04:45.6776994Z       {
2026-10-05T12:04:45.6777372Z         "path": "generated/plugins/agdf/runtime/agdf-session-check.js",
2026-10-05T12:04:45.6777775Z         "size": 9303,
2026-10-05T12:04:45.6778039Z         "mode": 420
2026-10-05T12:04:45.6778307Z       },
2026-10-05T12:04:45.6778632Z       {
2026-10-05T12:04:45.6779132Z         "path": "generated/plugins/agdf/runtime/create-agdf/bin/agdf-validator.js",
2026-10-05T12:04:45.6779663Z         "size": 323,
2026-10-05T12:04:45.6780010Z         "mode": 420
2026-10-05T12:04:45.6780351Z       },
2026-10-05T12:04:45.6780941Z       {
2026-10-05T12:04:45.6781551Z         "path": "generated/plugins/agdf/runtime/create-agdf/generated/plugins/agdf/meta/agdf-interaction-locales.json",
2026-10-05T12:04:45.6782345Z         "size": 153294,
2026-10-05T12:04:45.6782721Z         "mode": 420
2026-10-05T12:04:45.6783052Z       },
2026-10-05T12:04:45.6783384Z       {
2026-10-05T12:04:45.6784025Z         "path": "generated/plugins/agdf/runtime/create-agdf/generated/plugins/agdf/meta/agdf-plugin.definition.json",
2026-10-05T12:04:45.6784688Z         "size": 18450,
2026-10-05T12:04:45.6785062Z         "mode": 420
2026-10-05T12:04:45.6785419Z       },
2026-10-05T12:04:45.6785752Z       {
2026-10-05T12:04:45.6786361Z         "path": "generated/plugins/agdf/runtime/create-agdf/generated/plugins/agdf/meta/contracts/closeout.md",
2026-10-05T12:04:45.6786985Z         "size": 4196,
2026-10-05T12:04:45.6787343Z         "mode": 420
2026-10-05T12:04:45.6787683Z       },
2026-10-05T12:04:45.6788006Z       {
2026-10-05T12:04:45.6788621Z         "path": "generated/plugins/agdf/runtime/create-agdf/generated/plugins/agdf/meta/contracts/context-graph.md",
2026-10-05T12:04:45.6789272Z         "size": 2512,
2026-10-05T12:04:45.6789663Z         "mode": 420
2026-10-05T12:04:45.6790070Z       },
2026-10-05T12:04:45.6790449Z       {
2026-10-05T12:04:45.6791638Z         "path": "generated/plugins/agdf/runtime/create-agdf/generated/plugins/agdf/meta/contracts/control-scaffold.md",
2026-10-05T12:04:45.6792283Z         "size": 11537,
2026-10-05T12:04:45.6792645Z         "mode": 420
2026-10-05T12:04:45.6792991Z       },
2026-10-05T12:04:45.6793320Z       {
2026-10-05T12:04:45.6794011Z         "path": "generated/plugins/agdf/runtime/create-agdf/generated/plugins/agdf/meta/contracts/gate-artifact-preparation.md",
2026-10-05T12:04:45.6794728Z         "size": 5731,
2026-10-05T12:04:45.6795085Z         "mode": 420
2026-10-05T12:04:45.6795426Z       },
2026-10-05T12:04:45.6795742Z       {
2026-10-05T12:04:45.6796378Z         "path": "generated/plugins/agdf/runtime/create-agdf/generated/plugins/agdf/meta/contracts/gate-transition.md",
2026-10-05T12:04:45.6797025Z         "size": 17966,
2026-10-05T12:04:45.6797385Z         "mode": 420
2026-10-05T12:04:45.6797728Z       },
2026-10-05T12:04:45.6798057Z       {
2026-10-05T12:04:45.6798684Z         "path": "generated/plugins/agdf/runtime/create-agdf/generated/plugins/agdf/meta/contracts/interaction.md",
2026-10-05T12:04:45.6799324Z         "size": 46617,
2026-10-05T12:04:45.6799753Z         "mode": 420
2026-10-05T12:04:45.6800159Z       },
2026-10-05T12:04:45.6800494Z       {
2026-10-05T12:04:45.6801287Z         "path": "generated/plugins/agdf/runtime/create-agdf/generated/plugins/agdf/meta/contracts/modes.md",
2026-10-05T12:04:45.6802095Z         "size": 12906,
2026-10-05T12:04:45.6802442Z         "mode": 420
2026-10-05T12:04:45.6802782Z       },
2026-10-05T12:04:45.6803110Z       {
2026-10-05T12:04:45.6803743Z         "path": "generated/plugins/agdf/runtime/create-agdf/generated/plugins/agdf/meta/contracts/prd-definition.md",
2026-10-05T12:04:45.6804392Z         "size": 5034,
2026-10-05T12:04:45.6804741Z         "mode": 420
2026-10-05T12:04:45.6805096Z       },
2026-10-05T12:04:45.6805418Z       {
2026-10-05T12:04:45.6806024Z         "path": "generated/plugins/agdf/runtime/create-agdf/generated/plugins/agdf/meta/contracts/quality.md",
2026-10-05T12:04:45.6806639Z         "size": 8692,
2026-10-05T12:04:45.6806992Z         "mode": 420
2026-10-05T12:04:45.6807320Z       },
2026-10-05T12:04:45.6807652Z       {
2026-10-05T12:04:45.6808295Z         "path": "generated/plugins/agdf/runtime/create-agdf/generated/plugins/agdf/meta/contracts/request-activation.md",
2026-10-05T12:04:45.6808953Z         "size": 18822,
2026-10-05T12:04:45.6809313Z         "mode": 420
2026-10-05T12:04:45.6809653Z       },
2026-10-05T12:04:45.6810291Z       {
2026-10-05T12:04:45.6811506Z         "path": "generated/plugins/agdf/runtime/create-agdf/generated/plugins/agdf/meta/contracts/sd-definition.md",
2026-10-05T12:04:45.6812146Z         "size": 4617,
2026-10-05T12:04:45.6812506Z         "mode": 420
2026-10-05T12:04:45.6812850Z       },
2026-10-05T12:04:45.6813170Z       {
2026-10-05T12:04:45.6814009Z         "path": "generated/plugins/agdf/runtime/create-agdf/generated/plugins/agdf/meta/contracts/task-target-resolution.md",
2026-10-05T12:04:45.6814721Z         "size": 8919,
2026-10-05T12:04:45.6815084Z         "mode": 420
2026-10-05T12:04:45.6815425Z       },
2026-10-05T12:04:45.6815753Z       {
2026-10-05T12:04:45.6816377Z         "path": "generated/plugins/agdf/runtime/create-agdf/generated/plugins/agdf/meta/contracts/ur-definition.md",
2026-10-05T12:04:45.6817024Z         "size": 3139,
2026-10-05T12:04:45.6817378Z         "mode": 420
2026-10-05T12:04:45.6817729Z       },
2026-10-05T12:04:45.6818056Z       {
2026-10-05T12:04:45.6818587Z         "path": "generated/plugins/agdf/runtime/create-agdf/lib/cli/command-registry.js",
2026-10-05T12:04:45.6819130Z         "size": 25352,
2026-10-05T12:04:45.6819498Z         "mode": 420
2026-10-05T12:04:45.6819838Z       },
2026-10-05T12:04:45.6820173Z       {
2026-10-05T12:04:45.6820906Z         "path": "generated/plugins/agdf/runtime/create-agdf/lib/cli/contract-command.js",
2026-10-05T12:04:45.6821443Z         "size": 1796,
2026-10-05T12:04:45.6821801Z         "mode": 420
2026-10-05T12:04:45.6822151Z       },
2026-10-05T12:04:45.6822476Z       {
2026-10-05T12:04:45.6823056Z         "path": "generated/plugins/agdf/runtime/create-agdf/lib/cli/control-maintenance-command.js",
2026-10-05T12:04:45.6823845Z         "size": 2514,
2026-10-05T12:04:45.6824285Z         "mode": 420
2026-10-05T12:04:45.6824686Z       },
2026-10-05T12:04:45.6824982Z       {
2026-10-05T12:04:45.6825559Z         "path": "generated/plugins/agdf/runtime/create-agdf/lib/cli/delivery-path-search-command.js",
2026-10-05T12:04:45.6826161Z         "size": 9065,
2026-10-05T12:04:45.6826517Z         "mode": 420
2026-10-05T12:04:45.6826871Z       },
2026-10-05T12:04:45.6827202Z       {
2026-10-05T12:04:45.6827694Z         "path": "generated/plugins/agdf/runtime/create-agdf/lib/cli/parse-args.js",
2026-10-05T12:04:45.6828235Z         "size": 13953,
2026-10-05T12:04:45.6828575Z         "mode": 420
2026-10-05T12:04:45.6828919Z       },
2026-10-05T12:04:45.6829256Z       {
2026-10-05T12:04:45.6829777Z         "path": "generated/plugins/agdf/runtime/create-agdf/lib/cli/runtime-context.js",
2026-10-05T12:04:45.6830317Z         "size": 2217,
2026-10-05T12:04:45.6830904Z         "mode": 420
2026-10-05T12:04:45.6831264Z       },
2026-10-05T12:04:45.6831586Z       {
2026-10-05T12:04:45.6832108Z         "path": "generated/plugins/agdf/runtime/create-agdf/lib/cli/validation-handlers.js",
2026-10-05T12:04:45.6832668Z         "size": 11734,
2026-10-05T12:04:45.6833185Z         "mode": 420
2026-10-05T12:04:45.6833517Z       },
2026-10-05T12:04:45.6833844Z       {
2026-10-05T12:04:45.6834575Z         "path": "generated/plugins/agdf/runtime/create-agdf/lib/control-command.js",
2026-10-05T12:04:45.6835178Z         "size": 413,
2026-10-05T12:04:45.6835545Z         "mode": 420
2026-10-05T12:04:45.6835884Z       },
2026-10-05T12:04:45.6836209Z       {
2026-10-05T12:04:45.6836787Z         "path": "generated/plugins/agdf/runtime/create-agdf/lib/control-evaluation/git-observation.js",
2026-10-05T12:04:45.6837389Z         "size": 641,
2026-10-05T12:04:45.6837743Z         "mode": 420
2026-10-05T12:04:45.6838080Z       },
2026-10-05T12:04:45.6838400Z       {
2026-10-05T12:04:45.6838957Z         "path": "generated/plugins/agdf/runtime/create-agdf/lib/control-maintenance/interaction.js",
2026-10-05T12:04:45.6839529Z         "size": 1279,
2026-10-05T12:04:45.6839883Z         "mode": 420
2026-10-05T12:04:45.6840222Z       },
2026-10-05T12:04:45.6840545Z       {
2026-10-05T12:04:45.6841269Z         "path": "generated/plugins/agdf/runtime/create-agdf/lib/control-maintenance/repair.js",
2026-10-05T12:04:45.6841754Z         "size": 421,
2026-10-05T12:04:45.6842000Z         "mode": 420
2026-10-05T12:04:45.6842327Z       },
2026-10-05T12:04:45.6842650Z       {
2026-10-05T12:04:45.6843195Z         "path": "generated/plugins/agdf/runtime/create-agdf/lib/control-maintenance/service.js",
2026-10-05T12:04:45.6843769Z         "size": 264,
2026-10-05T12:04:45.6844120Z         "mode": 420
2026-10-05T12:04:45.6844646Z       },
2026-10-05T12:04:45.6844975Z       {
2026-10-05T12:04:45.6845529Z         "path": "generated/plugins/agdf/runtime/create-agdf/lib/control-maintenance/startup.js",
2026-10-05T12:04:45.6846096Z         "size": 1683,
2026-10-05T12:04:45.6846446Z         "mode": 420
2026-10-05T12:04:45.6846781Z       },
2026-10-05T12:04:45.6847097Z       {
2026-10-05T12:04:45.6847761Z         "path": "generated/plugins/agdf/runtime/create-agdf/lib/control-state/run-recovery.js",
2026-10-05T12:04:45.6848315Z         "size": 526,
2026-10-05T12:04:45.6848665Z         "mode": 420
2026-10-05T12:04:45.6849014Z       },
2026-10-05T12:04:45.6849333Z       {
2026-10-05T12:04:45.6849926Z         "path": "generated/plugins/agdf/runtime/create-agdf/lib/delivery-path-search/evaluators/claude.js",
2026-10-05T12:04:45.6850537Z         "size": 1525,
2026-10-05T12:04:45.6851103Z         "mode": 420
2026-10-05T12:04:45.6851442Z       },
2026-10-05T12:04:45.6851765Z       {
2026-10-05T12:04:45.6852355Z         "path": "generated/plugins/agdf/runtime/create-agdf/lib/delivery-path-search/evaluators/codex.js",
2026-10-05T12:04:45.6852971Z         "size": 1919,
2026-10-05T12:04:45.6853330Z         "mode": 420
2026-10-05T12:04:45.6853671Z       },
2026-10-05T12:04:45.6853989Z       {
2026-10-05T12:04:45.6854583Z         "path": "generated/plugins/agdf/runtime/create-agdf/lib/delivery-path-search/evaluators/opencode.js",
2026-10-05T12:04:45.6855192Z         "size": 8924,
2026-10-05T12:04:45.6855537Z         "mode": 420
2026-10-05T12:04:45.6855901Z       },
2026-10-05T12:04:45.6856224Z       {
2026-10-05T12:04:45.6856822Z         "path": "generated/plugins/agdf/runtime/create-agdf/lib/delivery-path-search/evaluators/prompt.js",
2026-10-05T12:04:45.6857498Z         "size": 753,
2026-10-05T12:04:45.6857940Z         "mode": 420
2026-10-05T12:04:45.6858361Z       },
2026-10-05T12:04:45.6858698Z       {
2026-10-05T12:04:45.6859310Z         "path": "generated/plugins/agdf/runtime/create-agdf/lib/delivery-path-search/evaluators/protocol.js",
2026-10-05T12:04:45.6859935Z         "size": 470,
2026-10-05T12:04:45.6860282Z         "mode": 420
2026-10-05T12:04:45.6860854Z       },
2026-10-05T12:04:45.6861178Z       {
2026-10-05T12:04:45.6861990Z         "path": "generated/plugins/agdf/runtime/create-agdf/lib/delivery-path-search/generators/claude.js",
2026-10-05T12:04:45.6862692Z         "size": 2203,
2026-10-05T12:04:45.6863052Z         "mode": 420
2026-10-05T12:04:45.6863394Z       },
2026-10-05T12:04:45.6863717Z       {
2026-10-05T12:04:45.6864489Z         "path": "generated/plugins/agdf/runtime/create-agdf/lib/delivery-path-search/generators/codex.js",
2026-10-05T12:04:45.6865084Z         "size": 2187,
2026-10-05T12:04:45.6865441Z         "mode": 420
2026-10-05T12:04:45.6865776Z       },
2026-10-05T12:04:45.6866099Z       {
2026-10-05T12:04:45.6866702Z         "path": "generated/plugins/agdf/runtime/create-agdf/lib/delivery-path-search/generators/protocol.js",
2026-10-05T12:04:45.6867321Z         "size": 389,
2026-10-05T12:04:45.6867681Z         "mode": 420
2026-10-05T12:04:45.6868028Z       },
2026-10-05T12:04:45.6868376Z       {
2026-10-05T12:04:45.6868993Z         "path": "generated/plugins/agdf/runtime/create-agdf/lib/delivery-path-search/surfaces/capabilities.js",
2026-10-05T12:04:45.6869622Z         "size": 1161,
2026-10-05T12:04:45.6869990Z         "mode": 420
2026-10-05T12:04:45.6870331Z       },
2026-10-05T12:04:45.6870943Z       {
2026-10-05T12:04:45.6871612Z         "path": "generated/plugins/agdf/runtime/create-agdf/lib/delivery-path-search/transports/read-only-guard.js",
2026-10-05T12:04:45.6872266Z         "size": 1271,
2026-10-05T12:04:45.6872619Z         "mode": 420
2026-10-05T12:04:45.6872960Z       },
2026-10-05T12:04:45.6873287Z       {
2026-10-05T12:04:45.6873870Z         "path": "generated/plugins/agdf/runtime/create-agdf/lib/host-adapters/claude/session-command.js",
2026-10-05T12:04:45.6874477Z         "size": 165,
2026-10-05T12:04:45.6874844Z         "mode": 420
2026-10-05T12:04:45.6875191Z       },
2026-10-05T12:04:45.6875516Z       {
2026-10-05T12:04:45.6876246Z         "path": "generated/plugins/agdf/runtime/create-agdf/lib/host-adapters/codex/session-command.js",
2026-10-05T12:04:45.6876853Z         "size": 455,
2026-10-05T12:04:45.6877202Z         "mode": 420
2026-10-05T12:04:45.6877551Z       },
2026-10-05T12:04:45.6877876Z       {
2026-10-05T12:04:45.6878470Z         "path": "generated/plugins/agdf/runtime/create-agdf/lib/host-adapters/copilot/session-command.js",
2026-10-05T12:04:45.6879083Z         "size": 91,
2026-10-05T12:04:45.6879429Z         "mode": 420
2026-10-05T12:04:45.6879765Z       },
2026-10-05T12:04:45.6880080Z       {
2026-10-05T12:04:45.6880865Z         "path": "generated/plugins/agdf/runtime/create-agdf/lib/host-adapters/opencode/session-command.js",
2026-10-05T12:04:45.6881440Z         "size": 76,
2026-10-05T12:04:45.6881797Z         "mode": 420
2026-10-05T12:04:45.6882129Z       },
2026-10-05T12:04:45.6882453Z       {
2026-10-05T12:04:45.6883003Z         "path": "generated/plugins/agdf/runtime/create-agdf/lib/host-adapters/session-command.js",
2026-10-05T12:04:45.6883591Z         "size": 609,
2026-10-05T12:04:45.6883946Z         "mode": 420
2026-10-05T12:04:45.6884290Z       },
2026-10-05T12:04:45.6884622Z       {
2026-10-05T12:04:45.6885102Z         "path": "generated/plugins/agdf/runtime/create-agdf/lib/host-command.js",
2026-10-05T12:04:45.6885615Z         "size": 5591,
2026-10-05T12:04:45.6885961Z         "mode": 420
2026-10-05T12:04:45.6886305Z       },
2026-10-05T12:04:45.6886628Z       {
2026-10-05T12:04:45.6887144Z         "path": "generated/plugins/agdf/runtime/create-agdf/lib/mcp-dispatch-runtime.js",
2026-10-05T12:04:45.6887706Z         "size": 7671,
2026-10-05T12:04:45.6888062Z         "mode": 420
2026-10-05T12:04:45.6888406Z       },
2026-10-05T12:04:45.6888740Z       {
2026-10-05T12:04:45.6889256Z         "path": "generated/plugins/agdf/runtime/create-agdf/lib/mcp-lifecycle/package.js",
2026-10-05T12:04:45.6889808Z         "size": 16097,
2026-10-05T12:04:45.6890175Z         "mode": 420
2026-10-05T12:04:45.6890529Z       },
2026-10-05T12:04:45.6891356Z       {
2026-10-05T12:04:45.6892005Z         "path": "generated/plugins/agdf/runtime/create-agdf/lib/mcp-lifecycle/plugin-runtime.js",
2026-10-05T12:04:45.6892974Z         "size": 12833,
2026-10-05T12:04:45.6893589Z         "mode": 420
2026-10-05T12:04:45.6894085Z       },
2026-10-05T12:04:45.6894532Z       {
2026-10-05T12:04:45.6895167Z         "path": "generated/plugins/agdf/runtime/create-agdf/lib/npm-invocation.js",
2026-10-05T12:04:45.6896100Z         "size": 969,
2026-10-05T12:04:45.6896563Z         "mode": 420
2026-10-05T12:04:45.6897089Z       },
2026-10-05T12:04:45.6897517Z       {
2026-10-05T12:04:45.6898106Z         "path": "generated/plugins/agdf/runtime/create-agdf/lib/repository-context.js",
2026-10-05T12:04:45.6898897Z         "size": 3033,
2026-10-05T12:04:45.6899347Z         "mode": 420
2026-10-05T12:04:45.6899902Z       },
2026-10-05T12:04:45.6900330Z       {
2026-10-05T12:04:45.6901344Z         "path": "generated/plugins/agdf/runtime/create-agdf/lib/runtime-check-consent/contract.js",
2026-10-05T12:04:45.6902048Z         "size": 3925,
2026-10-05T12:04:45.6911651Z         "mode": 420
2026-10-05T12:04:45.6912046Z       },
2026-10-05T12:04:45.6912381Z       {
2026-10-05T12:04:45.6913172Z         "path": "generated/plugins/agdf/runtime/create-agdf/lib/runtime/control-command-service.js",
2026-10-05T12:04:45.6914129Z         "size": 607,
2026-10-05T12:04:45.6914592Z         "mode": 420
2026-10-05T12:04:45.6915032Z       },
2026-10-05T12:04:45.6915444Z       {
2026-10-05T12:04:45.6916263Z         "path": "generated/plugins/agdf/runtime/create-agdf/lib/runtime/control-context.js",
2026-10-05T12:04:45.6917192Z         "size": 904,
2026-10-05T12:04:45.6917621Z         "mode": 420
2026-10-05T12:04:45.6917978Z       },
2026-10-05T12:04:45.6918322Z       {
2026-10-05T12:04:45.6918875Z         "path": "generated/plugins/agdf/runtime/create-agdf/lib/runtime/git-history.js",
2026-10-05T12:04:45.6919434Z         "size": 510,
2026-10-05T12:04:45.6920004Z         "mode": 420
2026-10-05T12:04:45.6920372Z       },
2026-10-05T12:04:45.6920938Z       {
2026-10-05T12:04:45.6921491Z         "path": "generated/plugins/agdf/runtime/create-agdf/lib/runtime/git-originals.js",
2026-10-05T12:04:45.6922060Z         "size": 2213,
2026-10-05T12:04:45.6922405Z         "mode": 420
2026-10-05T12:04:45.6922776Z       },
2026-10-05T12:04:45.6923170Z       {
2026-10-05T12:04:45.6923934Z         "path": "generated/plugins/agdf/runtime/create-agdf/lib/runtime/local-validator.js",
2026-10-05T12:04:45.6924770Z         "size": 14029,
2026-10-05T12:04:45.6925217Z         "mode": 420
2026-10-05T12:04:45.6925638Z       },
2026-10-05T12:04:45.6926015Z       {
2026-10-05T12:04:45.6926674Z         "path": "generated/plugins/agdf/runtime/create-agdf/lib/runtime/plugin-provenance.js",
2026-10-05T12:04:45.6927273Z         "size": 57,
2026-10-05T12:04:45.6927664Z         "mode": 420
2026-10-05T12:04:45.6928080Z       },
2026-10-05T12:04:45.6928439Z       {
2026-10-05T12:04:45.6928899Z         "path": "generated/plugins/agdf/runtime/create-agdf/lib/runtime/runtime-probe.js",
2026-10-05T12:04:45.6929450Z         "size": 3045,
2026-10-05T12:04:45.6929806Z         "mode": 420
2026-10-05T12:04:45.6930138Z       },
2026-10-05T12:04:45.6930464Z       {
2026-10-05T12:04:45.6931294Z         "path": "generated/plugins/agdf/runtime/create-agdf/lib/runtime/validator-application.js",
2026-10-05T12:04:45.6931856Z         "size": 1823,
2026-10-05T12:04:45.6932209Z         "mode": 420
2026-10-05T12:04:45.6932559Z       },
2026-10-05T12:04:45.6932892Z       {
2026-10-05T12:04:45.6933428Z         "path": "generated/plugins/agdf/runtime/create-agdf/lib/skill-dispatch/binding.js",
2026-10-05T12:04:45.6933986Z         "size": 642,
2026-10-05T12:04:45.6934351Z         "mode": 420
2026-10-05T12:04:45.6934696Z       },
2026-10-05T12:04:45.6935028Z       {
2026-10-05T12:04:45.6935470Z         "path": "generated/plugins/agdf/runtime/create-agdf/NOTICE",
2026-10-05T12:04:45.6935932Z         "size": 422,
2026-10-05T12:04:45.6936288Z         "mode": 420
2026-10-05T12:04:45.6936640Z       },
2026-10-05T12:04:45.6936972Z       {
2026-10-05T12:04:45.6937435Z         "path": "generated/plugins/agdf/runtime/create-agdf/package.json",
2026-10-05T12:04:45.6937943Z         "size": 220,
2026-10-05T12:04:45.6938300Z         "mode": 420
2026-10-05T12:04:45.6938634Z       },
2026-10-05T12:04:45.6938965Z       {
2026-10-05T12:04:45.6939596Z         "path": "generated/plugins/agdf/runtime/create-agdf/runtime/core/lib/control-evaluation/delivery-map.js",
2026-10-05T12:04:45.6940421Z         "size": 13111,
2026-10-05T12:04:45.6940984Z         "mode": 420
2026-10-05T12:04:45.6941327Z       },
2026-10-05T12:04:45.6941654Z       {
2026-10-05T12:04:45.6942326Z         "path": "generated/plugins/agdf/runtime/create-agdf/runtime/core/lib/control-evaluation/delivery-relationships.js",
2026-10-05T12:04:45.6943014Z         "size": 1370,
2026-10-05T12:04:45.6943383Z         "mode": 420
2026-10-05T12:04:45.6943725Z       },
2026-10-05T12:04:45.6944052Z       {
2026-10-05T12:04:45.6944967Z         "path": "generated/plugins/agdf/runtime/create-agdf/runtime/core/lib/control-evaluation/doctor.js",
2026-10-05T12:04:45.6945970Z         "size": 14393,
2026-10-05T12:04:45.6946439Z         "mode": 420
2026-10-05T12:04:45.6946873Z       },
2026-10-05T12:04:45.6947271Z       {
2026-10-05T12:04:45.6947934Z         "path": "generated/plugins/agdf/runtime/create-agdf/runtime/core/lib/control-evaluation/gate-check.js",
2026-10-05T12:04:45.6948583Z         "size": 37366,
2026-10-05T12:04:45.6948950Z         "mode": 420
2026-10-05T12:04:45.6949295Z       },
2026-10-05T12:04:45.6949625Z       {
2026-10-05T12:04:45.6950257Z         "path": "generated/plugins/agdf/runtime/create-agdf/runtime/core/lib/control-evaluation/gate-policy.js",
2026-10-05T12:04:45.6951098Z         "size": 17824,
2026-10-05T12:04:45.6951515Z         "mode": 420
2026-10-05T12:04:45.6951900Z       },
2026-10-05T12:04:45.6952282Z       {
2026-10-05T12:04:45.6953405Z         "path": "generated/plugins/agdf/runtime/create-agdf/runtime/core/lib/control-evaluation/parent-reconciliation.js",
2026-10-05T12:04:45.6954380Z         "size": 10121,
2026-10-05T12:04:45.6954790Z         "mode": 420
2026-10-05T12:04:45.6955183Z       },
2026-10-05T12:04:45.6955556Z       {
2026-10-05T12:04:45.6956547Z         "path": "generated/plugins/agdf/runtime/create-agdf/runtime/core/lib/control-evaluation/prd-readiness.js",
2026-10-05T12:04:45.6957567Z         "size": 2268,
2026-10-05T12:04:45.6958071Z         "mode": 420
2026-10-05T12:04:45.6958514Z       },
2026-10-05T12:04:45.6958897Z       {
2026-10-05T12:04:45.6959883Z         "path": "generated/plugins/agdf/runtime/create-agdf/runtime/core/lib/control-evaluation/required-files.js",
2026-10-05T12:04:45.6961170Z         "size": 337,
2026-10-05T12:04:45.6961628Z         "mode": 420
2026-10-05T12:04:45.6962060Z       },
2026-10-05T12:04:45.6962459Z       {
2026-10-05T12:04:45.6963412Z         "path": "generated/plugins/agdf/runtime/create-agdf/runtime/core/lib/control-evaluation/run-state.js",
2026-10-05T12:04:45.6964435Z         "size": 11605,
2026-10-05T12:04:45.6964920Z         "mode": 420
2026-10-05T12:04:45.6965354Z       },
2026-10-05T12:04:45.6965757Z       {
2026-10-05T12:04:45.6966789Z         "path": "generated/plugins/agdf/runtime/create-agdf/runtime/core/lib/control-evaluation/run-step-policy.js",
2026-10-05T12:04:45.6967847Z         "size": 1382,
2026-10-05T12:04:45.6968289Z         "mode": 420
2026-10-05T12:04:45.6968715Z       },
2026-10-05T12:04:45.6969121Z       {
2026-10-05T12:04:45.6970098Z         "path": "generated/plugins/agdf/runtime/create-agdf/runtime/core/lib/control-evaluation/sd-readiness.js",
2026-10-05T12:04:45.6971387Z         "size": 2561,
2026-10-05T12:04:45.6971843Z         "mode": 420
2026-10-05T12:04:45.6972255Z       },
2026-10-05T12:04:45.6972641Z       {
2026-10-05T12:04:45.6973589Z         "path": "generated/plugins/agdf/runtime/create-agdf/runtime/core/lib/control-evaluation/shared.js",
2026-10-05T12:04:45.6974564Z         "size": 10972,
2026-10-05T12:04:45.6975047Z         "mode": 420
2026-10-05T12:04:45.6975471Z       },
2026-10-05T12:04:45.6975839Z       {
2026-10-05T12:04:45.6976751Z         "path": "generated/plugins/agdf/runtime/create-agdf/runtime/core/lib/control-evaluation/traceability-readiness.js",
2026-10-05T12:04:45.6977422Z         "size": 13831,
2026-10-05T12:04:45.6977786Z         "mode": 420
2026-10-05T12:04:45.6978134Z       },
2026-10-05T12:04:45.6978457Z       {
2026-10-05T12:04:45.6979080Z         "path": "generated/plugins/agdf/runtime/create-agdf/runtime/core/lib/control-evaluation/ur-readiness.js",
2026-10-05T12:04:45.6979919Z         "size": 2045,
2026-10-05T12:04:45.6980288Z         "mode": 420
2026-10-05T12:04:45.6980909Z       },
2026-10-05T12:04:45.6981301Z       {
2026-10-05T12:04:45.6982223Z         "path": "generated/plugins/agdf/runtime/create-agdf/runtime/core/lib/control-evaluation/verified-change.js",
2026-10-05T12:04:45.6982836Z         "size": 12119,
2026-10-05T12:04:45.6983200Z         "mode": 420
2026-10-05T12:04:45.6983559Z       },
2026-10-05T12:04:45.6983891Z       {
2026-10-05T12:04:45.6984475Z         "path": "generated/plugins/agdf/runtime/create-agdf/runtime/core/lib/control-inspect/contract.js",
2026-10-05T12:04:45.6985095Z         "size": 13500,
2026-10-05T12:04:45.6985450Z         "mode": 420
2026-10-05T12:04:45.6985789Z       },
2026-10-05T12:04:45.6986112Z       {
2026-10-05T12:04:45.6986708Z         "path": "generated/plugins/agdf/runtime/create-agdf/runtime/core/lib/control-inspect/selection.js",
2026-10-05T12:04:45.6987301Z         "size": 1788,
2026-10-05T12:04:45.6987643Z         "mode": 420
2026-10-05T12:04:45.6987985Z       },
2026-10-05T12:04:45.6988310Z       {
2026-10-05T12:04:45.6988902Z         "path": "generated/plugins/agdf/runtime/create-agdf/runtime/core/lib/control-inspect/service.js",
2026-10-05T12:04:45.6989513Z         "size": 12577,
2026-10-05T12:04:45.6989869Z         "mode": 420
2026-10-05T12:04:45.6990209Z       },
2026-10-05T12:04:45.6990540Z       {
2026-10-05T12:04:45.6991484Z         "path": "generated/plugins/agdf/runtime/create-agdf/runtime/core/lib/control-maintenance/compatibility.js",
2026-10-05T12:04:45.6992145Z         "size": 8412,
2026-10-05T12:04:45.6992505Z         "mode": 420
2026-10-05T12:04:45.6992849Z       },
2026-10-05T12:04:45.6993223Z       {
2026-10-05T12:04:45.6994141Z         "path": "generated/plugins/agdf/runtime/create-agdf/runtime/core/lib/control-maintenance/contract.js",
2026-10-05T12:04:45.6994731Z         "size": 2342,
2026-10-05T12:04:45.6995107Z         "mode": 420
2026-10-05T12:04:45.6995465Z       },
2026-10-05T12:04:45.6995787Z       {
2026-10-05T12:04:45.6996416Z         "path": "generated/plugins/agdf/runtime/create-agdf/runtime/core/lib/control-maintenance/interaction.js",
2026-10-05T12:04:45.6997058Z         "size": 3207,
2026-10-05T12:04:45.6997416Z         "mode": 420
2026-10-05T12:04:45.6997755Z       },
2026-10-05T12:04:45.6998083Z       {
2026-10-05T12:04:45.6998700Z         "path": "generated/plugins/agdf/runtime/create-agdf/runtime/core/lib/control-maintenance/migration.js",
2026-10-05T12:04:45.6999317Z         "size": 5383,
2026-10-05T12:04:45.6999721Z         "mode": 420
2026-10-05T12:04:45.7000068Z       },
2026-10-05T12:04:45.7000393Z       {
2026-10-05T12:04:45.7001200Z         "path": "generated/plugins/agdf/runtime/create-agdf/runtime/core/lib/control-maintenance/presentation.js",
2026-10-05T12:04:45.7001850Z         "size": 8246,
2026-10-05T12:04:45.7002209Z         "mode": 420
2026-10-05T12:04:45.7002557Z       },
2026-10-05T12:04:45.7002897Z       {
2026-10-05T12:04:45.7003505Z         "path": "generated/plugins/agdf/runtime/create-agdf/runtime/core/lib/control-maintenance/repair.js",
2026-10-05T12:04:45.7004123Z         "size": 13216,
2026-10-05T12:04:45.7004483Z         "mode": 420
2026-10-05T12:04:45.7004822Z       },
2026-10-05T12:04:45.7005143Z       {
2026-10-05T12:04:45.7005743Z         "path": "generated/plugins/agdf/runtime/create-agdf/runtime/core/lib/control-maintenance/service.js",
2026-10-05T12:04:45.7006367Z         "size": 2412,
2026-10-05T12:04:45.7006728Z         "mode": 420
2026-10-05T12:04:45.7007080Z       },
2026-10-05T12:04:45.7007400Z       {
2026-10-05T12:04:45.7007973Z         "path": "generated/plugins/agdf/runtime/create-agdf/runtime/core/lib/control-read-boundary.js",
2026-10-05T12:04:45.7008555Z         "size": 906,
2026-10-05T12:04:45.7008903Z         "mode": 420
2026-10-05T12:04:45.7009240Z       },
2026-10-05T12:04:45.7009555Z       {
2026-10-05T12:04:45.7010145Z         "path": "generated/plugins/agdf/runtime/create-agdf/runtime/core/lib/control-state/aggregate.js",
2026-10-05T12:04:45.7011400Z         "size": 503,
2026-10-05T12:04:45.7011849Z         "mode": 420
2026-10-05T12:04:45.7012292Z       },
2026-10-05T12:04:45.7012695Z       {
2026-10-05T12:04:45.7013770Z         "path": "generated/plugins/agdf/runtime/create-agdf/runtime/core/lib/control-state/approval-command-contract.js",
2026-10-05T12:04:45.7014868Z         "size": 3748,
2026-10-05T12:04:45.7015248Z         "mode": 420
2026-10-05T12:04:45.7015612Z       },
2026-10-05T12:04:45.7015998Z       {
2026-10-05T12:04:45.7016946Z         "path": "generated/plugins/agdf/runtime/create-agdf/runtime/core/lib/control-state/approval-command.js",
2026-10-05T12:04:45.7017898Z         "size": 8139,
2026-10-05T12:04:45.7018313Z         "mode": 420
2026-10-05T12:04:45.7018675Z       },
2026-10-05T12:04:45.7019000Z       {
2026-10-05T12:04:45.7019777Z         "path": "generated/plugins/agdf/runtime/create-agdf/runtime/core/lib/control-state/approval-operations.js",
2026-10-05T12:04:45.7021065Z         "size": 6088,
2026-10-05T12:04:45.7021516Z         "mode": 420
2026-10-05T12:04:45.7021937Z       },
2026-10-05T12:04:45.7022337Z       {
2026-10-05T12:04:45.7023377Z         "path": "generated/plugins/agdf/runtime/create-agdf/runtime/core/lib/control-state/artefact-binding-proof.js",
2026-10-05T12:04:45.7024232Z         "size": 4880,
2026-10-05T12:04:45.7024604Z         "mode": 420
2026-10-05T12:04:45.7024961Z       },
2026-10-05T12:04:45.7025294Z       {
2026-10-05T12:04:45.7026117Z         "path": "generated/plugins/agdf/runtime/create-agdf/runtime/core/lib/control-state/artefact-bindings.js",
2026-10-05T12:04:45.7026789Z         "size": 6925,
2026-10-05T12:04:45.7027159Z         "mode": 420
2026-10-05T12:04:45.7027516Z       },
2026-10-05T12:04:45.7027847Z       {
2026-10-05T12:04:45.7028446Z         "path": "generated/plugins/agdf/runtime/create-agdf/runtime/core/lib/control-state/contained-file.js",
2026-10-05T12:04:45.7029103Z         "size": 2204,
2026-10-05T12:04:45.7029479Z         "mode": 420
2026-10-05T12:04:45.7029819Z       },
2026-10-05T12:04:45.7030141Z       {
2026-10-05T12:04:45.7030966Z         "path": "generated/plugins/agdf/runtime/create-agdf/runtime/core/lib/control-state/control-configuration.js",
2026-10-05T12:04:45.7031636Z         "size": 1072,
2026-10-05T12:04:45.7031995Z         "mode": 420
2026-10-05T12:04:45.7032338Z       },
2026-10-05T12:04:45.7032673Z       {
2026-10-05T12:04:45.7033317Z         "path": "generated/plugins/agdf/runtime/create-agdf/runtime/core/lib/control-state/gate-approval-validator.js",
2026-10-05T12:04:45.7033962Z         "size": 1704,
2026-10-05T12:04:45.7034323Z         "mode": 420
2026-10-05T12:04:45.7034667Z       },
2026-10-05T12:04:45.7035008Z       {
2026-10-05T12:04:45.7035587Z         "path": "generated/plugins/agdf/runtime/create-agdf/runtime/core/lib/control-state/index.js",
2026-10-05T12:04:45.7036182Z         "size": 346,
2026-10-05T12:04:45.7036525Z         "mode": 420
2026-10-05T12:04:45.7036857Z       },
2026-10-05T12:04:45.7037182Z       {
2026-10-05T12:04:45.7037800Z         "path": "generated/plugins/agdf/runtime/create-agdf/runtime/core/lib/control-state/legacy-migration.js",
2026-10-05T12:04:45.7038437Z         "size": 3088,
2026-10-05T12:04:45.7038792Z         "mode": 420
2026-10-05T12:04:45.7039134Z       },
2026-10-05T12:04:45.7039466Z       {
2026-10-05T12:04:45.7040128Z         "path": "generated/plugins/agdf/runtime/create-agdf/runtime/core/lib/control-state/legacy-projection-reader.js",
2026-10-05T12:04:45.7040955Z         "size": 1984,
2026-10-05T12:04:45.7041313Z         "mode": 420
2026-10-05T12:04:45.7041658Z       },
2026-10-05T12:04:45.7041978Z       {
2026-10-05T12:04:45.7042611Z         "path": "generated/plugins/agdf/runtime/create-agdf/runtime/core/lib/control-state/run-artefact-recording.js",
2026-10-05T12:04:45.7043262Z         "size": 6620,
2026-10-05T12:04:45.7043619Z         "mode": 420
2026-10-05T12:04:45.7043962Z       },
2026-10-05T12:04:45.7044295Z       {
2026-10-05T12:04:45.7045012Z         "path": "generated/plugins/agdf/runtime/create-agdf/runtime/core/lib/control-state/run-identity.js",
2026-10-05T12:04:45.7045615Z         "size": 573,
2026-10-05T12:04:45.7045968Z         "mode": 420
2026-10-05T12:04:45.7046297Z       },
2026-10-05T12:04:45.7046618Z       {
2026-10-05T12:04:45.7047259Z         "path": "generated/plugins/agdf/runtime/create-agdf/runtime/core/lib/control-state/run-presentation-render.js",
2026-10-05T12:04:45.7047911Z         "size": 17579,
2026-10-05T12:04:45.7048268Z         "mode": 420
2026-10-05T12:04:45.7048608Z       },
2026-10-05T12:04:45.7048936Z       {
2026-10-05T12:04:45.7049795Z         "path": "generated/plugins/agdf/runtime/create-agdf/runtime/core/lib/control-state/run-presentation.js",
2026-10-05T12:04:45.7050828Z         "size": 6777,
2026-10-05T12:04:45.7051196Z         "mode": 420
2026-10-05T12:04:45.7051542Z       },
2026-10-05T12:04:45.7051871Z       {
2026-10-05T12:04:45.7052463Z         "path": "generated/plugins/agdf/runtime/create-agdf/runtime/core/lib/control-state/run-recording.js",
2026-10-05T12:04:45.7053093Z         "size": 10751,
2026-10-05T12:04:45.7053450Z         "mode": 420
2026-10-05T12:04:45.7053789Z       },
2026-10-05T12:04:45.7054119Z       {
2026-10-05T12:04:45.7054718Z         "path": "generated/plugins/agdf/runtime/create-agdf/runtime/core/lib/control-state/run-recovery.js",
2026-10-05T12:04:45.7055330Z         "size": 17891,
2026-10-05T12:04:45.7055693Z         "mode": 420
2026-10-05T12:04:45.7056043Z       },
2026-10-05T12:04:45.7056515Z       {
2026-10-05T12:04:45.7057196Z         "path": "generated/plugins/agdf/runtime/create-agdf/runtime/core/lib/control-state/run-relationship-correction.js",
2026-10-05T12:04:45.7057861Z         "size": 5721,
2026-10-05T12:04:45.7058220Z         "mode": 420
2026-10-05T12:04:45.7058562Z       },
2026-10-05T12:04:45.7058883Z       {
2026-10-05T12:04:45.7059533Z         "path": "generated/plugins/agdf/runtime/create-agdf/runtime/core/lib/control-state/run-revision-history.js",
2026-10-05T12:04:45.7060168Z         "size": 9598,
2026-10-05T12:04:45.7060521Z         "mode": 420
2026-10-05T12:04:45.7061150Z       },
2026-10-05T12:04:45.7061497Z       {
2026-10-05T12:04:45.7062110Z         "path": "generated/plugins/agdf/runtime/create-agdf/runtime/core/lib/control-state/run-revision.js",
2026-10-05T12:04:45.7062748Z         "size": 24412,
2026-10-05T12:04:45.7063115Z         "mode": 420
2026-10-05T12:04:45.7063465Z       },
2026-10-05T12:04:45.7063799Z       {
2026-10-05T12:04:45.7064372Z         "path": "generated/plugins/agdf/runtime/create-agdf/runtime/core/lib/control-state/run-seal.js",
2026-10-05T12:04:45.7064975Z         "size": 7838,
2026-10-05T12:04:45.7065329Z         "mode": 420
2026-10-05T12:04:45.7065660Z       },
2026-10-05T12:04:45.7065987Z       {
2026-10-05T12:04:45.7066612Z         "path": "generated/plugins/agdf/runtime/create-agdf/runtime/core/lib/control-state/run-source-revisions.js",
2026-10-05T12:04:45.7067264Z         "size": 9961,
2026-10-05T12:04:45.7067627Z         "mode": 420
2026-10-05T12:04:45.7067970Z       },
2026-10-05T12:04:45.7068331Z       {
2026-10-05T12:04:45.7069288Z         "path": "generated/plugins/agdf/runtime/create-agdf/runtime/core/lib/control-state/run-state-edits.js",
2026-10-05T12:04:45.7070051Z         "size": 6233,
2026-10-05T12:04:45.7070419Z         "mode": 420
2026-10-05T12:04:45.7070981Z       },
2026-10-05T12:04:45.7071321Z       {
2026-10-05T12:04:45.7071951Z         "path": "generated/plugins/agdf/runtime/create-agdf/runtime/core/lib/control-state/run-state-parser.js",
2026-10-05T12:04:45.7072579Z         "size": 12277,
2026-10-05T12:04:45.7072940Z         "mode": 420
2026-10-05T12:04:45.7073278Z       },
2026-10-05T12:04:45.7073607Z       {
2026-10-05T12:04:45.7074218Z         "path": "generated/plugins/agdf/runtime/create-agdf/runtime/core/lib/control-state/run-state-reader.js",
2026-10-05T12:04:45.7074854Z         "size": 1875,
2026-10-05T12:04:45.7075206Z         "mode": 420
2026-10-05T12:04:45.7075553Z       },
2026-10-05T12:04:45.7076058Z       {
2026-10-05T12:04:45.7076680Z         "path": "generated/plugins/agdf/runtime/create-agdf/runtime/core/lib/control-state/run-state-repository.js",
2026-10-05T12:04:45.7077328Z         "size": 6390,
2026-10-05T12:04:45.7077672Z         "mode": 420
2026-10-05T12:04:45.7078010Z       },
2026-10-05T12:04:45.7078331Z       {
2026-10-05T12:04:45.7078953Z         "path": "generated/plugins/agdf/runtime/create-agdf/runtime/core/lib/control-state/run-state-resolver.js",
2026-10-05T12:04:45.7079576Z         "size": 1371,
2026-10-05T12:04:45.7079930Z         "mode": 420
2026-10-05T12:04:45.7080280Z       },
2026-10-05T12:04:45.7080833Z       {
2026-10-05T12:04:45.7081445Z         "path": "generated/plugins/agdf/runtime/create-agdf/runtime/core/lib/control-state/run-state-writer.js",
2026-10-05T12:04:45.7082075Z         "size": 16219,
2026-10-05T12:04:45.7082427Z         "mode": 420
2026-10-05T12:04:45.7082768Z       },
2026-10-05T12:04:45.7083086Z       {
2026-10-05T12:04:45.7083682Z         "path": "generated/plugins/agdf/runtime/create-agdf/runtime/core/lib/control-state/run-step-pending.js",
2026-10-05T12:04:45.7084314Z         "size": 620,
2026-10-05T12:04:45.7084667Z         "mode": 420
2026-10-05T12:04:45.7084996Z       },
2026-10-05T12:04:45.7085316Z       {
2026-10-05T12:04:45.7085931Z         "path": "generated/plugins/agdf/runtime/create-agdf/runtime/core/lib/control-state/run-step-transaction.js",
2026-10-05T12:04:45.7086569Z         "size": 15958,
2026-10-05T12:04:45.7086919Z         "mode": 420
2026-10-05T12:04:45.7087386Z       },
2026-10-05T12:04:45.7087715Z       {
2026-10-05T12:04:45.7088298Z         "path": "generated/plugins/agdf/runtime/create-agdf/runtime/core/lib/control-state/run-steps.js",
2026-10-05T12:04:45.7088904Z         "size": 15588,
2026-10-05T12:04:45.7089268Z         "mode": 420
2026-10-05T12:04:45.7089602Z       },
2026-10-05T12:04:45.7089923Z       {
2026-10-05T12:04:45.7090551Z         "path": "generated/plugins/agdf/runtime/create-agdf/runtime/core/lib/control-state/run-store-inspection.js",
2026-10-05T12:04:45.7091405Z         "size": 2164,
2026-10-05T12:04:45.7091743Z         "mode": 420
2026-10-05T12:04:45.7092078Z       },
2026-10-05T12:04:45.7092408Z       {
2026-10-05T12:04:45.7093023Z         "path": "generated/plugins/agdf/runtime/create-agdf/runtime/core/lib/delivery-continuation/service.js",
2026-10-05T12:04:45.7093639Z         "size": 3947,
2026-10-05T12:04:45.7093992Z         "mode": 420
2026-10-05T12:04:45.7094333Z       },
2026-10-05T12:04:45.7094656Z       {
2026-10-05T12:04:45.7095308Z         "path": "generated/plugins/agdf/runtime/create-agdf/runtime/core/lib/delivery-path-search/candidate-policy.js",
2026-10-05T12:04:45.7095965Z         "size": 3919,
2026-10-05T12:04:45.7096317Z         "mode": 420
2026-10-05T12:04:45.7096663Z       },
2026-10-05T12:04:45.7096980Z       {
2026-10-05T12:04:45.7097588Z         "path": "generated/plugins/agdf/runtime/create-agdf/runtime/core/lib/delivery-path-search/contracts.js",
2026-10-05T12:04:45.7098235Z         "size": 15955,
2026-10-05T12:04:45.7098597Z         "mode": 420
2026-10-05T12:04:45.7098939Z       },
2026-10-05T12:04:45.7099263Z       {
2026-10-05T12:04:45.7099921Z         "path": "generated/plugins/agdf/runtime/create-agdf/runtime/core/lib/delivery-path-search/persistence.js",
2026-10-05T12:04:45.7100553Z         "size": 2521,
2026-10-05T12:04:45.7101134Z         "mode": 420
2026-10-05T12:04:45.7101483Z       },
2026-10-05T12:04:45.7101804Z       {
2026-10-05T12:04:45.7102405Z         "path": "generated/plugins/agdf/runtime/create-agdf/runtime/core/lib/delivery-path-search/scoring.js",
2026-10-05T12:04:45.7103014Z         "size": 824,
2026-10-05T12:04:45.7103359Z         "mode": 420
2026-10-05T12:04:45.7103700Z       },
2026-10-05T12:04:45.7104033Z       {
2026-10-05T12:04:45.7104655Z         "path": "generated/plugins/agdf/runtime/create-agdf/runtime/core/lib/delivery-path-search/search-engine.js",
2026-10-05T12:04:45.7105294Z         "size": 11244,
2026-10-05T12:04:45.7105678Z         "mode": 420
2026-10-05T12:04:45.7106137Z       },
2026-10-05T12:04:45.7106457Z       {
2026-10-05T12:04:45.7107082Z         "path": "generated/plugins/agdf/runtime/create-agdf/runtime/core/lib/delivery-path-search/state-adapter.js",
2026-10-05T12:04:45.7107719Z         "size": 4596,
2026-10-05T12:04:45.7108077Z         "mode": 420
2026-10-05T12:04:45.7108422Z       },
2026-10-05T12:04:45.7108759Z       {
2026-10-05T12:04:45.7109270Z         "path": "generated/plugins/agdf/runtime/create-agdf/runtime/core/lib/fs-swap.js",
2026-10-05T12:04:45.7109810Z         "size": 916,
2026-10-05T12:04:45.7110172Z         "mode": 420
2026-10-05T12:04:45.7110518Z       },
2026-10-05T12:04:45.7111067Z       {
2026-10-05T12:04:45.7111573Z         "path": "generated/plugins/agdf/runtime/create-agdf/runtime/core/lib/index.js",
2026-10-05T12:04:45.7112113Z         "size": 954,
2026-10-05T12:04:45.7112468Z         "mode": 420
2026-10-05T12:04:45.7112818Z       },
2026-10-05T12:04:45.7113167Z       {
2026-10-05T12:04:45.7113792Z         "path": "generated/plugins/agdf/runtime/create-agdf/runtime/core/lib/interaction-catalog-validation.js",
2026-10-05T12:04:45.7114431Z         "size": 1453,
2026-10-05T12:04:45.7114803Z         "mode": 420
2026-10-05T12:04:45.7115150Z       },
2026-10-05T12:04:45.7115484Z       {
2026-10-05T12:04:45.7116056Z         "path": "generated/plugins/agdf/runtime/create-agdf/runtime/core/lib/interaction-catalog.js",
2026-10-05T12:04:45.7116660Z         "size": 3628,
2026-10-05T12:04:45.7117014Z         "mode": 420
2026-10-05T12:04:45.7117360Z       },
2026-10-05T12:04:45.7117816Z       {
2026-10-05T12:04:45.7118421Z         "path": "generated/plugins/agdf/runtime/create-agdf/runtime/core/lib/interaction-presentation.js",
2026-10-05T12:04:45.7119050Z         "size": 65120,
2026-10-05T12:04:45.7119416Z         "mode": 420
2026-10-05T12:04:45.7119760Z       },
2026-10-05T12:04:45.7120078Z       {
2026-10-05T12:04:45.7120904Z         "path": "generated/plugins/agdf/runtime/create-agdf/runtime/core/lib/repository-context-reader.js",
2026-10-05T12:04:45.7121523Z         "size": 3135,
2026-10-05T12:04:45.7121886Z         "mode": 420
2026-10-05T12:04:45.7122234Z       },
2026-10-05T12:04:45.7122565Z       {
2026-10-05T12:04:45.7123126Z         "path": "generated/plugins/agdf/runtime/create-agdf/runtime/core/lib/resources/binding.js",
2026-10-05T12:04:45.7123720Z         "size": 303,
2026-10-05T12:04:45.7124073Z         "mode": 420
2026-10-05T12:04:45.7124414Z       },
2026-10-05T12:04:45.7124738Z       {
2026-10-05T12:04:45.7125291Z         "path": "generated/plugins/agdf/runtime/create-agdf/runtime/core/lib/resources/context.js",
2026-10-05T12:04:45.7125865Z         "size": 3469,
2026-10-05T12:04:45.7126228Z         "mode": 420
2026-10-05T12:04:45.7126570Z       },
2026-10-05T12:04:45.7126895Z       {
2026-10-05T12:04:45.7127456Z         "path": "generated/plugins/agdf/runtime/create-agdf/runtime/core/lib/resources/contracts.js",
2026-10-05T12:04:45.7128042Z         "size": 1513,
2026-10-05T12:04:45.7128396Z         "mode": 420
2026-10-05T12:04:45.7128737Z       },
2026-10-05T12:04:45.7129066Z       {
2026-10-05T12:04:45.7129709Z         "path": "generated/plugins/agdf/runtime/create-agdf/runtime/core/lib/runtime/distribution-profile-history.js",
2026-10-05T12:04:45.7130366Z         "size": 6077,
2026-10-05T12:04:45.7130952Z         "mode": 420
2026-10-05T12:04:45.7131303Z       },
2026-10-05T12:04:45.7131635Z       {
2026-10-05T12:04:45.7132225Z         "path": "generated/plugins/agdf/runtime/create-agdf/runtime/core/lib/runtime/plugin-provenance.js",
2026-10-05T12:04:45.7132847Z         "size": 20490,
2026-10-05T12:04:45.7133206Z         "mode": 420
2026-10-05T12:04:45.7133548Z       },
2026-10-05T12:04:45.7133875Z       {
2026-10-05T12:04:45.7134454Z         "path": "generated/plugins/agdf/runtime/create-agdf/runtime/core/lib/skill-dispatch/binding.js",
2026-10-05T12:04:45.7135045Z         "size": 3647,
2026-10-05T12:04:45.7135403Z         "mode": 420
2026-10-05T12:04:45.7135742Z       },
2026-10-05T12:04:45.7136057Z       {
2026-10-05T12:04:45.7136834Z         "path": "generated/plugins/agdf/runtime/create-agdf/runtime/core/lib/skill-dispatch/contract.js",
2026-10-05T12:04:45.7137447Z         "size": 27887,
2026-10-05T12:04:45.7137804Z         "mode": 420
2026-10-05T12:04:45.7138144Z       },
2026-10-05T12:04:45.7138481Z       {
2026-10-05T12:04:45.7139093Z         "path": "generated/plugins/agdf/runtime/create-agdf/runtime/core/lib/skill-dispatch/delivery-intake.js",
2026-10-05T12:04:45.7139720Z         "size": 4635,
2026-10-05T12:04:45.7140068Z         "mode": 420
2026-10-05T12:04:45.7140409Z       },
2026-10-05T12:04:45.7140917Z       {
2026-10-05T12:04:45.7141765Z         "path": "generated/plugins/agdf/runtime/create-agdf/runtime/core/lib/skill-dispatch/delivery-run-assignment.js",
2026-10-05T12:04:45.7142856Z         "size": 4578,
2026-10-05T12:04:45.7143325Z         "mode": 420
2026-10-05T12:04:45.7143663Z       },
2026-10-05T12:04:45.7143982Z       {
2026-10-05T12:04:45.7144611Z         "path": "generated/plugins/agdf/runtime/create-agdf/runtime/core/lib/skill-dispatch/prd-definition.js",
2026-10-05T12:04:45.7145261Z         "size": 2845,
2026-10-05T12:04:45.7145617Z         "mode": 420
2026-10-05T12:04:45.7145952Z       },
2026-10-05T12:04:45.7146274Z       {
2026-10-05T12:04:45.7146879Z         "path": "generated/plugins/agdf/runtime/create-agdf/runtime/core/lib/skill-dispatch/sd-definition.js",
2026-10-05T12:04:45.7147496Z         "size": 2900,
2026-10-05T12:04:45.7147859Z         "mode": 420
2026-10-05T12:04:45.7148205Z       },
2026-10-05T12:04:45.7148707Z       {
2026-10-05T12:04:45.7149302Z         "path": "generated/plugins/agdf/runtime/create-agdf/runtime/core/lib/skill-dispatch/service.js",
2026-10-05T12:04:45.7149893Z         "size": 40882,
2026-10-05T12:04:45.7150249Z         "mode": 420
2026-10-05T12:04:45.7150816Z       },
2026-10-05T12:04:45.7151173Z       {
2026-10-05T12:04:45.7151772Z         "path": "generated/plugins/agdf/runtime/create-agdf/runtime/core/lib/task-target-resolution.js",
2026-10-05T12:04:45.7152397Z         "size": 8096,
2026-10-05T12:04:45.7152759Z         "mode": 420
2026-10-05T12:04:45.7153111Z       },
2026-10-05T12:04:45.7153438Z       {
2026-10-05T12:04:45.7153900Z         "path": "generated/plugins/agdf/runtime/runtime-manifest.json",
2026-10-05T12:04:45.7154404Z         "size": 236,
2026-10-05T12:04:45.7154760Z         "mode": 420
2026-10-05T12:04:45.7155104Z       },
2026-10-05T12:04:45.7155430Z       {
2026-10-05T12:04:45.7155911Z         "path": "generated/plugins/agdf/scripts/agent-skills-conformance.mjs",
2026-10-05T12:04:45.7156418Z         "size": 24427,
2026-10-05T12:04:45.7156767Z         "mode": 420
2026-10-05T12:04:45.7157109Z       },
2026-10-05T12:04:45.7157426Z       {
2026-10-05T12:04:45.7157895Z         "path": "generated/plugins/agdf/scripts/check-runtime-integrity.mjs",
2026-10-05T12:04:45.7158403Z         "size": 130053,
2026-10-05T12:04:45.7158748Z         "mode": 420
2026-10-05T12:04:45.7159083Z       },
2026-10-05T12:04:45.7159417Z       {
2026-10-05T12:04:45.7159883Z         "path": "generated/plugins/agdf/scripts/instruction-footprint.mjs",
2026-10-05T12:04:45.7160370Z         "size": 41754,
2026-10-05T12:04:45.7160886Z         "mode": 420
2026-10-05T12:04:45.7161232Z       },
2026-10-05T12:04:45.7161559Z       {
2026-10-05T12:04:45.7162044Z         "path": "generated/plugins/agdf/skills/brownfield-analysis/help.md",
2026-10-05T12:04:45.7162569Z         "size": 497,
2026-10-05T12:04:45.7162929Z         "mode": 420
2026-10-05T12:04:45.7163276Z       },
2026-10-05T12:04:45.7163613Z       {
2026-10-05T12:04:45.7164089Z         "path": "generated/plugins/agdf/skills/brownfield-analysis/SKILL.md",
2026-10-05T12:04:45.7164604Z         "size": 15519,
2026-10-05T12:04:45.7164952Z         "mode": 420
2026-10-05T12:04:45.7165292Z       },
2026-10-05T12:04:45.7165615Z       {
2026-10-05T12:04:45.7166120Z         "path": "generated/plugins/agdf/skills/clean-implementation-review/help.md",
2026-10-05T12:04:45.7166654Z         "size": 520,
2026-10-05T12:04:45.7167008Z         "mode": 420
2026-10-05T12:04:45.7167512Z       },
2026-10-05T12:04:45.7167838Z       {
2026-10-05T12:04:45.7168350Z         "path": "generated/plugins/agdf/skills/clean-implementation-review/SKILL.md",
2026-10-05T12:04:45.7168891Z         "size": 7536,
2026-10-05T12:04:45.7169257Z         "mode": 420
2026-10-05T12:04:45.7169597Z       },
2026-10-05T12:04:45.7169924Z       {
2026-10-05T12:04:45.7170358Z         "path": "generated/plugins/agdf/skills/code-review/help.md",
2026-10-05T12:04:45.7170970Z         "size": 407,
2026-10-05T12:04:45.7171337Z         "mode": 420
2026-10-05T12:04:45.7171677Z       },
2026-10-05T12:04:45.7172004Z       {
2026-10-05T12:04:45.7172440Z         "path": "generated/plugins/agdf/skills/code-review/SKILL.md",
2026-10-05T12:04:45.7172910Z         "size": 7635,
2026-10-05T12:04:45.7173264Z         "mode": 420
2026-10-05T12:04:45.7173591Z       },
2026-10-05T12:04:45.7173912Z       {
2026-10-05T12:04:45.7174373Z         "path": "generated/plugins/agdf/skills/delivery-closeout/help.md",
2026-10-05T12:04:45.7174865Z         "size": 416,
2026-10-05T12:04:45.7175205Z         "mode": 420
2026-10-05T12:04:45.7175539Z       },
2026-10-05T12:04:45.7175867Z       {
2026-10-05T12:04:45.7176334Z         "path": "generated/plugins/agdf/skills/delivery-closeout/SKILL.md",
2026-10-05T12:04:45.7176827Z         "size": 7197,
2026-10-05T12:04:45.7177187Z         "mode": 420
2026-10-05T12:04:45.7177529Z       },
2026-10-05T12:04:45.7177851Z       {
2026-10-05T12:04:45.7178457Z         "path": "generated/plugins/agdf/skills/delivery-path-search/help.md",
2026-10-05T12:04:45.7178973Z         "size": 555,
2026-10-05T12:04:45.7179323Z         "mode": 420
2026-10-05T12:04:45.7179663Z       },
2026-10-05T12:04:45.7180000Z       {
2026-10-05T12:04:45.7180469Z         "path": "generated/plugins/agdf/skills/delivery-path-search/SKILL.md",
2026-10-05T12:04:45.7181293Z         "size": 8035,
2026-10-05T12:04:45.7181663Z         "mode": 420
2026-10-05T12:04:45.7182014Z       },
2026-10-05T12:04:45.7182344Z       {
2026-10-05T12:04:45.7182797Z         "path": "generated/plugins/agdf/skills/gate-check/help.md",
2026-10-05T12:04:45.7183272Z         "size": 430,
2026-10-05T12:04:45.7183626Z         "mode": 420
2026-10-05T12:04:45.7183959Z       },
2026-10-05T12:04:45.7184295Z       {
2026-10-05T12:04:45.7184735Z         "path": "generated/plugins/agdf/skills/gate-check/SKILL.md",
2026-10-05T12:04:45.7185217Z         "size": 5536,
2026-10-05T12:04:45.7185585Z         "mode": 420
2026-10-05T12:04:45.7185957Z       },
2026-10-05T12:04:45.7186313Z       {
2026-10-05T12:04:45.7186738Z         "path": "generated/plugins/agdf/skills/prd-definition/help.md",
2026-10-05T12:04:45.7187223Z         "size": 551,
2026-10-05T12:04:45.7187579Z         "mode": 420
2026-10-05T12:04:45.7187911Z       },
2026-10-05T12:04:45.7188231Z       {
2026-10-05T12:04:45.7188682Z         "path": "generated/plugins/agdf/skills/prd-definition/SKILL.md",
2026-10-05T12:04:45.7189172Z         "size": 3842,
2026-10-05T12:04:45.7189533Z         "mode": 420
2026-10-05T12:04:45.7189868Z       },
2026-10-05T12:04:45.7190187Z       {
2026-10-05T12:04:45.7190762Z         "path": "generated/plugins/agdf/skills/qa-gate/help.md",
2026-10-05T12:04:45.7191230Z         "size": 385,
2026-10-05T12:04:45.7191577Z         "mode": 420
2026-10-05T12:04:45.7191917Z       },
2026-10-05T12:04:45.7192234Z       {
2026-10-05T12:04:45.7192661Z         "path": "generated/plugins/agdf/skills/qa-gate/SKILL.md",
2026-10-05T12:04:45.7193127Z         "size": 10640,
2026-10-05T12:04:45.7193490Z         "mode": 420
2026-10-05T12:04:45.7193834Z       },
2026-10-05T12:04:45.7194162Z       {
2026-10-05T12:04:45.7194598Z         "path": "generated/plugins/agdf/skills/release-or/help.md",
2026-10-05T12:04:45.7195111Z         "size": 447,
2026-10-05T12:04:45.7195464Z         "mode": 420
2026-10-05T12:04:45.7195810Z       },
2026-10-05T12:04:45.7196123Z       {
2026-10-05T12:04:45.7196563Z         "path": "generated/plugins/agdf/skills/release-or/SKILL.md",
2026-10-05T12:04:45.7197051Z         "size": 10049,
2026-10-05T12:04:45.7197578Z         "mode": 420
2026-10-05T12:04:45.7197925Z       },
2026-10-05T12:04:45.7198247Z       {
2026-10-05T12:04:45.7198703Z         "path": "generated/plugins/agdf/skills/sd-definition/help.md",
2026-10-05T12:04:45.7199186Z         "size": 531,
2026-10-05T12:04:45.7199549Z         "mode": 420
2026-10-05T12:04:45.7199936Z       },
2026-10-05T12:04:45.7200261Z       {
2026-10-05T12:04:45.7200860Z         "path": "generated/plugins/agdf/skills/sd-definition/SKILL.md",
2026-10-05T12:04:45.7201351Z         "size": 3747,
2026-10-05T12:04:45.7201710Z         "mode": 420
2026-10-05T12:04:45.7202050Z       },
2026-10-05T12:04:45.7202377Z       {
2026-10-05T12:04:45.7202841Z         "path": "generated/plugins/agdf/skills/task-plan-review/help.md",
2026-10-05T12:04:45.7203329Z         "size": 457,
2026-10-05T12:04:45.7203677Z         "mode": 420
2026-10-05T12:04:45.7204021Z       },
2026-10-05T12:04:45.7204448Z       {
2026-10-05T12:04:45.7205095Z         "path": "generated/plugins/agdf/skills/task-plan-review/SKILL.md",
2026-10-05T12:04:45.7215204Z         "size": 8292,
2026-10-05T12:04:45.7215597Z         "mode": 420
2026-10-05T12:04:45.7215947Z       },
2026-10-05T12:04:45.7216278Z       {
2026-10-05T12:04:45.7216758Z         "path": "generated/plugins/agdf/skills/ur-definition/help.md",
2026-10-05T12:04:45.7217270Z         "size": 524,
2026-10-05T12:04:45.7217627Z         "mode": 420
2026-10-05T12:04:45.7217991Z       },
2026-10-05T12:04:45.7218320Z       {
2026-10-05T12:04:45.7218972Z         "path": "generated/plugins/agdf/skills/ur-definition/SKILL.md",
2026-10-05T12:04:45.7219580Z         "size": 3720,
2026-10-05T12:04:45.7219937Z         "mode": 420
2026-10-05T12:04:45.7220282Z       },
2026-10-05T12:04:45.7220898Z       {
2026-10-05T12:04:45.7221461Z         "path": "generated/plugins/agdf/skills/ux-intent-definition/help.md",
2026-10-05T12:04:45.7221961Z         "size": 540,
2026-10-05T12:04:45.7222309Z         "mode": 420
2026-10-05T12:04:45.7222656Z       },
2026-10-05T12:04:45.7222980Z       {
2026-10-05T12:04:45.7223471Z         "path": "generated/plugins/agdf/skills/ux-intent-definition/SKILL.md",
2026-10-05T12:04:45.7223993Z         "size": 7311,
2026-10-05T12:04:45.7224350Z         "mode": 420
2026-10-05T12:04:45.7224691Z       },
2026-10-05T12:04:45.7225012Z       {
2026-10-05T12:04:45.7225489Z         "path": "generated/plugins/agdf/submission/openai/availability.md",
2026-10-05T12:04:45.7225998Z         "size": 763,
2026-10-05T12:04:45.7226348Z         "mode": 420
2026-10-05T12:04:45.7226690Z       },
2026-10-05T12:04:45.7227022Z       {
2026-10-05T12:04:45.7227530Z         "path": "generated/plugins/agdf/submission/openai/capability-matrix.json",
2026-10-05T12:04:45.7228053Z         "size": 2107,
2026-10-05T12:04:45.7228407Z         "mode": 420
2026-10-05T12:04:45.7228745Z       },
2026-10-05T12:04:45.7229074Z       {
2026-10-05T12:04:45.7229550Z         "path": "generated/plugins/agdf/submission/openai/release-notes.md",
2026-10-05T12:04:45.7230046Z         "size": 2461,
2026-10-05T12:04:45.7230404Z         "mode": 420
2026-10-05T12:04:45.7230901Z       },
2026-10-05T12:04:45.7231243Z       {
2026-10-05T12:04:45.7231951Z         "path": "generated/plugins/agdf/submission/openai/reviewer-cases.json",
2026-10-05T12:04:45.7232510Z         "size": 6324,
2026-10-05T12:04:45.7232766Z         "mode": 420
2026-10-05T12:04:45.7233042Z       },
2026-10-05T12:04:45.7233371Z       {
2026-10-05T12:04:45.7234077Z         "path": "generated/plugins/copilot/agdf/.agdf-payload-inventory.json",
2026-10-05T12:04:45.7234829Z         "size": 83835,
2026-10-05T12:04:45.7235264Z         "mode": 420
2026-10-05T12:04:45.7235687Z       },
2026-10-05T12:04:45.7235862Z       {
2026-10-05T12:04:45.7236278Z         "path": "generated/plugins/copilot/agdf/com.github.copilot/hooks/hooks.json",
2026-10-05T12:04:45.7236440Z         "size": 273,
2026-10-05T12:04:45.7236603Z         "mode": 420
2026-10-05T12:04:45.7236757Z       },
2026-10-05T12:04:45.7236916Z       {
2026-10-05T12:04:45.7237156Z         "path": "generated/plugins/copilot/agdf/LICENSE",
2026-10-05T12:04:45.7237490Z         "size": 11357,
2026-10-05T12:04:45.7237655Z         "mode": 420
2026-10-05T12:04:45.7237811Z       },
2026-10-05T12:04:45.7237963Z       {
2026-10-05T12:04:45.7238200Z         "path": "generated/plugins/copilot/agdf/mcp.json",
2026-10-05T12:04:45.7238369Z         "size": 322,
2026-10-05T12:04:45.7238537Z         "mode": 420
2026-10-05T12:04:45.7238689Z       },
2026-10-05T12:04:45.7238842Z       {
2026-10-05T12:04:45.7239139Z         "path": "generated/plugins/copilot/agdf/mcp/agdf-mcp-launch.js",
2026-10-05T12:04:45.7239302Z         "size": 314,
2026-10-05T12:04:45.7239461Z         "mode": 420
2026-10-05T12:04:45.7239621Z       },
2026-10-05T12:04:45.7239773Z       {
2026-10-05T12:04:45.7240084Z         "path": "generated/plugins/copilot/agdf/mcp/sdk/expected-sdk.json",
2026-10-05T12:04:45.7240247Z         "size": 709,
2026-10-05T12:04:45.7240407Z         "mode": 420
2026-10-05T12:04:45.7240843Z       },
2026-10-05T12:04:45.7241013Z       {
2026-10-05T12:04:45.7241361Z         "path": "generated/plugins/copilot/agdf/mcp/sdk/package-lock.json",
2026-10-05T12:04:45.7241523Z         "size": 1485,
2026-10-05T12:04:45.7241686Z         "mode": 420
2026-10-05T12:04:45.7241842Z       },
2026-10-05T12:04:45.7241989Z       {
2026-10-05T12:04:45.7242276Z         "path": "generated/plugins/copilot/agdf/mcp/sdk/package.json",
2026-10-05T12:04:45.7242449Z         "size": 124,
2026-10-05T12:04:45.7242607Z         "mode": 420
2026-10-05T12:04:45.7242754Z       },
2026-10-05T12:04:45.7243054Z       {
2026-10-05T12:04:45.7243367Z         "path": "generated/plugins/copilot/agdf/mcp/server/bin/agdf-mcp.js",
2026-10-05T12:04:45.7243527Z         "size": 659,
2026-10-05T12:04:45.7243694Z         "mode": 493
2026-10-05T12:04:45.7243855Z       },
2026-10-05T12:04:45.7244009Z       {
2026-10-05T12:04:45.7244274Z         "path": "generated/plugins/copilot/agdf/mcp/server/NOTICE",
2026-10-05T12:04:45.7244432Z         "size": 521,
2026-10-05T12:04:45.7244592Z         "mode": 420
2026-10-05T12:04:45.7244751Z       },
2026-10-05T12:04:45.7244907Z       {
2026-10-05T12:04:45.7245199Z         "path": "generated/plugins/copilot/agdf/mcp/server/package.json",
2026-10-05T12:04:45.7245360Z         "size": 1747,
2026-10-05T12:04:45.7245519Z         "mode": 420
2026-10-05T12:04:45.7245675Z       },
2026-10-05T12:04:45.7245825Z       {
2026-10-05T12:04:45.7246106Z         "path": "generated/plugins/copilot/agdf/mcp/server/README.md",
2026-10-05T12:04:45.7246269Z         "size": 2391,
2026-10-05T12:04:45.7246437Z         "mode": 420
2026-10-05T12:04:45.7246591Z       },
2026-10-05T12:04:45.7246746Z       {
2026-10-05T12:04:45.7247029Z         "path": "generated/plugins/copilot/agdf/mcp/server/src/main.js",
2026-10-05T12:04:45.7247190Z         "size": 1210,
2026-10-05T12:04:45.7247354Z         "mode": 420
2026-10-05T12:04:45.7247513Z       },
2026-10-05T12:04:45.7247670Z       {
2026-10-05T12:04:45.7247952Z         "path": "generated/plugins/copilot/agdf/mcp/server/src/server.js",
2026-10-05T12:04:45.7248113Z         "size": 3144,
2026-10-05T12:04:45.7248273Z         "mode": 420
2026-10-05T12:04:45.7248424Z       },
2026-10-05T12:04:45.7248580Z       {
2026-10-05T12:04:45.7248891Z         "path": "generated/plugins/copilot/agdf/mcp/server/src/worker-entry.js",
2026-10-05T12:04:45.7249052Z         "size": 964,
2026-10-05T12:04:45.7249205Z         "mode": 420
2026-10-05T12:04:45.7249357Z       },
2026-10-05T12:04:45.7249513Z       {
2026-10-05T12:04:45.7249798Z         "path": "generated/plugins/copilot/agdf/mcp/server/src/worker.js",
2026-10-05T12:04:45.7249961Z         "size": 2610,
2026-10-05T12:04:45.7250123Z         "mode": 420
2026-10-05T12:04:45.7250274Z       },
2026-10-05T12:04:45.7250430Z       {
2026-10-05T12:04:45.7250969Z         "path": "generated/plugins/copilot/agdf/meta/agdf-agent-router.md",
2026-10-05T12:04:45.7251167Z         "size": 12317,
2026-10-05T12:04:45.7251339Z         "mode": 420
2026-10-05T12:04:45.7251495Z       },
2026-10-05T12:04:45.7251649Z       {
2026-10-05T12:04:45.7252092Z         "path": "generated/plugins/copilot/agdf/meta/agdf-constitution.md",
2026-10-05T12:04:45.7252254Z         "size": 8709,
2026-10-05T12:04:45.7252411Z         "mode": 420
2026-10-05T12:04:45.7252565Z       },
2026-10-05T12:04:45.7252721Z       {
2026-10-05T12:04:45.7253054Z         "path": "generated/plugins/copilot/agdf/meta/agdf-plugin.definition.json",
2026-10-05T12:04:45.7253221Z         "size": 18450,
2026-10-05T12:04:45.7253377Z         "mode": 420
2026-10-05T12:04:45.7253536Z       },
2026-10-05T12:04:45.7253690Z       {
2026-10-05T12:04:45.7253998Z         "path": "generated/plugins/copilot/agdf/meta/agdf-runtime-contract.md",
2026-10-05T12:04:45.7254160Z         "size": 1977,
2026-10-05T12:04:45.7254315Z         "mode": 420
2026-10-05T12:04:45.7254464Z       },
2026-10-05T12:04:45.7254620Z       {
2026-10-05T12:04:45.7254980Z         "path": "generated/plugins/copilot/agdf/meta/distribution-profile-history.json",
2026-10-05T12:04:45.7255138Z         "size": 4398,
2026-10-05T12:04:45.7255294Z         "mode": 420
2026-10-05T12:04:45.7255449Z       },
2026-10-05T12:04:45.7255606Z       {
2026-10-05T12:04:45.7255853Z         "path": "generated/plugins/copilot/agdf/plugin.json",
2026-10-05T12:04:45.7256020Z         "size": 526,
2026-10-05T12:04:45.7256178Z         "mode": 420
2026-10-05T12:04:45.7256326Z       },
2026-10-05T12:04:45.7256481Z       {
2026-10-05T12:04:45.7256766Z         "path": "generated/plugins/copilot/agdf/runtime/agdf-local.js",
2026-10-05T12:04:45.7256927Z         "size": 843,
2026-10-05T12:04:45.7257194Z         "mode": 420
2026-10-05T12:04:45.7257354Z       },
2026-10-05T12:04:45.7257505Z       {
2026-10-05T12:04:45.7257804Z         "path": "generated/plugins/copilot/agdf/runtime/agdf-session-check.js",
2026-10-05T12:04:45.7257965Z         "size": 9303,
2026-10-05T12:04:45.7258124Z         "mode": 420
2026-10-05T12:04:45.7258273Z       },
2026-10-05T12:04:45.7258424Z       {
2026-10-05T12:04:45.7258784Z         "path": "generated/plugins/copilot/agdf/runtime/create-agdf/bin/agdf-validator.js",
2026-10-05T12:04:45.7258954Z         "size": 323,
2026-10-05T12:04:45.7259114Z         "mode": 420
2026-10-05T12:04:45.7259270Z       },
2026-10-05T12:04:45.7259424Z       {
2026-10-05T12:04:45.7259929Z         "path": "generated/plugins/copilot/agdf/runtime/create-agdf/generated/plugins/agdf/meta/agdf-interaction-locales.json",
2026-10-05T12:04:45.7260091Z         "size": 153294,
2026-10-05T12:04:45.7260255Z         "mode": 420
2026-10-05T12:04:45.7260409Z       },
2026-10-05T12:04:45.7260559Z       {
2026-10-05T12:04:45.7261293Z         "path": "generated/plugins/copilot/agdf/runtime/create-agdf/generated/plugins/agdf/meta/agdf-plugin.definition.json",
2026-10-05T12:04:45.7261447Z         "size": 18450,
2026-10-05T12:04:45.7261605Z         "mode": 420
2026-10-05T12:04:45.7261756Z       },
2026-10-05T12:04:45.7261914Z       {
2026-10-05T12:04:45.7262383Z         "path": "generated/plugins/copilot/agdf/runtime/create-agdf/generated/plugins/agdf/meta/contracts/closeout.md",
2026-10-05T12:04:45.7262545Z         "size": 4196,
2026-10-05T12:04:45.7262703Z         "mode": 420
2026-10-05T12:04:45.7262861Z       },
2026-10-05T12:04:45.7263014Z       {
2026-10-05T12:04:45.7263515Z         "path": "generated/plugins/copilot/agdf/runtime/create-agdf/generated/plugins/agdf/meta/contracts/context-graph.md",
2026-10-05T12:04:45.7263675Z         "size": 2512,
2026-10-05T12:04:45.7263835Z         "mode": 420
2026-10-05T12:04:45.7263989Z       },
2026-10-05T12:04:45.7264145Z       {
2026-10-05T12:04:45.7264646Z         "path": "generated/plugins/copilot/agdf/runtime/create-agdf/generated/plugins/agdf/meta/contracts/control-scaffold.md",
2026-10-05T12:04:45.7264800Z         "size": 11537,
2026-10-05T12:04:45.7264964Z         "mode": 420
2026-10-05T12:04:45.7265116Z       },
2026-10-05T12:04:45.7265264Z       {
2026-10-05T12:04:45.7265806Z         "path": "generated/plugins/copilot/agdf/runtime/create-agdf/generated/plugins/agdf/meta/contracts/gate-artifact-preparation.md",
2026-10-05T12:04:45.7266144Z         "size": 5731,
2026-10-05T12:04:45.7266307Z         "mode": 420
2026-10-05T12:04:45.7266460Z       },
2026-10-05T12:04:45.7266615Z       {
2026-10-05T12:04:45.7267122Z         "path": "generated/plugins/copilot/agdf/runtime/create-agdf/generated/plugins/agdf/meta/contracts/gate-transition.md",
2026-10-05T12:04:45.7267281Z         "size": 17966,
2026-10-05T12:04:45.7267444Z         "mode": 420
2026-10-05T12:04:45.7267601Z       },
2026-10-05T12:04:45.7267755Z       {
2026-10-05T12:04:45.7268227Z         "path": "generated/plugins/copilot/agdf/runtime/create-agdf/generated/plugins/agdf/meta/contracts/interaction.md",
2026-10-05T12:04:45.7268393Z         "size": 46617,
2026-10-05T12:04:45.7268556Z         "mode": 420
2026-10-05T12:04:45.7268709Z       },
2026-10-05T12:04:45.7268864Z       {
2026-10-05T12:04:45.7269314Z         "path": "generated/plugins/copilot/agdf/runtime/create-agdf/generated/plugins/agdf/meta/contracts/modes.md",
2026-10-05T12:04:45.7269475Z         "size": 12906,
2026-10-05T12:04:45.7269636Z         "mode": 420
2026-10-05T12:04:45.7269797Z       },
2026-10-05T12:04:45.7269953Z       {
2026-10-05T12:04:45.7270445Z         "path": "generated/plugins/copilot/agdf/runtime/create-agdf/generated/plugins/agdf/meta/contracts/prd-definition.md",
2026-10-05T12:04:45.7270797Z         "size": 5034,
2026-10-05T12:04:45.7270947Z         "mode": 420
2026-10-05T12:04:45.7271102Z       },
2026-10-05T12:04:45.7271253Z       {
2026-10-05T12:04:45.7271842Z         "path": "generated/plugins/copilot/agdf/runtime/create-agdf/generated/plugins/agdf/meta/contracts/quality.md",
2026-10-05T12:04:45.7272017Z         "size": 8692,
2026-10-05T12:04:45.7272177Z         "mode": 420
2026-10-05T12:04:45.7272314Z       },
2026-10-05T12:04:45.7272462Z       {
2026-10-05T12:04:45.7272972Z         "path": "generated/plugins/copilot/agdf/runtime/create-agdf/generated/plugins/agdf/meta/contracts/request-activation.md",
2026-10-05T12:04:45.7273123Z         "size": 18822,
2026-10-05T12:04:45.7273286Z         "mode": 420
2026-10-05T12:04:45.7273444Z       },
2026-10-05T12:04:45.7273593Z       {
2026-10-05T12:04:45.7274090Z         "path": "generated/plugins/copilot/agdf/runtime/create-agdf/generated/plugins/agdf/meta/contracts/sd-definition.md",
2026-10-05T12:04:45.7274241Z         "size": 4617,
2026-10-05T12:04:45.7274397Z         "mode": 420
2026-10-05T12:04:45.7274553Z       },
2026-10-05T12:04:45.7274706Z       {
2026-10-05T12:04:45.7275250Z         "path": "generated/plugins/copilot/agdf/runtime/create-agdf/generated/plugins/agdf/meta/contracts/task-target-resolution.md",
2026-10-05T12:04:45.7275405Z         "size": 8919,
2026-10-05T12:04:45.7275562Z         "mode": 420
2026-10-05T12:04:45.7275718Z       },
2026-10-05T12:04:45.7275867Z       {
2026-10-05T12:04:45.7276355Z         "path": "generated/plugins/copilot/agdf/runtime/create-agdf/generated/plugins/agdf/meta/contracts/ur-definition.md",
2026-10-05T12:04:45.7276522Z         "size": 3139,
2026-10-05T12:04:45.7276687Z         "mode": 420
2026-10-05T12:04:45.7276840Z       },
2026-10-05T12:04:45.7277002Z       {
2026-10-05T12:04:45.7277389Z         "path": "generated/plugins/copilot/agdf/runtime/create-agdf/lib/cli/command-registry.js",
2026-10-05T12:04:45.7277550Z         "size": 25352,
2026-10-05T12:04:45.7277711Z         "mode": 420
2026-10-05T12:04:45.7277875Z       },
2026-10-05T12:04:45.7278028Z       {
2026-10-05T12:04:45.7278413Z         "path": "generated/plugins/copilot/agdf/runtime/create-agdf/lib/cli/contract-command.js",
2026-10-05T12:04:45.7278578Z         "size": 1796,
2026-10-05T12:04:45.7278747Z         "mode": 420
2026-10-05T12:04:45.7278904Z       },
2026-10-05T12:04:45.7279063Z       {
2026-10-05T12:04:45.7279502Z         "path": "generated/plugins/copilot/agdf/runtime/create-agdf/lib/cli/control-maintenance-command.js",
2026-10-05T12:04:45.7279662Z         "size": 2514,
2026-10-05T12:04:45.7279825Z         "mode": 420
2026-10-05T12:04:45.7279982Z       },
2026-10-05T12:04:45.7280142Z       {
2026-10-05T12:04:45.7280802Z         "path": "generated/plugins/copilot/agdf/runtime/create-agdf/lib/cli/delivery-path-search-command.js",
2026-10-05T12:04:45.7281122Z         "size": 9065,
2026-10-05T12:04:45.7281286Z         "mode": 420
2026-10-05T12:04:45.7281442Z       },
2026-10-05T12:04:45.7281598Z       {
2026-10-05T12:04:45.7281967Z         "path": "generated/plugins/copilot/agdf/runtime/create-agdf/lib/cli/parse-args.js",
2026-10-05T12:04:45.7282134Z         "size": 13953,
2026-10-05T12:04:45.7282296Z         "mode": 420
2026-10-05T12:04:45.7282450Z       },
2026-10-05T12:04:45.7282605Z       {
2026-10-05T12:04:45.7282990Z         "path": "generated/plugins/copilot/agdf/runtime/create-agdf/lib/cli/runtime-context.js",
2026-10-05T12:04:45.7283156Z         "size": 2217,
2026-10-05T12:04:45.7283312Z         "mode": 420
2026-10-05T12:04:45.7283469Z       },
2026-10-05T12:04:45.7283626Z       {
2026-10-05T12:04:45.7284020Z         "path": "generated/plugins/copilot/agdf/runtime/create-agdf/lib/cli/validation-handlers.js",
2026-10-05T12:04:45.7284182Z         "size": 11734,
2026-10-05T12:04:45.7284346Z         "mode": 420
2026-10-05T12:04:45.7284496Z       },
2026-10-05T12:04:45.7284658Z       {
2026-10-05T12:04:45.7285019Z         "path": "generated/plugins/copilot/agdf/runtime/create-agdf/lib/control-command.js",
2026-10-05T12:04:45.7285190Z         "size": 413,
2026-10-05T12:04:45.7285355Z         "mode": 420
2026-10-05T12:04:45.7285510Z       },
2026-10-05T12:04:45.7285668Z       {
2026-10-05T12:04:45.7286225Z         "path": "generated/plugins/copilot/agdf/runtime/create-agdf/lib/control-evaluation/git-observation.js",
2026-10-05T12:04:45.7286393Z         "size": 641,
2026-10-05T12:04:45.7286555Z         "mode": 420
2026-10-05T12:04:45.7286712Z       },
2026-10-05T12:04:45.7286861Z       {
2026-10-05T12:04:45.7287290Z         "path": "generated/plugins/copilot/agdf/runtime/create-agdf/lib/control-maintenance/interaction.js",
2026-10-05T12:04:45.7287457Z         "size": 1279,
2026-10-05T12:04:45.7287613Z         "mode": 420
2026-10-05T12:04:45.7287771Z       },
2026-10-05T12:04:45.7287913Z       {
2026-10-05T12:04:45.7288310Z         "path": "generated/plugins/copilot/agdf/runtime/create-agdf/lib/control-maintenance/repair.js",
2026-10-05T12:04:45.7288473Z         "size": 421,
2026-10-05T12:04:45.7288636Z         "mode": 420
2026-10-05T12:04:45.7288791Z       },
2026-10-05T12:04:45.7288940Z       {
2026-10-05T12:04:45.7289347Z         "path": "generated/plugins/copilot/agdf/runtime/create-agdf/lib/control-maintenance/service.js",
2026-10-05T12:04:45.7289511Z         "size": 264,
2026-10-05T12:04:45.7289673Z         "mode": 420
2026-10-05T12:04:45.7289827Z       },
2026-10-05T12:04:45.7289978Z       {
2026-10-05T12:04:45.7290385Z         "path": "generated/plugins/copilot/agdf/runtime/create-agdf/lib/control-maintenance/startup.js",
2026-10-05T12:04:45.7290543Z         "size": 1683,
2026-10-05T12:04:45.7290941Z         "mode": 420
2026-10-05T12:04:45.7291050Z       },
2026-10-05T12:04:45.7291145Z       {
2026-10-05T12:04:45.7291543Z         "path": "generated/plugins/copilot/agdf/runtime/create-agdf/lib/control-state/run-recovery.js",
2026-10-05T12:04:45.7291701Z         "size": 526,
2026-10-05T12:04:45.7291856Z         "mode": 420
2026-10-05T12:04:45.7292014Z       },
2026-10-05T12:04:45.7292172Z       {
2026-10-05T12:04:45.7292627Z         "path": "generated/plugins/copilot/agdf/runtime/create-agdf/lib/delivery-path-search/evaluators/claude.js",
2026-10-05T12:04:45.7292791Z         "size": 1525,
2026-10-05T12:04:45.7292955Z         "mode": 420
2026-10-05T12:04:45.7293110Z       },
2026-10-05T12:04:45.7293262Z       {
2026-10-05T12:04:45.7293715Z         "path": "generated/plugins/copilot/agdf/runtime/create-agdf/lib/delivery-path-search/evaluators/codex.js",
2026-10-05T12:04:45.7293882Z         "size": 1919,
2026-10-05T12:04:45.7294049Z         "mode": 420
2026-10-05T12:04:45.7294200Z       },
2026-10-05T12:04:45.7294359Z       {
2026-10-05T12:04:45.7294824Z         "path": "generated/plugins/copilot/agdf/runtime/create-agdf/lib/delivery-path-search/evaluators/opencode.js",
2026-10-05T12:04:45.7295132Z         "size": 8924,
2026-10-05T12:04:45.7295292Z         "mode": 420
2026-10-05T12:04:45.7295451Z       },
2026-10-05T12:04:45.7295603Z       {
2026-10-05T12:04:45.7296047Z         "path": "generated/plugins/copilot/agdf/runtime/create-agdf/lib/delivery-path-search/evaluators/prompt.js",
2026-10-05T12:04:45.7296206Z         "size": 753,
2026-10-05T12:04:45.7296367Z         "mode": 420
2026-10-05T12:04:45.7296515Z       },
2026-10-05T12:04:45.7296667Z       {
2026-10-05T12:04:45.7297132Z         "path": "generated/plugins/copilot/agdf/runtime/create-agdf/lib/delivery-path-search/evaluators/protocol.js",
2026-10-05T12:04:45.7297296Z         "size": 470,
2026-10-05T12:04:45.7297456Z         "mode": 420
2026-10-05T12:04:45.7297612Z       },
2026-10-05T12:04:45.7297768Z       {
2026-10-05T12:04:45.7298220Z         "path": "generated/plugins/copilot/agdf/runtime/create-agdf/lib/delivery-path-search/generators/claude.js",
2026-10-05T12:04:45.7298387Z         "size": 2203,
2026-10-05T12:04:45.7298555Z         "mode": 420
2026-10-05T12:04:45.7298709Z       },
2026-10-05T12:04:45.7298867Z       {
2026-10-05T12:04:45.7299314Z         "path": "generated/plugins/copilot/agdf/runtime/create-agdf/lib/delivery-path-search/generators/codex.js",
2026-10-05T12:04:45.7299483Z         "size": 2187,
2026-10-05T12:04:45.7299682Z         "mode": 420
2026-10-05T12:04:45.7299844Z       },
2026-10-05T12:04:45.7300002Z       {
2026-10-05T12:04:45.7300774Z         "path": "generated/plugins/copilot/agdf/runtime/create-agdf/lib/delivery-path-search/generators/protocol.js",
2026-10-05T12:04:45.7300967Z         "size": 389,
2026-10-05T12:04:45.7301116Z         "mode": 420
2026-10-05T12:04:45.7301275Z       },
2026-10-05T12:04:45.7301428Z       {
2026-10-05T12:04:45.7301933Z         "path": "generated/plugins/copilot/agdf/runtime/create-agdf/lib/delivery-path-search/surfaces/capabilities.js",
2026-10-05T12:04:45.7302101Z         "size": 1161,
2026-10-05T12:04:45.7302260Z         "mode": 420
2026-10-05T12:04:45.7302421Z       },
2026-10-05T12:04:45.7302575Z       {
2026-10-05T12:04:45.7303086Z         "path": "generated/plugins/copilot/agdf/runtime/create-agdf/lib/delivery-path-search/transports/read-only-guard.js",
2026-10-05T12:04:45.7303245Z         "size": 1271,
2026-10-05T12:04:45.7303410Z         "mode": 420
2026-10-05T12:04:45.7303566Z       },
2026-10-05T12:04:45.7303717Z       {
2026-10-05T12:04:45.7304172Z         "path": "generated/plugins/copilot/agdf/runtime/create-agdf/lib/host-adapters/claude/session-command.js",
2026-10-05T12:04:45.7304333Z         "size": 165,
2026-10-05T12:04:45.7304488Z         "mode": 420
2026-10-05T12:04:45.7304639Z       },
2026-10-05T12:04:45.7304793Z       {
2026-10-05T12:04:45.7305227Z         "path": "generated/plugins/copilot/agdf/runtime/create-agdf/lib/host-adapters/codex/session-command.js",
2026-10-05T12:04:45.7305382Z         "size": 455,
2026-10-05T12:04:45.7305544Z         "mode": 420
2026-10-05T12:04:45.7305701Z       },
2026-10-05T12:04:45.7305851Z       {
2026-10-05T12:04:45.7306303Z         "path": "generated/plugins/copilot/agdf/runtime/create-agdf/lib/host-adapters/copilot/session-command.js",
2026-10-05T12:04:45.7306463Z         "size": 91,
2026-10-05T12:04:45.7306618Z         "mode": 420
2026-10-05T12:04:45.7306771Z       },
2026-10-05T12:04:45.7306930Z       {
2026-10-05T12:04:45.7307378Z         "path": "generated/plugins/copilot/agdf/runtime/create-agdf/lib/host-adapters/opencode/session-command.js",
2026-10-05T12:04:45.7307535Z         "size": 76,
2026-10-05T12:04:45.7307698Z         "mode": 420
2026-10-05T12:04:45.7307864Z       },
2026-10-05T12:04:45.7308013Z       {
2026-10-05T12:04:45.7308440Z         "path": "generated/plugins/copilot/agdf/runtime/create-agdf/lib/host-adapters/session-command.js",
2026-10-05T12:04:45.7308603Z         "size": 609,
2026-10-05T12:04:45.7308760Z         "mode": 420
2026-10-05T12:04:45.7308911Z       },
2026-10-05T12:04:45.7309064Z       {
2026-10-05T12:04:45.7309418Z         "path": "generated/plugins/copilot/agdf/runtime/create-agdf/lib/host-command.js",
2026-10-05T12:04:45.7309716Z         "size": 5591,
2026-10-05T12:04:45.7309880Z         "mode": 420
2026-10-05T12:04:45.7310039Z       },
2026-10-05T12:04:45.7310196Z       {
2026-10-05T12:04:45.7310720Z         "path": "generated/plugins/copilot/agdf/runtime/create-agdf/lib/mcp-dispatch-runtime.js",
2026-10-05T12:04:45.7310892Z         "size": 7671,
2026-10-05T12:04:45.7311049Z         "mode": 420
2026-10-05T12:04:45.7311195Z       },
2026-10-05T12:04:45.7311349Z       {
2026-10-05T12:04:45.7311739Z         "path": "generated/plugins/copilot/agdf/runtime/create-agdf/lib/mcp-lifecycle/package.js",
2026-10-05T12:04:45.7311906Z         "size": 16097,
2026-10-05T12:04:45.7312065Z         "mode": 420
2026-10-05T12:04:45.7312221Z       },
2026-10-05T12:04:45.7312373Z       {
2026-10-05T12:04:45.7312785Z         "path": "generated/plugins/copilot/agdf/runtime/create-agdf/lib/mcp-lifecycle/plugin-runtime.js",
2026-10-05T12:04:45.7312950Z         "size": 12833,
2026-10-05T12:04:45.7313116Z         "mode": 420
2026-10-05T12:04:45.7313269Z       },
2026-10-05T12:04:45.7313426Z       {
2026-10-05T12:04:45.7313789Z         "path": "generated/plugins/copilot/agdf/runtime/create-agdf/lib/npm-invocation.js",
2026-10-05T12:04:45.7313956Z         "size": 969,
2026-10-05T12:04:45.7314114Z         "mode": 420
2026-10-05T12:04:45.7314273Z       },
2026-10-05T12:04:45.7314426Z       {
2026-10-05T12:04:45.7314798Z         "path": "generated/plugins/copilot/agdf/runtime/create-agdf/lib/repository-context.js",
2026-10-05T12:04:45.7315078Z         "size": 3033,
2026-10-05T12:04:45.7315247Z         "mode": 420
2026-10-05T12:04:45.7315402Z       },
2026-10-05T12:04:45.7315537Z       {
2026-10-05T12:04:45.7316109Z         "path": "generated/plugins/copilot/agdf/runtime/create-agdf/lib/runtime-check-consent/contract.js",
2026-10-05T12:04:45.7316315Z         "size": 3925,
2026-10-05T12:04:45.7316510Z         "mode": 420
2026-10-05T12:04:45.7316693Z       },
2026-10-05T12:04:45.7316872Z       {
2026-10-05T12:04:45.7317604Z         "path": "generated/plugins/copilot/agdf/runtime/create-agdf/lib/runtime/control-command-service.js",
2026-10-05T12:04:45.7317791Z         "size": 607,
2026-10-05T12:04:45.7317957Z         "mode": 420
2026-10-05T12:04:45.7318110Z       },
2026-10-05T12:04:45.7318265Z       {
2026-10-05T12:04:45.7318673Z         "path": "generated/plugins/copilot/agdf/runtime/create-agdf/lib/runtime/control-context.js",
2026-10-05T12:04:45.7318839Z         "size": 904,
2026-10-05T12:04:45.7318997Z         "mode": 420
2026-10-05T12:04:45.7319159Z       },
2026-10-05T12:04:45.7319315Z       {
2026-10-05T12:04:45.7319699Z         "path": "generated/plugins/copilot/agdf/runtime/create-agdf/lib/runtime/git-history.js",
2026-10-05T12:04:45.7319860Z         "size": 510,
2026-10-05T12:04:45.7320030Z         "mode": 420
2026-10-05T12:04:45.7320187Z       },
2026-10-05T12:04:45.7320343Z       {
2026-10-05T12:04:45.7320956Z         "path": "generated/plugins/copilot/agdf/runtime/create-agdf/lib/runtime/git-originals.js",
2026-10-05T12:04:45.7321080Z         "size": 2213,
2026-10-05T12:04:45.7321184Z         "mode": 420
2026-10-05T12:04:45.7321295Z       },
2026-10-05T12:04:45.7321411Z       {
2026-10-05T12:04:45.7321773Z         "path": "generated/plugins/copilot/agdf/runtime/create-agdf/lib/runtime/local-validator.js",
2026-10-05T12:04:45.7321891Z         "size": 14029,
2026-10-05T12:04:45.7322012Z         "mode": 420
2026-10-05T12:04:45.7322124Z       },
2026-10-05T12:04:45.7322231Z       {
2026-10-05T12:04:45.7322613Z         "path": "generated/plugins/copilot/agdf/runtime/create-agdf/lib/runtime/plugin-provenance.js",
2026-10-05T12:04:45.7322733Z         "size": 57,
2026-10-05T12:04:45.7322855Z         "mode": 420
2026-10-05T12:04:45.7323009Z       },
2026-10-05T12:04:45.7323167Z       {
2026-10-05T12:04:45.7323550Z         "path": "generated/plugins/copilot/agdf/runtime/create-agdf/lib/runtime/runtime-probe.js",
2026-10-05T12:04:45.7323707Z         "size": 3045,
2026-10-05T12:04:45.7323865Z         "mode": 420
2026-10-05T12:04:45.7324193Z       },
2026-10-05T12:04:45.7324345Z       {
2026-10-05T12:04:45.7324768Z         "path": "generated/plugins/copilot/agdf/runtime/create-agdf/lib/runtime/validator-application.js",
2026-10-05T12:04:45.7324929Z         "size": 1823,
2026-10-05T12:04:45.7325089Z         "mode": 420
2026-10-05T12:04:45.7325236Z       },
2026-10-05T12:04:45.7325391Z       {
2026-10-05T12:04:45.7325777Z         "path": "generated/plugins/copilot/agdf/runtime/create-agdf/lib/skill-dispatch/binding.js",
2026-10-05T12:04:45.7325942Z         "size": 642,
2026-10-05T12:04:45.7326110Z         "mode": 420
2026-10-05T12:04:45.7326269Z       },
2026-10-05T12:04:45.7326424Z       {
2026-10-05T12:04:45.7326720Z         "path": "generated/plugins/copilot/agdf/runtime/create-agdf/NOTICE",
2026-10-05T12:04:45.7326886Z         "size": 422,
2026-10-05T12:04:45.7327045Z         "mode": 420
2026-10-05T12:04:45.7327198Z       },
2026-10-05T12:04:45.7327352Z       {
2026-10-05T12:04:45.7327669Z         "path": "generated/plugins/copilot/agdf/runtime/create-agdf/package.json",
2026-10-05T12:04:45.7327830Z         "size": 220,
2026-10-05T12:04:45.7327993Z         "mode": 420
2026-10-05T12:04:45.7328145Z       },
2026-10-05T12:04:45.7328302Z       {
2026-10-05T12:04:45.7328771Z         "path": "generated/plugins/copilot/agdf/runtime/create-agdf/runtime/core/lib/control-evaluation/delivery-map.js",
2026-10-05T12:04:45.7328929Z         "size": 13111,
2026-10-05T12:04:45.7329091Z         "mode": 420
2026-10-05T12:04:45.7329242Z       },
2026-10-05T12:04:45.7329400Z       {
2026-10-05T12:04:45.7330038Z         "path": "generated/plugins/copilot/agdf/runtime/create-agdf/runtime/core/lib/control-evaluation/delivery-relationships.js",
2026-10-05T12:04:45.7330213Z         "size": 1370,
2026-10-05T12:04:45.7330365Z         "mode": 420
2026-10-05T12:04:45.7330519Z       },
2026-10-05T12:04:45.7330906Z       {
2026-10-05T12:04:45.7331355Z         "path": "generated/plugins/copilot/agdf/runtime/create-agdf/runtime/core/lib/control-evaluation/doctor.js",
2026-10-05T12:04:45.7331503Z         "size": 14393,
2026-10-05T12:04:45.7331699Z         "mode": 420
2026-10-05T12:04:45.7331874Z       },
2026-10-05T12:04:45.7332050Z       {
2026-10-05T12:04:45.7332686Z         "path": "generated/plugins/copilot/agdf/runtime/create-agdf/runtime/core/lib/control-evaluation/gate-check.js",
2026-10-05T12:04:45.7332844Z         "size": 37366,
2026-10-05T12:04:45.7332998Z         "mode": 420
2026-10-05T12:04:45.7333154Z       },
2026-10-05T12:04:45.7333311Z       {
2026-10-05T12:04:45.7333788Z         "path": "generated/plugins/copilot/agdf/runtime/create-agdf/runtime/core/lib/control-evaluation/gate-policy.js",
2026-10-05T12:04:45.7333954Z         "size": 17824,
2026-10-05T12:04:45.7334119Z         "mode": 420
2026-10-05T12:04:45.7334277Z       },
2026-10-05T12:04:45.7334425Z       {
2026-10-05T12:04:45.7334950Z         "path": "generated/plugins/copilot/agdf/runtime/create-agdf/runtime/core/lib/control-evaluation/parent-reconciliation.js",
2026-10-05T12:04:45.7335112Z         "size": 10121,
2026-10-05T12:04:45.7335275Z         "mode": 420
2026-10-05T12:04:45.7335431Z       },
2026-10-05T12:04:45.7335586Z       {
2026-10-05T12:04:45.7336085Z         "path": "generated/plugins/copilot/agdf/runtime/create-agdf/runtime/core/lib/control-evaluation/prd-readiness.js",
2026-10-05T12:04:45.7336247Z         "size": 2268,
2026-10-05T12:04:45.7336408Z         "mode": 420
2026-10-05T12:04:45.7336562Z       },
2026-10-05T12:04:45.7336721Z       {
2026-10-05T12:04:45.7337208Z         "path": "generated/plugins/copilot/agdf/runtime/create-agdf/runtime/core/lib/control-evaluation/required-files.js",
2026-10-05T12:04:45.7337376Z         "size": 337,
2026-10-05T12:04:45.7337539Z         "mode": 420
2026-10-05T12:04:45.7337691Z       },
2026-10-05T12:04:45.7337852Z       {
2026-10-05T12:04:45.7338320Z         "path": "generated/plugins/copilot/agdf/runtime/create-agdf/runtime/core/lib/control-evaluation/run-state.js",
2026-10-05T12:04:45.7338481Z         "size": 11605,
2026-10-05T12:04:45.7338804Z         "mode": 420
2026-10-05T12:04:45.7338960Z       },
2026-10-05T12:04:45.7339119Z       {
2026-10-05T12:04:45.7339604Z         "path": "generated/plugins/copilot/agdf/runtime/create-agdf/runtime/core/lib/control-evaluation/run-step-policy.js",
2026-10-05T12:04:45.7339770Z         "size": 1382,
2026-10-05T12:04:45.7339944Z         "mode": 420
2026-10-05T12:04:45.7340095Z       },
2026-10-05T12:04:45.7340257Z       {
2026-10-05T12:04:45.7340946Z         "path": "generated/plugins/copilot/agdf/runtime/create-agdf/runtime/core/lib/control-evaluation/sd-readiness.js",
2026-10-05T12:04:45.7341104Z         "size": 2561,
2026-10-05T12:04:45.7341255Z         "mode": 420
2026-10-05T12:04:45.7341408Z       },
2026-10-05T12:04:45.7341563Z       {
2026-10-05T12:04:45.7342010Z         "path": "generated/plugins/copilot/agdf/runtime/create-agdf/runtime/core/lib/control-evaluation/shared.js",
2026-10-05T12:04:45.7342173Z         "size": 10972,
2026-10-05T12:04:45.7342333Z         "mode": 420
2026-10-05T12:04:45.7342490Z       },
2026-10-05T12:04:45.7342635Z       {
2026-10-05T12:04:45.7343150Z         "path": "generated/plugins/copilot/agdf/runtime/create-agdf/runtime/core/lib/control-evaluation/traceability-readiness.js",
2026-10-05T12:04:45.7343314Z         "size": 13831,
2026-10-05T12:04:45.7343473Z         "mode": 420
2026-10-05T12:04:45.7343628Z       },
2026-10-05T12:04:45.7343780Z       {
2026-10-05T12:04:45.7344256Z         "path": "generated/plugins/copilot/agdf/runtime/create-agdf/runtime/core/lib/control-evaluation/ur-readiness.js",
2026-10-05T12:04:45.7344525Z         "size": 2045,
2026-10-05T12:04:45.7344691Z         "mode": 420
2026-10-05T12:04:45.7344848Z       },
2026-10-05T12:04:45.7344996Z       {
2026-10-05T12:04:45.7345487Z         "path": "generated/plugins/copilot/agdf/runtime/create-agdf/runtime/core/lib/control-evaluation/verified-change.js",
2026-10-05T12:04:45.7345654Z         "size": 12119,
2026-10-05T12:04:45.7345820Z         "mode": 420
2026-10-05T12:04:45.7345970Z       },
2026-10-05T12:04:45.7346128Z       {
2026-10-05T12:04:45.7346578Z         "path": "generated/plugins/copilot/agdf/runtime/create-agdf/runtime/core/lib/control-inspect/contract.js",
2026-10-05T12:04:45.7346737Z         "size": 13500,
2026-10-05T12:04:45.7346894Z         "mode": 420
2026-10-05T12:04:45.7347051Z       },
2026-10-05T12:04:45.7347205Z       {
2026-10-05T12:04:45.7347655Z         "path": "generated/plugins/copilot/agdf/runtime/create-agdf/runtime/core/lib/control-inspect/selection.js",
2026-10-05T12:04:45.7347822Z         "size": 1788,
2026-10-05T12:04:45.7347991Z         "mode": 420
2026-10-05T12:04:45.7348138Z       },
2026-10-05T12:04:45.7348292Z       {
2026-10-05T12:04:45.7348738Z         "path": "generated/plugins/copilot/agdf/runtime/create-agdf/runtime/core/lib/control-inspect/service.js",
2026-10-05T12:04:45.7348898Z         "size": 12577,
2026-10-05T12:04:45.7349057Z         "mode": 420
2026-10-05T12:04:45.7349210Z       },
2026-10-05T12:04:45.7349361Z       {
2026-10-05T12:04:45.7349835Z         "path": "generated/plugins/copilot/agdf/runtime/create-agdf/runtime/core/lib/control-maintenance/compatibility.js",
2026-10-05T12:04:45.7350003Z         "size": 8412,
2026-10-05T12:04:45.7350172Z         "mode": 420
2026-10-05T12:04:45.7350322Z       },
2026-10-05T12:04:45.7350477Z       {
2026-10-05T12:04:45.7351149Z         "path": "generated/plugins/copilot/agdf/runtime/create-agdf/runtime/core/lib/control-maintenance/contract.js",
2026-10-05T12:04:45.7351300Z         "size": 2342,
2026-10-05T12:04:45.7351457Z         "mode": 420
2026-10-05T12:04:45.7351619Z       },
2026-10-05T12:04:45.7351775Z       {
2026-10-05T12:04:45.7352244Z         "path": "generated/plugins/copilot/agdf/runtime/create-agdf/runtime/core/lib/control-maintenance/interaction.js",
2026-10-05T12:04:45.7352410Z         "size": 3207,
2026-10-05T12:04:45.7352568Z         "mode": 420
2026-10-05T12:04:45.7352725Z       },
2026-10-05T12:04:45.7352876Z       {
2026-10-05T12:04:45.7353340Z         "path": "generated/plugins/copilot/agdf/runtime/create-agdf/runtime/core/lib/control-maintenance/migration.js",
2026-10-05T12:04:45.7353672Z         "size": 5383,
2026-10-05T12:04:45.7353849Z         "mode": 420
2026-10-05T12:04:45.7354014Z       },
2026-10-05T12:04:45.7354181Z       {
2026-10-05T12:04:45.7354966Z         "path": "generated/plugins/copilot/agdf/runtime/create-agdf/runtime/core/lib/control-maintenance/presentation.js",
2026-10-05T12:04:45.7355139Z         "size": 8246,
2026-10-05T12:04:45.7355340Z         "mode": 420
2026-10-05T12:04:45.7355508Z       },
2026-10-05T12:04:45.7355685Z       {
2026-10-05T12:04:45.7356461Z         "path": "generated/plugins/copilot/agdf/runtime/create-agdf/runtime/core/lib/control-maintenance/repair.js",
2026-10-05T12:04:45.7356586Z         "size": 13216,
2026-10-05T12:04:45.7356743Z         "mode": 420
2026-10-05T12:04:45.7356898Z       },
2026-10-05T12:04:45.7357052Z       {
2026-10-05T12:04:45.7357525Z         "path": "generated/plugins/copilot/agdf/runtime/create-agdf/runtime/core/lib/control-maintenance/service.js",
2026-10-05T12:04:45.7357689Z         "size": 2412,
2026-10-05T12:04:45.7357849Z         "mode": 420
2026-10-05T12:04:45.7358006Z       },
2026-10-05T12:04:45.7358157Z       {
2026-10-05T12:04:45.7358601Z         "path": "generated/plugins/copilot/agdf/runtime/create-agdf/runtime/core/lib/control-read-boundary.js",
2026-10-05T12:04:45.7358767Z         "size": 906,
2026-10-05T12:04:45.7358926Z         "mode": 420
2026-10-05T12:04:45.7359073Z       },
2026-10-05T12:04:45.7359227Z       {
2026-10-05T12:04:45.7359821Z         "path": "generated/plugins/copilot/agdf/runtime/create-agdf/runtime/core/lib/control-state/aggregate.js",
2026-10-05T12:04:45.7359989Z         "size": 503,
2026-10-05T12:04:45.7360148Z         "mode": 420
2026-10-05T12:04:45.7360298Z       },
2026-10-05T12:04:45.7360447Z       {
2026-10-05T12:04:45.7361220Z         "path": "generated/plugins/copilot/agdf/runtime/create-agdf/runtime/core/lib/control-state/approval-command-contract.js",
2026-10-05T12:04:45.7361377Z         "size": 3748,
2026-10-05T12:04:45.7361543Z         "mode": 420
2026-10-05T12:04:45.7361691Z       },
2026-10-05T12:04:45.7361844Z       {
2026-10-05T12:04:45.7362332Z         "path": "generated/plugins/copilot/agdf/runtime/create-agdf/runtime/core/lib/control-state/approval-command.js",
2026-10-05T12:04:45.7362489Z         "size": 8139,
2026-10-05T12:04:45.7362647Z         "mode": 420
2026-10-05T12:04:45.7362799Z       },
2026-10-05T12:04:45.7362953Z       {
2026-10-05T12:04:45.7363436Z         "path": "generated/plugins/copilot/agdf/runtime/create-agdf/runtime/core/lib/control-state/approval-operations.js",
2026-10-05T12:04:45.7363596Z         "size": 6088,
2026-10-05T12:04:45.7363757Z         "mode": 420
2026-10-05T12:04:45.7363908Z       },
2026-10-05T12:04:45.7364069Z       {
2026-10-05T12:04:45.7364570Z         "path": "generated/plugins/copilot/agdf/runtime/create-agdf/runtime/core/lib/control-state/artefact-binding-proof.js",
2026-10-05T12:04:45.7364729Z         "size": 4880,
2026-10-05T12:04:45.7364888Z         "mode": 420
2026-10-05T12:04:45.7365047Z       },
2026-10-05T12:04:45.7365197Z       {
2026-10-05T12:04:45.7365667Z         "path": "generated/plugins/copilot/agdf/runtime/create-agdf/runtime/core/lib/control-state/artefact-bindings.js",
2026-10-05T12:04:45.7365833Z         "size": 6925,
2026-10-05T12:04:45.7365992Z         "mode": 420
2026-10-05T12:04:45.7366149Z       },
2026-10-05T12:04:45.7366302Z       {
2026-10-05T12:04:45.7366770Z         "path": "generated/plugins/copilot/agdf/runtime/create-agdf/runtime/core/lib/control-state/contained-file.js",
2026-10-05T12:04:45.7366935Z         "size": 2204,
2026-10-05T12:04:45.7367093Z         "mode": 420
2026-10-05T12:04:45.7367249Z       },
2026-10-05T12:04:45.7367406Z       {
2026-10-05T12:04:45.7367902Z         "path": "generated/plugins/copilot/agdf/runtime/create-agdf/runtime/core/lib/control-state/control-configuration.js",
2026-10-05T12:04:45.7368062Z         "size": 1072,
2026-10-05T12:04:45.7368225Z         "mode": 420
2026-10-05T12:04:45.7368378Z       },
2026-10-05T12:04:45.7368664Z       {
2026-10-05T12:04:45.7369168Z         "path": "generated/plugins/copilot/agdf/runtime/create-agdf/runtime/core/lib/control-state/gate-approval-validator.js",
2026-10-05T12:04:45.7369333Z         "size": 1704,
2026-10-05T12:04:45.7369488Z         "mode": 420
2026-10-05T12:04:45.7369644Z       },
2026-10-05T12:04:45.7369797Z       {
2026-10-05T12:04:45.7370228Z         "path": "generated/plugins/copilot/agdf/runtime/create-agdf/runtime/core/lib/control-state/index.js",
2026-10-05T12:04:45.7370387Z         "size": 346,
2026-10-05T12:04:45.7370552Z         "mode": 420
2026-10-05T12:04:45.7370936Z       },
2026-10-05T12:04:45.7371043Z       {
2026-10-05T12:04:45.7371484Z         "path": "generated/plugins/copilot/agdf/runtime/create-agdf/runtime/core/lib/control-state/legacy-migration.js",
2026-10-05T12:04:45.7371595Z         "size": 3088,
2026-10-05T12:04:45.7371704Z         "mode": 420
2026-10-05T12:04:45.7371816Z       },
2026-10-05T12:04:45.7371973Z       {
2026-10-05T12:04:46.2329667Z         "path": "generated/plugins/copilot/agdf/runtime/create-agdf/runtime/core/lib/control-state/legacy-projection-reader.js",
2026-10-05T12:04:46.2331151Z         "size": 1984,
2026-10-05T12:04:46.2331652Z         "mode": 420
2026-10-05T12:04:46.2332108Z       },
2026-10-05T12:04:46.2332488Z       {
2026-10-05T12:04:46.2333622Z         "path": "generated/plugins/copilot/agdf/runtime/create-agdf/runtime/core/lib/control-state/run-artefact-recording.js",
2026-10-05T12:04:46.2334845Z         "size": 6620,
2026-10-05T12:04:46.2335687Z         "mode": 420
2026-10-05T12:04:46.2336180Z       },
2026-10-05T12:04:46.2336586Z       {
2026-10-05T12:04:46.2337734Z         "path": "generated/plugins/copilot/agdf/runtime/create-agdf/runtime/core/lib/control-state/run-identity.js",
2026-10-05T12:04:46.2338869Z         "size": 573,
2026-10-05T12:04:46.2339403Z         "mode": 420
2026-10-05T12:04:46.2339921Z       },
2026-10-05T12:04:46.2340341Z       {
2026-10-05T12:04:46.2341564Z         "path": "generated/plugins/copilot/agdf/runtime/create-agdf/runtime/core/lib/control-state/run-presentation-render.js",
2026-10-05T12:04:46.2342374Z         "size": 17579,
2026-10-05T12:04:46.2342788Z         "mode": 420
2026-10-05T12:04:46.2343186Z       },
2026-10-05T12:04:46.2343535Z       {
2026-10-05T12:04:46.2344273Z         "path": "generated/plugins/copilot/agdf/runtime/create-agdf/runtime/core/lib/control-state/run-presentation.js",
2026-10-05T12:04:46.2345010Z         "size": 6777,
2026-10-05T12:04:46.2345404Z         "mode": 420
2026-10-05T12:04:46.2345790Z       },
2026-10-05T12:04:46.2346169Z       {
2026-10-05T12:04:46.2346858Z         "path": "generated/plugins/copilot/agdf/runtime/create-agdf/runtime/core/lib/control-state/run-recording.js",
2026-10-05T12:04:46.2347571Z         "size": 10751,
2026-10-05T12:04:46.2347970Z         "mode": 420
2026-10-05T12:04:46.2348363Z       },
2026-10-05T12:04:46.2348747Z       {
2026-10-05T12:04:46.2349441Z         "path": "generated/plugins/copilot/agdf/runtime/create-agdf/runtime/core/lib/control-state/run-recovery.js",
2026-10-05T12:04:46.2350120Z         "size": 17891,
2026-10-05T12:04:46.2350492Z         "mode": 420
2026-10-05T12:04:46.2351556Z       },
2026-10-05T12:04:46.2351972Z       {
2026-10-05T12:04:46.2353149Z         "path": "generated/plugins/copilot/agdf/runtime/create-agdf/runtime/core/lib/control-state/run-relationship-correction.js",
2026-10-05T12:04:46.2353872Z         "size": 5721,
2026-10-05T12:04:46.2354236Z         "mode": 420
2026-10-05T12:04:46.2354582Z       },
2026-10-05T12:04:46.2354894Z       {
2026-10-05T12:04:46.2355574Z         "path": "generated/plugins/copilot/agdf/runtime/create-agdf/runtime/core/lib/control-state/run-revision-history.js",
2026-10-05T12:04:46.2356240Z         "size": 9598,
2026-10-05T12:04:46.2356585Z         "mode": 420
2026-10-05T12:04:46.2356944Z       },
2026-10-05T12:04:46.2357271Z       {
2026-10-05T12:04:46.2357906Z         "path": "generated/plugins/copilot/agdf/runtime/create-agdf/runtime/core/lib/control-state/run-revision.js",
2026-10-05T12:04:46.2358773Z         "size": 24412,
2026-10-05T12:04:46.2359144Z         "mode": 420
2026-10-05T12:04:46.2359682Z       },
2026-10-05T12:04:46.2360012Z       {
2026-10-05T12:04:46.2360864Z         "path": "generated/plugins/copilot/agdf/runtime/create-agdf/runtime/core/lib/control-state/run-seal.js",
2026-10-05T12:04:46.2361491Z         "size": 7838,
2026-10-05T12:04:46.2361855Z         "mode": 420
2026-10-05T12:04:46.2362213Z       },
2026-10-05T12:04:46.2362546Z       {
2026-10-05T12:04:46.2363234Z         "path": "generated/plugins/copilot/agdf/runtime/create-agdf/runtime/core/lib/control-state/run-source-revisions.js",
2026-10-05T12:04:46.2363922Z         "size": 9961,
2026-10-05T12:04:46.2364294Z         "mode": 420
2026-10-05T12:04:46.2364642Z       },
2026-10-05T12:04:46.2364972Z       {
2026-10-05T12:04:46.2365632Z         "path": "generated/plugins/copilot/agdf/runtime/create-agdf/runtime/core/lib/control-state/run-state-edits.js",
2026-10-05T12:04:46.2366292Z         "size": 6233,
2026-10-05T12:04:46.2366646Z         "mode": 420
2026-10-05T12:04:46.2366996Z       },
2026-10-05T12:04:46.2367332Z       {
2026-10-05T12:04:46.2368005Z         "path": "generated/plugins/copilot/agdf/runtime/create-agdf/runtime/core/lib/control-state/run-state-parser.js",
2026-10-05T12:04:46.2368669Z         "size": 12277,
2026-10-05T12:04:46.2369039Z         "mode": 420
2026-10-05T12:04:46.2369375Z       },
2026-10-05T12:04:46.2369705Z       {
2026-10-05T12:04:46.2370493Z         "path": "generated/plugins/copilot/agdf/runtime/create-agdf/runtime/core/lib/control-state/run-state-reader.js",
2026-10-05T12:04:46.2371610Z         "size": 1875,
2026-10-05T12:04:46.2371977Z         "mode": 420
2026-10-05T12:04:46.2372325Z       },
2026-10-05T12:04:46.2372651Z       {
2026-10-05T12:04:46.2373319Z         "path": "generated/plugins/copilot/agdf/runtime/create-agdf/runtime/core/lib/control-state/run-state-repository.js",
2026-10-05T12:04:46.2373999Z         "size": 6390,
2026-10-05T12:04:46.2374349Z         "mode": 420
2026-10-05T12:04:46.2374705Z       },
2026-10-05T12:04:46.2375029Z       {
2026-10-05T12:04:46.2375678Z         "path": "generated/plugins/copilot/agdf/runtime/create-agdf/runtime/core/lib/control-state/run-state-resolver.js",
2026-10-05T12:04:46.2376366Z         "size": 1371,
2026-10-05T12:04:46.2376728Z         "mode": 420
2026-10-05T12:04:46.2377080Z       },
2026-10-05T12:04:46.2377393Z       {
2026-10-05T12:04:46.2378054Z         "path": "generated/plugins/copilot/agdf/runtime/create-agdf/runtime/core/lib/control-state/run-state-writer.js",
2026-10-05T12:04:46.2378706Z         "size": 16219,
2026-10-05T12:04:46.2379070Z         "mode": 420
2026-10-05T12:04:46.2379421Z       },
2026-10-05T12:04:46.2379750Z       {
2026-10-05T12:04:46.2380415Z         "path": "generated/plugins/copilot/agdf/runtime/create-agdf/runtime/core/lib/control-state/run-step-pending.js",
2026-10-05T12:04:46.2382510Z         "size": 620,
2026-10-05T12:04:46.2382949Z         "mode": 420
2026-10-05T12:04:46.2383328Z       },
2026-10-05T12:04:46.2383675Z       {
2026-10-05T12:04:46.2384367Z         "path": "generated/plugins/copilot/agdf/runtime/create-agdf/runtime/core/lib/control-state/run-step-transaction.js",
2026-10-05T12:04:46.2385062Z         "size": 15958,
2026-10-05T12:04:46.2385422Z         "mode": 420
2026-10-05T12:04:46.2385779Z       },
2026-10-05T12:04:46.2386108Z       {
2026-10-05T12:04:46.2386724Z         "path": "generated/plugins/copilot/agdf/runtime/create-agdf/runtime/core/lib/control-state/run-steps.js",
2026-10-05T12:04:46.2387371Z         "size": 15588,
2026-10-05T12:04:46.2387726Z         "mode": 420
2026-10-05T12:04:46.2388075Z       },
2026-10-05T12:04:46.2388401Z       {
2026-10-05T12:04:46.2389078Z         "path": "generated/plugins/copilot/agdf/runtime/create-agdf/runtime/core/lib/control-state/run-store-inspection.js",
2026-10-05T12:04:46.2389757Z         "size": 2164,
2026-10-05T12:04:46.2390124Z         "mode": 420
2026-10-05T12:04:46.2390456Z       },
2026-10-05T12:04:46.2391017Z       {
2026-10-05T12:04:46.2391896Z         "path": "generated/plugins/copilot/agdf/runtime/create-agdf/runtime/core/lib/delivery-continuation/service.js",
2026-10-05T12:04:46.2392561Z         "size": 3947,
2026-10-05T12:04:46.2392915Z         "mode": 420
2026-10-05T12:04:46.2393257Z       },
2026-10-05T12:04:46.2393587Z       {
2026-10-05T12:04:46.2394269Z         "path": "generated/plugins/copilot/agdf/runtime/create-agdf/runtime/core/lib/delivery-path-search/candidate-policy.js",
2026-10-05T12:04:46.2394948Z         "size": 3919,
2026-10-05T12:04:46.2395307Z         "mode": 420
2026-10-05T12:04:46.2395667Z       },
2026-10-05T12:04:46.2396000Z       {
2026-10-05T12:04:46.2396665Z         "path": "generated/plugins/copilot/agdf/runtime/create-agdf/runtime/core/lib/delivery-path-search/contracts.js",
2026-10-05T12:04:46.2397328Z         "size": 15955,
2026-10-05T12:04:46.2397676Z         "mode": 420
2026-10-05T12:04:46.2398047Z       },
2026-10-05T12:04:46.2398384Z       {
2026-10-05T12:04:46.2399048Z         "path": "generated/plugins/copilot/agdf/runtime/create-agdf/runtime/core/lib/delivery-path-search/persistence.js",
2026-10-05T12:04:46.2399746Z         "size": 2521,
2026-10-05T12:04:46.2400099Z         "mode": 420
2026-10-05T12:04:46.2400446Z       },
2026-10-05T12:04:46.2401089Z       {
2026-10-05T12:04:46.2401680Z         "path": "generated/plugins/copilot/agdf/runtime/create-agdf/runtime/core/lib/delivery-path-search/scoring.js",
2026-10-05T12:04:46.2402250Z         "size": 824,
2026-10-05T12:04:46.2402501Z         "mode": 420
2026-10-05T12:04:46.2403015Z       },
2026-10-05T12:04:46.2403351Z       {
2026-10-05T12:04:46.2404045Z         "path": "generated/plugins/copilot/agdf/runtime/create-agdf/runtime/core/lib/delivery-path-search/search-engine.js",
2026-10-05T12:04:46.2404739Z         "size": 11244,
2026-10-05T12:04:46.2405132Z         "mode": 420
2026-10-05T12:04:46.2405549Z       },
2026-10-05T12:04:46.2405960Z       {
2026-10-05T12:04:46.2406966Z         "path": "generated/plugins/copilot/agdf/runtime/create-agdf/runtime/core/lib/delivery-path-search/state-adapter.js",
2026-10-05T12:04:46.2408001Z         "size": 4596,
2026-10-05T12:04:46.2408431Z         "mode": 420
2026-10-05T12:04:46.2408838Z       },
2026-10-05T12:04:46.2409213Z       {
2026-10-05T12:04:46.2410020Z         "path": "generated/plugins/copilot/agdf/runtime/create-agdf/runtime/core/lib/fs-swap.js",
2026-10-05T12:04:46.2411171Z         "size": 916,
2026-10-05T12:04:46.2411607Z         "mode": 420
2026-10-05T12:04:46.2412013Z       },
2026-10-05T12:04:46.2412398Z       {
2026-10-05T12:04:46.2413186Z         "path": "generated/plugins/copilot/agdf/runtime/create-agdf/runtime/core/lib/index.js",
2026-10-05T12:04:46.2413976Z         "size": 954,
2026-10-05T12:04:46.2414406Z         "mode": 420
2026-10-05T12:04:46.2414805Z       },
2026-10-05T12:04:46.2415164Z       {
2026-10-05T12:04:46.2416316Z         "path": "generated/plugins/copilot/agdf/runtime/create-agdf/runtime/core/lib/interaction-catalog-validation.js",
2026-10-05T12:04:46.2417298Z         "size": 1453,
2026-10-05T12:04:46.2417665Z         "mode": 420
2026-10-05T12:04:46.2418011Z       },
2026-10-05T12:04:46.2418350Z       {
2026-10-05T12:04:46.2418973Z         "path": "generated/plugins/copilot/agdf/runtime/create-agdf/runtime/core/lib/interaction-catalog.js",
2026-10-05T12:04:46.2419608Z         "size": 3628,
2026-10-05T12:04:46.2420019Z         "mode": 420
2026-10-05T12:04:46.2420371Z       },
2026-10-05T12:04:46.2420903Z       {
2026-10-05T12:04:46.2421540Z         "path": "generated/plugins/copilot/agdf/runtime/create-agdf/runtime/core/lib/interaction-presentation.js",
2026-10-05T12:04:46.2422271Z         "size": 65120,
2026-10-05T12:04:46.2422641Z         "mode": 420
2026-10-05T12:04:46.2422968Z       },
2026-10-05T12:04:46.2423286Z       {
2026-10-05T12:04:46.2423924Z         "path": "generated/plugins/copilot/agdf/runtime/create-agdf/runtime/core/lib/repository-context-reader.js",
2026-10-05T12:04:46.2424580Z         "size": 3135,
2026-10-05T12:04:46.2424937Z         "mode": 420
2026-10-05T12:04:46.2425467Z       },
2026-10-05T12:04:46.2425788Z       {
2026-10-05T12:04:46.2426379Z         "path": "generated/plugins/copilot/agdf/runtime/create-agdf/runtime/core/lib/resources/binding.js",
2026-10-05T12:04:46.2426998Z         "size": 296,
2026-10-05T12:04:46.2427357Z         "mode": 420
2026-10-05T12:04:46.2427708Z       },
2026-10-05T12:04:46.2428035Z       {
2026-10-05T12:04:46.2428621Z         "path": "generated/plugins/copilot/agdf/runtime/create-agdf/runtime/core/lib/resources/context.js",
2026-10-05T12:04:46.2429235Z         "size": 3469,
2026-10-05T12:04:46.2429585Z         "mode": 420
2026-10-05T12:04:46.2429924Z       },
2026-10-05T12:04:46.2430304Z       {
2026-10-05T12:04:46.2431270Z         "path": "generated/plugins/copilot/agdf/runtime/create-agdf/runtime/core/lib/resources/contracts.js",
2026-10-05T12:04:46.2431900Z         "size": 1513,
2026-10-05T12:04:46.2432269Z         "mode": 420
2026-10-05T12:04:46.2432613Z       },
2026-10-05T12:04:46.2432939Z       {
2026-10-05T12:04:46.2433615Z         "path": "generated/plugins/copilot/agdf/runtime/create-agdf/runtime/core/lib/runtime/distribution-profile-history.js",
2026-10-05T12:04:46.2434311Z         "size": 6077,
2026-10-05T12:04:46.2434669Z         "mode": 420
2026-10-05T12:04:46.2435015Z       },
2026-10-05T12:04:46.2435351Z       {
2026-10-05T12:04:46.2435986Z         "path": "generated/plugins/copilot/agdf/runtime/create-agdf/runtime/core/lib/runtime/plugin-provenance.js",
2026-10-05T12:04:46.2436641Z         "size": 20490,
2026-10-05T12:04:46.2437155Z         "mode": 420
2026-10-05T12:04:46.2437513Z       },
2026-10-05T12:04:46.2437847Z       {
2026-10-05T12:04:46.2438474Z         "path": "generated/plugins/copilot/agdf/runtime/create-agdf/runtime/core/lib/skill-dispatch/binding.js",
2026-10-05T12:04:46.2439106Z         "size": 3647,
2026-10-05T12:04:46.2439448Z         "mode": 420
2026-10-05T12:04:46.2439788Z       },
2026-10-05T12:04:46.2440126Z       {
2026-10-05T12:04:46.2441049Z         "path": "generated/plugins/copilot/agdf/runtime/create-agdf/runtime/core/lib/skill-dispatch/contract.js",
2026-10-05T12:04:46.2441635Z         "size": 27887,
2026-10-05T12:04:46.2441900Z         "mode": 420
2026-10-05T12:04:46.2442190Z       },
2026-10-05T12:04:46.2442520Z       {
2026-10-05T12:04:46.2443184Z         "path": "generated/plugins/copilot/agdf/runtime/create-agdf/runtime/core/lib/skill-dispatch/delivery-intake.js",
2026-10-05T12:04:46.2443851Z         "size": 4635,
2026-10-05T12:04:46.2444204Z         "mode": 420
2026-10-05T12:04:46.2444548Z       },
2026-10-05T12:04:46.2444876Z       {
2026-10-05T12:04:46.2445569Z         "path": "generated/plugins/copilot/agdf/runtime/create-agdf/runtime/core/lib/skill-dispatch/delivery-run-assignment.js",
2026-10-05T12:04:46.2446272Z         "size": 4578,
2026-10-05T12:04:46.2446624Z         "mode": 420
2026-10-05T12:04:46.2446961Z       },
2026-10-05T12:04:46.2447282Z       {
2026-10-05T12:04:46.2447929Z         "path": "generated/plugins/copilot/agdf/runtime/create-agdf/runtime/core/lib/skill-dispatch/prd-definition.js",
2026-10-05T12:04:46.2448645Z         "size": 2845,
2026-10-05T12:04:46.2449093Z         "mode": 420
2026-10-05T12:04:46.2449633Z       },
2026-10-05T12:04:46.2461554Z       {
2026-10-05T12:04:46.2462267Z         "path": "generated/plugins/copilot/agdf/runtime/create-agdf/runtime/core/lib/skill-dispatch/sd-definition.js",
2026-10-05T12:04:46.2462942Z         "size": 2900,
2026-10-05T12:04:46.2463299Z         "mode": 420
2026-10-05T12:04:46.2463658Z       },
2026-10-05T12:04:46.2463993Z       {
2026-10-05T12:04:46.2464649Z         "path": "generated/plugins/copilot/agdf/runtime/create-agdf/runtime/core/lib/skill-dispatch/service.js",
2026-10-05T12:04:46.2465318Z         "size": 40882,
2026-10-05T12:04:46.2465680Z         "mode": 420
2026-10-05T12:04:46.2466028Z       },
2026-10-05T12:04:46.2466357Z       {
2026-10-05T12:04:46.2467016Z         "path": "generated/plugins/copilot/agdf/runtime/create-agdf/runtime/core/lib/task-target-resolution.js",
2026-10-05T12:04:46.2467672Z         "size": 8096,
2026-10-05T12:04:46.2468244Z         "mode": 420
2026-10-05T12:04:46.2468588Z       },
2026-10-05T12:04:46.2468925Z       {
2026-10-05T12:04:46.2469407Z         "path": "generated/plugins/copilot/agdf/runtime/runtime-manifest.json",
2026-10-05T12:04:46.2469933Z         "size": 236,
2026-10-05T12:04:46.2470292Z         "mode": 420
2026-10-05T12:04:46.2470868Z       },
2026-10-05T12:04:46.2471243Z       {
2026-10-05T12:04:46.2472009Z         "path": "generated/plugins/copilot/agdf/skills/agdf-brownfield-analysis/SKILL.md",
2026-10-05T12:04:46.2472562Z         "size": 15460,
2026-10-05T12:04:46.2472903Z         "mode": 420
2026-10-05T12:04:46.2473258Z       },
2026-10-05T12:04:46.2473630Z       {
2026-10-05T12:04:46.2474452Z         "path": "generated/plugins/copilot/agdf/skills/agdf-clean-implementation-review/SKILL.md",
2026-10-05T12:04:46.2475364Z         "size": 7501,
2026-10-05T12:04:46.2475731Z         "mode": 420
2026-10-05T12:04:46.2476068Z       },
2026-10-05T12:04:46.2476404Z       {
2026-10-05T12:04:46.2476930Z         "path": "generated/plugins/copilot/agdf/skills/agdf-code-review/SKILL.md",
2026-10-05T12:04:46.2477470Z         "size": 7600,
2026-10-05T12:04:46.2477832Z         "mode": 420
2026-10-05T12:04:46.2478184Z       },
2026-10-05T12:04:46.2478517Z       {
2026-10-05T12:04:46.2479010Z         "path": "generated/plugins/copilot/agdf/skills/agdf-delivery-closeout/SKILL.md",
2026-10-05T12:04:46.2479561Z         "size": 7162,
2026-10-05T12:04:46.2479920Z         "mode": 420
2026-10-05T12:04:46.2480264Z       },
2026-10-05T12:04:46.2481034Z       {
2026-10-05T12:04:46.2481733Z         "path": "generated/plugins/copilot/agdf/skills/agdf-delivery-path-search/SKILL.md",
2026-10-05T12:04:46.2482307Z         "size": 8000,
2026-10-05T12:04:46.2482746Z         "mode": 420
2026-10-05T12:04:46.2483173Z       },
2026-10-05T12:04:46.2483586Z       {
2026-10-05T12:04:46.2484120Z         "path": "generated/plugins/copilot/agdf/skills/agdf-gate-check/SKILL.md",
2026-10-05T12:04:46.2484669Z         "size": 5485,
2026-10-05T12:04:46.2485029Z         "mode": 420
2026-10-05T12:04:46.2485372Z       },
2026-10-05T12:04:46.2485710Z       {
2026-10-05T12:04:46.2486224Z         "path": "generated/plugins/copilot/agdf/skills/agdf-interaction-locales.json",
2026-10-05T12:04:46.2486784Z         "size": 153294,
2026-10-05T12:04:46.2487154Z         "mode": 420
2026-10-05T12:04:46.2487488Z       },
2026-10-05T12:04:46.2487814Z       {
2026-10-05T12:04:46.2488322Z         "path": "generated/plugins/copilot/agdf/skills/agdf-prd-definition/SKILL.md",
2026-10-05T12:04:46.2488877Z         "size": 3815,
2026-10-05T12:04:46.2489238Z         "mode": 420
2026-10-05T12:04:46.2489556Z       },
2026-10-05T12:04:46.2489883Z       {
2026-10-05T12:04:46.2490364Z         "path": "generated/plugins/copilot/agdf/skills/agdf-qa-gate/SKILL.md",
2026-10-05T12:04:46.2491141Z         "size": 10589,
2026-10-05T12:04:46.2491506Z         "mode": 420
2026-10-05T12:04:46.2491835Z       },
2026-10-05T12:04:46.2492164Z       {
2026-10-05T12:04:46.2492651Z         "path": "generated/plugins/copilot/agdf/skills/agdf-release-or/SKILL.md",
2026-10-05T12:04:46.2493182Z         "size": 9998,
2026-10-05T12:04:46.2493531Z         "mode": 420
2026-10-05T12:04:46.2493875Z       },
2026-10-05T12:04:46.2494208Z       {
2026-10-05T12:04:46.2494705Z         "path": "generated/plugins/copilot/agdf/skills/agdf-runtime-contract.md",
2026-10-05T12:04:46.2495213Z         "size": 1977,
2026-10-05T12:04:46.2495573Z         "mode": 420
2026-10-05T12:04:46.2495919Z       },
2026-10-05T12:04:46.2496252Z       {
2026-10-05T12:04:46.2496757Z         "path": "generated/plugins/copilot/agdf/skills/agdf-sd-definition/SKILL.md",
2026-10-05T12:04:46.2497283Z         "size": 3720,
2026-10-05T12:04:46.2497642Z         "mode": 420
2026-10-05T12:04:46.2497980Z       },
2026-10-05T12:04:46.2498314Z       {
2026-10-05T12:04:46.2498830Z         "path": "generated/plugins/copilot/agdf/skills/agdf-task-plan-review/SKILL.md",
2026-10-05T12:04:46.2499374Z         "size": 8249,
2026-10-05T12:04:46.2499914Z         "mode": 420
2026-10-05T12:04:46.2500271Z       },
2026-10-05T12:04:46.2500783Z       {
2026-10-05T12:04:46.2501218Z         "path": "generated/plugins/copilot/agdf/skills/agdf-ur-definition/SKILL.md",
2026-10-05T12:04:46.2501769Z         "size": 3701,
2026-10-05T12:04:46.2502026Z         "mode": 420
2026-10-05T12:04:46.2502271Z       },
2026-10-05T12:04:46.2502499Z       {
2026-10-05T12:04:46.2502958Z         "path": "generated/plugins/copilot/agdf/skills/agdf-ux-intent-definition/SKILL.md",
2026-10-05T12:04:46.2503501Z         "size": 7284,
2026-10-05T12:04:46.2503865Z         "mode": 420
2026-10-05T12:04:46.2504200Z       },
2026-10-05T12:04:46.2504536Z       {
2026-10-05T12:04:46.2505018Z         "path": "generated/plugins/copilot/agdf/skills/contracts/closeout.md",
2026-10-05T12:04:46.2505538Z         "size": 4196,
2026-10-05T12:04:46.2505895Z         "mode": 420
2026-10-05T12:04:46.2506241Z       },
2026-10-05T12:04:46.2506562Z       {
2026-10-05T12:04:46.2507062Z         "path": "generated/plugins/copilot/agdf/skills/contracts/context-graph.md",
2026-10-05T12:04:46.2507593Z         "size": 2512,
2026-10-05T12:04:46.2507945Z         "mode": 420
2026-10-05T12:04:46.2508285Z       },
2026-10-05T12:04:46.2508603Z       {
2026-10-05T12:04:46.2509121Z         "path": "generated/plugins/copilot/agdf/skills/contracts/control-scaffold.md",
2026-10-05T12:04:46.2509669Z         "size": 11537,
2026-10-05T12:04:46.2510025Z         "mode": 420
2026-10-05T12:04:46.2510378Z       },
2026-10-05T12:04:46.2510882Z       {
2026-10-05T12:04:46.2511486Z         "path": "generated/plugins/copilot/agdf/skills/contracts/gate-artifact-preparation.md",
2026-10-05T12:04:46.2512052Z         "size": 5731,
2026-10-05T12:04:46.2512411Z         "mode": 420
2026-10-05T12:04:46.2512754Z       },
2026-10-05T12:04:46.2513085Z       {
2026-10-05T12:04:46.2513601Z         "path": "generated/plugins/copilot/agdf/skills/contracts/gate-transition.md",
2026-10-05T12:04:46.2514144Z         "size": 17966,
2026-10-05T12:04:46.2514515Z         "mode": 420
2026-10-05T12:04:46.2514880Z       },
2026-10-05T12:04:46.2515210Z       {
2026-10-05T12:04:46.2515694Z         "path": "generated/plugins/copilot/agdf/skills/contracts/interaction.md",
2026-10-05T12:04:46.2516204Z         "size": 46599,
2026-10-05T12:04:46.2516564Z         "mode": 420
2026-10-05T12:04:46.2516907Z       },
2026-10-05T12:04:46.2517233Z       {
2026-10-05T12:04:46.2517686Z         "path": "generated/plugins/copilot/agdf/skills/contracts/modes.md",
2026-10-05T12:04:46.2518174Z         "size": 12906,
2026-10-05T12:04:46.2518528Z         "mode": 420
2026-10-05T12:04:46.2518878Z       },
2026-10-05T12:04:46.2519192Z       {
2026-10-05T12:04:46.2519691Z         "path": "generated/plugins/copilot/agdf/skills/contracts/prd-definition.md",
2026-10-05T12:04:46.2520267Z         "size": 5034,
2026-10-05T12:04:46.2520812Z         "mode": 420
2026-10-05T12:04:46.2521105Z       },
2026-10-05T12:04:46.2521342Z       {
2026-10-05T12:04:46.2521745Z         "path": "generated/plugins/copilot/agdf/skills/contracts/quality.md",
2026-10-05T12:04:46.2522244Z         "size": 8692,
2026-10-05T12:04:46.2522601Z         "mode": 420
2026-10-05T12:04:46.2522944Z       },
2026-10-05T12:04:46.2523272Z       {
2026-10-05T12:04:46.2523785Z         "path": "generated/plugins/copilot/agdf/skills/contracts/request-activation.md",
2026-10-05T12:04:46.2524346Z         "size": 18822,
2026-10-05T12:04:46.2524710Z         "mode": 420
2026-10-05T12:04:46.2525054Z       },
2026-10-05T12:04:46.2525385Z       {
2026-10-05T12:04:46.2525883Z         "path": "generated/plugins/copilot/agdf/skills/contracts/sd-definition.md",
2026-10-05T12:04:46.2526413Z         "size": 4617,
2026-10-05T12:04:46.2526768Z         "mode": 420
2026-10-05T12:04:46.2527111Z       },
2026-10-05T12:04:46.2527435Z       {
2026-10-05T12:04:46.2527968Z         "path": "generated/plugins/copilot/agdf/skills/contracts/task-target-resolution.md",
2026-10-05T12:04:46.2528536Z         "size": 8919,
2026-10-05T12:04:46.2528894Z         "mode": 420
2026-10-05T12:04:46.2529375Z       },
2026-10-05T12:04:46.2529712Z       {
2026-10-05T12:04:46.2530209Z         "path": "generated/plugins/copilot/agdf/skills/contracts/ur-definition.md",
2026-10-05T12:04:46.2530960Z         "size": 3139,
2026-10-05T12:04:46.2531331Z         "mode": 420
2026-10-05T12:04:46.2531682Z       },
2026-10-05T12:04:46.2532007Z       {
2026-10-05T12:04:46.2532499Z         "path": "generated/submissions/openai/agdf/.codex-plugin/plugin.json",
2026-10-05T12:04:46.2533020Z         "size": 1889,
2026-10-05T12:04:46.2533386Z         "mode": 420
2026-10-05T12:04:46.2533732Z       },
2026-10-05T12:04:46.2534054Z       {
2026-10-05T12:04:46.2534517Z         "path": "generated/submissions/openai/agdf/assets/agdf-icon.svg",
2026-10-05T12:04:46.2535030Z         "size": 924,
2026-10-05T12:04:46.2535398Z         "mode": 420
2026-10-05T12:04:46.2535748Z       },
2026-10-05T12:04:46.2536078Z       {
2026-10-05T12:04:46.2536531Z         "path": "generated/submissions/openai/agdf/assets/agdf-logo.svg",
2026-10-05T12:04:46.2537032Z         "size": 962,
2026-10-05T12:04:46.2537383Z         "mode": 420
2026-10-05T12:04:46.2537723Z       },
2026-10-05T12:04:46.2538050Z       {
2026-10-05T12:04:46.2538524Z         "path": "generated/submissions/openai/agdf/meta/agdf-agent-router.md",
2026-10-05T12:04:46.2539037Z         "size": 12317,
2026-10-05T12:04:46.2539394Z         "mode": 420
2026-10-05T12:04:46.2539734Z       },
2026-10-05T12:04:46.2540054Z       {
2026-10-05T12:04:46.2540853Z         "path": "generated/submissions/openai/agdf/meta/agdf-constitution.md",
2026-10-05T12:04:46.2541383Z         "size": 8709,
2026-10-05T12:04:46.2541721Z         "mode": 420
2026-10-05T12:04:46.2542076Z       },
2026-10-05T12:04:46.2542408Z       {
2026-10-05T12:04:46.2542934Z         "path": "generated/submissions/openai/agdf/meta/agdf-interaction-locales.json",
2026-10-05T12:04:46.2543499Z         "size": 153294,
2026-10-05T12:04:46.2543858Z         "mode": 420
2026-10-05T12:04:46.2544200Z       },
2026-10-05T12:04:46.2544522Z       {
2026-10-05T12:04:46.2545048Z         "path": "generated/submissions/openai/agdf/meta/agdf-plugin.definition.json",
2026-10-05T12:04:46.2545597Z         "size": 18450,
2026-10-05T12:04:46.2545953Z         "mode": 420
2026-10-05T12:04:46.2546287Z       },
2026-10-05T12:04:46.2546615Z       {
2026-10-05T12:04:46.2547123Z         "path": "generated/submissions/openai/agdf/meta/agdf-runtime-contract.md",
2026-10-05T12:04:46.2547682Z         "size": 1977,
2026-10-05T12:04:46.2548048Z         "mode": 420
2026-10-05T12:04:46.2548389Z       },
2026-10-05T12:04:46.2548719Z       {
2026-10-05T12:04:46.2549197Z         "path": "generated/submissions/openai/agdf/meta/agdf-tenets.md",
2026-10-05T12:04:46.2549698Z         "size": 8945,
2026-10-05T12:04:46.2550061Z         "mode": 420
2026-10-05T12:04:46.2550412Z       },
2026-10-05T12:04:46.2550936Z       {
2026-10-05T12:04:46.2551458Z         "path": "generated/submissions/openai/agdf/meta/agent-skills-conformance.json",
2026-10-05T12:04:46.2552018Z         "size": 1867,
2026-10-05T12:04:46.2552376Z         "mode": 420
2026-10-05T12:04:46.2552722Z       },
2026-10-05T12:04:46.2553048Z       {
2026-10-05T12:04:46.2553529Z         "path": "generated/submissions/openai/agdf/meta/contracts/closeout.md",
2026-10-05T12:04:46.2554053Z         "size": 4196,
2026-10-05T12:04:46.2554410Z         "mode": 420
2026-10-05T12:04:46.2554756Z       },
2026-10-05T12:04:46.2555078Z       {
2026-10-05T12:04:46.2555581Z         "path": "generated/submissions/openai/agdf/meta/contracts/context-graph.md",
2026-10-05T12:04:46.2556121Z         "size": 2512,
2026-10-05T12:04:46.2556478Z         "mode": 420
2026-10-05T12:04:46.2556812Z       },
2026-10-05T12:04:46.2557144Z       {
2026-10-05T12:04:46.2557660Z         "path": "generated/submissions/openai/agdf/meta/contracts/control-scaffold.md",
2026-10-05T12:04:46.2558202Z         "size": 11537,
2026-10-05T12:04:46.2558570Z         "mode": 420
2026-10-05T12:04:46.2558909Z       },
2026-10-05T12:04:46.2559228Z       {
2026-10-05T12:04:46.2559773Z         "path": "generated/submissions/openai/agdf/meta/contracts/gate-artifact-preparation.md",
2026-10-05T12:04:46.2560493Z         "size": 5731,
2026-10-05T12:04:46.2561024Z         "mode": 420
2026-10-05T12:04:46.2561368Z       },
2026-10-05T12:04:46.2561706Z       {
2026-10-05T12:04:46.2562219Z         "path": "generated/submissions/openai/agdf/meta/contracts/gate-transition.md",
2026-10-05T12:04:46.2562765Z         "size": 17966,
2026-10-05T12:04:46.2563126Z         "mode": 420
2026-10-05T12:04:46.2563469Z       },
2026-10-05T12:04:46.2563803Z       {
2026-10-05T12:04:46.2564294Z         "path": "generated/submissions/openai/agdf/meta/contracts/interaction.md",
2026-10-05T12:04:46.2564821Z         "size": 46617,
2026-10-05T12:04:46.2565180Z         "mode": 420
2026-10-05T12:04:46.2565516Z       },
2026-10-05T12:04:46.2565846Z       {
2026-10-05T12:04:46.2566320Z         "path": "generated/submissions/openai/agdf/meta/contracts/modes.md",
2026-10-05T12:04:46.2566806Z         "size": 12906,
2026-10-05T12:04:46.2567167Z         "mode": 420
2026-10-05T12:04:46.2567513Z       },
2026-10-05T12:04:46.2567843Z       {
2026-10-05T12:04:46.2568355Z         "path": "generated/submissions/openai/agdf/meta/contracts/prd-definition.md",
2026-10-05T12:04:46.2568894Z         "size": 5034,
2026-10-05T12:04:46.2569253Z         "mode": 420
2026-10-05T12:04:46.2569600Z       },
2026-10-05T12:04:46.2569936Z       {
2026-10-05T12:04:46.2570415Z         "path": "generated/submissions/openai/agdf/meta/contracts/quality.md",
2026-10-05T12:04:46.2571238Z         "size": 8692,
2026-10-05T12:04:46.2571608Z         "mode": 420
2026-10-05T12:04:46.2571953Z       },
2026-10-05T12:04:46.2572271Z       {
2026-10-05T12:04:46.2572796Z         "path": "generated/submissions/openai/agdf/meta/contracts/request-activation.md",
2026-10-05T12:04:46.2573343Z         "size": 18822,
2026-10-05T12:04:46.2573696Z         "mode": 420
2026-10-05T12:04:46.2574037Z       },
2026-10-05T12:04:46.2574366Z       {
2026-10-05T12:04:46.2574865Z         "path": "generated/submissions/openai/agdf/meta/contracts/sd-definition.md",
2026-10-05T12:04:46.2575403Z         "size": 4617,
2026-10-05T12:04:46.2575772Z         "mode": 420
2026-10-05T12:04:46.2576114Z       },
2026-10-05T12:04:46.2576439Z       {
2026-10-05T12:04:46.2576990Z         "path": "generated/submissions/openai/agdf/meta/contracts/task-target-resolution.md",
2026-10-05T12:04:46.2577554Z         "size": 8919,
2026-10-05T12:04:46.2577905Z         "mode": 420
2026-10-05T12:04:46.2578249Z       },
2026-10-05T12:04:46.2578569Z       {
2026-10-05T12:04:46.2579061Z         "path": "generated/submissions/openai/agdf/meta/contracts/ur-definition.md",
2026-10-05T12:04:46.2579568Z         "size": 3139,
2026-10-05T12:04:46.2579922Z         "mode": 420
2026-10-05T12:04:46.2580252Z       },
2026-10-05T12:04:46.2580721Z       {
2026-10-05T12:04:46.2581249Z         "path": "generated/submissions/openai/agdf/meta/copilot-payload-baseline.json",
2026-10-05T12:04:46.2581799Z         "size": 276,
2026-10-05T12:04:46.2582139Z         "mode": 420
2026-10-05T12:04:46.2582490Z       },
2026-10-05T12:04:46.2582815Z       {
2026-10-05T12:04:46.2583344Z         "path": "generated/submissions/openai/agdf/meta/distribution-profile-history.json",
2026-10-05T12:04:46.2583903Z         "size": 4398,
2026-10-05T12:04:46.2584255Z         "mode": 420
2026-10-05T12:04:46.2584599Z       },
2026-10-05T12:04:46.2584916Z       {
2026-10-05T12:04:46.2585486Z         "path": "generated/submissions/openai/agdf/meta/schemas/agent-plugins/1.0.0/mcp.schema.json",
2026-10-05T12:04:46.2586066Z         "size": 3408,
2026-10-05T12:04:46.2586428Z         "mode": 420
2026-10-05T12:04:46.2586768Z       },
2026-10-05T12:04:46.2587096Z       {
2026-10-05T12:04:46.2587669Z         "path": "generated/submissions/openai/agdf/meta/schemas/agent-plugins/1.0.0/plugin.schema.json",
2026-10-05T12:04:46.2588289Z         "size": 1805,
2026-10-05T12:04:46.2588644Z         "mode": 420
2026-10-05T12:04:46.2588985Z       },
2026-10-05T12:04:46.2589318Z       {
2026-10-05T12:04:46.2590016Z         "path": "generated/submissions/openai/agdf/meta/schemas/agent-plugins/1.0.0/provenance.json",
2026-10-05T12:04:46.2590726Z         "size": 539,
2026-10-05T12:04:46.2591090Z         "mode": 420
2026-10-05T12:04:46.2591423Z       },
2026-10-05T12:04:46.2591756Z       {
2026-10-05T12:04:46.2592183Z         "path": "generated/submissions/openai/agdf/plugin.json",
2026-10-05T12:04:46.2592656Z         "size": 2104,
2026-10-05T12:04:46.2593013Z         "mode": 420
2026-10-05T12:04:46.2593354Z       },
2026-10-05T12:04:46.2593688Z       {
2026-10-05T12:04:46.2594209Z         "path": "generated/submissions/openai/agdf/skills/brownfield-analysis/help.md",
2026-10-05T12:04:46.2594756Z         "size": 497,
2026-10-05T12:04:46.2595101Z         "mode": 420
2026-10-05T12:04:46.2595430Z       },
2026-10-05T12:04:46.2595757Z       {
2026-10-05T12:04:46.2596289Z         "path": "generated/submissions/openai/agdf/skills/brownfield-analysis/SKILL.md",
2026-10-05T12:04:46.2596832Z         "size": 15519,
2026-10-05T12:04:46.2597174Z         "mode": 420
2026-10-05T12:04:46.2597514Z       },
2026-10-05T12:04:46.2597843Z       {
2026-10-05T12:04:46.2598391Z         "path": "generated/submissions/openai/agdf/skills/clean-implementation-review/help.md",
2026-10-05T12:04:46.2598962Z         "size": 520,
2026-10-05T12:04:46.2599317Z         "mode": 420
2026-10-05T12:04:46.2599663Z       },
2026-10-05T12:04:46.2599985Z       {
2026-10-05T12:04:46.2600540Z         "path": "generated/submissions/openai/agdf/skills/clean-implementation-review/SKILL.md",
2026-10-05T12:04:46.2601549Z         "size": 7536,
2026-10-05T12:04:46.2601912Z         "mode": 420
2026-10-05T12:04:46.2602259Z       },
2026-10-05T12:04:46.2602584Z       {
2026-10-05T12:04:46.2603058Z         "path": "generated/submissions/openai/agdf/skills/code-review/help.md",
2026-10-05T12:04:46.2603570Z         "size": 407,
2026-10-05T12:04:46.2603930Z         "mode": 420
2026-10-05T12:04:46.2604276Z       },
2026-10-05T12:04:46.2604595Z       {
2026-10-05T12:04:46.2605090Z         "path": "generated/submissions/openai/agdf/skills/code-review/SKILL.md",
2026-10-05T12:04:46.2605599Z         "size": 7635,
2026-10-05T12:04:46.2605958Z         "mode": 420
2026-10-05T12:04:46.2606308Z       },
2026-10-05T12:04:46.2606619Z       {
2026-10-05T12:04:46.2607131Z         "path": "generated/submissions/openai/agdf/skills/delivery-closeout/help.md",
2026-10-05T12:04:46.2607661Z         "size": 416,
2026-10-05T12:04:46.2608011Z         "mode": 420
2026-10-05T12:04:46.2608345Z       },
2026-10-05T12:04:46.2608667Z       {
2026-10-05T12:04:46.2609176Z         "path": "generated/submissions/openai/agdf/skills/delivery-closeout/SKILL.md",
2026-10-05T12:04:46.2609718Z         "size": 7197,
2026-10-05T12:04:46.2610068Z         "mode": 420
2026-10-05T12:04:46.2610415Z       },
2026-10-05T12:04:46.2610869Z       {
2026-10-05T12:04:46.2611389Z         "path": "generated/submissions/openai/agdf/skills/delivery-path-search/help.md",
2026-10-05T12:04:46.2611934Z         "size": 555,
2026-10-05T12:04:46.2612292Z         "mode": 420
2026-10-05T12:04:46.2612632Z       },
2026-10-05T12:04:46.2612959Z       {
2026-10-05T12:04:46.2613484Z         "path": "generated/submissions/openai/agdf/skills/delivery-path-search/SKILL.md",
2026-10-05T12:04:46.2614035Z         "size": 8035,
2026-10-05T12:04:46.2614388Z         "mode": 420
2026-10-05T12:04:46.2614735Z       },
2026-10-05T12:04:46.2615060Z       {
2026-10-05T12:04:46.2615535Z         "path": "generated/submissions/openai/agdf/skills/gate-check/help.md",
2026-10-05T12:04:46.2616067Z         "size": 430,
2026-10-05T12:04:46.2616428Z         "mode": 420
2026-10-05T12:04:46.2616772Z       },
2026-10-05T12:04:46.2617102Z       {
2026-10-05T12:04:46.2617592Z         "path": "generated/submissions/openai/agdf/skills/gate-check/SKILL.md",
2026-10-05T12:04:46.2618113Z         "size": 5536,
2026-10-05T12:04:46.2618476Z         "mode": 420
2026-10-05T12:04:46.2618827Z       },
2026-10-05T12:04:46.2619159Z       {
2026-10-05T12:04:46.2619657Z         "path": "generated/submissions/openai/agdf/skills/prd-definition/help.md",
2026-10-05T12:04:46.2620756Z         "size": 551,
2026-10-05T12:04:46.2621269Z         "mode": 420
2026-10-05T12:04:46.2621701Z       },
2026-10-05T12:04:46.2622090Z       {
2026-10-05T12:04:46.2622839Z         "path": "generated/submissions/openai/agdf/skills/prd-definition/SKILL.md",
2026-10-05T12:04:46.2623664Z         "size": 3842,
2026-10-05T12:04:46.2624117Z         "mode": 420
2026-10-05T12:04:46.2624553Z       },
2026-10-05T12:04:46.2624940Z       {
2026-10-05T12:04:46.2625609Z         "path": "generated/submissions/openai/agdf/skills/qa-gate/help.md",
2026-10-05T12:04:46.2626358Z         "size": 385,
2026-10-05T12:04:46.2626789Z         "mode": 420
2026-10-05T12:04:46.2627210Z       },
2026-10-05T12:04:46.2627601Z       {
2026-10-05T12:04:46.2628293Z         "path": "generated/submissions/openai/agdf/skills/qa-gate/SKILL.md",
2026-10-05T12:04:46.2629051Z         "size": 10640,
2026-10-05T12:04:46.2629514Z         "mode": 420
2026-10-05T12:04:46.2629954Z       },
2026-10-05T12:04:46.2630211Z       {
2026-10-05T12:04:46.2630912Z         "path": "generated/submissions/openai/agdf/skills/release-or/help.md",
2026-10-05T12:04:46.2631438Z         "size": 447,
2026-10-05T12:04:46.2631798Z         "mode": 420
2026-10-05T12:04:46.2632146Z       },
2026-10-05T12:04:46.2632484Z       {
2026-10-05T12:04:46.2632979Z         "path": "generated/submissions/openai/agdf/skills/release-or/SKILL.md",
2026-10-05T12:04:46.2633511Z         "size": 10049,
2026-10-05T12:04:46.2633874Z         "mode": 420
2026-10-05T12:04:46.2634405Z       },
2026-10-05T12:04:46.2634787Z       {
2026-10-05T12:04:46.2635391Z         "path": "generated/submissions/openai/agdf/skills/sd-definition/help.md",
2026-10-05T12:04:46.2635931Z         "size": 531,
2026-10-05T12:04:46.2636311Z         "mode": 420
2026-10-05T12:04:46.2636726Z       },
2026-10-05T12:04:46.2637121Z       {
2026-10-05T12:04:46.2637657Z         "path": "generated/submissions/openai/agdf/skills/sd-definition/SKILL.md",
2026-10-05T12:04:46.2638195Z         "size": 3747,
2026-10-05T12:04:46.2638559Z         "mode": 420
2026-10-05T12:04:46.2638912Z       },
2026-10-05T12:04:46.2639241Z       {
2026-10-05T12:04:46.2639758Z         "path": "generated/submissions/openai/agdf/skills/task-plan-review/help.md",
2026-10-05T12:04:46.2640290Z         "size": 457,
2026-10-05T12:04:46.2640848Z         "mode": 420
2026-10-05T12:04:46.2641234Z       },
2026-10-05T12:04:46.2641568Z       {
2026-10-05T12:04:46.2642073Z         "path": "generated/submissions/openai/agdf/skills/task-plan-review/SKILL.md",
2026-10-05T12:04:46.2642611Z         "size": 8292,
2026-10-05T12:04:46.2642976Z         "mode": 420
2026-10-05T12:04:46.2643324Z       },
2026-10-05T12:04:46.2643653Z       {
2026-10-05T12:04:46.2644147Z         "path": "generated/submissions/openai/agdf/skills/ur-definition/help.md",
2026-10-05T12:04:46.2644679Z         "size": 524,
2026-10-05T12:04:46.2645037Z         "mode": 420
2026-10-05T12:04:46.2645384Z       },
2026-10-05T12:04:46.2645720Z       {
2026-10-05T12:04:46.2646215Z         "path": "generated/submissions/openai/agdf/skills/ur-definition/SKILL.md",
2026-10-05T12:04:46.2646738Z         "size": 3720,
2026-10-05T12:04:46.2647093Z         "mode": 420
2026-10-05T12:04:46.2647435Z       },
2026-10-05T12:04:46.2647753Z       {
2026-10-05T12:04:46.2648269Z         "path": "generated/submissions/openai/agdf/skills/ux-intent-definition/help.md",
2026-10-05T12:04:46.2648806Z         "size": 540,
2026-10-05T12:04:46.2649160Z         "mode": 420
2026-10-05T12:04:46.2649503Z       },
2026-10-05T12:04:46.2649827Z       {
2026-10-05T12:04:46.2650351Z         "path": "generated/submissions/openai/agdf/skills/ux-intent-definition/SKILL.md",
2026-10-05T12:04:46.2651032Z         "size": 7311,
2026-10-05T12:04:46.2651283Z         "mode": 420
2026-10-05T12:04:46.2651518Z       },
2026-10-05T12:04:46.2651736Z       {
2026-10-05T12:04:46.2652167Z         "path": "generated/submissions/openai/agdf/submission/openai/availability.md",
2026-10-05T12:04:46.2652890Z         "size": 763,
2026-10-05T12:04:46.2653251Z         "mode": 420
2026-10-05T12:04:46.2653602Z       },
2026-10-05T12:04:46.2653931Z       {
2026-10-05T12:04:46.2654478Z         "path": "generated/submissions/openai/agdf/submission/openai/capability-matrix.json",
2026-10-05T12:04:46.2655063Z         "size": 2107,
2026-10-05T12:04:46.2655424Z         "mode": 420
2026-10-05T12:04:46.2655768Z       },
2026-10-05T12:04:46.2656098Z       {
2026-10-05T12:04:46.2656626Z         "path": "generated/submissions/openai/agdf/submission/openai/inventory.json",
2026-10-05T12:04:46.2657184Z         "size": 8870,
2026-10-05T12:04:46.2657538Z         "mode": 420
2026-10-05T12:04:46.2657885Z       },
2026-10-05T12:04:46.2658210Z       {
2026-10-05T12:04:46.2658715Z         "path": "generated/submissions/openai/agdf/submission/openai/listing.json",
2026-10-05T12:04:46.2659244Z         "size": 1745,
2026-10-05T12:04:46.2659599Z         "mode": 420
2026-10-05T12:04:46.2659940Z       },
2026-10-05T12:04:46.2660259Z       {
2026-10-05T12:04:46.2660981Z         "path": "generated/submissions/openai/agdf/submission/openai/readiness.json",
2026-10-05T12:04:46.2661535Z         "size": 1138,
2026-10-05T12:04:46.2661900Z         "mode": 420
2026-10-05T12:04:46.2662253Z       },
2026-10-05T12:04:46.2662585Z       {
2026-10-05T12:04:46.2663081Z         "path": "generated/submissions/openai/agdf/submission/openai/readiness.md",
2026-10-05T12:04:46.2663604Z         "size": 920,
2026-10-05T12:04:46.2663958Z         "mode": 420
2026-10-05T12:04:46.2664298Z       },
2026-10-05T12:04:46.2664767Z       {
2026-10-05T12:04:46.2665283Z         "path": "generated/submissions/openai/agdf/submission/openai/release-notes.md",
2026-10-05T12:04:46.2665819Z         "size": 2461,
2026-10-05T12:04:46.2666169Z         "mode": 420
2026-10-05T12:04:46.2666519Z       },
2026-10-05T12:04:46.2666845Z       {
2026-10-05T12:04:46.2667374Z         "path": "generated/submissions/openai/agdf/submission/openai/reviewer-cases.json",
2026-10-05T12:04:46.2667935Z         "size": 6324,
2026-10-05T12:04:46.2668296Z         "mode": 420
2026-10-05T12:04:46.2668626Z       },
2026-10-05T12:04:46.2668955Z       {
2026-10-05T12:04:46.2669334Z         "path": "lib/cli/application.js",
2026-10-05T12:04:46.2669750Z         "size": 50643,
2026-10-05T12:04:46.2670109Z         "mode": 420
2026-10-05T12:04:46.2670453Z       },
2026-10-05T12:04:46.2670979Z       {
2026-10-05T12:04:46.2671385Z         "path": "lib/cli/command-registry.js",
2026-10-05T12:04:46.2671835Z         "size": 25352,
2026-10-05T12:04:46.2672200Z         "mode": 420
2026-10-05T12:04:46.2672543Z       },
2026-10-05T12:04:46.2672872Z       {
2026-10-05T12:04:46.2673253Z         "path": "lib/cli/contract-command.js",
2026-10-05T12:04:46.2673682Z         "size": 1796,
2026-10-05T12:04:46.2674036Z         "mode": 420
2026-10-05T12:04:46.2674391Z       },
2026-10-05T12:04:46.2674718Z       {
2026-10-05T12:04:46.2675137Z         "path": "lib/cli/control-maintenance-command.js",
2026-10-05T12:04:46.2675600Z         "size": 2514,
2026-10-05T12:04:46.2675963Z         "mode": 420
2026-10-05T12:04:46.2676302Z       },
2026-10-05T12:04:46.2676634Z       {
2026-10-05T12:04:46.2677058Z         "path": "lib/cli/delivery-path-search-command.js",
2026-10-05T12:04:46.2677517Z         "size": 9065,
2026-10-05T12:04:46.2677873Z         "mode": 420
2026-10-05T12:04:46.2678222Z       },
2026-10-05T12:04:46.2678547Z       {
2026-10-05T12:04:46.2678918Z         "path": "lib/cli/parse-args.js",
2026-10-05T12:04:46.2679339Z         "size": 13953,
2026-10-05T12:04:46.2679708Z         "mode": 420
2026-10-05T12:04:46.2680048Z       },
2026-10-05T12:04:46.2680371Z       {
2026-10-05T12:04:46.2680969Z         "path": "lib/cli/runtime-context.js",
2026-10-05T12:04:46.2681352Z         "size": 2217,
2026-10-05T12:04:46.2681705Z         "mode": 420
2026-10-05T12:04:46.2682051Z       },
2026-10-05T12:04:46.2682373Z       {
2026-10-05T12:04:46.2682761Z         "path": "lib/cli/validation-handlers.js",
2026-10-05T12:04:46.2683193Z         "size": 11734,
2026-10-05T12:04:46.2683699Z         "mode": 420
2026-10-05T12:04:46.2684042Z       },
2026-10-05T12:04:46.2684365Z       {
2026-10-05T12:04:46.2684742Z         "path": "lib/control-command.js",
2026-10-05T12:04:46.2685152Z         "size": 413,
2026-10-05T12:04:46.2685508Z         "mode": 420
2026-10-05T12:04:46.2685858Z       },
2026-10-05T12:04:46.2686182Z       {
2026-10-05T12:04:46.2686612Z         "path": "lib/control-evaluation/git-observation.js",
2026-10-05T12:04:46.2687078Z         "size": 641,
2026-10-05T12:04:46.2687434Z         "mode": 420
2026-10-05T12:04:46.2687773Z       },
2026-10-05T12:04:46.2688098Z       {
2026-10-05T12:04:46.2688515Z         "path": "lib/control-maintenance/interaction.js",
2026-10-05T12:04:46.2688967Z         "size": 1279,
2026-10-05T12:04:46.2689325Z         "mode": 420
2026-10-05T12:04:46.2689681Z       },
2026-10-05T12:04:46.2690010Z       {
2026-10-05T12:04:46.2690402Z         "path": "lib/control-maintenance/repair.js",
2026-10-05T12:04:46.2691067Z         "size": 421,
2026-10-05T12:04:46.2691390Z         "mode": 420
2026-10-05T12:04:46.2691720Z       },
2026-10-05T12:04:46.2692043Z       {
2026-10-05T12:04:46.2692448Z         "path": "lib/control-maintenance/service.js",
2026-10-05T12:04:46.2692886Z         "size": 264,
2026-10-05T12:04:46.2693231Z         "mode": 420
2026-10-05T12:04:46.2693569Z       },
2026-10-05T12:04:46.2693888Z       {
2026-10-05T12:04:46.2694285Z         "path": "lib/control-maintenance/startup.js",
2026-10-05T12:04:46.2694724Z         "size": 1683,
2026-10-05T12:04:46.2695202Z         "mode": 420
2026-10-05T12:04:46.2695601Z       },
2026-10-05T12:04:46.2695913Z       {
2026-10-05T12:04:46.2696311Z         "path": "lib/control-state/run-recovery.js",
2026-10-05T12:04:46.2696747Z         "size": 526,
2026-10-05T12:04:46.2697095Z         "mode": 420
2026-10-05T12:04:46.2697432Z       },
2026-10-05T12:04:46.2697747Z       {
2026-10-05T12:04:46.2698172Z         "path": "lib/delivery-path-search/evaluators/claude.js",
2026-10-05T12:04:46.2698650Z         "size": 1525,
2026-10-05T12:04:46.2699003Z         "mode": 420
2026-10-05T12:04:46.2699346Z       },
2026-10-05T12:04:46.2699662Z       {
2026-10-05T12:04:46.2700100Z         "path": "lib/delivery-path-search/evaluators/codex.js",
2026-10-05T12:04:46.2700727Z         "size": 1919,
2026-10-05T12:04:46.2701094Z         "mode": 420
2026-10-05T12:04:46.2701453Z       },
2026-10-05T12:04:46.2701785Z       {
2026-10-05T12:04:46.2702216Z         "path": "lib/delivery-path-search/evaluators/opencode.js",
2026-10-05T12:04:46.2702689Z         "size": 8924,
2026-10-05T12:04:46.2703041Z         "mode": 420
2026-10-05T12:04:46.2703389Z       },
2026-10-05T12:04:46.2703721Z       {
2026-10-05T12:04:46.2704152Z         "path": "lib/delivery-path-search/evaluators/prompt.js",
2026-10-05T12:04:46.2704635Z         "size": 753,
2026-10-05T12:04:46.2704993Z         "mode": 420
2026-10-05T12:04:46.2705388Z       },
2026-10-05T12:04:46.2705710Z       {
2026-10-05T12:04:46.2706139Z         "path": "lib/delivery-path-search/evaluators/protocol.js",
2026-10-05T12:04:46.2706622Z         "size": 470,
2026-10-05T12:04:46.2706970Z         "mode": 420
2026-10-05T12:04:46.2707313Z       },
2026-10-05T12:04:46.2707634Z       {
2026-10-05T12:04:46.2708052Z         "path": "lib/delivery-path-search/generators/claude.js",
2026-10-05T12:04:46.2708516Z         "size": 2203,
2026-10-05T12:04:46.2708871Z         "mode": 420
2026-10-05T12:04:46.2709209Z       },
2026-10-05T12:04:46.2709534Z       {
2026-10-05T12:04:46.2709951Z         "path": "lib/delivery-path-search/generators/codex.js",
2026-10-05T12:04:46.2710390Z         "size": 2187,
2026-10-05T12:04:46.2710849Z         "mode": 420
2026-10-05T12:04:46.2711187Z       },
2026-10-05T12:04:46.2711509Z       {
2026-10-05T12:04:46.2711939Z         "path": "lib/delivery-path-search/generators/protocol.js",
2026-10-05T12:04:46.2712415Z         "size": 389,
2026-10-05T12:04:46.2712766Z         "mode": 420
2026-10-05T12:04:46.2713115Z       },
2026-10-05T12:04:46.2713435Z       {
2026-10-05T12:04:46.2713878Z         "path": "lib/delivery-path-search/surfaces/capabilities.js",
2026-10-05T12:04:46.2714527Z         "size": 1161,
2026-10-05T12:04:46.2714882Z         "mode": 420
2026-10-05T12:04:46.2715221Z       },
2026-10-05T12:04:46.2715555Z       {
2026-10-05T12:04:46.2715999Z         "path": "lib/delivery-path-search/transports/read-only-guard.js",
2026-10-05T12:04:46.2716491Z         "size": 1271,
2026-10-05T12:04:46.2716843Z         "mode": 420
2026-10-05T12:04:46.2717192Z       },
2026-10-05T12:04:46.2717525Z       {
2026-10-05T12:04:46.2717954Z         "path": "lib/host-adapters/claude/loaded-sessions.js",
2026-10-05T12:04:46.2718432Z         "size": 1927,
2026-10-05T12:04:46.2718783Z         "mode": 420
2026-10-05T12:04:46.2719124Z       },
2026-10-05T12:04:46.2719449Z       {
2026-10-05T12:04:46.2719894Z         "path": "lib/host-adapters/claude/marketplace.js",
2026-10-05T12:04:46.2720345Z         "size": 131,
2026-10-05T12:04:46.2720837Z         "mode": 420
2026-10-05T12:04:46.2721189Z       },
2026-10-05T12:04:46.2721523Z       {
2026-10-05T12:04:46.2721952Z         "path": "lib/host-adapters/claude/permission-rules.js",
2026-10-05T12:04:46.2722426Z         "size": 1149,
2026-10-05T12:04:46.2722780Z         "mode": 420
2026-10-05T12:04:46.2723126Z       },
2026-10-05T12:04:46.2723462Z       {
2026-10-05T12:04:46.2723876Z         "path": "lib/host-adapters/claude/plugin-mcp.js",
2026-10-05T12:04:46.2733542Z         "size": 1936,
2026-10-05T12:04:46.2733995Z         "mode": 420
2026-10-05T12:04:46.2734440Z       },
2026-10-05T12:04:46.2735040Z       {
2026-10-05T12:04:46.2735596Z         "path": "lib/host-adapters/claude/plugin.js",
2026-10-05T12:04:46.2736192Z         "size": 8982,
2026-10-05T12:04:46.2736628Z         "mode": 420
2026-10-05T12:04:46.2737043Z       },
2026-10-05T12:04:46.2737422Z       {
2026-10-05T12:04:46.2737980Z         "path": "lib/host-adapters/claude/runtime-check.js",
2026-10-05T12:04:46.2738604Z         "size": 1747,
2026-10-05T12:04:46.2739037Z         "mode": 420
2026-10-05T12:04:46.2739460Z       },
2026-10-05T12:04:46.2739834Z       {
2026-10-05T12:04:46.2740421Z         "path": "lib/host-adapters/claude/session-command.js",
2026-10-05T12:04:46.2741297Z         "size": 165,
2026-10-05T12:04:46.2741732Z         "mode": 420
2026-10-05T12:04:46.2742156Z       },
2026-10-05T12:04:46.2742492Z       {
2026-10-05T12:04:46.2742929Z         "path": "lib/host-adapters/claude/uninstall.js",
2026-10-05T12:04:46.2743395Z         "size": 4583,
2026-10-05T12:04:46.2743750Z         "mode": 420
2026-10-05T12:04:46.2744100Z       },
2026-10-05T12:04:46.2744437Z       {
2026-10-05T12:04:46.2744852Z         "path": "lib/host-adapters/codex/identity.js",
2026-10-05T12:04:46.2745295Z         "size": 840,
2026-10-05T12:04:46.2745647Z         "mode": 420
2026-10-05T12:04:46.2745983Z       },
2026-10-05T12:04:46.2746304Z       {
2026-10-05T12:04:46.2746712Z         "path": "lib/host-adapters/codex/plugin-mcp.js",
2026-10-05T12:04:46.2747159Z         "size": 2066,
2026-10-05T12:04:46.2747510Z         "mode": 420
2026-10-05T12:04:46.2747858Z       },
2026-10-05T12:04:46.2748188Z       {
2026-10-05T12:04:46.2748579Z         "path": "lib/host-adapters/codex/plugin.js",
2026-10-05T12:04:46.2749024Z         "size": 12230,
2026-10-05T12:04:46.2749389Z         "mode": 420
2026-10-05T12:04:46.2749733Z       },
2026-10-05T12:04:46.2750055Z       {
2026-10-05T12:04:46.2750468Z         "path": "lib/host-adapters/codex/runtime-check.js",
2026-10-05T12:04:46.2751097Z         "size": 2085,
2026-10-05T12:04:46.2751457Z         "mode": 420
2026-10-05T12:04:46.2751802Z       },
2026-10-05T12:04:46.2752134Z       {
2026-10-05T12:04:46.2752562Z         "path": "lib/host-adapters/codex/session-command.js",
2026-10-05T12:04:46.2753046Z         "size": 455,
2026-10-05T12:04:46.2753407Z         "mode": 420
2026-10-05T12:04:46.2753751Z       },
2026-10-05T12:04:46.2754081Z       {
2026-10-05T12:04:46.2754491Z         "path": "lib/host-adapters/copilot/plugin.js",
2026-10-05T12:04:46.2754956Z         "size": 13888,
2026-10-05T12:04:46.2755474Z         "mode": 420
2026-10-05T12:04:46.2755814Z       },
2026-10-05T12:04:46.2756150Z       {
2026-10-05T12:04:46.2756596Z         "path": "lib/host-adapters/copilot/session-command.js",
2026-10-05T12:04:46.2757072Z         "size": 91,
2026-10-05T12:04:46.2757432Z         "mode": 420
2026-10-05T12:04:46.2757774Z       },
2026-10-05T12:04:46.2758098Z       {
2026-10-05T12:04:46.2758529Z         "path": "lib/host-adapters/opencode/runtime-check.js",
2026-10-05T12:04:46.2758988Z         "size": 2198,
2026-10-05T12:04:46.2759351Z         "mode": 420
2026-10-05T12:04:46.2759693Z       },
2026-10-05T12:04:46.2760023Z       {
2026-10-05T12:04:46.2760448Z         "path": "lib/host-adapters/opencode/session-command.js",
2026-10-05T12:04:46.2761079Z         "size": 76,
2026-10-05T12:04:46.2761430Z         "mode": 420
2026-10-05T12:04:46.2761777Z       },
2026-10-05T12:04:46.2762104Z       {
2026-10-05T12:04:46.2762521Z         "path": "lib/host-adapters/opencode/status.js",
2026-10-05T12:04:46.2762967Z         "size": 2119,
2026-10-05T12:04:46.2763321Z         "mode": 420
2026-10-05T12:04:46.2763665Z       },
2026-10-05T12:04:46.2763985Z       {
2026-10-05T12:04:46.2764387Z         "path": "lib/host-adapters/session-command.js",
2026-10-05T12:04:46.2764819Z         "size": 609,
2026-10-05T12:04:46.2765177Z         "mode": 420
2026-10-05T12:04:46.2765521Z       },
2026-10-05T12:04:46.2765845Z       {
2026-10-05T12:04:46.2766215Z         "path": "lib/host-command.js",
2026-10-05T12:04:46.2766616Z         "size": 5591,
2026-10-05T12:04:46.2767088Z         "mode": 420
2026-10-05T12:04:46.2767441Z       },
2026-10-05T12:04:46.2767770Z       {
2026-10-05T12:04:46.2768163Z         "path": "lib/install-setup/contract.js",
2026-10-05T12:04:46.2768602Z         "size": 16559,
2026-10-05T12:04:46.2768967Z         "mode": 420
2026-10-05T12:04:46.2769303Z       },
2026-10-05T12:04:46.2769627Z       {
2026-10-05T12:04:46.2770046Z         "path": "lib/install-setup/control-migration.js",
2026-10-05T12:04:46.2770500Z         "size": 609,
2026-10-05T12:04:46.2770997Z         "mode": 420
2026-10-05T12:04:46.2771337Z       },
2026-10-05T12:04:46.2771664Z       {
2026-10-05T12:04:46.2772067Z         "path": "lib/install-setup/control-repair.js",
2026-10-05T12:04:46.2772511Z         "size": 100,
2026-10-05T12:04:46.2772873Z         "mode": 420
2026-10-05T12:04:46.2773218Z       },
2026-10-05T12:04:46.2773626Z       {
2026-10-05T12:04:46.2774165Z         "path": "lib/install-setup/interaction.js",
2026-10-05T12:04:46.2774602Z         "size": 4950,
2026-10-05T12:04:46.2774960Z         "mode": 420
2026-10-05T12:04:46.2775301Z       },
2026-10-05T12:04:46.2775631Z       {
2026-10-05T12:04:46.2776018Z         "path": "lib/install-setup/presentation.js",
2026-10-05T12:04:46.2776460Z         "size": 15298,
2026-10-05T12:04:46.2776818Z         "mode": 420
2026-10-05T12:04:46.2777156Z       },
2026-10-05T12:04:46.2777472Z       {
2026-10-05T12:04:46.2777858Z         "path": "lib/install-setup/service.js",
2026-10-05T12:04:46.2778289Z         "size": 19652,
2026-10-05T12:04:46.2778653Z         "mode": 420
2026-10-05T12:04:46.2778994Z       },
2026-10-05T12:04:46.2779325Z       {
2026-10-05T12:04:46.2779744Z         "path": "lib/installers/claude-cache-recovery.js",
2026-10-05T12:04:46.2780196Z         "size": 3047,
2026-10-05T12:04:46.2780549Z         "mode": 420
2026-10-05T12:04:46.2781047Z       },
2026-10-05T12:04:46.2781370Z       {
2026-10-05T12:04:46.2781827Z         "path": "lib/installers/copilot-marketplace-transport.js",
2026-10-05T12:04:46.2782319Z         "size": 4086,
2026-10-05T12:04:46.2782678Z         "mode": 420
2026-10-05T12:04:46.2783020Z       },
2026-10-05T12:04:46.2783346Z       {
2026-10-05T12:04:46.2783746Z         "path": "lib/installers/copilot-precedence.js",
2026-10-05T12:04:46.2784181Z         "size": 1432,
2026-10-05T12:04:46.2784530Z         "mode": 420
2026-10-05T12:04:46.2784872Z       },
2026-10-05T12:04:46.2785194Z       {
2026-10-05T12:04:46.2785605Z         "path": "lib/installers/copilot-settings.js",
2026-10-05T12:04:46.2786221Z         "size": 12074,
2026-10-05T12:04:46.2786575Z         "mode": 420
2026-10-05T12:04:46.2786920Z       },
2026-10-05T12:04:46.2787250Z       {
2026-10-05T12:04:46.2787677Z         "path": "lib/installers/copilot-skill-discovery.js",
2026-10-05T12:04:46.2788137Z         "size": 1551,
2026-10-05T12:04:46.2788493Z         "mode": 420
2026-10-05T12:04:46.2788812Z       },
2026-10-05T12:04:46.2789132Z       {
2026-10-05T12:04:46.2789535Z         "path": "lib/installers/local-development.js",
2026-10-05T12:04:46.2789982Z         "size": 11485,
2026-10-05T12:04:46.2790322Z         "mode": 420
2026-10-05T12:04:46.2790792Z       },
2026-10-05T12:04:46.2791178Z       {
2026-10-05T12:04:46.2791624Z         "path": "lib/installers/local-marketplace.js",
2026-10-05T12:04:46.2792261Z         "size": 39624,
2026-10-05T12:04:46.2792720Z         "mode": 420
2026-10-05T12:04:46.2793144Z       },
2026-10-05T12:04:46.2793522Z       {
2026-10-05T12:04:46.2794058Z         "path": "lib/installers/npm-invocation.js",
2026-10-05T12:04:46.2794709Z         "size": 194,
2026-10-05T12:04:46.2795075Z         "mode": 420
2026-10-05T12:04:46.2795417Z       },
2026-10-05T12:04:46.2795747Z       {
2026-10-05T12:04:46.2796162Z         "path": "lib/installers/opencode-activation.js",
2026-10-05T12:04:46.2796626Z         "size": 866,
2026-10-05T12:04:46.2796977Z         "mode": 420
2026-10-05T12:04:46.2797319Z       },
2026-10-05T12:04:46.2797653Z       {
2026-10-05T12:04:46.2798035Z         "path": "lib/installers/opencode.js",
2026-10-05T12:04:46.2798621Z         "size": 51900,
2026-10-05T12:04:46.2798999Z         "mode": 420
2026-10-05T12:04:46.2799150Z       },
2026-10-05T12:04:46.2799307Z       {
2026-10-05T12:04:46.2799541Z         "path": "lib/installers/plugin-command.js",
2026-10-05T12:04:46.2799696Z         "size": 4513,
2026-10-05T12:04:46.2799858Z         "mode": 420
2026-10-05T12:04:46.2800015Z       },
2026-10-05T12:04:46.2800168Z       {
2026-10-05T12:04:46.2800400Z         "path": "lib/installers/plugin-installers.js",
2026-10-05T12:04:46.2800834Z         "size": 1395,
2026-10-05T12:04:46.2801000Z         "mode": 420
2026-10-05T12:04:46.2801139Z       },
2026-10-05T12:04:46.2801295Z       {
2026-10-05T12:04:46.2801517Z         "path": "lib/lifecycle/operations.js",
2026-10-05T12:04:46.2801677Z         "size": 7301,
2026-10-05T12:04:46.2801843Z         "mode": 420
2026-10-05T12:04:46.2801996Z       },
2026-10-05T12:04:46.2802146Z       {
2026-10-05T12:04:46.2802372Z         "path": "lib/lifecycle/owned-mutation.js",
2026-10-05T12:04:46.2802538Z         "size": 2374,
2026-10-05T12:04:46.2802700Z         "mode": 420
2026-10-05T12:04:46.2802851Z       },
2026-10-05T12:04:46.2803005Z       {
2026-10-05T12:04:46.2803229Z         "path": "lib/lifecycle/presentation.js",
2026-10-05T12:04:46.2803387Z         "size": 8106,
2026-10-05T12:04:46.2803552Z         "mode": 420
2026-10-05T12:04:46.2803707Z       },
2026-10-05T12:04:46.2803858Z       {
2026-10-05T12:04:46.2804049Z         "path": "lib/lifecycle/result.js",
2026-10-05T12:04:46.2804211Z         "size": 13388,
2026-10-05T12:04:46.2804369Z         "mode": 420
2026-10-05T12:04:46.2804521Z       },
2026-10-05T12:04:46.2804680Z       {
2026-10-05T12:04:46.2804886Z         "path": "lib/lifecycle/status.js",
2026-10-05T12:04:46.2805042Z         "size": 9584,
2026-10-05T12:04:46.2805210Z         "mode": 420
2026-10-05T12:04:46.2805368Z       },
2026-10-05T12:04:46.2805520Z       {
2026-10-05T12:04:46.2805767Z         "path": "lib/live-agent/read-only-structured.js",
2026-10-05T12:04:46.2805931Z         "size": 1864,
2026-10-05T12:04:46.2806090Z         "mode": 420
2026-10-05T12:04:46.2806244Z       },
2026-10-05T12:04:46.2806400Z       {
2026-10-05T12:04:46.2806619Z         "path": "lib/mcp-dispatch-runtime.js",
2026-10-05T12:04:46.2806780Z         "size": 7671,
2026-10-05T12:04:46.2806941Z         "mode": 420
2026-10-05T12:04:46.2807101Z       },
2026-10-05T12:04:46.2807253Z       {
2026-10-05T12:04:46.2807494Z         "path": "lib/mcp-lifecycle/adapter-contract.js",
2026-10-05T12:04:46.2807794Z         "size": 2654,
2026-10-05T12:04:46.2807951Z         "mode": 420
2026-10-05T12:04:46.2808107Z       },
2026-10-05T12:04:46.2808264Z       {
2026-10-05T12:04:46.2808502Z         "path": "lib/mcp-lifecycle/adapters/claude.js",
2026-10-05T12:04:46.2808656Z         "size": 6298,
2026-10-05T12:04:46.2808816Z         "mode": 420
2026-10-05T12:04:46.2808964Z       },
2026-10-05T12:04:46.2809112Z       {
2026-10-05T12:04:46.2809341Z         "path": "lib/mcp-lifecycle/adapters/codex.js",
2026-10-05T12:04:46.2809510Z         "size": 7829,
2026-10-05T12:04:46.2809664Z         "mode": 420
2026-10-05T12:04:46.2809816Z       },
2026-10-05T12:04:46.2809970Z       {
2026-10-05T12:04:46.2810209Z         "path": "lib/mcp-lifecycle/adapters/copilot.js",
2026-10-05T12:04:46.2810364Z         "size": 5351,
2026-10-05T12:04:46.2810526Z         "mode": 420
2026-10-05T12:04:46.2810872Z       },
2026-10-05T12:04:46.2810997Z       {
2026-10-05T12:04:46.2811220Z         "path": "lib/mcp-lifecycle/adapters/file-utils.js",
2026-10-05T12:04:46.2811351Z         "size": 3292,
2026-10-05T12:04:46.2811513Z         "mode": 420
2026-10-05T12:04:46.2811674Z       },
2026-10-05T12:04:46.2811828Z       {
2026-10-05T12:04:46.2812072Z         "path": "lib/mcp-lifecycle/adapters/opencode.js",
2026-10-05T12:04:46.2812226Z         "size": 8173,
2026-10-05T12:04:46.2812384Z         "mode": 420
2026-10-05T12:04:46.2812541Z       },
2026-10-05T12:04:46.2812694Z       {
2026-10-05T12:04:46.2812919Z         "path": "lib/mcp-lifecycle/evidence.js",
2026-10-05T12:04:46.2813201Z         "size": 3556,
2026-10-05T12:04:46.2813366Z         "mode": 420
2026-10-05T12:04:46.2813524Z       },
2026-10-05T12:04:46.2813682Z       {
2026-10-05T12:04:46.2813913Z         "path": "lib/mcp-lifecycle/host-config.js",
2026-10-05T12:04:46.2814068Z         "size": 2865,
2026-10-05T12:04:46.2814232Z         "mode": 420
2026-10-05T12:04:46.2814391Z       },
2026-10-05T12:04:46.2814543Z       {
2026-10-05T12:04:46.2814751Z         "path": "lib/mcp-lifecycle/package.js",
2026-10-05T12:04:46.2814921Z         "size": 16097,
2026-10-05T12:04:46.2815078Z         "mode": 420
2026-10-05T12:04:46.2815236Z       },
2026-10-05T12:04:46.2815390Z       {
2026-10-05T12:04:46.2815615Z         "path": "lib/mcp-lifecycle/plugin-runtime.js",
2026-10-05T12:04:46.2815759Z         "size": 12833,
2026-10-05T12:04:46.2815920Z         "mode": 420
2026-10-05T12:04:46.2816074Z       },
2026-10-05T12:04:46.2816225Z       {
2026-10-05T12:04:46.2816456Z         "path": "lib/mcp-lifecycle/presentation.js",
2026-10-05T12:04:46.2816620Z         "size": 2925,
2026-10-05T12:04:46.2816771Z         "mode": 420
2026-10-05T12:04:46.2816932Z       },
2026-10-05T12:04:46.2817091Z       {
2026-10-05T12:04:46.2817328Z         "path": "lib/mcp-lifecycle/profile-context.js",
2026-10-05T12:04:46.2817482Z         "size": 473,
2026-10-05T12:04:46.2817644Z         "mode": 420
2026-10-05T12:04:46.2817798Z       },
2026-10-05T12:04:46.2817949Z       {
2026-10-05T12:04:46.2818168Z         "path": "lib/mcp-lifecycle/profile.js",
2026-10-05T12:04:46.2818335Z         "size": 4171,
2026-10-05T12:04:46.2818489Z         "mode": 420
2026-10-05T12:04:46.2818649Z       },
2026-10-05T12:04:46.2818806Z       {
2026-10-05T12:04:46.2819023Z         "path": "lib/mcp-lifecycle/result.js",
2026-10-05T12:04:46.2819181Z         "size": 3846,
2026-10-05T12:04:46.2819342Z         "mode": 420
2026-10-05T12:04:46.2819499Z       },
2026-10-05T12:04:46.2819648Z       {
2026-10-05T12:04:46.2819863Z         "path": "lib/mcp-lifecycle/service.js",
2026-10-05T12:04:46.2820068Z         "size": 18831,
2026-10-05T12:04:46.2820221Z         "mode": 420
2026-10-05T12:04:46.2820378Z       },
2026-10-05T12:04:46.2820532Z       {
2026-10-05T12:04:46.2820918Z         "path": "lib/npm-invocation.js",
2026-10-05T12:04:46.2821063Z         "size": 969,
2026-10-05T12:04:46.2821227Z         "mode": 420
2026-10-05T12:04:46.2821386Z       },
2026-10-05T12:04:46.2821531Z       {
2026-10-05T12:04:46.2821745Z         "path": "lib/repository-context.js",
2026-10-05T12:04:46.2822037Z         "size": 3033,
2026-10-05T12:04:46.2822199Z         "mode": 420
2026-10-05T12:04:46.2822359Z       },
2026-10-05T12:04:46.2822517Z       {
2026-10-05T12:04:46.2822760Z         "path": "lib/runtime-check-consent/adapters.js",
2026-10-05T12:04:46.2822916Z         "size": 314,
2026-10-05T12:04:46.2823079Z         "mode": 420
2026-10-05T12:04:46.2823236Z       },
2026-10-05T12:04:46.2823387Z       {
2026-10-05T12:04:46.2823639Z         "path": "lib/runtime-check-consent/claude-settings.js",
2026-10-05T12:04:46.2823811Z         "size": 2458,
2026-10-05T12:04:46.2823962Z         "mode": 420
2026-10-05T12:04:46.2824120Z       },
2026-10-05T12:04:46.2824277Z       {
2026-10-05T12:04:46.2824522Z         "path": "lib/runtime-check-consent/codex-hooks.js",
2026-10-05T12:04:46.2824678Z         "size": 4261,
2026-10-05T12:04:46.2824843Z         "mode": 420
2026-10-05T12:04:46.2825000Z       },
2026-10-05T12:04:46.2825149Z       {
2026-10-05T12:04:46.2825417Z         "path": "lib/runtime-check-consent/codex-plugin-consent.js",
2026-10-05T12:04:46.2825585Z         "size": 6474,
2026-10-05T12:04:46.2825745Z         "mode": 420
2026-10-05T12:04:46.2825907Z       },
2026-10-05T12:04:46.2826066Z       {
2026-10-05T12:04:46.2826305Z         "path": "lib/runtime-check-consent/contract.js",
2026-10-05T12:04:46.2826468Z         "size": 3925,
2026-10-05T12:04:46.2826633Z         "mode": 420
2026-10-05T12:04:46.2826798Z       },
2026-10-05T12:04:46.2826945Z       {
2026-10-05T12:04:46.2827188Z         "path": "lib/runtime-check-consent/coordinator.js",
2026-10-05T12:04:46.2827465Z         "size": 1866,
2026-10-05T12:04:46.2827612Z         "mode": 420
2026-10-05T12:04:46.2827765Z       },
2026-10-05T12:04:46.2827921Z       {
2026-10-05T12:04:46.2828152Z         "path": "lib/runtime-check-consent/service.js",
2026-10-05T12:04:46.2828307Z         "size": 8988,
2026-10-05T12:04:46.2828462Z         "mode": 420
2026-10-05T12:04:46.2828620Z       },
2026-10-05T12:04:46.2828772Z       {
2026-10-05T12:04:46.2828999Z         "path": "lib/runtime-check-consent/state.js",
2026-10-05T12:04:46.2829167Z         "size": 4910,
2026-10-05T12:04:46.2829327Z         "mode": 420
2026-10-05T12:04:46.2829484Z       },
2026-10-05T12:04:46.2829646Z       {
2026-10-05T12:04:46.2829892Z         "path": "lib/runtime/control-command-service.js",
2026-10-05T12:04:46.2830051Z         "size": 607,
2026-10-05T12:04:46.2830214Z         "mode": 420
2026-10-05T12:04:46.2830367Z       },
2026-10-05T12:04:46.2830515Z       {
2026-10-05T12:04:46.2831010Z         "path": "lib/runtime/control-context.js",
2026-10-05T12:04:46.2831189Z         "size": 904,
2026-10-05T12:04:46.2831366Z         "mode": 420
2026-10-05T12:04:46.2831537Z       },
2026-10-05T12:04:46.2831670Z       {
2026-10-05T12:04:46.2831839Z         "path": "lib/runtime/git-history.js",
2026-10-05T12:04:46.2831942Z         "size": 510,
2026-10-05T12:04:46.2832051Z         "mode": 420
2026-10-05T12:04:46.2832158Z       },
2026-10-05T12:04:46.2832261Z       {
2026-10-05T12:04:46.2832432Z         "path": "lib/runtime/git-originals.js",
2026-10-05T12:04:46.2832547Z         "size": 2213,
2026-10-05T12:04:46.2832648Z         "mode": 420
2026-10-05T12:04:46.2832759Z       },
2026-10-05T12:04:46.2832869Z       {
2026-10-05T12:04:46.2833050Z         "path": "lib/runtime/local-validator.js",
2026-10-05T12:04:46.2833169Z         "size": 14029,
2026-10-05T12:04:46.2833293Z         "mode": 420
2026-10-05T12:04:46.2833406Z       },
2026-10-05T12:04:46.2833519Z       {
2026-10-05T12:04:46.2833710Z         "path": "lib/runtime/plugin-provenance.js",
2026-10-05T12:04:46.2833836Z         "size": 57,
2026-10-05T12:04:46.2833952Z         "mode": 420
2026-10-05T12:04:46.2834069Z       },
2026-10-05T12:04:46.2834184Z       {
2026-10-05T12:04:46.2834362Z         "path": "lib/runtime/runtime-probe.js",
2026-10-05T12:04:46.2834477Z         "size": 3045,
2026-10-05T12:04:46.2834599Z         "mode": 420
2026-10-05T12:04:46.2834709Z       },
2026-10-05T12:04:46.2834848Z       {
2026-10-05T12:04:46.2835089Z         "path": "lib/runtime/validator-application.js",
2026-10-05T12:04:46.2835389Z         "size": 1823,
2026-10-05T12:04:46.2835544Z         "mode": 420
2026-10-05T12:04:46.2835703Z       },
2026-10-05T12:04:46.2835856Z       {
2026-10-05T12:04:46.2836075Z         "path": "lib/scaffold/canonical-init.js",
2026-10-05T12:04:46.2836241Z         "size": 27671,
2026-10-05T12:04:46.2836405Z         "mode": 420
2026-10-05T12:04:46.2836553Z       },
2026-10-05T12:04:46.2836701Z       {
2026-10-05T12:04:46.2836903Z         "path": "lib/scaffold/plan.js",
2026-10-05T12:04:46.2837070Z         "size": 6801,
2026-10-05T12:04:46.2837227Z         "mode": 420
2026-10-05T12:04:46.2837383Z       },
2026-10-05T12:04:46.2837540Z       {
2026-10-05T12:04:46.2837755Z         "path": "lib/scaffold/presentation.js",
2026-10-05T12:04:46.2837922Z         "size": 6227,
2026-10-05T12:04:46.2838081Z         "mode": 420
2026-10-05T12:04:46.2838238Z       },
2026-10-05T12:04:46.2838385Z       {
2026-10-05T12:04:46.2838587Z         "path": "lib/scaffold/write.js",
2026-10-05T12:04:46.2838757Z         "size": 1862,
2026-10-05T12:04:46.2838916Z         "mode": 420
2026-10-05T12:04:46.2839076Z       },
2026-10-05T12:04:46.2839232Z       {
2026-10-05T12:04:46.2839443Z         "path": "lib/skill-dispatch/binding.js",
2026-10-05T12:04:46.2839604Z         "size": 642,
2026-10-05T12:04:46.2839762Z         "mode": 420
2026-10-05T12:04:46.2839922Z       },
2026-10-05T12:04:46.2840069Z       {
2026-10-05T12:04:46.2840279Z         "path": "opencode-plugin.js",
2026-10-05T12:04:46.2840442Z         "size": 8893,
2026-10-05T12:04:46.2841037Z         "mode": 420
2026-10-05T12:04:46.2841229Z       },
2026-10-05T12:04:46.2841389Z       {
2026-10-05T12:04:46.2841586Z         "path": "package.json",
2026-10-05T12:04:46.2841750Z         "size": 1496,
2026-10-05T12:04:46.2841907Z         "mode": 420
2026-10-05T12:04:46.2842067Z       },
2026-10-05T12:04:46.2842220Z       {
2026-10-05T12:04:46.2842532Z         "path": "runtime/core/lib/control-evaluation/delivery-map.js",
2026-10-05T12:04:46.2842696Z         "size": 13111,
2026-10-05T12:04:46.2842848Z         "mode": 420
2026-10-05T12:04:46.2843008Z       },
2026-10-05T12:04:46.2843161Z       {
2026-10-05T12:04:46.2843492Z         "path": "runtime/core/lib/control-evaluation/delivery-relationships.js",
2026-10-05T12:04:46.2843650Z         "size": 1370,
2026-10-05T12:04:46.2843820Z         "mode": 420
2026-10-05T12:04:46.2843974Z       },
2026-10-05T12:04:46.2844125Z       {
2026-10-05T12:04:46.2844396Z         "path": "runtime/core/lib/control-evaluation/doctor.js",
2026-10-05T12:04:46.2844564Z         "size": 14393,
2026-10-05T12:04:46.2844725Z         "mode": 420
2026-10-05T12:04:46.2844877Z       },
2026-10-05T12:04:46.2845028Z       {
2026-10-05T12:04:46.2845304Z         "path": "runtime/core/lib/control-evaluation/gate-check.js",
2026-10-05T12:04:46.2845458Z         "size": 37366,
2026-10-05T12:04:46.2845624Z         "mode": 420
2026-10-05T12:04:46.2845777Z       },
2026-10-05T12:04:46.2845927Z       {
2026-10-05T12:04:46.2846203Z         "path": "runtime/core/lib/control-evaluation/gate-policy.js",
2026-10-05T12:04:46.2846371Z         "size": 17824,
2026-10-05T12:04:46.2846530Z         "mode": 420
2026-10-05T12:04:46.2846684Z       },
2026-10-05T12:04:46.2846838Z       {
2026-10-05T12:04:46.2847165Z         "path": "runtime/core/lib/control-evaluation/parent-reconciliation.js",
2026-10-05T12:04:46.2847330Z         "size": 10121,
2026-10-05T12:04:46.2847494Z         "mode": 420
2026-10-05T12:04:46.2847649Z       },
2026-10-05T12:04:46.2847799Z       {
2026-10-05T12:04:46.2848091Z         "path": "runtime/core/lib/control-evaluation/prd-readiness.js",
2026-10-05T12:04:46.2848250Z         "size": 2268,
2026-10-05T12:04:46.2848415Z         "mode": 420
2026-10-05T12:04:46.2848559Z       },
2026-10-05T12:04:46.2848719Z       {
2026-10-05T12:04:46.2849000Z         "path": "runtime/core/lib/control-evaluation/required-files.js",
2026-10-05T12:04:46.2849153Z         "size": 337,
2026-10-05T12:04:46.2849314Z         "mode": 420
2026-10-05T12:04:46.2849593Z       },
2026-10-05T12:04:46.2849740Z       {
2026-10-05T12:04:46.2850007Z         "path": "runtime/core/lib/control-evaluation/run-state.js",
2026-10-05T12:04:46.2850171Z         "size": 11605,
2026-10-05T12:04:46.2850331Z         "mode": 420
2026-10-05T12:04:46.2850475Z       },
2026-10-05T12:04:46.2850826Z       {
2026-10-05T12:04:46.2851146Z         "path": "runtime/core/lib/control-evaluation/run-step-policy.js",
2026-10-05T12:04:46.2851309Z         "size": 1382,
2026-10-05T12:04:46.2851470Z         "mode": 420
2026-10-05T12:04:46.2851633Z       },
2026-10-05T12:04:46.2851786Z       {
2026-10-05T12:04:46.2852068Z         "path": "runtime/core/lib/control-evaluation/sd-readiness.js",
2026-10-05T12:04:46.2852265Z         "size": 2561,
2026-10-05T12:04:46.2852462Z         "mode": 420
2026-10-05T12:04:46.2852587Z       },
2026-10-05T12:04:46.2852696Z       {
2026-10-05T12:04:46.2852937Z         "path": "runtime/core/lib/control-evaluation/shared.js",
2026-10-05T12:04:46.2853079Z         "size": 10972,
2026-10-05T12:04:46.2853247Z         "mode": 420
2026-10-05T12:04:46.2853401Z       },
2026-10-05T12:04:46.2853552Z       {
2026-10-05T12:04:46.2853876Z         "path": "runtime/core/lib/control-evaluation/traceability-readiness.js",
2026-10-05T12:04:46.2854038Z         "size": 13831,
2026-10-05T12:04:46.2854203Z         "mode": 420
2026-10-05T12:04:46.2854356Z       },
2026-10-05T12:04:46.2854516Z       {
2026-10-05T12:04:46.2854791Z         "path": "runtime/core/lib/control-evaluation/ur-readiness.js",
2026-10-05T12:04:46.2855089Z         "size": 2045,
2026-10-05T12:04:46.2855248Z         "mode": 420
2026-10-05T12:04:46.2855403Z       },
2026-10-05T12:04:46.2855557Z       {
2026-10-05T12:04:46.2855843Z         "path": "runtime/core/lib/control-evaluation/verified-change.js",
2026-10-05T12:04:46.2856008Z         "size": 12119,
2026-10-05T12:04:46.2856172Z         "mode": 420
2026-10-05T12:04:46.2856328Z       },
2026-10-05T12:04:46.2856482Z       {
2026-10-05T12:04:46.2856743Z         "path": "runtime/core/lib/control-inspect/contract.js",
2026-10-05T12:04:46.2856906Z         "size": 13500,
2026-10-05T12:04:46.2857070Z         "mode": 420
2026-10-05T12:04:46.2857223Z       },
2026-10-05T12:04:46.2857385Z       {
2026-10-05T12:04:46.2857639Z         "path": "runtime/core/lib/control-inspect/selection.js",
2026-10-05T12:04:46.2857798Z         "size": 1788,
2026-10-05T12:04:46.2857959Z         "mode": 420
2026-10-05T12:04:46.2858104Z       },
2026-10-05T12:04:46.2858265Z       {
2026-10-05T12:04:46.2858525Z         "path": "runtime/core/lib/control-inspect/service.js",
2026-10-05T12:04:46.2858688Z         "size": 12577,
2026-10-05T12:04:46.2858849Z         "mode": 420
2026-10-05T12:04:46.2859004Z       },
2026-10-05T12:04:46.2859162Z       {
2026-10-05T12:04:46.2859442Z         "path": "runtime/core/lib/control-maintenance/compatibility.js",
2026-10-05T12:04:46.2859601Z         "size": 8412,
2026-10-05T12:04:46.2859764Z         "mode": 420
2026-10-05T12:04:46.2859916Z       },
2026-10-05T12:04:46.2860070Z       {
2026-10-05T12:04:46.2860338Z         "path": "runtime/core/lib/control-maintenance/contract.js",
2026-10-05T12:04:46.2860491Z         "size": 2342,
2026-10-05T12:04:46.2860790Z         "mode": 420
2026-10-05T12:04:46.2860956Z       },
2026-10-05T12:04:46.2861108Z       {
2026-10-05T12:04:46.2861377Z         "path": "runtime/core/lib/control-maintenance/interaction.js",
2026-10-05T12:04:46.2861543Z         "size": 3207,
2026-10-05T12:04:46.2861699Z         "mode": 420
2026-10-05T12:04:46.2861848Z       },
2026-10-05T12:04:46.2862004Z       {
2026-10-05T12:04:46.2862281Z         "path": "runtime/core/lib/control-maintenance/migration.js",
2026-10-05T12:04:46.2862448Z         "size": 5383,
2026-10-05T12:04:46.2862602Z         "mode": 420
2026-10-05T12:04:46.2862755Z       },
2026-10-05T12:04:46.2862906Z       {
2026-10-05T12:04:46.2863184Z         "path": "runtime/core/lib/control-maintenance/presentation.js",
2026-10-05T12:04:46.2863348Z         "size": 8246,
2026-10-05T12:04:46.2863509Z         "mode": 420
2026-10-05T12:04:46.2863789Z       },
2026-10-05T12:04:46.2863941Z       {
2026-10-05T12:04:46.2864215Z         "path": "runtime/core/lib/control-maintenance/repair.js",
2026-10-05T12:04:46.2864385Z         "size": 13216,
2026-10-05T12:04:46.2864543Z         "mode": 420
2026-10-05T12:04:46.2864703Z       },
2026-10-05T12:04:46.2864872Z       {
2026-10-05T12:04:46.2865138Z         "path": "runtime/core/lib/control-maintenance/service.js",
2026-10-05T12:04:46.2865303Z         "size": 2412,
2026-10-05T12:04:46.2865467Z         "mode": 420
2026-10-05T12:04:46.2865625Z       },
2026-10-05T12:04:46.2865776Z       {
2026-10-05T12:04:46.2866014Z         "path": "runtime/core/lib/control-read-boundary.js",
2026-10-05T12:04:46.2866175Z         "size": 906,
2026-10-05T12:04:46.2866333Z         "mode": 420
2026-10-05T12:04:46.2866489Z       },
2026-10-05T12:04:46.2866645Z       {
2026-10-05T12:04:46.2866894Z         "path": "runtime/core/lib/control-state/aggregate.js",
2026-10-05T12:04:46.2867055Z         "size": 503,
2026-10-05T12:04:46.2867223Z         "mode": 420
2026-10-05T12:04:46.2867378Z       },
2026-10-05T12:04:46.2867533Z       {
2026-10-05T12:04:46.2867856Z         "path": "runtime/core/lib/control-state/approval-command-contract.js",
2026-10-05T12:04:46.2868016Z         "size": 3748,
2026-10-05T12:04:46.2868173Z         "mode": 420
2026-10-05T12:04:46.2868328Z       },
2026-10-05T12:04:46.2868485Z       {
2026-10-05T12:04:46.2868759Z         "path": "runtime/core/lib/control-state/approval-command.js",
2026-10-05T12:04:46.2869039Z         "size": 8139,
2026-10-05T12:04:46.2869196Z         "mode": 420
2026-10-05T12:04:46.2869347Z       },
2026-10-05T12:04:46.2869503Z       {
2026-10-05T12:04:46.2869794Z         "path": "runtime/core/lib/control-state/approval-operations.js",
2026-10-05T12:04:46.2869956Z         "size": 6088,
2026-10-05T12:04:46.2870115Z         "mode": 420
2026-10-05T12:04:46.2870274Z       },
2026-10-05T12:04:46.2870426Z       {
2026-10-05T12:04:46.2870890Z         "path": "runtime/core/lib/control-state/artefact-binding-proof.js",
2026-10-05T12:04:46.2871065Z         "size": 4880,
2026-10-05T12:04:46.2871232Z         "mode": 420
2026-10-05T12:04:46.2871374Z       },
2026-10-05T12:04:46.2871529Z       {
2026-10-05T12:04:46.2871820Z         "path": "runtime/core/lib/control-state/artefact-bindings.js",
2026-10-05T12:04:46.2871985Z         "size": 6925,
2026-10-05T12:04:46.2872144Z         "mode": 420
2026-10-05T12:04:46.2872300Z       },
2026-10-05T12:04:46.2872460Z       {
2026-10-05T12:04:46.2872725Z         "path": "runtime/core/lib/control-state/contained-file.js",
2026-10-05T12:04:46.2872890Z         "size": 2204,
2026-10-05T12:04:46.2873052Z         "mode": 420
2026-10-05T12:04:46.2873206Z       },
2026-10-05T12:04:46.2873351Z       {
2026-10-05T12:04:46.2873650Z         "path": "runtime/core/lib/control-state/control-configuration.js",
2026-10-05T12:04:46.2873813Z         "size": 1072,
2026-10-05T12:04:46.2873968Z         "mode": 420
2026-10-05T12:04:46.2874124Z       },
2026-10-05T12:04:46.2874283Z       {
2026-10-05T12:04:46.2874585Z         "path": "runtime/core/lib/control-state/gate-approval-validator.js",
2026-10-05T12:04:46.2874747Z         "size": 1704,
2026-10-05T12:04:46.2874930Z         "mode": 420
2026-10-05T12:04:46.2875085Z       },
2026-10-05T12:04:46.2875231Z       {
2026-10-05T12:04:46.2875475Z         "path": "runtime/core/lib/control-state/index.js",
2026-10-05T12:04:46.2875638Z         "size": 346,
2026-10-05T12:04:46.2875795Z         "mode": 420
2026-10-05T12:04:46.2875953Z       },
2026-10-05T12:04:46.2876113Z       {
2026-10-05T12:04:46.2876388Z         "path": "runtime/core/lib/control-state/legacy-migration.js",
2026-10-05T12:04:46.2876548Z         "size": 3088,
2026-10-05T12:04:46.2876709Z         "mode": 420
2026-10-05T12:04:46.2876864Z       },
2026-10-05T12:04:46.2877011Z       {
2026-10-05T12:04:46.2877315Z         "path": "runtime/core/lib/control-state/legacy-projection-reader.js",
2026-10-05T12:04:46.2877473Z         "size": 1984,
2026-10-05T12:04:46.2877629Z         "mode": 420
2026-10-05T12:04:46.2877934Z       },
2026-10-05T12:04:46.2878069Z       {
2026-10-05T12:04:46.2878357Z         "path": "runtime/core/lib/control-state/run-artefact-recording.js",
2026-10-05T12:04:46.2878520Z         "size": 6620,
2026-10-05T12:04:46.2878675Z         "mode": 420
2026-10-05T12:04:46.2878829Z       },
2026-10-05T12:04:46.2878976Z       {
2026-10-05T12:04:46.2879232Z         "path": "runtime/core/lib/control-state/run-identity.js",
2026-10-05T12:04:46.2879393Z         "size": 573,
2026-10-05T12:04:46.2879545Z         "mode": 420
2026-10-05T12:04:46.2879699Z       },
2026-10-05T12:04:46.2879850Z       {
2026-10-05T12:04:46.2880149Z         "path": "runtime/core/lib/control-state/run-presentation-render.js",
2026-10-05T12:04:46.2880313Z         "size": 17579,
2026-10-05T12:04:46.2880473Z         "mode": 420
2026-10-05T12:04:46.2880769Z       },
2026-10-05T12:04:46.2880952Z       {
2026-10-05T12:04:46.2881332Z         "path": "runtime/core/lib/control-state/run-presentation.js",
2026-10-05T12:04:46.2881505Z         "size": 6777,
2026-10-05T12:04:46.2881653Z         "mode": 420
2026-10-05T12:04:46.2881810Z       },
2026-10-05T12:04:46.2881962Z       {
2026-10-05T12:04:46.2882233Z         "path": "runtime/core/lib/control-state/run-recording.js",
2026-10-05T12:04:46.2882387Z         "size": 10751,
2026-10-05T12:04:46.2882554Z         "mode": 420
2026-10-05T12:04:46.2882705Z       },
2026-10-05T12:04:46.2882855Z       {
2026-10-05T12:04:46.2883130Z         "path": "runtime/core/lib/control-state/run-recovery.js",
2026-10-05T12:04:46.2883423Z         "size": 17891,
2026-10-05T12:04:46.2883591Z         "mode": 420
2026-10-05T12:04:46.2883746Z       },
2026-10-05T12:04:46.2883903Z       {
2026-10-05T12:04:46.2884232Z         "path": "runtime/core/lib/control-state/run-relationship-correction.js",
2026-10-05T12:04:46.2884390Z         "size": 5721,
2026-10-05T12:04:46.2884549Z         "mode": 420
2026-10-05T12:04:46.2884708Z       },
2026-10-05T12:04:46.2884858Z       {
2026-10-05T12:04:46.2885149Z         "path": "runtime/core/lib/control-state/run-revision-history.js",
2026-10-05T12:04:46.2885316Z         "size": 9598,
2026-10-05T12:04:46.2885469Z         "mode": 420
2026-10-05T12:04:46.2885623Z       },
2026-10-05T12:04:46.2885776Z       {
2026-10-05T12:04:46.2886038Z         "path": "runtime/core/lib/control-state/run-revision.js",
2026-10-05T12:04:46.2886197Z         "size": 24412,
2026-10-05T12:04:46.2886362Z         "mode": 420
2026-10-05T12:04:46.2886513Z       },
2026-10-05T12:04:46.2886663Z       {
2026-10-05T12:04:46.2886919Z         "path": "runtime/core/lib/control-state/run-seal.js",
2026-10-05T12:04:46.2887080Z         "size": 7838,
2026-10-05T12:04:46.2887236Z         "mode": 420
2026-10-05T12:04:46.2887388Z       },
2026-10-05T12:04:46.2887546Z       {
2026-10-05T12:04:46.2887838Z         "path": "runtime/core/lib/control-state/run-source-revisions.js",
2026-10-05T12:04:46.2887995Z         "size": 9961,
2026-10-05T12:04:46.2888158Z         "mode": 420
2026-10-05T12:04:46.2888312Z       },
2026-10-05T12:04:46.2888465Z       {
2026-10-05T12:04:46.2888739Z         "path": "runtime/core/lib/control-state/run-state-edits.js",
2026-10-05T12:04:46.2888900Z         "size": 6233,
2026-10-05T12:04:46.2889055Z         "mode": 420
2026-10-05T12:04:46.2889211Z       },
2026-10-05T12:04:46.2889364Z       {
2026-10-05T12:04:46.2889623Z         "path": "runtime/core/lib/control-state/run-state-parser.js",
2026-10-05T12:04:46.2889774Z         "size": 12277,
2026-10-05T12:04:46.2889931Z         "mode": 420
2026-10-05T12:04:46.2890088Z       },
2026-10-05T12:04:46.2890233Z       {
2026-10-05T12:04:46.2890509Z         "path": "runtime/core/lib/control-state/run-state-reader.js",
2026-10-05T12:04:46.2890813Z         "size": 1875,
2026-10-05T12:04:46.2890979Z         "mode": 420
2026-10-05T12:04:46.2891127Z       },
2026-10-05T12:04:46.2891284Z       {
2026-10-05T12:04:46.2891571Z         "path": "runtime/core/lib/control-state/run-state-repository.js",
2026-10-05T12:04:46.2891729Z         "size": 6390,
2026-10-05T12:04:46.2892015Z         "mode": 420
2026-10-05T12:04:46.2892179Z       },
2026-10-05T12:04:46.2892332Z       {
2026-10-05T12:04:46.2892616Z         "path": "runtime/core/lib/control-state/run-state-resolver.js",
2026-10-05T12:04:46.2892779Z         "size": 1371,
2026-10-05T12:04:46.2892943Z         "mode": 420
2026-10-05T12:04:46.2893094Z       },
2026-10-05T12:04:46.2893253Z       {
2026-10-05T12:04:46.2893522Z         "path": "runtime/core/lib/control-state/run-state-writer.js",
2026-10-05T12:04:46.2893678Z         "size": 16219,
2026-10-05T12:04:46.2893844Z         "mode": 420
2026-10-05T12:04:46.2893999Z       },
2026-10-05T12:04:46.2894149Z       {
2026-10-05T12:04:46.2894425Z         "path": "runtime/core/lib/control-state/run-step-pending.js",
2026-10-05T12:04:46.2894586Z         "size": 620,
2026-10-05T12:04:46.2894742Z         "mode": 420
2026-10-05T12:04:46.2894894Z       },
2026-10-05T12:04:46.2895052Z       {
2026-10-05T12:04:46.2895337Z         "path": "runtime/core/lib/control-state/run-step-transaction.js",
2026-10-05T12:04:46.2895501Z         "size": 15958,
2026-10-05T12:04:46.2895667Z         "mode": 420
2026-10-05T12:04:46.2895821Z       },
2026-10-05T12:04:46.2895969Z       {
2026-10-05T12:04:46.2896232Z         "path": "runtime/core/lib/control-state/run-steps.js",
2026-10-05T12:04:46.2896398Z         "size": 15588,
2026-10-05T12:04:46.2896562Z         "mode": 420
2026-10-05T12:04:46.2896729Z       },
2026-10-05T12:04:46.2896892Z       {
2026-10-05T12:04:46.2897296Z         "path": "runtime/core/lib/control-state/run-store-inspection.js",
2026-10-05T12:04:46.2897461Z         "size": 2164,
2026-10-05T12:04:46.2897626Z         "mode": 420
2026-10-05T12:04:46.2897779Z       },
2026-10-05T12:04:46.2897930Z       {
2026-10-05T12:04:46.2898201Z         "path": "runtime/core/lib/delivery-continuation/service.js",
2026-10-05T12:04:46.2898364Z         "size": 3947,
2026-10-05T12:04:46.2898526Z         "mode": 420
2026-10-05T12:04:46.2898678Z       },
2026-10-05T12:04:46.2898834Z       {
2026-10-05T12:04:46.2899138Z         "path": "runtime/core/lib/delivery-path-search/candidate-policy.js",
2026-10-05T12:04:46.2899298Z         "size": 3919,
2026-10-05T12:04:46.2899461Z         "mode": 420
2026-10-05T12:04:46.2899624Z       },
2026-10-05T12:04:46.2899780Z       {
2026-10-05T12:04:46.2900050Z         "path": "runtime/core/lib/delivery-path-search/contracts.js",
2026-10-05T12:04:46.2900217Z         "size": 15955,
2026-10-05T12:04:46.2900376Z         "mode": 420
2026-10-05T12:04:46.2900530Z       },
2026-10-05T12:04:46.2900823Z       {
2026-10-05T12:04:46.2901120Z         "path": "runtime/core/lib/delivery-path-search/persistence.js",
2026-10-05T12:04:46.2901282Z         "size": 2521,
2026-10-05T12:04:46.2901449Z         "mode": 420
2026-10-05T12:04:46.2901609Z       },
2026-10-05T12:04:46.2901759Z       {
2026-10-05T12:04:46.2902022Z         "path": "runtime/core/lib/delivery-path-search/scoring.js",
2026-10-05T12:04:46.2902186Z         "size": 824,
2026-10-05T12:04:46.2902350Z         "mode": 420
2026-10-05T12:04:46.2902505Z       },
2026-10-05T12:04:46.2902662Z       {
2026-10-05T12:04:46.2902952Z         "path": "runtime/core/lib/delivery-path-search/search-engine.js",
2026-10-05T12:04:46.2903104Z         "size": 11244,
2026-10-05T12:04:46.2903266Z         "mode": 420
2026-10-05T12:04:46.2903420Z       },
2026-10-05T12:04:46.2903573Z       {
2026-10-05T12:04:46.2903853Z         "path": "runtime/core/lib/delivery-path-search/state-adapter.js",
2026-10-05T12:04:46.2904019Z         "size": 4596,
2026-10-05T12:04:46.2904176Z         "mode": 420
2026-10-05T12:04:46.2904332Z       },
2026-10-05T12:04:46.2904488Z       {
2026-10-05T12:04:46.2904704Z         "path": "runtime/core/lib/fs-swap.js",
2026-10-05T12:04:46.2904869Z         "size": 916,
2026-10-05T12:04:46.2905038Z         "mode": 420
2026-10-05T12:04:46.2905193Z       },
2026-10-05T12:04:46.2905345Z       {
2026-10-05T12:04:46.2905553Z         "path": "runtime/core/lib/index.js",
2026-10-05T12:04:46.2905715Z         "size": 954,
2026-10-05T12:04:46.2906007Z         "mode": 420
2026-10-05T12:04:46.2906167Z       },
2026-10-05T12:04:46.2906321Z       {
2026-10-05T12:04:46.2906606Z         "path": "runtime/core/lib/interaction-catalog-validation.js",
2026-10-05T12:04:46.2906765Z         "size": 1453,
2026-10-05T12:04:46.2906923Z         "mode": 420
2026-10-05T12:04:46.2907084Z       },
2026-10-05T12:04:46.2907246Z       {
2026-10-05T12:04:46.2907490Z         "path": "runtime/core/lib/interaction-catalog.js",
2026-10-05T12:04:46.2907656Z         "size": 3628,
2026-10-05T12:04:46.2907823Z         "mode": 420
2026-10-05T12:04:46.2907975Z       },
2026-10-05T12:04:46.2908135Z       {
2026-10-05T12:04:46.2908393Z         "path": "runtime/core/lib/interaction-presentation.js",
2026-10-05T12:04:46.2908552Z         "size": 65120,
2026-10-05T12:04:46.2908713Z         "mode": 420
2026-10-05T12:04:46.2908861Z       },
2026-10-05T12:04:46.2909013Z       {
2026-10-05T12:04:46.2909262Z         "path": "runtime/core/lib/repository-context-reader.js",
2026-10-05T12:04:46.2909425Z         "size": 3135,
2026-10-05T12:04:46.2909588Z         "mode": 420
2026-10-05T12:04:46.2909741Z       },
2026-10-05T12:04:46.2909898Z       {
2026-10-05T12:04:46.2910132Z         "path": "runtime/core/lib/resources/binding.js",
2026-10-05T12:04:46.2910285Z         "size": 303,
2026-10-05T12:04:46.2910449Z         "mode": 420
2026-10-05T12:04:46.2910718Z       },
2026-10-05T12:04:46.2910879Z       {
2026-10-05T12:04:46.2911107Z         "path": "runtime/core/lib/resources/context.js",
2026-10-05T12:04:46.2911269Z         "size": 3469,
2026-10-05T12:04:46.2911548Z         "mode": 420
2026-10-05T12:04:46.2911701Z       },
2026-10-05T12:04:46.2911858Z       {
2026-10-05T12:04:46.2912095Z         "path": "runtime/core/lib/resources/contracts.js",
2026-10-05T12:04:46.2912253Z         "size": 1513,
2026-10-05T12:04:46.2912413Z         "mode": 420
2026-10-05T12:04:46.2912570Z       },
2026-10-05T12:04:46.2912733Z       {
2026-10-05T12:04:46.2913032Z         "path": "runtime/core/lib/runtime/distribution-profile-history.js",
2026-10-05T12:04:46.2913204Z         "size": 6077,
2026-10-05T12:04:46.2913371Z         "mode": 420
2026-10-05T12:04:46.2913524Z       },
2026-10-05T12:04:46.2913685Z       {
2026-10-05T12:04:46.2913948Z         "path": "runtime/core/lib/runtime/plugin-provenance.js",
2026-10-05T12:04:46.2914115Z         "size": 20490,
2026-10-05T12:04:46.2914268Z         "mode": 420
2026-10-05T12:04:46.2914428Z       },
2026-10-05T12:04:46.2914586Z       {
2026-10-05T12:04:46.2914835Z         "path": "runtime/core/lib/skill-dispatch/binding.js",
2026-10-05T12:04:46.2914998Z         "size": 3647,
2026-10-05T12:04:46.2915161Z         "mode": 420
2026-10-05T12:04:46.2915316Z       },
2026-10-05T12:04:46.2915470Z       {
2026-10-05T12:04:46.2915719Z         "path": "runtime/core/lib/skill-dispatch/contract.js",
2026-10-05T12:04:46.2915887Z         "size": 27887,
2026-10-05T12:04:46.2916046Z         "mode": 420
2026-10-05T12:04:46.2916204Z       },
2026-10-05T12:04:46.2916359Z       {
2026-10-05T12:04:46.2916615Z         "path": "runtime/core/lib/skill-dispatch/delivery-intake.js",
2026-10-05T12:04:46.2916767Z         "size": 4635,
2026-10-05T12:04:46.2916925Z         "mode": 420
2026-10-05T12:04:46.2917075Z       },
2026-10-05T12:04:46.2917213Z       {
2026-10-05T12:04:46.2917508Z         "path": "runtime/core/lib/skill-dispatch/delivery-run-assignment.js",
2026-10-05T12:04:46.2917666Z         "size": 4578,
2026-10-05T12:04:46.2917823Z         "mode": 420
2026-10-05T12:04:46.2917983Z       },
2026-10-05T12:04:46.2918135Z       {
2026-10-05T12:04:46.2918407Z         "path": "runtime/core/lib/skill-dispatch/prd-definition.js",
2026-10-05T12:04:46.2918558Z         "size": 2845,
2026-10-05T12:04:46.2918720Z         "mode": 420
2026-10-05T12:04:46.2918872Z       },
2026-10-05T12:04:46.2919022Z       {
2026-10-05T12:04:46.2919292Z         "path": "runtime/core/lib/skill-dispatch/sd-definition.js",
2026-10-05T12:04:46.2919452Z         "size": 2900,
2026-10-05T12:04:46.2919603Z         "mode": 420
2026-10-05T12:04:46.2919768Z       },
2026-10-05T12:04:46.2920087Z       {
2026-10-05T12:04:46.2920333Z         "path": "runtime/core/lib/skill-dispatch/service.js",
2026-10-05T12:04:46.2920496Z         "size": 40882,
2026-10-05T12:04:46.2920799Z         "mode": 420
2026-10-05T12:04:46.2920978Z       },
2026-10-05T12:04:46.2921155Z       {
2026-10-05T12:04:46.2921411Z         "path": "runtime/core/lib/task-target-resolution.js",
2026-10-05T12:04:46.2921571Z         "size": 8096,
2026-10-05T12:04:46.2921728Z         "mode": 420
2026-10-05T12:04:46.2921881Z       }
2026-10-05T12:04:46.2922039Z     ],
2026-10-05T12:04:46.2922204Z     "entryCount": 761,
2026-10-05T12:04:46.2922364Z     "bundled": []
2026-10-05T12:04:46.2922522Z   }
2026-10-05T12:04:46.2922680Z ]
2026-10-05T12:04:46.2922833Z [
2026-10-05T12:04:46.2922990Z   {
2026-10-05T12:04:46.2923159Z     "id": "@agdf/cli@0.14.5",
2026-10-05T12:04:46.2923329Z     "name": "@agdf/cli",
2026-10-05T12:04:46.2923490Z     "version": "0.14.5",
2026-10-05T12:04:46.2923655Z     "size": 8032,
2026-10-05T12:04:46.2923824Z     "unpackedSize": 22320,
2026-10-05T12:04:46.2924058Z     "shasum": "17488d5e043d8075bee788085d5a8a67c4fd5e36",
2026-10-05T12:04:46.2924575Z     "integrity": "sha512-oKD8494HurBVHH2YZzCKpjTP6CyzjUv1XZzYDVBx3Gp18QxwkIBzJNvZX/xg6VbJTj1r5t3fF6wXom8YBk9/hg==",
2026-10-05T12:04:46.2924779Z     "filename": "agdf-cli-0.14.5.tgz",
2026-10-05T12:04:46.2924937Z     "files": [
2026-10-05T12:04:46.2925096Z       {
2026-10-05T12:04:46.2925269Z         "path": "LICENSE",
2026-10-05T12:04:46.2925425Z         "size": 11357,
2026-10-05T12:04:46.2925726Z         "mode": 420
2026-10-05T12:04:46.2925892Z       },
2026-10-05T12:04:46.2926043Z       {
2026-10-05T12:04:46.2926211Z         "path": "NOTICE",
2026-10-05T12:04:46.2926368Z         "size": 483,
2026-10-05T12:04:46.2926529Z         "mode": 420
2026-10-05T12:04:46.2926685Z       },
2026-10-05T12:04:46.2926842Z       {
2026-10-05T12:04:46.2927016Z         "path": "README.md",
2026-10-05T12:04:46.2927177Z         "size": 9382,
2026-10-05T12:04:46.2927346Z         "mode": 420
2026-10-05T12:04:46.2927508Z       },
2026-10-05T12:04:46.2927658Z       {
2026-10-05T12:04:46.2927852Z         "path": "bin/agdf.js",
2026-10-05T12:04:46.2928015Z         "size": 47,
2026-10-05T12:04:46.2928172Z         "mode": 420
2026-10-05T12:04:46.2928332Z       },
2026-10-05T12:04:46.2928529Z       {
2026-10-05T12:04:46.2928763Z         "path": "package.json",
2026-10-05T12:04:46.2928942Z         "size": 1051,
2026-10-05T12:04:46.2929140Z         "mode": 420
2026-10-05T12:04:46.2929317Z       }
2026-10-05T12:04:46.2929496Z     ],
2026-10-05T12:04:46.2929689Z     "entryCount": 5,
2026-10-05T12:04:46.2929852Z     "bundled": []
2026-10-05T12:04:46.2929997Z   }
2026-10-05T12:04:46.2930155Z ]
2026-10-05T12:04:46.2930309Z [
2026-10-05T12:04:46.2930461Z   {
2026-10-05T12:04:46.2930802Z     "id": "@agdf/mcp-server@0.14.5",
2026-10-05T12:04:46.2931001Z     "name": "@agdf/mcp-server",
2026-10-05T12:04:46.2931167Z     "version": "0.14.5",
2026-10-05T12:04:46.2931327Z     "size": 8369,
2026-10-05T12:04:46.2931506Z     "unpackedSize": 23720,
2026-10-05T12:04:46.2931756Z     "shasum": "f95c711e473b04ed61b4356bad30b14c8aa8ceb3",
2026-10-05T12:04:46.2932275Z     "integrity": "sha512-tF915GIqo13z+UDBXn0W80+3Dt6JiAW8X18i7Vj0g9njqmm2bZFnGyH8xH01psn+02P6Nxv7j20WhN7FHnscmA==",
2026-10-05T12:04:46.2932499Z     "filename": "agdf-mcp-server-0.14.5.tgz",
2026-10-05T12:04:46.2932659Z     "files": [
2026-10-05T12:04:46.2932819Z       {
2026-10-05T12:04:46.2932987Z         "path": "LICENSE",
2026-10-05T12:04:46.2933150Z         "size": 11357,
2026-10-05T12:04:46.2933317Z         "mode": 420
2026-10-05T12:04:46.2933469Z       },
2026-10-05T12:04:46.2933624Z       {
2026-10-05T12:04:46.2933786Z         "path": "NOTICE",
2026-10-05T12:04:46.2933940Z         "size": 521,
2026-10-05T12:04:46.2934097Z         "mode": 420
2026-10-05T12:04:46.2934250Z       },
2026-10-05T12:04:46.2934405Z       {
2026-10-05T12:04:46.2934571Z         "path": "README.md",
2026-10-05T12:04:46.2934734Z         "size": 2391,
2026-10-05T12:04:46.2935054Z         "mode": 420
2026-10-05T12:04:46.2935208Z       },
2026-10-05T12:04:46.2935363Z       {
2026-10-05T12:04:46.2935562Z         "path": "bin/agdf-mcp.js",
2026-10-05T12:04:46.2935716Z         "size": 659,
2026-10-05T12:04:46.2935884Z         "mode": 493
2026-10-05T12:04:46.2936033Z       },
2026-10-05T12:04:46.2936182Z       {
2026-10-05T12:04:46.2936375Z         "path": "package.json",
2026-10-05T12:04:46.2936541Z         "size": 864,
2026-10-05T12:04:46.2936703Z         "mode": 420
2026-10-05T12:04:46.2936856Z       },
2026-10-05T12:04:46.2937020Z       {
2026-10-05T12:04:46.2937212Z         "path": "src/main.js",
2026-10-05T12:04:46.2937369Z         "size": 1210,
2026-10-05T12:04:46.2937533Z         "mode": 420
2026-10-05T12:04:46.2937686Z       },
2026-10-05T12:04:46.2937835Z       {
2026-10-05T12:04:46.2938029Z         "path": "src/server.js",
2026-10-05T12:04:46.2938191Z         "size": 3144,
2026-10-05T12:04:46.2938358Z         "mode": 420
2026-10-05T12:04:46.2938511Z       },
2026-10-05T12:04:46.2938674Z       {
2026-10-05T12:04:46.2938878Z         "path": "src/worker-entry.js",
2026-10-05T12:04:46.2939039Z         "size": 964,
2026-10-05T12:04:46.2939198Z         "mode": 420
2026-10-05T12:04:46.2939353Z       },
2026-10-05T12:04:46.2939504Z       {
2026-10-05T12:04:46.2939692Z         "path": "src/worker.js",
2026-10-05T12:04:46.2939852Z         "size": 2610,
2026-10-05T12:04:46.2940008Z         "mode": 420
2026-10-05T12:04:46.2940165Z       }
2026-10-05T12:04:46.2940323Z     ],
2026-10-05T12:04:46.2940826Z     "entryCount": 9,
2026-10-05T12:04:46.2941034Z     "bundled": []
2026-10-05T12:04:46.2941210Z   }
2026-10-05T12:04:46.2941344Z ]
2026-10-05T12:04:51.2043501Z Three normal archives: manifests, Core bytes, CLI/bootstrap, exports, blocked-network offline profiles and both MCP protocols passed.
2026-10-05T12:04:51.3277894Z [verify-ci] cli-smoke
2026-10-05T12:04:51.4249415Z 
2026-10-05T12:04:51.4250413Z > create-agdf@0.14.5 smoke-test
2026-10-05T12:04:51.4262974Z > npm run release:prepare && npm run test:release-workflows && npm run test:release-registry-state && npm run test:instruction-footprint && npm run test:request-activation && npm run test:gate-check-missing-control && npm run test:canonical-init && npm run test:cli-modularization && npm run test:install-setup-contract && npm run test:install-setup-interaction && npm run test:install-setup-service && npm run test:install-control-migration && npm run test:install-control-repair && npm run test:control-maintenance && npm run test:runtime-check-consent && npm run test:task-target-resolution && npm run test:skill-dispatch && npm run test:control-inspect && npm run test:host-command && npm run test:mcp-lifecycle && npm run test:plugin-mcp-runtime && npm run test:claude-plugin-mcp && npm run test:codex-plugin-mcp && npm run test:mcp-server && npm run test:local-validator && npm run test:local-marketplace && npm run test:claude-cache-recovery && npm run test:copilot-profile && npm run test:copilot-installer && npm run test:local-preparation && npm run test:local-development-install && npm run test:package-build && npm run test:package-contents && npm run test:lifecycle && npm run test:copilot-repository-retention && npm run test:control-command && npm run test:control-command-process && npm run test:control-command-package && npm run test:cli-gates && npm run test:control-state && npm run test:run-step-transaction && npm run test:run-recovery && npm run test:run-lock && npm run test:prd-readiness && npm run test:run-revision && npm run test:late-source-revision && npm run test:intake-continuation && npm run test:prd-definition && npm run test:sd-readiness && npm run test:sd-definition && npm run test:artifact-language && npm run test:parent-reconciliation && npm run test:interaction-presentation && npm run test:operational-localization && npm run test:verified-change && npm run test:runtime-integrity-layout && npm run test:runtime-integrity-negative && npm run test:agent-skills-conformance && npm run test:skill-evals && npm run eval:skills && npm run test:proportionality && npm run test:delivery-path-search && npm run test:delivery-path-search-unit && npm run test:delivery-path-search-generator && npm run test:opencode-hardening && node scripts/smoke-test.js && node scripts/test-routing.js
2026-10-05T12:04:51.4271518Z 
2026-10-05T12:04:51.5450462Z 
2026-10-05T12:04:51.5451205Z > create-agdf@0.14.5 release:prepare
2026-10-05T12:04:51.5452550Z > npm run sync-package-assets && npm run test:distribution-profile-history && npm run test:release-bump && npm run test:release-version-coherence && npm run test:public-plugin && npm run test:portable-plugin
2026-10-05T12:04:51.5453372Z 
2026-10-05T12:04:51.6648234Z 
2026-10-05T12:04:51.6648805Z > create-agdf@0.14.5 sync-package-assets
2026-10-05T12:04:51.6649260Z > node ../../scripts/sync-package-assets.js
2026-10-05T12:04:51.6649483Z 
2026-10-05T12:04:52.2147040Z 
2026-10-05T12:04:52.2147774Z > create-agdf@0.14.5 test:distribution-profile-history
2026-10-05T12:04:52.2148437Z > node scripts/distribution-profile-history-test.js
2026-10-05T12:04:52.2148788Z 
2026-10-05T12:04:52.2702109Z Distribution profile history passed (8 exact releases, malformed and closed-policy matrices)
2026-10-05T12:04:52.3957454Z 
2026-10-05T12:04:52.3958064Z > create-agdf@0.14.5 test:release-bump
2026-10-05T12:04:52.3958657Z > node scripts/release-bump-test.js
2026-10-05T12:04:52.3958909Z 
2026-10-05T12:04:52.6464008Z Release bump passed (20 transactional files; repair, forward, review, rollback and recovery)
2026-10-05T12:04:52.7919577Z 
2026-10-05T12:04:52.7920531Z > create-agdf@0.14.5 test:release-version-coherence
2026-10-05T12:04:52.7921508Z > node scripts/release-version-coherence-test.js
2026-10-05T12:04:52.7921833Z 
2026-10-05T12:04:53.9405866Z Release version coherence passed (50 surfaces at 0.14.5; 8 profile snapshots)
2026-10-05T12:04:54.0654519Z 
2026-10-05T12:04:54.0655288Z > create-agdf@0.14.5 test:public-plugin
2026-10-05T12:04:54.0655753Z > node scripts/public-plugin-test.js
2026-10-05T12:04:54.0655984Z 
2026-10-05T12:04:54.3338126Z Public plugin tests passed (60 inventoried candidate files; digest 416c48ca8fe420b133c90d0a967d9e834341c3b1578d8ca02e43db39b4b173e5)
2026-10-05T12:04:54.4604018Z 
2026-10-05T12:04:54.4604676Z > create-agdf@0.14.5 test:portable-plugin
2026-10-05T12:04:54.4605444Z > node scripts/portable-plugin-test.js
2026-10-05T12:04:54.4605836Z 
2026-10-05T12:04:54.9645235Z Portable plugin schema/profile/resource/selection/retry tests passed; digest 416c48ca8fe420b133c90d0a967d9e834341c3b1578d8ca02e43db39b4b173e5
2026-10-05T12:04:55.0998431Z 
2026-10-05T12:04:55.0999128Z > create-agdf@0.14.5 test:release-workflows
2026-10-05T12:04:55.1000035Z > node scripts/release-workflow-contract-test.js
2026-10-05T12:04:55.1000503Z 
2026-10-05T12:04:55.1985183Z Coupled release workflow contract passed.
2026-10-05T12:04:55.5495972Z Evidence publication tests passed (create, update, path rejection, stale source; isolated Git remote and mocked GitHub).
2026-10-05T12:04:55.6873807Z 
2026-10-05T12:04:55.6874485Z > create-agdf@0.14.5 test:release-registry-state
2026-10-05T12:04:55.6885291Z > node scripts/release-registry-state-test.js
2026-10-05T12:04:55.6885565Z 
2026-10-05T12:04:55.7208850Z Release registry state classification passed.
2026-10-05T12:04:55.8447142Z 
2026-10-05T12:04:55.8447785Z > create-agdf@0.14.5 test:instruction-footprint
2026-10-05T12:04:55.8448291Z > node scripts/instruction-footprint-test.js
2026-10-05T12:04:55.8448543Z 
2026-10-05T12:04:57.3780841Z {
2026-10-05T12:04:57.3781565Z   "status": "pass",
2026-10-05T12:04:57.3782217Z   "evidence_plane": "source_composed",
2026-10-05T12:04:57.3783082Z   "profile_surface": "generated_and_temporary_install_fixture",
2026-10-05T12:04:57.3783950Z   "evaluator_surface": "node_deterministic",
2026-10-05T12:04:57.3784649Z   "loaded_host_evidence": false,
2026-10-05T12:04:57.3785703Z   "generated_digest": "bc78aac08bebc1db1b1af4c8af34e7280b931343248e9109e9d3dc23118fd39d",
2026-10-05T12:04:57.3787365Z   "canonical_kernel_fingerprint": "sha256:af2f01f9e18a3ba1c520faf0691aa1cd4a4299bdfa027cf83651c5d14319bfdc",
2026-10-05T12:04:57.3788547Z   "measurements": [
2026-10-05T12:04:57.3788817Z     {
2026-10-05T12:04:57.3789085Z       "surface_id": "activationKernel",
2026-10-05T12:04:57.3789530Z       "instance_id": "canonical",
2026-10-05T12:04:57.3789829Z       "raw_bytes": 1087,
2026-10-05T12:04:57.3790117Z       "normalized_bytes": 1087,
2026-10-05T12:04:57.3790428Z       "max_normalized_bytes": 1100,
2026-10-05T12:04:57.3792025Z       "status": "pass"
2026-10-05T12:04:57.3792274Z     },
2026-10-05T12:04:57.3792511Z     {
2026-10-05T12:04:57.3792893Z       "surface_id": "skillDiscoveryDescription",
2026-10-05T12:04:57.3793307Z       "instance_id": "delivery-path-search",
2026-10-05T12:04:57.3793634Z       "raw_bytes": 281,
2026-10-05T12:04:57.3793913Z       "normalized_bytes": 281,
2026-10-05T12:04:57.3794330Z       "max_normalized_bytes": 420,
2026-10-05T12:04:57.3794621Z       "status": "pass"
2026-10-05T12:04:57.3794944Z     },
2026-10-05T12:04:57.3795152Z     {
2026-10-05T12:04:57.3795511Z       "surface_id": "skillDiscoveryDescription",
2026-10-05T12:04:57.3795933Z       "instance_id": "brownfield-analysis",
2026-10-05T12:04:57.3796255Z       "raw_bytes": 287,
2026-10-05T12:04:57.3796615Z       "normalized_bytes": 287,
2026-10-05T12:04:57.3796934Z       "max_normalized_bytes": 420,
2026-10-05T12:04:57.3797220Z       "status": "pass"
2026-10-05T12:04:57.3797461Z     },
2026-10-05T12:04:57.3797666Z     {
2026-10-05T12:04:57.3798021Z       "surface_id": "skillDiscoveryDescription",
2026-10-05T12:04:57.3798630Z       "instance_id": "ux-intent-definition",
2026-10-05T12:04:57.3798996Z       "raw_bytes": 278,
2026-10-05T12:04:57.3799323Z       "normalized_bytes": 278,
2026-10-05T12:04:57.3799646Z       "max_normalized_bytes": 420,
2026-10-05T12:04:57.3799911Z       "status": "pass"
2026-10-05T12:04:57.3800212Z     },
2026-10-05T12:04:57.3800388Z     {
2026-10-05T12:04:57.3800936Z       "surface_id": "skillDiscoveryDescription",
2026-10-05T12:04:57.3801343Z       "instance_id": "clean-implementation-review",
2026-10-05T12:04:57.3801787Z       "raw_bytes": 231,
2026-10-05T12:04:57.3802086Z       "normalized_bytes": 231,
2026-10-05T12:04:57.3802483Z       "max_normalized_bytes": 420,
2026-10-05T12:04:57.3802747Z       "status": "pass"
2026-10-05T12:04:57.3803051Z     },
2026-10-05T12:04:57.3803245Z     {
2026-10-05T12:04:57.3803510Z       "surface_id": "skillDiscoveryDescription",
2026-10-05T12:04:57.3803946Z       "instance_id": "code-review",
2026-10-05T12:04:57.3804205Z       "raw_bytes": 243,
2026-10-05T12:04:57.3804462Z       "normalized_bytes": 243,
2026-10-05T12:04:57.3804728Z       "max_normalized_bytes": 420,
2026-10-05T12:04:57.3805061Z       "status": "pass"
2026-10-05T12:04:57.3805306Z     },
2026-10-05T12:04:57.3805478Z     {
2026-10-05T12:04:57.3805817Z       "surface_id": "skillDiscoveryDescription",
2026-10-05T12:04:57.3806181Z       "instance_id": "delivery-closeout",
2026-10-05T12:04:57.3806563Z       "raw_bytes": 186,
2026-10-05T12:04:57.3806824Z       "normalized_bytes": 186,
2026-10-05T12:04:57.3807155Z       "max_normalized_bytes": 420,
2026-10-05T12:04:57.3807476Z       "status": "pass"
2026-10-05T12:04:57.3807690Z     },
2026-10-05T12:04:57.3807973Z     {
2026-10-05T12:04:57.3808241Z       "surface_id": "skillDiscoveryDescription",
2026-10-05T12:04:57.3808681Z       "instance_id": "ur-definition",
2026-10-05T12:04:57.3808956Z       "raw_bytes": 252,
2026-10-05T12:04:57.3809212Z       "normalized_bytes": 252,
2026-10-05T12:04:57.3809485Z       "max_normalized_bytes": 420,
2026-10-05T12:04:57.3809848Z       "status": "pass"
2026-10-05T12:04:57.3810058Z     },
2026-10-05T12:04:57.3810241Z     {
2026-10-05T12:04:57.3810489Z       "surface_id": "skillDiscoveryDescription",
2026-10-05T12:04:57.3811150Z       "instance_id": "prd-definition",
2026-10-05T12:04:57.3811440Z       "raw_bytes": 279,
2026-10-05T12:04:57.3811690Z       "normalized_bytes": 279,
2026-10-05T12:04:57.3811963Z       "max_normalized_bytes": 420,
2026-10-05T12:04:57.3812334Z       "status": "pass"
2026-10-05T12:04:57.3812724Z     },
2026-10-05T12:04:57.3813044Z     {
2026-10-05T12:04:57.3813309Z       "surface_id": "skillDiscoveryDescription",
2026-10-05T12:04:57.3813765Z       "instance_id": "sd-definition",
2026-10-05T12:04:57.3814039Z       "raw_bytes": 191,
2026-10-05T12:04:57.3814384Z       "normalized_bytes": 191,
2026-10-05T12:04:57.3814671Z       "max_normalized_bytes": 420,
2026-10-05T12:04:57.3814925Z       "status": "pass"
2026-10-05T12:04:57.3815131Z     },
2026-10-05T12:04:57.3815314Z     {
2026-10-05T12:04:57.3815642Z       "surface_id": "skillDiscoveryDescription",
2026-10-05T12:04:57.3816004Z       "instance_id": "gate-check",
2026-10-05T12:04:57.3816317Z       "raw_bytes": 190,
2026-10-05T12:04:57.3816611Z       "normalized_bytes": 190,
2026-10-05T12:04:57.3816880Z       "max_normalized_bytes": 420,
2026-10-05T12:04:57.3817237Z       "status": "pass"
2026-10-05T12:04:57.3817472Z     },
2026-10-05T12:04:57.3817649Z     {
2026-10-05T12:04:57.3818005Z       "surface_id": "skillDiscoveryDescription",
2026-10-05T12:04:57.3818346Z       "instance_id": "qa-gate",
2026-10-05T12:04:57.3818595Z       "raw_bytes": 186,
2026-10-05T12:04:57.3818841Z       "normalized_bytes": 186,
2026-10-05T12:04:57.3819224Z       "max_normalized_bytes": 420,
2026-10-05T12:04:57.3819476Z       "status": "pass"
2026-10-05T12:04:57.3819783Z     },
2026-10-05T12:04:57.3819965Z     {
2026-10-05T12:04:57.3820223Z       "surface_id": "skillDiscoveryDescription",
2026-10-05T12:04:57.3820549Z       "instance_id": "release-or",
2026-10-05T12:04:57.3821341Z       "raw_bytes": 168,
2026-10-05T12:04:57.3821635Z       "normalized_bytes": 168,
2026-10-05T12:04:57.3822045Z       "max_normalized_bytes": 420,
2026-10-05T12:04:57.3822312Z       "status": "pass"
2026-10-05T12:04:57.3822592Z     },
2026-10-05T12:04:57.3822816Z     {
2026-10-05T12:04:57.3823078Z       "surface_id": "skillDiscoveryDescription",
2026-10-05T12:04:57.3823433Z       "instance_id": "task-plan-review",
2026-10-05T12:04:57.3823813Z       "raw_bytes": 227,
2026-10-05T12:04:57.3824074Z       "normalized_bytes": 227,
2026-10-05T12:04:57.3824348Z       "max_normalized_bytes": 420,
2026-10-05T12:04:57.3824716Z       "status": "pass"
2026-10-05T12:04:57.3824933Z     },
2026-10-05T12:04:57.3825162Z     {
2026-10-05T12:04:57.3825501Z       "surface_id": "allSkillDiscoveryDescriptions",
2026-10-05T12:04:57.3825947Z       "instance_id": "definition-order",
2026-10-05T12:04:57.3826236Z       "raw_bytes": 2999,
2026-10-05T12:04:57.3826566Z       "normalized_bytes": 2999,
2026-10-05T12:04:57.3826890Z       "max_normalized_bytes": 3000,
2026-10-05T12:04:57.3827199Z       "status": "pass"
2026-10-05T12:04:57.3827472Z     },
2026-10-05T12:04:57.3827663Z     {
2026-10-05T12:04:57.3827981Z       "surface_id": "sessionStartBase",
2026-10-05T12:04:57.3828279Z       "instance_id": "codex",
2026-10-05T12:04:57.3828586Z       "raw_bytes": 1981,
2026-10-05T12:04:57.3828897Z       "normalized_bytes": 1898,
2026-10-05T12:04:57.3829172Z       "max_normalized_bytes": 1900,
2026-10-05T12:04:57.3829434Z       "status": "pass"
2026-10-05T12:04:57.3829739Z     },
2026-10-05T12:04:57.3829933Z     {
2026-10-05T12:04:57.3830156Z       "surface_id": "sessionStartBase",
2026-10-05T12:04:57.3830457Z       "instance_id": "claude",
2026-10-05T12:04:57.3831042Z       "raw_bytes": 1982,
2026-10-05T12:04:57.3831358Z       "normalized_bytes": 1899,
2026-10-05T12:04:57.3831636Z       "max_normalized_bytes": 1900,
2026-10-05T12:04:57.3831944Z       "status": "pass"
2026-10-05T12:04:57.3832208Z     },
2026-10-05T12:04:57.3832396Z     {
2026-10-05T12:04:57.3832632Z       "surface_id": "sessionStartBase",
2026-10-05T12:04:57.3833023Z       "instance_id": "copilot",
2026-10-05T12:04:57.3833276Z       "raw_bytes": 1983,
2026-10-05T12:04:57.3833626Z       "normalized_bytes": 1900,
2026-10-05T12:04:57.3833900Z       "max_normalized_bytes": 1900,
2026-10-05T12:04:57.3834254Z       "status": "pass"
2026-10-05T12:04:57.3834472Z     },
2026-10-05T12:04:57.3834651Z     {
2026-10-05T12:04:57.3835003Z       "surface_id": "runtimeCheckSupplement",
2026-10-05T12:04:57.3835605Z       "instance_id": "codex-consented",
2026-10-05T12:04:57.3835894Z       "raw_bytes": 1327,
2026-10-05T12:04:57.3836156Z       "normalized_bytes": 771,
2026-10-05T12:04:57.3836533Z       "max_normalized_bytes": 1200,
2026-10-05T12:04:57.3836791Z       "status": "pass"
2026-10-05T12:04:57.3837105Z     },
2026-10-05T12:04:57.3837286Z     {
2026-10-05T12:04:57.3837604Z       "surface_id": "openCodeEagerInstructions",
2026-10-05T12:04:57.3837987Z       "instance_id": "repository",
2026-10-05T12:04:57.3838294Z       "raw_bytes": 1496,
2026-10-05T12:04:57.3838613Z       "normalized_bytes": 1496,
2026-10-05T12:04:57.3838882Z       "max_normalized_bytes": 4000,
2026-10-05T12:04:57.3839240Z       "status": "pass"
2026-10-05T12:04:57.3839458Z     },
2026-10-05T12:04:57.3839640Z     {
2026-10-05T12:04:57.3840001Z       "surface_id": "openCodeEagerInstructions",
2026-10-05T12:04:57.3840344Z       "instance_id": "global-installed",
2026-10-05T12:04:57.3840757Z       "raw_bytes": 1572,
2026-10-05T12:04:57.3841115Z       "normalized_bytes": 1572,
2026-10-05T12:04:57.3841409Z       "max_normalized_bytes": 4000,
2026-10-05T12:04:57.3841670Z       "status": "pass"
2026-10-05T12:04:57.3841937Z     },
2026-10-05T12:04:57.3842159Z     {
2026-10-05T12:04:57.3842428Z       "surface_id": "openCodeActiveDynamicContext",
2026-10-05T12:04:57.3842758Z       "instance_id": "active",
2026-10-05T12:04:57.3843101Z       "raw_bytes": 903,
2026-10-05T12:04:57.3843361Z       "normalized_bytes": 748,
2026-10-05T12:04:57.3843853Z       "max_normalized_bytes": 1000,
2026-10-05T12:04:57.3844136Z       "status": "pass"
2026-10-05T12:04:57.3844440Z     },
2026-10-05T12:04:57.3844648Z     {
2026-10-05T12:04:57.3844922Z       "surface_id": "openCodeInactiveDynamicContext",
2026-10-05T12:04:57.3845267Z       "instance_id": "inactive",
2026-10-05T12:04:57.3845522Z       "raw_bytes": 0,
2026-10-05T12:04:57.3845744Z       "normalized_bytes": 0,
2026-10-05T12:04:57.3846018Z       "max_normalized_bytes": 0,
2026-10-05T12:04:57.3846274Z       "status": "pass"
2026-10-05T12:04:57.3846584Z     },
2026-10-05T12:04:57.3846771Z     {
2026-10-05T12:04:57.3847077Z       "surface_id": "openCodeComposedStaticAndActiveDynamic",
2026-10-05T12:04:57.3847455Z       "instance_id": "repository",
2026-10-05T12:04:57.3847823Z       "raw_bytes": 2400,
2026-10-05T12:04:57.3848084Z       "normalized_bytes": 2245,
2026-10-05T12:04:57.3848367Z       "max_normalized_bytes": 5000,
2026-10-05T12:04:57.3848629Z       "status": "pass"
2026-10-05T12:04:57.3848838Z     },
2026-10-05T12:04:57.3849033Z     {
2026-10-05T12:04:57.3849436Z       "surface_id": "openCodeComposedStaticAndActiveDynamic",
2026-10-05T12:04:57.3849853Z       "instance_id": "global-installed",
2026-10-05T12:04:57.3850230Z       "raw_bytes": 2476,
2026-10-05T12:04:57.3850494Z       "normalized_bytes": 2321,
2026-10-05T12:04:57.3851207Z       "max_normalized_bytes": 5000,
2026-10-05T12:04:57.3851504Z       "status": "pass"
2026-10-05T12:04:57.3851715Z     },
2026-10-05T12:04:57.3851986Z     {
2026-10-05T12:04:57.3852266Z       "surface_id": "openCodeCompactionAddition",
2026-10-05T12:04:57.3852676Z       "instance_id": "active",
2026-10-05T12:04:57.3852953Z       "raw_bytes": 1087,
2026-10-05T12:04:57.3853201Z       "normalized_bytes": 1087,
2026-10-05T12:04:57.3853587Z       "max_normalized_bytes": 1100,
2026-10-05T12:04:57.3853844Z       "status": "pass"
2026-10-05T12:04:57.3854149Z     },
2026-10-05T12:04:57.3854338Z     {
2026-10-05T12:04:57.3854587Z       "surface_id": "selectedGateCheckSkill",
2026-10-05T12:04:57.3855032Z       "instance_id": "canonical-generated",
2026-10-05T12:04:57.3855324Z       "raw_bytes": 5536,
2026-10-05T12:04:57.3855682Z       "normalized_bytes": 5536,
2026-10-05T12:04:57.3855953Z       "max_normalized_bytes": 6900,
2026-10-05T12:04:57.3856305Z       "status": "pass"
2026-10-05T12:04:57.3856523Z     },
2026-10-05T12:04:57.3856699Z     {
2026-10-05T12:04:57.3857041Z       "surface_id": "selectedGateCheckSkill",
2026-10-05T12:04:57.3857375Z       "instance_id": "global-installed",
2026-10-05T12:04:57.3857970Z       "raw_bytes": 6839,
2026-10-05T12:04:57.3858336Z       "normalized_bytes": 6839,
2026-10-05T12:04:57.3858621Z       "max_normalized_bytes": 6900,
2026-10-05T12:04:57.3858966Z       "status": "pass"
2026-10-05T12:04:57.3859197Z     }
2026-10-05T12:04:57.3859373Z   ]
2026-10-05T12:04:57.3859558Z }
2026-10-05T12:04:57.3859812Z Instruction-footprint tests passed
2026-10-05T12:04:57.5970077Z 
2026-10-05T12:04:57.5970834Z > create-agdf@0.14.5 test:request-activation
2026-10-05T12:04:57.5972302Z > npm run test:instruction-footprint && node scripts/request-activation-test.js && node scripts/request-activation-evals-test.js && npm run test:request-activation-callbacks && npm run test:request-activation-host-schema
2026-10-05T12:04:57.5973199Z 
2026-10-05T12:04:57.7179657Z 
2026-10-05T12:04:57.7179994Z > create-agdf@0.14.5 test:instruction-footprint
2026-10-05T12:04:57.7180865Z > node scripts/instruction-footprint-test.js
2026-10-05T12:04:57.7181123Z 
2026-10-05T12:04:59.2433810Z {
2026-10-05T12:04:59.2434313Z   "status": "pass",
2026-10-05T12:04:59.2434908Z   "evidence_plane": "source_composed",
2026-10-05T12:04:59.2435509Z   "profile_surface": "generated_and_temporary_install_fixture",
2026-10-05T12:04:59.2436298Z   "evaluator_surface": "node_deterministic",
2026-10-05T12:04:59.2437002Z   "loaded_host_evidence": false,
2026-10-05T12:04:59.2437735Z   "generated_digest": "bc78aac08bebc1db1b1af4c8af34e7280b931343248e9109e9d3dc23118fd39d",
2026-10-05T12:04:59.2438981Z   "canonical_kernel_fingerprint": "sha256:af2f01f9e18a3ba1c520faf0691aa1cd4a4299bdfa027cf83651c5d14319bfdc",
2026-10-05T12:04:59.2439653Z   "measurements": [
2026-10-05T12:04:59.2439919Z     {
2026-10-05T12:04:59.2440223Z       "surface_id": "activationKernel",
2026-10-05T12:04:59.2440817Z       "instance_id": "canonical",
2026-10-05T12:04:59.2441154Z       "raw_bytes": 1087,
2026-10-05T12:04:59.2441476Z       "normalized_bytes": 1087,
2026-10-05T12:04:59.2441836Z       "max_normalized_bytes": 1100,
2026-10-05T12:04:59.2442180Z       "status": "pass"
2026-10-05T12:04:59.2442462Z     },
2026-10-05T12:04:59.2442749Z     {
2026-10-05T12:04:59.2443058Z       "surface_id": "skillDiscoveryDescription",
2026-10-05T12:04:59.2443445Z       "instance_id": "delivery-path-search",
2026-10-05T12:04:59.2443753Z       "raw_bytes": 281,
2026-10-05T12:04:59.2444018Z       "normalized_bytes": 281,
2026-10-05T12:04:59.2444316Z       "max_normalized_bytes": 420,
2026-10-05T12:04:59.2444593Z       "status": "pass"
2026-10-05T12:04:59.2444816Z     },
2026-10-05T12:04:59.2445014Z     {
2026-10-05T12:04:59.2445281Z       "surface_id": "skillDiscoveryDescription",
2026-10-05T12:04:59.2445644Z       "instance_id": "brownfield-analysis",
2026-10-05T12:04:59.2445950Z       "raw_bytes": 287,
2026-10-05T12:04:59.2446238Z       "normalized_bytes": 287,
2026-10-05T12:04:59.2446526Z       "max_normalized_bytes": 420,
2026-10-05T12:04:59.2446802Z       "status": "pass"
2026-10-05T12:04:59.2447024Z     },
2026-10-05T12:04:59.2447212Z     {
2026-10-05T12:04:59.2447479Z       "surface_id": "skillDiscoveryDescription",
2026-10-05T12:04:59.2447850Z       "instance_id": "ux-intent-definition",
2026-10-05T12:04:59.2448150Z       "raw_bytes": 278,
2026-10-05T12:04:59.2448407Z       "normalized_bytes": 278,
2026-10-05T12:04:59.2448706Z       "max_normalized_bytes": 420,
2026-10-05T12:04:59.2448980Z       "status": "pass"
2026-10-05T12:04:59.2449199Z     },
2026-10-05T12:04:59.2449394Z     {
2026-10-05T12:04:59.2449657Z       "surface_id": "skillDiscoveryDescription",
2026-10-05T12:04:59.2450067Z       "instance_id": "clean-implementation-review",
2026-10-05T12:04:59.2450401Z       "raw_bytes": 231,
2026-10-05T12:04:59.2450791Z       "normalized_bytes": 231,
2026-10-05T12:04:59.2451080Z       "max_normalized_bytes": 420,
2026-10-05T12:04:59.2451355Z       "status": "pass"
2026-10-05T12:04:59.2451575Z     },
2026-10-05T12:04:59.2451765Z     {
2026-10-05T12:04:59.2452036Z       "surface_id": "skillDiscoveryDescription",
2026-10-05T12:04:59.2452378Z       "instance_id": "code-review",
2026-10-05T12:04:59.2452825Z       "raw_bytes": 243,
2026-10-05T12:04:59.2453080Z       "normalized_bytes": 243,
2026-10-05T12:04:59.2453355Z       "max_normalized_bytes": 420,
2026-10-05T12:04:59.2453608Z       "status": "pass"
2026-10-05T12:04:59.2453816Z     },
2026-10-05T12:04:59.2453996Z     {
2026-10-05T12:04:59.2454241Z       "surface_id": "skillDiscoveryDescription",
2026-10-05T12:04:59.2454578Z       "instance_id": "delivery-closeout",
2026-10-05T12:04:59.2454857Z       "raw_bytes": 186,
2026-10-05T12:04:59.2455147Z       "normalized_bytes": 186,
2026-10-05T12:04:59.2455419Z       "max_normalized_bytes": 420,
2026-10-05T12:04:59.2455669Z       "status": "pass"
2026-10-05T12:04:59.2455897Z     },
2026-10-05T12:04:59.2456073Z     {
2026-10-05T12:04:59.2456317Z       "surface_id": "skillDiscoveryDescription",
2026-10-05T12:04:59.2456650Z       "instance_id": "ur-definition",
2026-10-05T12:04:59.2456920Z       "raw_bytes": 252,
2026-10-05T12:04:59.2457163Z       "normalized_bytes": 252,
2026-10-05T12:04:59.2457443Z       "max_normalized_bytes": 420,
2026-10-05T12:04:59.2457694Z       "status": "pass"
2026-10-05T12:04:59.2457903Z     },
2026-10-05T12:04:59.2458077Z     {
2026-10-05T12:04:59.2458330Z       "surface_id": "skillDiscoveryDescription",
2026-10-05T12:04:59.2458663Z       "instance_id": "prd-definition",
2026-10-05T12:04:59.2458931Z       "raw_bytes": 279,
2026-10-05T12:04:59.2459183Z       "normalized_bytes": 279,
2026-10-05T12:04:59.2459458Z       "max_normalized_bytes": 420,
2026-10-05T12:04:59.2459837Z       "status": "pass"
2026-10-05T12:04:59.2460057Z     },
2026-10-05T12:04:59.2460232Z     {
2026-10-05T12:04:59.2460479Z       "surface_id": "skillDiscoveryDescription",
2026-10-05T12:04:59.2460945Z       "instance_id": "sd-definition",
2026-10-05T12:04:59.2461210Z       "raw_bytes": 191,
2026-10-05T12:04:59.2461454Z       "normalized_bytes": 191,
2026-10-05T12:04:59.2461723Z       "max_normalized_bytes": 420,
2026-10-05T12:04:59.2461984Z       "status": "pass"
2026-10-05T12:04:59.2462197Z     },
2026-10-05T12:04:59.2462375Z     {
2026-10-05T12:04:59.2462633Z       "surface_id": "skillDiscoveryDescription",
2026-10-05T12:04:59.2462952Z       "instance_id": "gate-check",
2026-10-05T12:04:59.2463201Z       "raw_bytes": 190,
2026-10-05T12:04:59.2463450Z       "normalized_bytes": 190,
2026-10-05T12:04:59.2463715Z       "max_normalized_bytes": 420,
2026-10-05T12:04:59.2463961Z       "status": "pass"
2026-10-05T12:04:59.2464172Z     },
2026-10-05T12:04:59.2464344Z     {
2026-10-05T12:04:59.2464592Z       "surface_id": "skillDiscoveryDescription",
2026-10-05T12:04:59.2464907Z       "instance_id": "qa-gate",
2026-10-05T12:04:59.2465156Z       "raw_bytes": 186,
2026-10-05T12:04:59.2465396Z       "normalized_bytes": 186,
2026-10-05T12:04:59.2465665Z       "max_normalized_bytes": 420,
2026-10-05T12:04:59.2465917Z       "status": "pass"
2026-10-05T12:04:59.2466148Z     },
2026-10-05T12:04:59.2466323Z     {
2026-10-05T12:04:59.2466572Z       "surface_id": "skillDiscoveryDescription",
2026-10-05T12:04:59.2466895Z       "instance_id": "release-or",
2026-10-05T12:04:59.2467147Z       "raw_bytes": 168,
2026-10-05T12:04:59.2467390Z       "normalized_bytes": 168,
2026-10-05T12:04:59.2467662Z       "max_normalized_bytes": 420,
2026-10-05T12:04:59.2467911Z       "status": "pass"
2026-10-05T12:04:59.2468117Z     },
2026-10-05T12:04:59.2468296Z     {
2026-10-05T12:04:59.2468545Z       "surface_id": "skillDiscoveryDescription",
2026-10-05T12:04:59.2468878Z       "instance_id": "task-plan-review",
2026-10-05T12:04:59.2469163Z       "raw_bytes": 227,
2026-10-05T12:04:59.2469404Z       "normalized_bytes": 227,
2026-10-05T12:04:59.2469673Z       "max_normalized_bytes": 420,
2026-10-05T12:04:59.2469932Z       "status": "pass"
2026-10-05T12:04:59.2470150Z     },
2026-10-05T12:04:59.2470330Z     {
2026-10-05T12:04:59.2470711Z       "surface_id": "allSkillDiscoveryDescriptions",
2026-10-05T12:04:59.2471083Z       "instance_id": "definition-order",
2026-10-05T12:04:59.2471362Z       "raw_bytes": 2999,
2026-10-05T12:04:59.2471754Z       "normalized_bytes": 2999,
2026-10-05T12:04:59.2472039Z       "max_normalized_bytes": 3000,
2026-10-05T12:04:59.2472301Z       "status": "pass"
2026-10-05T12:04:59.2472512Z     },
2026-10-05T12:04:59.2472699Z     {
2026-10-05T12:04:59.2472920Z       "surface_id": "sessionStartBase",
2026-10-05T12:04:59.2473204Z       "instance_id": "codex",
2026-10-05T12:04:59.2473447Z       "raw_bytes": 1981,
2026-10-05T12:04:59.2473701Z       "normalized_bytes": 1898,
2026-10-05T12:04:59.2473973Z       "max_normalized_bytes": 1900,
2026-10-05T12:04:59.2474229Z       "status": "pass"
2026-10-05T12:04:59.2474444Z     },
2026-10-05T12:04:59.2474619Z     {
2026-10-05T12:04:59.2474838Z       "surface_id": "sessionStartBase",
2026-10-05T12:04:59.2475132Z       "instance_id": "claude",
2026-10-05T12:04:59.2475371Z       "raw_bytes": 1982,
2026-10-05T12:04:59.2475621Z       "normalized_bytes": 1899,
2026-10-05T12:04:59.2475916Z       "max_normalized_bytes": 1900,
2026-10-05T12:04:59.2476176Z       "status": "pass"
2026-10-05T12:04:59.2476390Z     },
2026-10-05T12:04:59.2476566Z     {
2026-10-05T12:04:59.2476794Z       "surface_id": "sessionStartBase",
2026-10-05T12:04:59.2477083Z       "instance_id": "copilot",
2026-10-05T12:04:59.2477328Z       "raw_bytes": 1983,
2026-10-05T12:04:59.2477585Z       "normalized_bytes": 1900,
2026-10-05T12:04:59.2477854Z       "max_normalized_bytes": 1900,
2026-10-05T12:04:59.2478107Z       "status": "pass"
2026-10-05T12:04:59.2478313Z     },
2026-10-05T12:04:59.2478494Z     {
2026-10-05T12:04:59.2478878Z       "surface_id": "runtimeCheckSupplement",
2026-10-05T12:04:59.2479216Z       "instance_id": "codex-consented",
2026-10-05T12:04:59.2479487Z       "raw_bytes": 1327,
2026-10-05T12:04:59.2479732Z       "normalized_bytes": 771,
2026-10-05T12:04:59.2479999Z       "max_normalized_bytes": 1200,
2026-10-05T12:04:59.2480263Z       "status": "pass"
2026-10-05T12:04:59.2480469Z     },
2026-10-05T12:04:59.2480817Z     {
2026-10-05T12:04:59.2481131Z       "surface_id": "openCodeEagerInstructions",
2026-10-05T12:04:59.2481475Z       "instance_id": "repository",
2026-10-05T12:04:59.2481733Z       "raw_bytes": 1496,
2026-10-05T12:04:59.2481982Z       "normalized_bytes": 1496,
2026-10-05T12:04:59.2482259Z       "max_normalized_bytes": 4000,
2026-10-05T12:04:59.2482513Z       "status": "pass"
2026-10-05T12:04:59.2482719Z     },
2026-10-05T12:04:59.2482900Z     {
2026-10-05T12:04:59.2483146Z       "surface_id": "openCodeEagerInstructions",
2026-10-05T12:04:59.2483480Z       "instance_id": "global-installed",
2026-10-05T12:04:59.2483759Z       "raw_bytes": 1572,
2026-10-05T12:04:59.2484005Z       "normalized_bytes": 1572,
2026-10-05T12:04:59.2484271Z       "max_normalized_bytes": 4000,
2026-10-05T12:04:59.2484523Z       "status": "pass"
2026-10-05T12:04:59.2484732Z     },
2026-10-05T12:04:59.2484906Z     {
2026-10-05T12:04:59.2485159Z       "surface_id": "openCodeActiveDynamicContext",
2026-10-05T12:04:59.2485495Z       "instance_id": "active",
2026-10-05T12:04:59.2485738Z       "raw_bytes": 903,
2026-10-05T12:04:59.2485990Z       "normalized_bytes": 748,
2026-10-05T12:04:59.2486268Z       "max_normalized_bytes": 1000,
2026-10-05T12:04:59.2486517Z       "status": "pass"
2026-10-05T12:04:59.2486725Z     },
2026-10-05T12:04:59.2486902Z     {
2026-10-05T12:04:59.2487173Z       "surface_id": "openCodeInactiveDynamicContext",
2026-10-05T12:04:59.2487515Z       "instance_id": "inactive",
2026-10-05T12:04:59.2487765Z       "raw_bytes": 0,
2026-10-05T12:04:59.2487991Z       "normalized_bytes": 0,
2026-10-05T12:04:59.2488261Z       "max_normalized_bytes": 0,
2026-10-05T12:04:59.2488508Z       "status": "pass"
2026-10-05T12:04:59.2488723Z     },
2026-10-05T12:04:59.2488901Z     {
2026-10-05T12:04:59.2489196Z       "surface_id": "openCodeComposedStaticAndActiveDynamic",
2026-10-05T12:04:59.2489583Z       "instance_id": "repository",
2026-10-05T12:04:59.2489843Z       "raw_bytes": 2400,
2026-10-05T12:04:59.2490106Z       "normalized_bytes": 2245,
2026-10-05T12:04:59.2490383Z       "max_normalized_bytes": 5000,
2026-10-05T12:04:59.2490985Z       "status": "pass"
2026-10-05T12:04:59.2491374Z     },
2026-10-05T12:04:59.2491698Z     {
2026-10-05T12:04:59.2492238Z       "surface_id": "openCodeComposedStaticAndActiveDynamic",
2026-10-05T12:04:59.2492943Z       "instance_id": "global-installed",
2026-10-05T12:04:59.2493442Z       "raw_bytes": 2476,
2026-10-05T12:04:59.2493918Z       "normalized_bytes": 2321,
2026-10-05T12:04:59.2494493Z       "max_normalized_bytes": 5000,
2026-10-05T12:04:59.2494985Z       "status": "pass"
2026-10-05T12:04:59.2495383Z     },
2026-10-05T12:04:59.2495685Z     {
2026-10-05T12:04:59.2496153Z       "surface_id": "openCodeCompactionAddition",
2026-10-05T12:04:59.2496758Z       "instance_id": "active",
2026-10-05T12:04:59.2497195Z       "raw_bytes": 1087,
2026-10-05T12:04:59.2497633Z       "normalized_bytes": 1087,
2026-10-05T12:04:59.2498134Z       "max_normalized_bytes": 1100,
2026-10-05T12:04:59.2498586Z       "status": "pass"
2026-10-05T12:04:59.2499022Z     },
2026-10-05T12:04:59.2499344Z     {
2026-10-05T12:04:59.2499795Z       "surface_id": "selectedGateCheckSkill",
2026-10-05T12:04:59.2500400Z       "instance_id": "canonical-generated",
2026-10-05T12:04:59.2501149Z       "raw_bytes": 5536,
2026-10-05T12:04:59.2501627Z       "normalized_bytes": 5536,
2026-10-05T12:04:59.2502117Z       "max_normalized_bytes": 6900,
2026-10-05T12:04:59.2502584Z       "status": "pass"
2026-10-05T12:04:59.2502965Z     },
2026-10-05T12:04:59.2503252Z     {
2026-10-05T12:04:59.2503723Z       "surface_id": "selectedGateCheckSkill",
2026-10-05T12:04:59.2504497Z       "instance_id": "global-installed",
2026-10-05T12:04:59.2505041Z       "raw_bytes": 6839,
2026-10-05T12:04:59.2505504Z       "normalized_bytes": 6839,
2026-10-05T12:04:59.2505961Z       "max_normalized_bytes": 6900,
2026-10-05T12:04:59.2506472Z       "status": "pass"
2026-10-05T12:04:59.2506823Z     }
2026-10-05T12:04:59.2507149Z   ]
2026-10-05T12:04:59.2507468Z }
2026-10-05T12:04:59.2507913Z Instruction-footprint tests passed
2026-10-05T12:04:59.6795291Z Request activation projection tests passed
2026-10-05T12:05:00.5278172Z Request Activation eval tests passed (39 cases; source and callback policy current)
2026-10-05T12:05:00.6466877Z 
2026-10-05T12:05:00.6467904Z > create-agdf@0.14.5 test:request-activation-callbacks
2026-10-05T12:05:00.6468474Z > node scripts/request-activation-callback-test.js
2026-10-05T12:05:00.6468729Z 
2026-10-05T12:05:00.6876151Z Request Activation callback and ordering integration tests passed
2026-10-05T12:05:00.8111277Z 
2026-10-05T12:05:00.8112188Z > create-agdf@0.14.5 test:request-activation-host-schema
2026-10-05T12:05:00.8112812Z > node scripts/request-activation-host-schema-test.js
2026-10-05T12:05:00.8113092Z 
2026-10-05T12:05:01.1526539Z Request Activation host observation schema tests passed
2026-10-05T12:05:01.2911633Z 
2026-10-05T12:05:01.2912308Z > create-agdf@0.14.5 test:gate-check-missing-control
2026-10-05T12:05:01.2912837Z > node scripts/gate-check-missing-control-test.js
2026-10-05T12:05:01.2913092Z 
2026-10-05T12:05:01.7407031Z Gate-check missing-control tests passed.
2026-10-05T12:05:01.8798065Z 
2026-10-05T12:05:01.8798686Z > create-agdf@0.14.5 test:canonical-init
2026-10-05T12:05:01.8799285Z > node scripts/canonical-init-test.js
2026-10-05T12:05:01.8799501Z 
2026-10-05T12:05:02.7397093Z Canonical init tests passed.
2026-10-05T12:05:02.9216239Z 
2026-10-05T12:05:02.9216928Z > create-agdf@0.14.5 test:cli-modularization
2026-10-05T12:05:02.9217709Z > node scripts/cli-modularization-test.js
2026-10-05T12:05:02.9218105Z 
2026-10-05T12:05:05.0369785Z cli modularization tests passed
2026-10-05T12:05:05.1690450Z 
2026-10-05T12:05:05.1691361Z > create-agdf@0.14.5 test:install-setup-contract
2026-10-05T12:05:05.1692003Z > node scripts/install-setup-contract-test.js
2026-10-05T12:05:05.1692259Z 
2026-10-05T12:05:05.2381503Z install setup contract tests passed
2026-10-05T12:05:05.3638252Z 
2026-10-05T12:05:05.3638954Z > create-agdf@0.14.5 test:install-setup-interaction
2026-10-05T12:05:05.3639568Z > node scripts/install-setup-interaction-test.js
2026-10-05T12:05:05.3640098Z 
2026-10-05T12:05:05.6259257Z install setup interaction tests passed
2026-10-05T12:05:05.7585092Z 
2026-10-05T12:05:05.7585764Z > create-agdf@0.14.5 test:install-setup-service
2026-10-05T12:05:05.7586251Z > node scripts/install-setup-service-test.js
2026-10-05T12:05:05.7586501Z 
2026-10-05T12:05:05.8899913Z install setup service tests passed
2026-10-05T12:05:06.0198629Z 
2026-10-05T12:05:06.0199321Z > create-agdf@0.14.5 test:install-control-migration
2026-10-05T12:05:06.0200249Z > node ../core/test/install-control-migration-test.js
2026-10-05T12:05:06.0200950Z 
2026-10-05T12:05:06.7480376Z Installation control migration: batch consent, partial migration, read-only deferral, bound snapshots, backups, CLI/JSON and EN/DE rendering passed.
2026-10-05T12:05:06.9103727Z 
2026-10-05T12:05:06.9104401Z > create-agdf@0.14.5 test:install-control-repair
2026-10-05T12:05:06.9104967Z > node scripts/install-control-repair-test.js
2026-10-05T12:05:06.9105212Z 
2026-10-05T12:05:08.2419564Z Installation repair: 1/2/3, verified checkpoint/Git sources, missing inputs, backups, approval reset, conflicts, interruptions, CLI and EN/DE passed.
2026-10-05T12:05:08.4381206Z 
2026-10-05T12:05:08.4381781Z > create-agdf@0.14.5 test:control-maintenance
2026-10-05T12:05:08.4382834Z > node scripts/control-maintenance-test.js && node scripts/control-maintenance-command-test.js && node ./scripts/repository-control-startup-test.js
2026-10-05T12:05:08.4383516Z 
2026-10-05T12:05:09.0701286Z Control maintenance shared service and interaction tests passed.
2026-10-05T12:05:10.8028626Z Control maintenance source/generated command tests passed.
2026-10-05T12:05:12.9577082Z Repository control bounded startup, consent and reentry tests passed.
2026-10-05T12:05:13.0936760Z 
2026-10-05T12:05:13.0937519Z > create-agdf@0.14.5 test:runtime-check-consent
2026-10-05T12:05:13.0938415Z > node scripts/runtime-check-consent-test.js && node scripts/codex-plugin-consent-test.js
2026-10-05T12:05:13.0938838Z 
2026-10-05T12:05:13.3174700Z Codex hook observation tests passed.
2026-10-05T12:05:14.7051260Z Runtime-check consent tests passed
2026-10-05T12:05:14.8755336Z Codex plugin consent: exact tool policy, readback, disable preservation, failures and input validation passed; revocation removes only the approval key.
2026-10-05T12:05:15.0011354Z 
2026-10-05T12:05:15.0012143Z > create-agdf@0.14.5 test:task-target-resolution
2026-10-05T12:05:15.0012914Z > node ../core/test/task-target-resolution-test.js
2026-10-05T12:05:15.0013326Z 
2026-10-05T12:05:15.1920849Z task target resolution tests passed
2026-10-05T12:05:15.3213408Z 
2026-10-05T12:05:15.3214038Z > create-agdf@0.14.5 test:skill-dispatch
2026-10-05T12:05:15.3215721Z > node ../core/test/skill-names-test.js && node scripts/skill-dispatch-function-contract-test.js && node scripts/skill-dispatch-test.js && node scripts/skill-dispatch-binding-test.js && node scripts/delivery-run-assignment-test.js
2026-10-05T12:05:15.3216821Z 
2026-10-05T12:05:16.1304141Z skill names tests passed
2026-10-05T12:05:16.7063999Z Skill dispatch semantic function contract tests passed
2026-10-05T12:05:16.7082303Z agdf_inspect function contract pins passed.
2026-10-05T12:05:17.1032599Z skill dispatch tests passed
2026-10-05T12:05:17.1088141Z presentation_required preview tests passed.
2026-10-05T12:05:31.8470432Z 40 adapter-to-dispatch cases passed (generated SessionStart and source-composed OpenCode, not loaded-host evidence)
2026-10-05T12:05:31.8704498Z Skill dispatch binding tests passed
2026-10-05T12:05:32.5653024Z Delivery run assignment: zero/one/multiple runs, UR references, explicit scope binding, new scope, stale and racing revisions, ambient selector, integrity and EN/DE status passed.
2026-10-05T12:05:32.7112650Z 
2026-10-05T12:05:32.7113311Z > create-agdf@0.14.5 test:control-inspect
2026-10-05T12:05:32.7114032Z > node scripts/control-inspect-test.js && node scripts/active-run-inventory-test.js
2026-10-05T12:05:32.7114473Z 
2026-10-05T12:05:46.1198484Z control-inspect parity, shared selection, read-only and preview tests passed.
2026-10-05T12:05:46.5278197Z Active-run inventory routing corpus, target binding, localized output and read-only runtime tests passed.
2026-10-05T12:05:46.6591398Z 
2026-10-05T12:05:46.6591991Z > create-agdf@0.14.5 test:host-command
2026-10-05T12:05:46.6592434Z > node scripts/host-command-test.js
2026-10-05T12:05:46.6592654Z 
2026-10-05T12:05:46.6996590Z [host-command-test] SKIPPED live Windows shim assertions on linux
2026-10-05T12:05:46.6998674Z Host command tests passed
2026-10-05T12:05:46.8272710Z 
2026-10-05T12:05:46.8273282Z > create-agdf@0.14.5 test:mcp-lifecycle
2026-10-05T12:05:46.8273760Z > node scripts/mcp-lifecycle-test.js
2026-10-05T12:05:46.8273986Z 
2026-10-05T12:05:52.7531918Z AGDF MCP lifecycle, package acquisition and host adapter tests passed.
2026-10-05T12:05:52.8855091Z 
2026-10-05T12:05:52.8855726Z > create-agdf@0.14.5 test:plugin-mcp-runtime
2026-10-05T12:05:52.8856439Z > node scripts/plugin-mcp-runtime-test.js
2026-10-05T12:05:52.8856785Z 
2026-10-05T12:05:54.9007779Z Plugin MCP runtime tests passed
2026-10-05T12:05:55.0312361Z 
2026-10-05T12:05:55.0312976Z > create-agdf@0.14.5 test:claude-plugin-mcp
2026-10-05T12:05:55.0313675Z > node scripts/claude-plugin-mcp-test.js
2026-10-05T12:05:55.0314024Z 
2026-10-05T12:05:55.5106480Z Claude plugin MCP tests passed
2026-10-05T12:05:55.6409650Z 
2026-10-05T12:05:55.6410215Z > create-agdf@0.14.5 test:codex-plugin-mcp
2026-10-05T12:05:55.6410968Z > node scripts/codex-plugin-mcp-test.js
2026-10-05T12:05:55.6411213Z 
2026-10-05T12:05:56.0515336Z Codex plugin MCP tests passed
2026-10-05T12:05:56.1841933Z 
2026-10-05T12:05:56.1842526Z > create-agdf@0.14.5 test:mcp-server
2026-10-05T12:05:56.1843115Z > npm --prefix ../mcp-server test
2026-10-05T12:05:56.1843335Z 
2026-10-05T12:05:56.2821760Z 
2026-10-05T12:05:56.2822279Z > @agdf/mcp-server@0.14.5 test
2026-10-05T12:05:56.2823733Z > npm run test:contract && npm run test:continuation && npm run test:late-source-revision && npm run test:protocol && npm run test:safety && npm run test:provenance && npm run test:performance && npm run test:package && npm run test:sdk-digest
2026-10-05T12:05:56.2824669Z 
2026-10-05T12:05:56.3951007Z 
2026-10-05T12:05:56.3951796Z > @agdf/mcp-server@0.14.5 test:contract
2026-10-05T12:05:56.3952397Z > node ./test/contract.test.js
2026-10-05T12:05:56.3961004Z 
2026-10-05T12:05:56.8338187Z AGDF MCP semantic contract tests passed.
2026-10-05T12:05:56.9587236Z 
2026-10-05T12:05:56.9587853Z > @agdf/mcp-server@0.14.5 test:continuation
2026-10-05T12:05:56.9588410Z > node ./test/continuation.test.js
2026-10-05T12:05:56.9588647Z 
2026-10-05T12:06:07.8287526Z All catalog-registered MCP judgement skill continuations supply exact packaged contracts without a hook binding.
2026-10-05T12:06:07.9621874Z 
2026-10-05T12:06:07.9622488Z > @agdf/mcp-server@0.14.5 test:late-source-revision
2026-10-05T12:06:07.9622958Z > node ./test/late-source-revision.test.js
2026-10-05T12:06:24.6348070Z 
2026-10-05T12:06:24.6348788Z Late source revision CLI/Core/MCP parity passed (actual stdio server, synthetic fixture approvals).
2026-10-05T12:06:24.9711464Z 
2026-10-05T12:06:24.9712133Z > @agdf/mcp-server@0.14.5 test:protocol
2026-10-05T12:06:24.9713238Z > node ./test/protocol.test.js && node ./test/skill-names.test.js
2026-10-05T12:06:24.9714181Z 
2026-10-05T12:06:26.3097253Z AGDF MCP 2025-11-25 and 2026-07-28 separate language-matrix protocol tests passed.
2026-10-05T12:06:46.6021370Z CLI/MCP host skill name parity passed
2026-10-05T12:06:46.7341206Z 
2026-10-05T12:06:46.7341901Z > @agdf/mcp-server@0.14.5 test:safety
2026-10-05T12:06:46.7342593Z > node ./test/safety.test.js
2026-10-05T12:06:46.7342939Z 
2026-10-05T12:06:46.9170455Z AGDF MCP isolation, timeout, cancellation and static safety tests passed.
2026-10-05T12:06:47.0954503Z 
2026-10-05T12:06:47.0954982Z > @agdf/mcp-server@0.14.5 test:provenance
2026-10-05T12:06:47.0955424Z > node ./test/provenance.test.js
2026-10-05T12:06:47.0955622Z 
2026-10-05T12:06:50.2724103Z AGDF MCP owned-runtime provenance, shutdown and tamper tests passed.
2026-10-05T12:06:50.4078551Z 
2026-10-05T12:06:50.4079239Z > @agdf/mcp-server@0.14.5 test:performance
2026-10-05T12:06:50.4079984Z > node ./test/performance.test.js
2026-10-05T12:06:50.4080342Z 
2026-10-05T12:07:03.7311915Z {"node":"v24.21.0","platform":"linux-x64","runs":20,"cold_tools_list_ms":[300.973,292.477,293.024,289.007,285.655,283.773,281.518,287.454,294.767,289.828,287.196,285.978,283.328,290.976,293.408,290.844,289.179,289.05,290.553,293.05],"cold_p95_ms":294.767,"warm_dispatch_ms":[307.091,273.229,360.113,356.942,259.14,348.814,351.474,344.72,262.748,353.165,358.042,350.113,358.607,347.037,347.627,355.617,260.256,259.484,344.624,345.827],"warm_p95_ms":358.607}
2026-10-05T12:07:03.9966779Z 
2026-10-05T12:07:03.9967421Z > @agdf/mcp-server@0.14.5 test:package
2026-10-05T12:07:03.9968105Z > node ./test/package.test.js
2026-10-05T12:07:03.9968428Z 
2026-10-05T12:07:04.3671784Z AGDF MCP package boundary tests passed.
2026-10-05T12:07:04.4927183Z 
2026-10-05T12:07:04.4927821Z > @agdf/mcp-server@0.14.5 test:sdk-digest
2026-10-05T12:07:04.4928570Z > node ./test/sdk-digest.test.js
2026-10-05T12:07:04.4928911Z 
2026-10-05T12:07:04.6206079Z MCP SDK digest tests passed
2026-10-05T12:07:04.7622966Z 
2026-10-05T12:07:04.7623979Z > create-agdf@0.14.5 test:local-validator
2026-10-05T12:07:04.7624540Z > node scripts/local-validator-test.js
2026-10-05T12:07:04.7624902Z 
2026-10-05T12:07:05.0451354Z Local validator tests passed
2026-10-05T12:07:05.1899055Z 
2026-10-05T12:07:05.1899728Z > create-agdf@0.14.5 test:local-marketplace
2026-10-05T12:07:05.1901114Z > node scripts/local-marketplace-test.js
2026-10-05T12:07:05.1901571Z 
2026-10-05T12:07:12.7534821Z Local marketplace tests passed
2026-10-05T12:07:13.0932595Z 
2026-10-05T12:07:13.0933243Z > create-agdf@0.14.5 test:claude-cache-recovery
2026-10-05T12:07:13.0934079Z > node scripts/claude-cache-recovery-test.js
2026-10-05T12:07:13.0934488Z 
2026-10-05T12:07:13.1314339Z Claude cache recovery tests passed
2026-10-05T12:07:13.2644903Z 
2026-10-05T12:07:13.2645598Z > create-agdf@0.14.5 test:copilot-profile
2026-10-05T12:07:13.2646316Z > node ../../scripts/skill-name-projection-test.mjs && node scripts/copilot-profile-test.js
2026-10-05T12:07:13.2646733Z 
2026-10-05T12:07:13.3865973Z skill name projections passed
2026-10-05T12:07:13.5990285Z Copilot profile tests passed (inventory, drift, exclusions and growth fail closed)
2026-10-05T12:07:13.7239671Z 
2026-10-05T12:07:13.7240349Z > create-agdf@0.14.5 test:copilot-installer
2026-10-05T12:07:13.7241427Z > node scripts/copilot-installer-test.js
2026-10-05T12:07:13.7241845Z 
2026-10-05T12:07:16.3353352Z Copilot installer tests passed (native Git checkout, same-version updates, migration, rollback, discovery and isolation)
2026-10-05T12:07:16.5455763Z 
2026-10-05T12:07:16.5456466Z > create-agdf@0.14.5 test:local-preparation
2026-10-05T12:07:16.5457144Z > node scripts/local-preparation-test.js
2026-10-05T12:07:16.5457375Z 
2026-10-05T12:07:20.1178842Z local host preparation: isolation, clean bootstrap, runtime validation and release guard passed
2026-10-05T12:07:20.7533620Z 
2026-10-05T12:07:20.7534288Z > create-agdf@0.14.5 test:local-development-install
2026-10-05T12:07:20.7535063Z > npm run release:prepare && node scripts/local-development-install-test.js
2026-10-05T12:07:20.7535406Z 
2026-10-05T12:07:20.8722566Z 
2026-10-05T12:07:20.8723183Z > create-agdf@0.14.5 release:prepare
2026-10-05T12:07:20.8724389Z > npm run sync-package-assets && npm run test:distribution-profile-history && npm run test:release-bump && npm run test:release-version-coherence && npm run test:public-plugin && npm run test:portable-plugin
2026-10-05T12:07:20.8725148Z 
2026-10-05T12:07:20.9939480Z 
2026-10-05T12:07:20.9940019Z > create-agdf@0.14.5 sync-package-assets
2026-10-05T12:07:20.9940473Z > node ../../scripts/sync-package-assets.js
2026-10-05T12:07:20.9940949Z 
2026-10-05T12:07:21.5556165Z 
2026-10-05T12:07:21.5556979Z > create-agdf@0.14.5 test:distribution-profile-history
2026-10-05T12:07:21.5557516Z > node scripts/distribution-profile-history-test.js
2026-10-05T12:07:21.5558037Z 
2026-10-05T12:07:21.6133521Z Distribution profile history passed (8 exact releases, malformed and closed-policy matrices)
2026-10-05T12:07:21.7378158Z 
2026-10-05T12:07:21.7378766Z > create-agdf@0.14.5 test:release-bump
2026-10-05T12:07:21.7379496Z > node scripts/release-bump-test.js
2026-10-05T12:07:21.7379859Z 
2026-10-05T12:07:21.9874148Z Release bump passed (20 transactional files; repair, forward, review, rollback and recovery)
2026-10-05T12:07:22.1316461Z 
2026-10-05T12:07:22.1317183Z > create-agdf@0.14.5 test:release-version-coherence
2026-10-05T12:07:22.1317743Z > node scripts/release-version-coherence-test.js
2026-10-05T12:07:22.1317986Z 
2026-10-05T12:07:23.2812480Z Release version coherence passed (50 surfaces at 0.14.5; 8 profile snapshots)
2026-10-05T12:07:23.4108610Z 
2026-10-05T12:07:23.4109186Z > create-agdf@0.14.5 test:public-plugin
2026-10-05T12:07:23.4109755Z > node scripts/public-plugin-test.js
2026-10-05T12:07:23.4109970Z 
2026-10-05T12:07:23.6795152Z Public plugin tests passed (60 inventoried candidate files; digest 416c48ca8fe420b133c90d0a967d9e834341c3b1578d8ca02e43db39b4b173e5)
2026-10-05T12:07:23.8080315Z 
2026-10-05T12:07:23.8081133Z > create-agdf@0.14.5 test:portable-plugin
2026-10-05T12:07:23.8081902Z > node scripts/portable-plugin-test.js
2026-10-05T12:07:23.8082299Z 
2026-10-05T12:07:24.3124644Z Portable plugin schema/profile/resource/selection/retry tests passed; digest 416c48ca8fe420b133c90d0a967d9e834341c3b1578d8ca02e43db39b4b173e5
2026-10-05T12:07:34.2541600Z Local development install tests passed
2026-10-05T12:07:34.9452804Z 
2026-10-05T12:07:34.9453407Z > create-agdf@0.14.5 test:package-build
2026-10-05T12:07:34.9453912Z > node scripts/package-build-test.js
2026-10-05T12:07:34.9454131Z 
2026-10-05T12:07:36.3249616Z Package build tests passed (all generated profiles byte-identical across complete builds; source untouched)
2026-10-05T12:07:36.4535757Z 
2026-10-05T12:07:36.4536310Z > create-agdf@0.14.5 test:package-contents
2026-10-05T12:07:36.4536754Z > node scripts/package-contents-test.js
2026-10-05T12:07:36.4537004Z 
2026-10-05T12:07:38.0555714Z Package contents tests passed (761 files; complete release-built plugin present)
2026-10-05T12:07:38.1808719Z 
2026-10-05T12:07:38.1809290Z > create-agdf@0.14.5 test:lifecycle
2026-10-05T12:07:38.1809853Z > node scripts/lifecycle-test.js
2026-10-05T12:07:38.1810050Z 
2026-10-05T12:07:38.6675012Z lifecycle tests passed
2026-10-05T12:07:38.8005819Z 
2026-10-05T12:07:38.8006378Z > create-agdf@0.14.5 test:copilot-repository-retention
2026-10-05T12:07:38.8006963Z > node scripts/copilot-repository-retention-test.js
2026-10-05T12:07:38.8007258Z 
2026-10-05T12:07:39.7867711Z Copilot repository retention tests passed (install, update, status, disable, uninstall and failure)
2026-10-05T12:07:39.9432558Z 
2026-10-05T12:07:39.9433140Z > create-agdf@0.14.5 test:control-command
2026-10-05T12:07:39.9433595Z > node scripts/control-command-test.js
2026-10-05T12:07:39.9433810Z 
2026-10-05T12:07:41.2751373Z PASS SCN-016 Windows replay flush uses a writable handle without changing canonical bytes
2026-10-05T12:07:41.2759771Z PASS SCN-002 undeclared {"role":"user"}
2026-10-05T12:07:41.2760805Z PASS SCN-002 undeclared {"seen":true}
2026-10-05T12:07:41.2761866Z PASS SCN-002 undeclared {"trusted":true}
2026-10-05T12:07:41.2762935Z PASS SCN-002 undeclared {"tool_provenance":"human"}
2026-10-05T12:07:41.2771828Z PASS SCN-002 accessor schema_version rejected without evaluation
2026-10-05T12:07:41.2772685Z PASS SCN-002 accessor action rejected without evaluation
2026-10-05T12:07:41.2773510Z PASS SCN-002 accessor target_id rejected without evaluation
2026-10-05T12:07:41.2774296Z PASS SCN-002 accessor run_id rejected without evaluation
2026-10-05T12:07:41.2775038Z PASS SCN-002 accessor gate rejected without evaluation
2026-10-05T12:07:41.2775902Z PASS SCN-002 accessor expected_revision_id rejected without evaluation
2026-10-05T12:07:41.2776825Z PASS SCN-002 accessor presentation_id rejected without evaluation
2026-10-05T12:07:41.2777657Z PASS SCN-002 accessor response rejected without evaluation
2026-10-05T12:07:41.2778901Z PASS SCN-002 accessor operation_id rejected without evaluation
2026-10-05T12:07:41.2779719Z PASS SCN-002 accessor assurance rejected without evaluation
2026-10-05T12:07:41.2780387Z PASS SCN-009 "authenticated_human"
2026-10-05T12:07:41.2781312Z PASS SCN-009 "verified_human"
2026-10-05T12:07:41.2781761Z PASS SCN-009 "host_attested"
2026-10-05T12:07:41.2782201Z PASS SCN-009 "signed"
2026-10-05T12:07:41.2782605Z PASS SCN-009 "trusted"
2026-10-05T12:07:41.2782992Z PASS SCN-009 ""
2026-10-05T12:07:41.2783497Z PASS SCN-002 malformed {"schema_version":"2"}
2026-10-05T12:07:41.2784129Z PASS SCN-002 malformed {"action":"present"}
2026-10-05T12:07:41.2784747Z PASS SCN-002 malformed {"operation_id":"x"}
2026-10-05T12:07:41.2785370Z PASS SCN-002 malformed {"run_id":"../foreign"}
2026-10-05T12:07:41.2785925Z PASS SCN-002 malformed {"expected_revision_id":null}
2026-10-05T12:07:41.2791609Z PASS SCN-002 malformed {}
2026-10-05T12:07:41.4487951Z PASS SCN-002/009 closed schema and unsupported authority, zero mutation
2026-10-05T12:07:42.5455685Z PASS SCN-008 ""
2026-10-05T12:07:42.7211611Z PASS SCN-008 "Ja"
2026-10-05T12:07:42.9005418Z PASS SCN-008 "Leg los"
2026-10-05T12:07:43.0720114Z PASS SCN-008 "Approval: PRD"
2026-10-05T12:07:43.2428108Z PASS SCN-008 "`Approval: UR`"
2026-10-05T12:07:43.4099288Z PASS SCN-008 "Zitat: Approval: UR"
2026-10-05T12:07:43.4099986Z PASS SCN-007/008 read, present, derived and nonexact replies do not approve
2026-10-05T12:07:43.4932628Z PASS SCN-011 {"target_id":"sha256:aaaaaaaaaaaaaaaaaaaaaaaaaaaaaaaaaaaaaaaaaaaaaaaaaaaaaaaaaaaaaaaa"}
2026-10-05T12:07:43.6621820Z PASS SCN-011 {"expected_revision_id":"6bc4989e-6b69-4273-92ae-a9529b4f80ab"}
2026-10-05T12:07:43.8309028Z PASS SCN-011 {"presentation_id":"81041da3-a33c-4d52-92d0-6a009d59cce7"}
2026-10-05T12:07:43.9972275Z PASS SCN-011 {"gate":"PRD"}
2026-10-05T12:07:44.0843159Z PASS SCN-011 exact target, revision and presentation bindings
2026-10-05T12:07:44.2518452Z PASS SCN-015 live and unknown locks are retained and never succeed
2026-10-05T12:07:44.5907050Z PASS SCN-020 temp_opened
2026-10-05T12:07:44.9250576Z PASS SCN-020 temp_written
2026-10-05T12:07:45.2615824Z PASS SCN-020 after_file_sync
2026-10-05T12:07:45.6158699Z PASS SCN-020 before_rename
2026-10-05T12:07:45.6161914Z PASS SCN-020 write checkpoints before rename leave no approval or receipt
2026-10-05T12:07:45.7866329Z PASS SCN-012 final presentation validation under lock
2026-10-05T12:07:46.0388527Z PASS SCN-012 prepared presentation mutation is rejected at final validation
2026-10-05T12:07:46.3493852Z PASS SCN-001/003/004/010 one revision, atomic receipt and explicit cooperative result
2026-10-05T12:07:46.3500993Z PASS SCN-025 invalid receipt subcase 0
2026-10-05T12:07:46.3505018Z PASS SCN-025 invalid receipt subcase 1
2026-10-05T12:07:46.3509004Z PASS SCN-025 invalid receipt subcase 2
2026-10-05T12:07:46.3512917Z PASS SCN-025 invalid receipt subcase 3
2026-10-05T12:07:46.3516372Z PASS SCN-025 invalid receipt subcase 4
2026-10-05T12:07:46.3519840Z PASS SCN-025 invalid receipt subcase 5
2026-10-05T12:07:46.3523516Z PASS SCN-025 invalid receipt subcase 6
2026-10-05T12:07:46.3535376Z PASS SCN-023/025 receipt version, row identity, effect and encoding validation
2026-10-05T12:07:46.5880408Z PASS SCN-016/017 same request replays; changed bytes conflict without a revision
2026-10-05T12:07:46.6769258Z PASS SCN-018/019 historical effect survives revocation, current state is separately observed
2026-10-05T12:07:46.6825599Z PASS SCN-023/025 receipt corruption, deletion and seal tampering fail closed
2026-10-05T12:07:46.7718161Z PASS SCN-018 receipt-preserving recovery never restores approval
2026-10-05T12:07:47.5828086Z PASS SCN-022 postrename failure exposes canonical effect; retry acknowledges without writing
2026-10-05T12:07:47.6516245Z PASS SCN-018 bounded PRD supersession preserves UR receipt and never reapproves PRD
2026-10-05T12:07:49.6408303Z PASS SCN-024 legacy seal bytes and CLI rejection/assurance remain compatible
2026-10-05T12:07:49.6978262Z PASS SCN-011 symlink run paths are rejected before mutation
2026-10-05T12:07:49.7006592Z Control command tests passed: 18 scenario groups.
2026-10-05T12:07:51.2922469Z PASS SCN-020/022 postcommit after_directory_sync acknowledged without another revision
2026-10-05T12:07:52.8879954Z PASS SCN-020/022 postcommit before_response acknowledged without another revision
2026-10-05T12:07:54.4839287Z PASS SCN-020/022 postcommit before_lock_release acknowledged without another revision
2026-10-05T12:07:56.0927483Z PASS SCN-020/022 postcommit after_lock_release acknowledged without another revision
2026-10-05T12:07:56.2412048Z 
2026-10-05T12:07:56.2412701Z > create-agdf@0.14.5 test:control-command-process
2026-10-05T12:07:56.2413241Z > node scripts/control-command-process-test.js
2026-10-05T12:07:56.2413494Z 
2026-10-05T12:07:58.2945652Z PASS SCN-021/016 kill before_rename, confirmed death, one committed revision
2026-10-05T12:07:59.9486058Z PASS SCN-021/016 kill after_rename, confirmed death, one committed revision
2026-10-05T12:08:01.6890132Z PASS SCN-021/016 kill before_response, confirmed death, one committed revision
2026-10-05T12:08:04.0218967Z PASS SCN-013/014/015 CLI/API concurrent identical
2026-10-05T12:08:06.4310988Z PASS SCN-013/014/015 CLI/API concurrent distinct
2026-10-05T12:08:08.7434088Z PASS SCN-013/014/015 CLI/API concurrent changed_payload
2026-10-05T12:08:08.7460389Z Control command process tests passed on linux/x64.
2026-10-05T12:08:10.9293518Z PASS SCN-026 real legacy CLI interruption before_rename
2026-10-05T12:08:12.9089587Z PASS SCN-026 real legacy CLI interruption after_rename
2026-10-05T12:08:12.9123456Z SCN-026 INTERRUPTION_METRICS [{"lane":"command","point":"before_rename","interrupted_calls":1,"retry_calls":1,"resulting_revision_count":1,"replay_outcome":"accepted","manual_corrections":0,"human_decision":"unavailable"},{"lane":"command","point":"after_rename","interrupted_calls":1,"retry_calls":1,"resulting_revision_count":1,"replay_outcome":"already_applied","manual_corrections":0,"human_decision":"unavailable"},{"lane":"command","point":"before_response","interrupted_calls":1,"retry_calls":1,"resulting_revision_count":1,"replay_outcome":"already_applied","manual_corrections":0,"human_decision":"unavailable"},{"lane":"legacy","point":"before_rename","interrupted_calls":1,"retry_calls":1,"resulting_revision_count":1,"replay_outcome":"approved","manual_corrections":0,"human_decision":"unavailable"},{"lane":"legacy","point":"after_rename","interrupted_calls":1,"retry_calls":1,"resulting_revision_count":1,"replay_outcome":"rejected","manual_corrections":0,"human_decision":"unavailable"}]
2026-10-05T12:08:12.9211301Z PROCESS_EVIDENCE [{"point":"before_rename","child_pid":10201,"observed_exit":{"code":null,"signal":"SIGKILL"},"interrupted_revision":"53b38ec6-0f77-475d-ba53-bdc21d092af6","retry":{"schema_version":"1","outcome":"accepted","reason":null,"operation_id":"530439da-24b1-4032-9156-4c3538e85ec0","request_digest":"sha256:fb710efa9519a3dd8b6079f737dc504a7e931987718c8d869ddfb2c2f201c16b","binding":{"target_id":"sha256:fff7cdb63cea8043ad4aed58e3ac456e4cc33502edb1e57e522d94426d3f5909","run_id":"command-test","gate":"UR","expected_revision_id":"53b38ec6-0f77-475d-ba53-bdc21d092af6","presentation_id":"68bf8c8d-6a6a-4699-addc-1e2e26e61ae2"},"effect":{"previous_revision_id":"53b38ec6-0f77-475d-ba53-bdc21d092af6","resulting_revision_id":"ec67cf80-08ed-433e-9554-23ad27d26ff0","revision":3,"gate":"UR","approval":"Approval: UR","artefact_digest":"sha256:316ee25501048fbea4206beee4a1d9d7d92981377a792f9e1c111270d8d753bb","presentation_digest":"sha256:a503787b681af8fb72c4b0cf500550bd36918f6fd48793ab97e6149f4e7c28e8","next_gate_after_approval":"Brownfield Review","allowed_after_approval":"Run Brownfield Review after G-00 before drafting PRD, or mark Brownfield Review not_applicable with evidence."},"assurance":{"lane":"cooperative_local","reply_provenance":"caller_forwarded_deliberate_reply","independent_human_proof":"unavailable"},"current":{"available":true,"revision":3,"revision_id":"ec67cf80-08ed-433e-9554-23ad27d26ff0","approval_status":"approved","lifecycle":"active","gate":"Brownfield Review","status":"open","missing_approval":"none","next_allowed_action":"Run Brownfield Review after G-00 before drafting PRD, or mark Brownfield Review not_applicable with evidence.","blocking_reason":"none"},"observations":{"commit":"canonical_receipt_observed","durability":"file_and_directory_sync_completed","independent_human_proof":"unavailable"},"recovery":null}},{"point":"after_rename","child_pid":10244,"observed_exit":{"code":null,"signal":"SIGKILL"},"interrupted_revision":"a2f3f8ff-2192-4e31-a706-b4e559fdd715","retry":{"schema_version":"1","outcome":"already_applied","reason":null,"operation_id":"ef494b8f-3382-4456-9192-f3054bda961e","request_digest":"sha256:09fe089b6e4b40830a213c565ab02be49a232383989ae4c6fce6dc98b4f39176","binding":{"target_id":"sha256:adab37398f90b699cda2c7734397dbc3dab7103f4feef22a4177ff6490473317","run_id":"command-test","gate":"UR","expected_revision_id":"fca5b487-b216-4883-afa2-aa8c7627e891","presentation_id":"35cc6c8e-9c49-464d-8690-c252c3d46d66"},"effect":{"allowed_after_approval":"Run Brownfield Review after G-00 before drafting PRD, or mark Brownfield Review not_applicable with evidence.","approval":"Approval: UR","artefact_digest":"sha256:316ee25501048fbea4206beee4a1d9d7d92981377a792f9e1c111270d8d753bb","gate":"UR","next_gate_after_approval":"Brownfield Review","presentation_digest":"sha256:d801f13af108e3c1cf90ae588950b06414a4e834a8ac39b41707832440925650","previous_revision_id":"fca5b487-b216-4883-afa2-aa8c7627e891","resulting_revision_id":"a2f3f8ff-2192-4e31-a706-b4e559fdd715","revision":3},"assurance":{"lane":"cooperative_local","reply_provenance":"caller_forwarded_deliberate_reply","independent_human_proof":"unavailable"},"current":{"available":true,"revision":3,"revision_id":"a2f3f8ff-2192-4e31-a706-b4e559fdd715","approval_status":"approved","lifecycle":"active","gate":"Brownfield Review","status":"open","missing_approval":"none","next_allowed_action":"Run Brownfield Review after G-00 before drafting PRD, or mark Brownfield Review not_applicable with evidence.","blocking_reason":"none"},"observations":{"commit":"canonical_receipt_observed","durability":"file_and_directory_sync_completed","independent_human_proof":"unavailable"},"recovery":null}},{"point":"before_response","child_pid":10287,"observed_exit":{"code":null,"signal":"SIGKILL"},"interrupted_revision":"1837d3fc-c5d0-4337-8713-d6e0da57a6bb","retry":{"schema_version":"1","outcome":"already_applied","reason":null,"operation_id":"356c53e7-b132-4448-9839-abfe75e32042","request_digest":"sha256:81e13674b59518000c94b688f5364ed3502e178ab418a76fd89f32cdc15b26ce","binding":{"target_id":"sha256:9016b38410007e6fe0ecb9c4edde6f4b9bdacfed23623fb8b98ddbb46b4014c5","run_id":"command-test","gate":"UR","expected_revision_id":"bf2f4640-e36b-4c30-9a7a-4f2805fbec2a","presentation_id":"f7f645be-2ca0-4c7b-aa37-f5fef0db9b30"},"effect":{"allowed_after_approval":"Run Brownfield Review after G-00 before drafting PRD, or mark Brownfield Review not_applicable with evidence.","approval":"Approval: UR","artefact_digest":"sha256:316ee25501048fbea4206beee4a1d9d7d92981377a792f9e1c111270d8d753bb","gate":"UR","next_gate_after_approval":"Brownfield Review","presentation_digest":"sha256:ee14c71a26943f3b3037a2b1969f1d40f20b34402c4f07d78b7a88a7deffd12a","previous_revision_id":"bf2f4640-e36b-4c30-9a7a-4f2805fbec2a","resulting_revision_id":"1837d3fc-c5d0-4337-8713-d6e0da57a6bb","revision":3},"assurance":{"lane":"cooperative_local","reply_provenance":"caller_forwarded_deliberate_reply","independent_human_proof":"unavailable"},"current":{"available":true,"revision":3,"revision_id":"1837d3fc-c5d0-4337-8713-d6e0da57a6bb","approval_status":"approved","lifecycle":"active","gate":"Brownfield Review","status":"open","missing_approval":"none","next_allowed_action":"Run Brownfield Review after G-00 before drafting PRD, or mark Brownfield Review not_applicable with evidence.","blocking_reason":"none"},"observations":{"commit":"canonical_receipt_observed","durability":"file_and_directory_sync_completed","independent_human_proof":"unavailable"},"recovery":null}},{"mode":"identical","child_pid":10331,"winner":{"schema_version":"1","outcome":"accepted","reason":null,"operation_id":"d8e49c1e-8883-4abc-9cde-e23b221dd521","request_digest":"sha256:f11c39395cf8253f7b00686d99254d953f76d801bef7991019fc95ed2819b6c6","binding":{"target_id":"sha256:8e1388c43ee6e7f2a99c764514729770b4473c64b8fbad643a4aa8ab46ab7ecf","run_id":"command-test","gate":"UR","expected_revision_id":"e71d5197-c3ba-4f56-81d1-0130747172d3","presentation_id":"71770c2a-0a24-43ed-a368-f687f5c857ec"},"effect":{"previous_revision_id":"e71d5197-c3ba-4f56-81d1-0130747172d3","resulting_revision_id":"eca1f66e-ba5d-4127-a35f-8f3da3b41a7b","revision":3,"gate":"UR","approval":"Approval: UR","artefact_digest":"sha256:316ee25501048fbea4206beee4a1d9d7d92981377a792f9e1c111270d8d753bb","presentation_digest":"sha256:827750d4cd81dc2fe8f64eb8ab2d8aee8c8e5554873e76a89adb6ae00b4029a0","next_gate_after_approval":"Brownfield Review","allowed_after_approval":"Run Brownfield Review after G-00 before drafting PRD, or mark Brownfield Review not_applicable with evidence."},"assurance":{"lane":"cooperative_local","reply_provenance":"caller_forwarded_deliberate_reply","independent_human_proof":"unavailable"},"current":{"available":true,"revision":3,"revision_id":"eca1f66e-ba5d-4127-a35f-8f3da3b41a7b","approval_status":"approved","lifecycle":"active","gate":"Brownfield Review","status":"open","missing_approval":"none","next_allowed_action":"Run Brownfield Review after G-00 before drafting PRD, or mark Brownfield Review not_applicable with evidence.","blocking_reason":"none"},"observations":{"commit":"canonical_receipt_observed","durability":"file_and_directory_sync_completed","independent_human_proof":"unavailable"},"recovery":null},"concurrent":{"code":2,"result":{"schema_version":"1","outcome":"retryable_failure","reason":"run_write_locked","operation_id":"d8e49c1e-8883-4abc-9cde-e23b221dd521","request_digest":"sha256:f11c39395cf8253f7b00686d99254d953f76d801bef7991019fc95ed2819b6c6","binding":{"target_id":"sha256:8e1388c43ee6e7f2a99c764514729770b4473c64b8fbad643a4aa8ab46ab7ecf","run_id":"command-test","gate":"UR","expected_revision_id":"e71d5197-c3ba-4f56-81d1-0130747172d3","presentation_id":"71770c2a-0a24-43ed-a368-f687f5c857ec"},"effect":null,"assurance":{"lane":"cooperative_local","reply_provenance":"caller_forwarded_deliberate_reply","independent_human_proof":"unavailable"},"current":{"available":true,"revision":2,"revision_id":"e71d5197-c3ba-4f56-81d1-0130747172d3","approval_status":"missing","lifecycle":"active","gate":"UR","status":"open","missing_approval":"Approval: UR","next_allowed_action":"Fill the current UR control state, persist the UR draft, and request exact approval: Approval: UR.","blocking_reason":"none"},"observations":{"commit":"no_receipt_acknowledged","durability":"unconfirmed","independent_human_proof":"unavailable"},"recovery":"Retry the identical command with the original operation UUID and payload; do not create a new decision."}},"retried":{"code":0,"result":{"schema_version":"1","outcome":"already_applied","reason":null,"operation_id":"d8e49c1e-8883-4abc-9cde-e23b221dd521","request_digest":"sha256:f11c39395cf8253f7b00686d99254d953f76d801bef7991019fc95ed2819b6c6","binding":{"target_id":"sha256:8e1388c43ee6e7f2a99c764514729770b4473c64b8fbad643a4aa8ab46ab7ecf","run_id":"command-test","gate":"UR","expected_revision_id":"e71d5197-c3ba-4f56-81d1-0130747172d3","presentation_id":"71770c2a-0a24-43ed-a368-f687f5c857ec"},"effect":{"allowed_after_approval":"Run Brownfield Review after G-00 before drafting PRD, or mark Brownfield Review not_applicable with evidence.","approval":"Approval: UR","artefact_digest":"sha256:316ee25501048fbea4206beee4a1d9d7d92981377a792f9e1c111270d8d753bb","gate":"UR","next_gate_after_approval":"Brownfield Review","presentation_digest":"sha256:827750d4cd81dc2fe8f64eb8ab2d8aee8c8e5554873e76a89adb6ae00b4029a0","previous_revision_id":"e71d5197-c3ba-4f56-81d1-0130747172d3","resulting_revision_id":"eca1f66e-ba5d-4127-a35f-8f3da3b41a7b","revision":3},"assurance":{"lane":"cooperative_local","reply_provenance":"caller_forwarded_deliberate_reply","independent_human_proof":"unavailable"},"current":{"available":true,"revision":3,"revision_id":"eca1f66e-ba5d-4127-a35f-8f3da3b41a7b","approval_status":"approved","lifecycle":"active","gate":"Brownfield Review","status":"open","missing_approval":"none","next_allowed_action":"Run Brownfield Review after G-00 before drafting PRD, or mark Brownfield Review not_applicable with evidence.","blocking_reason":"none"},"observations":{"commit":"canonical_receipt_observed","durability":"file_and_directory_sync_completed","independent_human_proof":"unavailable"},"recovery":null}}},{"mode":"distinct","child_pid":10388,"winner":{"schema_version":"1","outcome":"accepted","reason":null,"operation_id":"747663a6-06e9-4779-b050-143147a75a7f","request_digest":"sha256:a2c32078eda2da26d7e1ff0ea71fb244ee79a0bb626bc084fc24f8d7414fc964","binding":{"target_id":"sha256:dfa1e1ee3e8f7831d03357551b195eb85706628ec27b311bdc68c60873575bc6","run_id":"command-test","gate":"UR","expected_revision_id":"15612806-1c25-42b7-9bb5-5895ae61045c","presentation_id":"a1e1d610-9119-4182-99bd-8d2eaf850596"},"effect":{"previous_revision_id":"15612806-1c25-42b7-9bb5-5895ae61045c","resulting_revision_id":"ab5c1c67-dae4-48be-9461-271e03d41486","revision":3,"gate":"UR","approval":"Approval: UR","artefact_digest":"sha256:316ee25501048fbea4206beee4a1d9d7d92981377a792f9e1c111270d8d753bb","presentation_digest":"sha256:32817dee752eb8cfdc47f94910e434fcbec2653066671a9912e04328696dbb12","next_gate_after_approval":"Brownfield Review","allowed_after_approval":"Run Brownfield Review after G-00 before drafting PRD, or mark Brownfield Review not_applicable with evidence."},"assurance":{"lane":"cooperative_local","reply_provenance":"caller_forwarded_deliberate_reply","independent_human_proof":"unavailable"},"current":{"available":true,"revision":3,"revision_id":"ab5c1c67-dae4-48be-9461-271e03d41486","approval_status":"approved","lifecycle":"active","gate":"Brownfield Review","status":"open","missing_approval":"none","next_allowed_action":"Run Brownfield Review after G-00 before drafting PRD, or mark Brownfield Review not_applicable with evidence.","blocking_reason":"none"},"observations":{"commit":"canonical_receipt_observed","durability":"file_and_directory_sync_completed","independent_human_proof":"unavailable"},"recovery":null},"concurrent":{"code":2,"result":{"schema_version":"1","outcome":"retryable_failure","reason":"run_write_locked","operation_id":"cd2222f6-1476-4fc3-9380-61444c736596","request_digest":"sha256:a2c32078eda2da26d7e1ff0ea71fb244ee79a0bb626bc084fc24f8d7414fc964","binding":{"target_id":"sha256:dfa1e1ee3e8f7831d03357551b195eb85706628ec27b311bdc68c60873575bc6","run_id":"command-test","gate":"UR","expected_revision_id":"15612806-1c25-42b7-9bb5-5895ae61045c","presentation_id":"a1e1d610-9119-4182-99bd-8d2eaf850596"},"effect":null,"assurance":{"lane":"cooperative_local","reply_provenance":"caller_forwarded_deliberate_reply","independent_human_proof":"unavailable"},"current":{"available":true,"revision":2,"revision_id":"15612806-1c25-42b7-9bb5-5895ae61045c","approval_status":"missing","lifecycle":"active","gate":"UR","status":"open","missing_approval":"Approval: UR","next_allowed_action":"Fill the current UR control state, persist the UR draft, and request exact approval: Approval: UR.","blocking_reason":"none"},"observations":{"commit":"no_receipt_acknowledged","durability":"unconfirmed","independent_human_proof":"unavailable"},"recovery":"Retry the identical command with the original operation UUID and payload; do not create a new decision."}},"retried":{"code":2,"result":{"schema_version":"1","outcome":"rejected","reason":"gate_not_ready","operation_id":"cd2222f6-1476-4fc3-9380-61444c736596","request_digest":"sha256:a2c32078eda2da26d7e1ff0ea71fb244ee79a0bb626bc084fc24f8d7414fc964","binding":{"target_id":"sha256:dfa1e1ee3e8f7831d03357551b195eb85706628ec27b311bdc68c60873575bc6","run_id":"command-test","gate":"UR","expected_revision_id":"15612806-1c25-42b7-9bb5-5895ae61045c","presentation_id":"a1e1d610-9119-4182-99bd-8d2eaf850596"},"effect":null,"assurance":{"lane":"cooperative_local","reply_provenance":"caller_forwarded_deliberate_reply","independent_human_proof":"unavailable"},"current":{"available":true,"revision":3,"revision_id":"ab5c1c67-dae4-48be-9461-271e03d41486","approval_status":"approved","lifecycle":"active","gate":"Brownfield Review","status":"open","missing_approval":"none","next_allowed_action":"Run Brownfield Review after G-00 before drafting PRD, or mark Brownfield Review not_applicable with evidence.","blocking_reason":"none"},"observations":{"commit":"no_receipt_acknowledged","durability":"unconfirmed","independent_human_proof":"unavailable"},"recovery":"Follow current.next_allowed_action. For a changed binding, prepare the current presentation and obtain a NEW deliberate reply; never rebind an earlier reply."}}},{"mode":"changed_payload","child_pid":10446,"winner":{"schema_version":"1","outcome":"accepted","reason":null,"operation_id":"00578deb-4ef3-48c5-a9a2-60ae082d6fa8","request_digest":"sha256:978e2d7d5a184d2de56709a974ba07db0e799900d3cfb061aadd349d2114a311","binding":{"target_id":"sha256:3e4fdd36bcd2d8b54e12daa308eb1300a24d198ba07a1edc60817a4be60d92b7","run_id":"command-test","gate":"UR","expected_revision_id":"2120fff4-aeec-4640-bad5-4ce773013486","presentation_id":"fdaa69e2-82f3-42b4-a2b3-30c2b119da93"},"effect":{"previous_revision_id":"2120fff4-aeec-4640-bad5-4ce773013486","resulting_revision_id":"b8fb376c-7ac4-48b7-adaa-5230e7400caa","revision":3,"gate":"UR","approval":"Approval: UR","artefact_digest":"sha256:316ee25501048fbea4206beee4a1d9d7d92981377a792f9e1c111270d8d753bb","presentation_digest":"sha256:be8ba61df13064efa9a631ef1f35428000a0ec8f750336ef9eec64499840877a","next_gate_after_approval":"Brownfield Review","allowed_after_approval":"Run Brownfield Review after G-00 before drafting PRD, or mark Brownfield Review not_applicable with evidence."},"assurance":{"lane":"cooperative_local","reply_provenance":"caller_forwarded_deliberate_reply","independent_human_proof":"unavailable"},"current":{"available":true,"revision":3,"revision_id":"b8fb376c-7ac4-48b7-adaa-5230e7400caa","approval_status":"approved","lifecycle":"active","gate":"Brownfield Review","status":"open","missing_approval":"none","next_allowed_action":"Run Brownfield Review after G-00 before drafting PRD, or mark Brownfield Review not_applicable with evidence.","blocking_reason":"none"},"observations":{"commit":"canonical_receipt_observed","durability":"file_and_directory_sync_completed","independent_human_proof":"unavailable"},"recovery":null},"concurrent":{"code":2,"result":{"schema_version":"1","outcome":"retryable_failure","reason":"run_write_locked","operation_id":"00578deb-4ef3-48c5-a9a2-60ae082d6fa8","request_digest":"sha256:e0b35a46b68ff4c9c01800a868047b70c42d94800603326849e528d73ec330ac","binding":{"target_id":"sha256:3e4fdd36bcd2d8b54e12daa308eb1300a24d198ba07a1edc60817a4be60d92b7","run_id":"command-test","gate":"UR","expected_revision_id":"2120fff4-aeec-4640-bad5-4ce773013486","presentation_id":"fdaa69e2-82f3-42b4-a2b3-30c2b119da93"},"effect":null,"assurance":{"lane":"cooperative_local","reply_provenance":"caller_forwarded_deliberate_reply","independent_human_proof":"unavailable"},"current":{"available":true,"revision":2,"revision_id":"2120fff4-aeec-4640-bad5-4ce773013486","approval_status":"missing","lifecycle":"active","gate":"UR","status":"open","missing_approval":"Approval: UR","next_allowed_action":"Fill the current UR control state, persist the UR draft, and request exact approval: Approval: UR.","blocking_reason":"none"},"observations":{"commit":"no_receipt_acknowledged","durability":"unconfirmed","independent_human_proof":"unavailable"},"recovery":"Retry the identical command with the original operation UUID and payload; do not create a new decision."}},"retried":{"code":2,"result":{"schema_version":"1","outcome":"rejected","reason":"operation_payload_conflict","operation_id":"00578deb-4ef3-48c5-a9a2-60ae082d6fa8","request_digest":"sha256:e0b35a46b68ff4c9c01800a868047b70c42d94800603326849e528d73ec330ac","binding":{"target_id":"sha256:3e4fdd36bcd2d8b54e12daa308eb1300a24d198ba07a1edc60817a4be60d92b7","run_id":"command-test","gate":"UR","expected_revision_id":"2120fff4-aeec-4640-bad5-4ce773013486","presentation_id":"fdaa69e2-82f3-42b4-a2b3-30c2b119da93"},"effect":null,"assurance":{"lane":"cooperative_local","reply_provenance":"caller_forwarded_deliberate_reply","independent_human_proof":"unavailable"},"current":{"available":true,"revision":3,"revision_id":"b8fb376c-7ac4-48b7-adaa-5230e7400caa","approval_status":"approved","lifecycle":"active","gate":"Brownfield Review","status":"open","missing_approval":"none","next_allowed_action":"Run Brownfield Review after G-00 before drafting PRD, or mark Brownfield Review not_applicable with evidence.","blocking_reason":"none"},"observations":{"commit":"no_receipt_acknowledged","durability":"unconfirmed","independent_human_proof":"unavailable"},"recovery":null}}}]
2026-10-05T12:08:14.4390349Z PASS SCN-012 real child final-checkpoint artefact, no command effect
2026-10-05T12:08:14.4396992Z FRESHNESS_EVIDENCE {"kind":"artefact","child_pid":10604,"result":{"schema_version":"1","outcome":"recovery_required","reason":"canonical_state_unconfirmed","operation_id":"c302b77f-48ce-4313-844d-b3728ad1fa25","request_digest":"sha256:79affc42159bc7c2a5e803b64ab2b44f27b71e4961c460b3c7de70dc5262ff7c","binding":{"target_id":"sha256:dca233e222a8d162532d06dc9f0c8cd910fa17063acef01c24e7cb9f9a68ec82","run_id":"command-test","gate":"UR","expected_revision_id":"db566042-cb4d-42e3-bf5a-9d037d518fd3","presentation_id":"02720ff7-f78b-4ce8-b35c-0955ae1d2056"},"effect":null,"assurance":{"lane":"cooperative_local","reply_provenance":"caller_forwarded_deliberate_reply","independent_human_proof":"unavailable"},"current":{"available":false,"reason":"seal_invalid"},"observations":{"commit":"no_receipt_acknowledged","durability":"unconfirmed","independent_human_proof":"unavailable"},"recovery":"Inspect the canonical run and pending transaction before retrying; do not infer approval from this response."}}
2026-10-05T12:08:16.0456461Z PASS SCN-012 real child final-checkpoint presentation, no command effect
2026-10-05T12:08:16.0464757Z FRESHNESS_EVIDENCE {"kind":"presentation","child_pid":10647,"result":{"schema_version":"1","outcome":"rejected","reason":"stale_revision","operation_id":"738e790a-c820-4435-bcf1-1dba9cc2a0a0","request_digest":"sha256:7f1ffbdf6bfcc79174ce8434e108d5fb6f9baa1315aad2a22f757430e5b5d73b","binding":{"target_id":"sha256:238524d8183ff7ae9313d17a6f7086ca924b158dc817c4304f37091c07e4da9e","run_id":"command-test","gate":"UR","expected_revision_id":"a02b5c30-b700-46c0-accd-b13d02bd0314","presentation_id":"1f0cb88e-1208-4219-9ea9-bb7860cc86e0"},"effect":null,"assurance":{"lane":"cooperative_local","reply_provenance":"caller_forwarded_deliberate_reply","independent_human_proof":"unavailable"},"current":{"available":true,"revision":2,"revision_id":"a02b5c30-b700-46c0-accd-b13d02bd0314","approval_status":"missing","lifecycle":"active","gate":"UR","status":"open","missing_approval":"Approval: UR","next_allowed_action":"Fill the current UR control state, persist the UR draft, and request exact approval: Approval: UR.","blocking_reason":"none"},"observations":{"commit":"no_receipt_acknowledged","durability":"unconfirmed","independent_human_proof":"unavailable"},"recovery":"Prepare the current presentation and obtain a NEW deliberate reply; never rebind an earlier reply."}}
2026-10-05T12:08:17.6827771Z PASS SCN-012 real child final-checkpoint revision, no command effect
2026-10-05T12:08:17.6838400Z FRESHNESS_EVIDENCE {"kind":"revision","child_pid":10690,"result":{"schema_version":"1","outcome":"rejected","reason":"stale_revision","operation_id":"ab1762dd-bed6-4602-bbe4-63fea4bcf32d","request_digest":"sha256:8afcfea77a57812781f4e22e45dac5d54909b7b0ff607476092a3f2aab8d87fe","binding":{"target_id":"sha256:3e79943903c117d09c9548bd1dab24647fdf52dc8af25f3f6ced99ffa1fcab2d","run_id":"command-test","gate":"UR","expected_revision_id":"964088dc-3d9e-4f55-b8e7-a35c49c98579","presentation_id":"e3ea8d4c-e41a-4b0c-9b4a-e1622824aeb4"},"effect":null,"assurance":{"lane":"cooperative_local","reply_provenance":"caller_forwarded_deliberate_reply","independent_human_proof":"unavailable"},"current":{"available":true,"revision":3,"revision_id":"d7e96f22-97d6-4a7b-b41d-4ef7f7d4b3d0","approval_status":"missing","lifecycle":"active","gate":"UR","status":"open","missing_approval":"Approval: UR","next_allowed_action":"Fill the current UR control state, persist the UR draft, and request exact approval: Approval: UR.","blocking_reason":"none"},"observations":{"commit":"no_receipt_acknowledged","durability":"unconfirmed","independent_human_proof":"unavailable"},"recovery":"Prepare the current presentation and obtain a NEW deliberate reply; never rebind an earlier reply."}}
2026-10-05T12:08:19.2703995Z PASS SCN-012 real child final-checkpoint gate_eligibility, no command effect
2026-10-05T12:08:19.2714865Z FRESHNESS_EVIDENCE {"kind":"gate_eligibility","child_pid":10734,"result":{"schema_version":"1","outcome":"rejected","reason":"stale_revision","operation_id":"13d47c59-88f5-4ba8-a102-fafa37e04529","request_digest":"sha256:68ce3cd0ef69404f95cbae2af96a1e6a319c78aa1e067291762259c6a132716f","binding":{"target_id":"sha256:45adbb98be5dcb1d839557a293e19a43e2db21972e0767f4014dbc4f47577e03","run_id":"command-test","gate":"UR","expected_revision_id":"7a6cd07d-1bc1-4157-9310-1b9361e2ff7d","presentation_id":"54c03751-8047-4a1e-a954-930ca07d90c4"},"effect":null,"assurance":{"lane":"cooperative_local","reply_provenance":"caller_forwarded_deliberate_reply","independent_human_proof":"unavailable"},"current":{"available":true,"revision":2,"revision_id":"7a6cd07d-1bc1-4157-9310-1b9361e2ff7d","approval_status":"missing","lifecycle":"completed","gate":"UR","status":"open","missing_approval":"Approval: UR","next_allowed_action":"Fill the current UR control state, persist the UR draft, and request exact approval: Approval: UR.","blocking_reason":"none"},"observations":{"commit":"no_receipt_acknowledged","durability":"unconfirmed","independent_human_proof":"unavailable"},"recovery":"Prepare the current presentation and obtain a NEW deliberate reply; never rebind an earlier reply."}}
2026-10-05T12:08:19.4056361Z 
2026-10-05T12:08:19.4057410Z > create-agdf@0.14.5 test:control-command-package
2026-10-05T12:08:19.4058167Z > node scripts/control-command-package-test.js
2026-10-05T12:08:19.4058470Z 
2026-10-05T12:08:19.4879136Z PASS package containment accepts POSIX/Windows dependencies and rejects sibling, parent and foreign-drive paths
2026-10-05T12:08:22.7970508Z PASS SCN-024/028 CLI modularization against the current source and documentation in isolated snapshot
2026-10-05T12:08:24.1023606Z PASS SCN-029/032 isolated package-build regression
2026-10-05T12:08:24.3141132Z PASS SCN-029/032 isolated copilot-profile regression
2026-10-05T12:08:25.4272083Z PASS SCN-029/032 isolated release-version-coherence regression
2026-10-05T12:08:27.0206358Z PASS SCN-029/032 isolated package-contents regression
2026-10-05T12:08:27.3083367Z PASS SCN-029/032 isolated local-validator regression
2026-10-05T12:08:29.2837621Z PASS SCN-029/032 isolated plugin-mcp-runtime regression
2026-10-05T12:08:32.3426481Z PASS SCN-029/032 isolated runtime-integrity-layout regression
2026-10-05T12:08:54.5132842Z PASS SCN-029/032 isolated runtime-integrity-negative regression
2026-10-05T12:08:56.1852281Z PASS SCN-005/006/027 package exports and 48 pure runtime dependency modules
2026-10-05T12:08:56.2664390Z PASS SCN-006 external import has only package-owned reads and no target/process/write/print/exit effects
2026-10-05T12:08:57.8484299Z SCN-001 PACKED_API_RESULT {"schema_version":"1","outcome":"accepted","reason":null,"operation_id":"9d45bcff-79a3-42bf-8f45-d4251037c02f","request_digest":"sha256:f2ddae7901b75dd17f2a52adbaa9fde97a0b8b8043ace003bff93eabf4627291","binding":{"target_id":"sha256:f4ed4836d2d1185d3c70e747b34d49a97cf90600c60a974c808c5b56e1ec477f","run_id":"external-consumer","gate":"UR","expected_revision_id":"4ba087de-3286-40cd-a703-5fef5a41dc8e","presentation_id":"db58e816-b21e-4d46-8833-696c41a512bd"},"effect":{"previous_revision_id":"4ba087de-3286-40cd-a703-5fef5a41dc8e","resulting_revision_id":"aef83166-19f3-4a16-b532-7b1182d627cc","revision":3,"gate":"UR","approval":"Approval: UR","artefact_digest":"sha256:316ee25501048fbea4206beee4a1d9d7d92981377a792f9e1c111270d8d753bb","presentation_digest":"sha256:dab29a7c1b06f9728a36e2cb24638c1ba60870fd80d178ea877c792f04eba889","next_gate_after_approval":"Brownfield Review","allowed_after_approval":"Run Brownfield Review after G-00 before drafting PRD, or mark Brownfield Review not_applicable with evidence."},"assurance":{"lane":"cooperative_local","reply_provenance":"caller_forwarded_deliberate_reply","independent_human_proof":"unavailable"},"current":{"available":true,"revision":3,"revision_id":"aef83166-19f3-4a16-b532-7b1182d627cc","approval_status":"approved","lifecycle":"active","gate":"Brownfield Review","status":"open","missing_approval":"none","next_allowed_action":"Run Brownfield Review after G-00 before drafting PRD, or mark Brownfield Review not_applicable with evidence.","blocking_reason":"none"},"observations":{"commit":"canonical_receipt_observed","durability":"file_and_directory_sync_completed","independent_human_proof":"unavailable"},"recovery":null}
2026-10-05T12:08:58.6477373Z PASS SCN-001/028/029 packed external CLI/API approve/replay/Git/locale parity
2026-10-05T12:08:58.7204348Z PASS SCN-029 missing packed locale resource fails without canonical mutation
2026-10-05T12:09:00.4712185Z SCN-032 RUNTIME_IDENTITY {"profile":"generated/plugins/agdf","version":"0.14.5","digest":"671e4edcc391fd96300526b923d5cda3ce0105d22c28e2b9c4906390673cd052","result":{"schema_version":"1","outcome":"accepted","reason":null,"operation_id":"90225277-5719-4125-852d-77b8bdd79aad","request_digest":"sha256:54a2085b01094546221b0130861e1eed129f28c4fde809b8e2d0884293eaf99c","binding":{"target_id":"sha256:3e345b21b489aed6ab730b1b331ce3be8821cf20ed086b41c4bbeef6b1c8ccef","run_id":"generated-shared","gate":"UR","expected_revision_id":"09ba8b9b-bb74-4d49-bb48-c6726d1e5fd5","presentation_id":"dbf46f04-ed43-4325-8a1c-889eb9499624"},"effect":{"previous_revision_id":"09ba8b9b-bb74-4d49-bb48-c6726d1e5fd5","resulting_revision_id":"7942276c-9b5f-45ea-9353-410e18f606a8","revision":3,"gate":"UR","approval":"Approval: UR","artefact_digest":"sha256:316ee25501048fbea4206beee4a1d9d7d92981377a792f9e1c111270d8d753bb","presentation_digest":"sha256:f1314836b34e3b660d3257714012fb23b8411ff3ccaf188890f498a100906146","next_gate_after_approval":"Brownfield Review","allowed_after_approval":"Run Brownfield Review after G-00 before drafting PRD, or mark Brownfield Review not_applicable with evidence."},"assurance":{"lane":"cooperative_local","reply_provenance":"caller_forwarded_deliberate_reply","independent_human_proof":"unavailable"},"current":{"available":true,"revision":3,"revision_id":"7942276c-9b5f-45ea-9353-410e18f606a8","approval_status":"approved","lifecycle":"active","gate":"Brownfield Review","status":"open","missing_approval":"none","next_allowed_action":"Run Brownfield Review after G-00 before drafting PRD, or mark Brownfield Review not_applicable with evidence.","blocking_reason":"none"},"observations":{"commit":"canonical_receipt_observed","durability":"file_and_directory_sync_completed","independent_human_proof":"unavailable"},"recovery":null}}
2026-10-05T12:09:00.9310423Z PASS SCN-032 generated generated/plugins/agdf module/resource closure and missing resource fail closed
2026-10-05T12:09:02.6386482Z SCN-032 RUNTIME_IDENTITY {"profile":"generated/plugins/copilot/agdf","version":"0.14.5","digest":"c4c1db3ef284f53442ae3c55bea17c5a9be727072797e81b92d4ee2b8a5ceef3","result":{"schema_version":"1","outcome":"accepted","reason":null,"operation_id":"e4c336cc-45e7-4b66-af5d-379c536f3fa9","request_digest":"sha256:8aca1d71fb003834611c9574e5bd26e6aa5bfe7c8b6204cd2f0c43655ebc6800","binding":{"target_id":"sha256:193591b90e56df50439d4cf95c115085c202be09110056fc58c851bb9299ab2f","run_id":"generated-copilot","gate":"UR","expected_revision_id":"222c7f7a-6b11-47a6-8290-863814ff57ea","presentation_id":"af3b22a9-6151-479b-a763-3305960194b6"},"effect":{"previous_revision_id":"222c7f7a-6b11-47a6-8290-863814ff57ea","resulting_revision_id":"54647024-ff8d-4674-9f59-bb660ab7bb91","revision":3,"gate":"UR","approval":"Approval: UR","artefact_digest":"sha256:316ee25501048fbea4206beee4a1d9d7d92981377a792f9e1c111270d8d753bb","presentation_digest":"sha256:5f0a786be50cdad5febc0ae5b0c4672f3007fbf5367f3f2bada4365a168c276b","next_gate_after_approval":"Brownfield Review","allowed_after_approval":"Run Brownfield Review after G-00 before drafting PRD, or mark Brownfield Review not_applicable with evidence."},"assurance":{"lane":"cooperative_local","reply_provenance":"caller_forwarded_deliberate_reply","independent_human_proof":"unavailable"},"current":{"available":true,"revision":3,"revision_id":"54647024-ff8d-4674-9f59-bb660ab7bb91","approval_status":"approved","lifecycle":"active","gate":"Brownfield Review","status":"open","missing_approval":"none","next_allowed_action":"Run Brownfield Review after G-00 before drafting PRD, or mark Brownfield Review not_applicable with evidence.","blocking_reason":"none"},"observations":{"commit":"canonical_receipt_observed","durability":"file_and_directory_sync_completed","independent_human_proof":"unavailable"},"recovery":null}}
2026-10-05T12:09:03.1022767Z PASS SCN-032 generated generated/plugins/copilot/agdf module/resource closure and missing resource fail closed
2026-10-05T12:09:08.1471810Z SCN-026 WORKFLOW_METRICS [{"lane":"legacy","boundary":"recorded_UR_to_inspected_approval","success_calls":3,"presentation_prepared":1,"presentations_visibly_shown":"unavailable","manual_corrections":0,"simulated_replies":1,"observed_human_decisions":"unavailable","retry_calls":1,"retry_outcome":"rejected","stale_calls":1,"stale_outcome":"rejected"},{"lane":"command","boundary":"recorded_UR_to_inspected_approval","success_calls":3,"presentation_prepared":1,"presentations_visibly_shown":"unavailable","manual_corrections":0,"simulated_replies":1,"observed_human_decisions":"unavailable","retry_calls":1,"retry_outcome":"already_applied","stale_calls":1,"stale_outcome":"rejected"}]
2026-10-05T12:09:08.1478284Z SCN-030/031 QUALIFICATION {"source":"passed","packed_external":"passed","generated_validator":"passed","native_platform":"linux/x64","native_linux":"unavailable","native_windows":"unavailable","new_installed_plugin":"not_installed","visible_host":"not_observed","independent_human_proof":"unavailable"}
2026-10-05T12:09:08.1482925Z PACKAGE_IDENTITY {"version":"0.14.5","tarball_sha256":"f8170aa0ba401f41cb30e0d0fb1dad6a71bdb6dc998bef66d545879d9cadddd4","command_schema_version":"1","receipt_schema_version":"1","approval_seal_legacy_version":"1","receipt_approval_seal_version":"2","files":761,"node":"v24.21.0","platform":"linux","arch":"x64"}
2026-10-05T12:09:08.1485291Z Control command package tests passed (761 real packed files).
2026-10-05T12:09:08.9359328Z 
2026-10-05T12:09:08.9359993Z > create-agdf@0.14.5 test:cli-gates
2026-10-05T12:09:08.9360464Z > node scripts/cli-gate-scenarios-test.js
2026-10-05T12:09:08.9360897Z 
2026-10-05T12:09:08.9928611Z [cli-gates] START new-ur
2026-10-05T12:09:11.3533850Z [cli-gates] PASS new-ur (2.4s)
2026-10-05T12:09:11.3534450Z [cli-gates] START duplicate-prd
2026-10-05T12:09:13.9679933Z [cli-gates] PASS duplicate-prd (2.6s)
2026-10-05T12:09:13.9680319Z [cli-gates] START bound-ur
2026-10-05T12:09:16.8517927Z [cli-gates] PASS bound-ur (2.9s)
2026-10-05T12:09:16.9776550Z 
2026-10-05T12:09:16.9777119Z > create-agdf@0.14.5 test:control-state
2026-10-05T12:09:16.9777586Z > node ../core/test/control-state-test.js
2026-10-05T12:09:16.9777812Z 
2026-10-05T12:09:22.4969848Z artefact recording/correction tests passed (210 assertions)
2026-10-05T12:09:37.8558156Z control-state tests passed
2026-10-05T12:09:37.8558886Z backlog status vocabulary tests passed
2026-10-05T12:09:37.9942381Z 
2026-10-05T12:09:37.9942993Z > create-agdf@0.14.5 test:run-step-transaction
2026-10-05T12:09:37.9943484Z > node ../core/test/run-step-transaction-test.js
2026-10-05T12:09:37.9943734Z 
2026-10-05T12:09:40.8921822Z Run-step transaction boundaries passed.
2026-10-05T12:09:41.0258102Z 
2026-10-05T12:09:41.0258710Z > create-agdf@0.14.5 test:run-recovery
2026-10-05T12:09:41.0259378Z > node scripts/run-recovery-test.js
2026-10-05T12:09:41.0259643Z 
2026-10-05T12:09:41.7823219Z run recovery tests passed
2026-10-05T12:09:41.9117939Z 
2026-10-05T12:09:41.9118413Z > create-agdf@0.14.5 test:run-lock
2026-10-05T12:09:41.9118814Z > node ../core/test/run-lock-test.js
2026-10-05T12:09:41.9119019Z 
2026-10-05T12:09:41.9729043Z Run lock owner recovery passed.
2026-10-05T12:09:42.1001604Z 
2026-10-05T12:09:42.1002192Z > create-agdf@0.14.5 test:prd-readiness
2026-10-05T12:09:42.1002869Z > node ../core/test/prd-readiness-test.js
2026-10-05T12:09:42.1003222Z 
2026-10-05T12:09:42.1546345Z PRD readiness tests passed
2026-10-05T12:09:42.2843561Z 
2026-10-05T12:09:42.2844204Z > create-agdf@0.14.5 test:run-revision
2026-10-05T12:09:42.2844719Z > node ../core/test/run-revision-test.js
2026-10-05T12:09:42.2844934Z 
2026-10-05T12:09:43.6050438Z run-revise tests passed
2026-10-05T12:09:43.7322053Z 
2026-10-05T12:09:43.7322711Z > create-agdf@0.14.5 test:late-source-revision
2026-10-05T12:09:43.7323741Z > node ../core/test/run-source-revisions-test.js && node scripts/late-source-revision-test.js && npm run test:late-source-revision-performance
2026-10-05T12:09:43.7324309Z 
2026-10-05T12:10:17.9473341Z {"suite":"source-revisions","scenarios":["SCN-001","SCN-003","SCN-004","SCN-005","SCN-007","SCN-008","SCN-011","SCN-012","SCN-013","SCN-014","SCN-018","SCN-009","SCN-010","SCN-015","SCN-017","SCN-019","SCN-020","SCN-016","SCN-021","SCN-006"],"fixture_authority":"synthetic_only"}
2026-10-05T12:10:35.4246836Z {"suite":"late-source-revision-cli","candidate":"/home/runner/work/ai-native-governance-delivery-framework/ai-native-governance-delivery-framework/dist/npm/create-agdf","cases":51,"fixture_authority":"synthetic_only"}
2026-10-05T12:10:35.5516336Z 
2026-10-05T12:10:35.5517159Z > create-agdf@0.14.5 test:late-source-revision-performance
2026-10-05T12:10:35.5518183Z > node scripts/late-source-revision-performance-test.js
2026-10-05T12:10:35.5518679Z 
2026-10-05T12:11:12.6373252Z {"scenario_id":"SCN-028","cycles":[{"cycle":1,"preview_ms":17.969113000000107,"apply_ms":71.90013399999953,"history_files":17,"history_bytes":35150},{"cycle":2,"preview_ms":16.531017000000247,"apply_ms":97.94609299999956,"history_files":34,"history_bytes":77036},{"cycle":3,"preview_ms":25.42398300000059,"apply_ms":129.46991399999933,"history_files":51,"history_bytes":125415},{"cycle":4,"preview_ms":33.36663600000065,"apply_ms":162.30725600000005,"history_files":68,"history_bytes":180287},{"cycle":5,"preview_ms":38.4636900000005,"apply_ms":202.56166699999994,"history_files":85,"history_bytes":241652},{"cycle":6,"preview_ms":46.73559100000057,"apply_ms":247.90675100000044,"history_files":102,"history_bytes":309510},{"cycle":7,"preview_ms":58.40281700000196,"apply_ms":313.25296300000264,"history_files":119,"history_bytes":383861},{"cycle":8,"preview_ms":67.84737999999925,"apply_ms":378.94751800000085,"history_files":136,"history_bytes":464705},{"cycle":9,"preview_ms":78.76264000000083,"apply_ms":422.2512800000004,"history_files":153,"history_bytes":552042},{"cycle":10,"preview_ms":91.03896700000041,"apply_ms":520.2783329999984,"history_files":170,"history_bytes":645872}],"unrelated_history_reads":0,"competition":{"elapsed_ms":773.2743349999946,"results":[{"code":0,"result":{"outcome":"reopened","authorizes":false,"run_id":"revision-performance","operation_id":"f36386e9-11a3-46b9-be20-568b9c114edc","gate":"TP","revision_id":"cda54279-82de-4963-a1e4-95200a7fe7dc","revision":"63","impact":{"source_gate":"TP","retained":["UR","PRD","SD"],"superseded":["TP"],"invalidated_bindings":["abb1c2ed-039e-481b-ac4c-c1f4f2da66bc"],"analyses":[{"type":"Brownfield Review","disposition":"retain","path":".agdf/control/artefacts/revision-performance/BROWNFIELD_REVIEW.md","digest":"sha256:64ce92f3dbffa8b295dd5ae9ee82cb9384045b84977ec89d401c2d773b8c785f","reason":"Synthetic reviewed applicability assessment under unchanged or renewed UR"}],"invalidated_steps":["Brownfield Analysis","CD+Tests","CR"],"retained_work":"Code and test files are retained; fulfillment and evidence require the renewed TP.","next_gate":"TP","implementation_authority":false},"next_action":"Draft or refine the Task/Test Plan; do not implement before TP is approved."}},{"code":0,"result":{"schema_version":"1","outcome":"rejected","run_id":"revision-performance","reason":"run_write_locked","lock_path":"/tmp/agdf-revision-performance-RYc7C3/.agdf/control/runs/revision-performance/RUN_STATE.md.lock","authorizes":false}}]}}
2026-10-05T12:11:12.8055077Z 
2026-10-05T12:11:12.8055725Z > create-agdf@0.14.5 test:intake-continuation
2026-10-05T12:11:12.8056261Z > node scripts/intake-continuation-test.js
2026-10-05T12:11:12.8056484Z 
2026-10-05T12:11:31.9821546Z intake continuation packaged-runtime E2E passed (new/resume, binding, rejection, read-only, recovery, route); runtime sha256:90628ade81f47b45dc20cce5819d7aaa5258851c75cc3c2b6f688e20f5e25aa5
2026-10-05T12:11:32.1201112Z 
2026-10-05T12:11:32.1201827Z > create-agdf@0.14.5 test:prd-definition
2026-10-05T12:11:32.1202457Z > node scripts/prd-definition-test.js
2026-10-05T12:11:32.1202677Z 
2026-10-05T12:11:54.2784509Z PRD packaged authoring/clarification/revision/binding/presentation/approval boundaries passed.
2026-10-05T12:11:54.4158219Z 
2026-10-05T12:11:54.4158803Z > create-agdf@0.14.5 test:sd-readiness
2026-10-05T12:11:54.4159234Z > node ../core/test/sd-readiness-test.js
2026-10-05T12:11:54.4159452Z 
2026-10-05T12:11:54.4670506Z SD declared-decision readiness: resolved/open/malformed/legacy boundaries passed.
2026-10-05T12:11:54.5897614Z 
2026-10-05T12:11:54.5898154Z > create-agdf@0.14.5 test:sd-definition
2026-10-05T12:11:54.5898587Z > node scripts/sd-definition-test.js
2026-10-05T12:11:54.5898798Z 
2026-10-05T12:12:10.7130090Z SD assembled authoring/source/readiness/revision/approval boundaries passed (synthetic fixtures).
2026-10-05T12:12:10.8412105Z 
2026-10-05T12:12:10.8412803Z > create-agdf@0.14.5 test:artifact-language
2026-10-05T12:12:10.8413370Z > node scripts/artifact-language-test.js
2026-10-05T12:12:10.8413602Z 
2026-10-05T12:12:13.3288270Z artifact language tests passed (config source, English defaults, dispatcher recovery)
2026-10-05T12:12:13.4708585Z 
2026-10-05T12:12:13.4709275Z > create-agdf@0.14.5 test:parent-reconciliation
2026-10-05T12:12:13.4709900Z > node ../core/test/parent-reconciliation-test.js
2026-10-05T12:12:13.4710176Z 
2026-10-05T12:12:14.2494375Z AGDF parent reconciliation tests passed
2026-10-05T12:12:14.4391241Z 
2026-10-05T12:12:14.4391980Z > create-agdf@0.14.5 test:interaction-presentation
2026-10-05T12:12:14.4392728Z > node ../core/test/interaction-presentation-test.js
2026-10-05T12:12:14.4393001Z 
2026-10-05T12:12:16.2881722Z interaction presentation tests passed
2026-10-05T12:12:16.4529355Z gate rationale and why tests passed
2026-10-05T12:12:16.5714497Z scope classification card tests passed
2026-10-05T12:12:16.7085663Z task target orientation tests passed
2026-10-05T12:12:16.8494114Z 
2026-10-05T12:12:16.8494802Z > create-agdf@0.14.5 test:operational-localization
2026-10-05T12:12:16.8495491Z > node scripts/operational-localization-test.js
2026-10-05T12:12:16.8495767Z 
2026-10-05T12:12:29.2588145Z operational localization tests passed
2026-10-05T12:12:29.3986002Z 
2026-10-05T12:12:29.3986625Z > create-agdf@0.14.5 test:verified-change
2026-10-05T12:12:29.3988229Z > node scripts/verified-change-test.js
2026-10-05T12:12:29.3988680Z 
2026-10-05T12:12:39.5741179Z Verified Change tests passed
2026-10-05T12:12:39.7056253Z 
2026-10-05T12:12:39.7057045Z > create-agdf@0.14.5 test:runtime-integrity-layout
2026-10-05T12:12:39.7057716Z > node scripts/runtime-integrity-layout-test.js
2026-10-05T12:12:39.7057963Z 
2026-10-05T12:12:42.7670906Z Runtime integrity layout tests passed
2026-10-05T12:12:42.8993113Z 
2026-10-05T12:12:42.8993928Z > create-agdf@0.14.5 test:runtime-integrity-negative
2026-10-05T12:12:42.8994818Z > node scripts/runtime-integrity-negative-test.js
2026-10-05T12:12:42.8995640Z 
2026-10-05T12:13:04.7830458Z Runtime integrity negative tests passed
2026-10-05T12:13:04.9433236Z 
2026-10-05T12:13:04.9434082Z > create-agdf@0.14.5 test:agent-skills-conformance
2026-10-05T12:13:04.9434610Z > node scripts/agent-skills-conformance-test.js
2026-10-05T12:13:04.9434877Z 
2026-10-05T12:13:05.5522546Z Agent Skills conformance tests passed (source, policy, metadata, resources, symlinks and 4 generated surfaces)
2026-10-05T12:13:05.6810672Z 
2026-10-05T12:13:05.6811458Z > create-agdf@0.14.5 test:skill-evals
2026-10-05T12:13:05.6811891Z > node scripts/skill-evals-test.js
2026-10-05T12:13:05.6812095Z 
2026-10-05T12:13:05.8096948Z AGDF skill eval tests passed
2026-10-05T12:13:05.9354939Z 
2026-10-05T12:13:05.9355522Z > create-agdf@0.14.5 eval:skills
2026-10-05T12:13:05.9356119Z > node ../../evals/scripts/run-skill-evals.js
2026-10-05T12:13:05.9356350Z 
2026-10-05T12:13:06.0357208Z AGDF skill evals: pass (102/102 cases; 13 skills; deterministic replay, not live host execution)
2026-10-05T12:13:06.1660330Z 
2026-10-05T12:13:06.1661146Z > create-agdf@0.14.5 test:proportionality
2026-10-05T12:13:06.1661728Z > node scripts/proportionality-benchmark-test.js
2026-10-05T12:13:06.1661986Z 
2026-10-05T12:13:08.0377150Z AGDF proportionality benchmark tests passed
2026-10-05T12:13:08.1679983Z 
2026-10-05T12:13:08.1680917Z > create-agdf@0.14.5 test:delivery-path-search
2026-10-05T12:13:08.1681610Z > node scripts/delivery-path-search-test.js
2026-10-05T12:13:08.1681975Z 
2026-10-05T12:13:08.7260424Z Delivery Path Search focused tests passed.
2026-10-05T12:13:08.9550988Z 
2026-10-05T12:13:08.9551779Z > create-agdf@0.14.5 test:delivery-path-search-unit
2026-10-05T12:13:08.9552681Z > node ../core/test/delivery-path-search-unit-test.js
2026-10-05T12:13:08.9553129Z 
2026-10-05T12:13:08.9962527Z Delivery Path Search unit tests passed.
2026-10-05T12:13:09.1209820Z 
2026-10-05T12:13:09.1210448Z > create-agdf@0.14.5 test:delivery-path-search-generator
2026-10-05T12:13:09.1211260Z > node scripts/delivery-path-search-generator-test.js
2026-10-05T12:13:09.1211542Z 
2026-10-05T12:13:09.2880306Z Delivery Path Search generator tests passed.
2026-10-05T12:13:09.4116564Z 
2026-10-05T12:13:09.4117166Z > create-agdf@0.14.5 test:opencode-hardening
2026-10-05T12:13:09.4117634Z > node scripts/opencode-hardening-test.js
2026-10-05T12:13:09.4117859Z 
2026-10-05T12:13:09.6304349Z OpenCode hardening tests passed.
2026-10-05T12:13:09.6972555Z [smoke 0.0s] CLI metadata and release guards
2026-10-05T12:13:09.8622090Z [smoke 0.2s] codex global
2026-10-05T12:13:11.1983596Z [smoke 1.5s] host installer scenarios
2026-10-05T12:13:11.6387548Z [smoke 1.9s] claude install
2026-10-05T12:13:13.0349883Z [smoke 3.3s] claude update
2026-10-05T12:13:14.4576293Z [smoke 4.8s] Claude installer scenarios
2026-10-05T12:13:16.2084352Z [smoke 6.5s] OpenCode global installation and validator
2026-10-05T12:13:18.4392135Z [smoke 8.7s] OpenCode installation and status scenarios
2026-10-05T12:13:19.7662900Z [smoke 10.1s] opencode global preservation
2026-10-05T12:13:22.2762611Z [smoke 12.6s] opencode global collision
2026-10-05T12:13:22.5526611Z [smoke 12.9s] opencode validator package collision
2026-10-05T12:13:26.0892442Z [smoke 16.4s] repository bootstrap scenarios
2026-10-05T12:13:26.4599525Z [smoke 16.8s] opencode agent migration
2026-10-05T12:13:26.6447648Z [smoke 16.9s] opencode existing config
2026-10-05T12:13:26.8258277Z [smoke 17.1s] configuration and locale scenarios
2026-10-05T12:13:27.0014138Z [smoke 17.3s] init
2026-10-05T12:13:27.6207071Z [smoke 17.9s] gate check status card
2026-10-05T12:13:28.2741161Z [smoke 18.6s] language explicit
2026-10-05T12:13:28.4821189Z [smoke 18.8s] language config update
2026-10-05T12:13:28.8489032Z [smoke 19.2s] language locale
2026-10-05T12:13:29.0459437Z [smoke 19.3s] localized status cards
2026-10-05T12:13:30.0331219Z [smoke 20.3s] status card tp transition
2026-10-05T12:13:31.0889758Z [smoke 21.4s] gate check implicit consent
2026-10-05T12:13:31.7221128Z [smoke 22.0s] late gate transition scenarios
2026-10-05T12:13:40.7090302Z [smoke 31.0s] QA and UAT gate scenarios
2026-10-05T12:13:41.4213578Z [smoke 31.7s] doctor qa status mismatch
2026-10-05T12:13:41.9954441Z [smoke 32.3s] doctor missing
2026-10-05T12:13:42.3949823Z [smoke 32.7s] gate check ur triage
2026-10-05T12:13:43.0535804Z [smoke 33.4s] gate-check presentation scenarios
2026-10-05T12:13:43.9444439Z [smoke 34.2s] Mode and slice decision scenarios
2026-10-05T12:13:44.8427569Z [smoke 35.1s] gate check or handoff
2026-10-05T12:13:45.7443957Z [smoke 36.0s] gate check mode slice incomplete
2026-10-05T12:13:46.3848006Z [smoke 36.7s] delivery map chain
2026-10-05T12:13:47.2200547Z [smoke 37.5s] delivery map and backlog scenarios
2026-10-05T12:13:47.7911198Z [smoke 38.1s] invalid compact backlog
2026-10-05T12:13:48.1701963Z [smoke 38.5s] completed only backlog
2026-10-05T12:13:48.5478708Z [smoke 38.9s] gate check missing ur artifact
2026-10-05T12:13:49.1843416Z [smoke 39.5s] missing artefact and package compatibility scenarios
2026-10-05T12:13:51.8079272Z [smoke 42.1s] generated host surface scenarios
2026-10-05T12:13:52.1366073Z create-agdf smoke test passed
2026-10-05T12:13:52.1707611Z AGDF routing render test passed for plugin-only Copilot skills
2026-10-05T12:13:52.1808772Z [verify-ci] wrapper-smoke
2026-10-05T12:13:52.2744809Z 
2026-10-05T12:13:52.2745225Z > @agdf/cli@0.14.5 smoke-test
2026-10-05T12:13:52.2745721Z > node ./scripts/smoke-test.js
2026-10-05T12:13:52.2746041Z 
2026-10-05T12:13:56.2750100Z agdf CLI smoke test passed
2026-10-05T12:13:56.3032079Z Post job cleanup.
2026-10-05T12:13:56.4151243Z Cache hit occurred on the primary key node-cache-Linux-x64-npm-4a8c1dfe21846cde5c46d2e00bf82bda80106e5dab88c6ef4b098e180c48c961, not saving cache.
2026-10-05T12:13:56.4357663Z Post job cleanup.
2026-10-05T12:13:56.5291607Z [command]/usr/bin/git version
2026-10-05T12:13:56.5311853Z git version 2.55.0
2026-10-05T12:13:56.5359941Z Temporarily overriding HOME='/home/runner/work/_temp/ac6554fc-d9bc-4e88-90cd-821705e078ae' before making global git config changes
2026-10-05T12:13:56.5361769Z Adding repository directory to the temporary git global config as a safe directory
2026-10-05T12:13:56.5366994Z [command]/usr/bin/git config --global --add safe.directory /home/runner/work/ai-native-governance-delivery-framework/ai-native-governance-delivery-framework
2026-10-05T12:13:56.5401328Z Removing SSH command configuration
2026-10-05T12:13:56.5408221Z [command]/usr/bin/git config --local --name-only --get-regexp core\.sshCommand
2026-10-05T12:13:56.5445093Z [command]/usr/bin/git submodule foreach --recursive sh -c "git config --local --name-only --get-regexp 'core\.sshCommand' && git config --local --unset-all 'core.sshCommand' || :"
2026-10-05T12:13:56.5692451Z Removing HTTP extra header
2026-10-05T12:13:56.5698923Z [command]/usr/bin/git config --local --name-only --get-regexp http\.https\:\/\/github\.com\/\.extraheader
2026-10-05T12:13:56.5787527Z [command]/usr/bin/git submodule foreach --recursive sh -c "git config --local --name-only --get-regexp 'http\.https\:\/\/github\.com\/\.extraheader' && git config --local --unset-all 'http.https://github.com/.extraheader' || :"
2026-10-05T12:13:56.6015273Z Removing includeIf entries pointing to credentials config files
2026-10-05T12:13:56.6024077Z [command]/usr/bin/git config --local --name-only --get-regexp ^includeIf\.gitdir:
2026-10-05T12:13:56.6057636Z includeif.gitdir:/home/runner/work/ai-native-governance-delivery-framework/ai-native-governance-delivery-framework/.git.path
2026-10-05T12:13:56.6059886Z includeif.gitdir:/home/runner/work/ai-native-governance-delivery-framework/ai-native-governance-delivery-framework/.git/worktrees/*.path
2026-10-05T12:13:56.6061659Z includeif.gitdir:/github/workspace/.git.path
2026-10-05T12:13:56.6062704Z includeif.gitdir:/github/workspace/.git/worktrees/*.path
2026-10-05T12:13:56.6068588Z [command]/usr/bin/git config --local --get-all includeif.gitdir:/home/runner/work/ai-native-governance-delivery-framework/ai-native-governance-delivery-framework/.git.path
2026-10-05T12:13:56.6107284Z /home/runner/work/_temp/git-credentials-3a50265f-a44a-4d52-bd42-9d443646ac62.config
2026-10-05T12:13:56.6109794Z [command]/usr/bin/git config --local --unset includeif.gitdir:/home/runner/work/ai-native-governance-delivery-framework/ai-native-governance-delivery-framework/.git.path \/home\/runner\/work\/_temp\/git\-credentials\-3a50265f\-a44a\-4d52\-bd42\-9d443646ac62\.config
2026-10-05T12:13:56.6154457Z [command]/usr/bin/git config --local --get-all includeif.gitdir:/home/runner/work/ai-native-governance-delivery-framework/ai-native-governance-delivery-framework/.git/worktrees/*.path
2026-10-05T12:13:56.6182674Z /home/runner/work/_temp/git-credentials-3a50265f-a44a-4d52-bd42-9d443646ac62.config
2026-10-05T12:13:56.6203218Z [command]/usr/bin/git config --local --unset includeif.gitdir:/home/runner/work/ai-native-governance-delivery-framework/ai-native-governance-delivery-framework/.git/worktrees/*.path \/home\/runner\/work\/_temp\/git\-credentials\-3a50265f\-a44a\-4d52\-bd42\-9d443646ac62\.config
2026-10-05T12:13:56.6244627Z [command]/usr/bin/git config --local --get-all includeif.gitdir:/github/workspace/.git.path
2026-10-05T12:13:56.6271967Z /github/runner_temp/git-credentials-3a50265f-a44a-4d52-bd42-9d443646ac62.config
2026-10-05T12:13:56.6281159Z [command]/usr/bin/git config --local --unset includeif.gitdir:/github/workspace/.git.path \/github\/runner_temp\/git\-credentials\-3a50265f\-a44a\-4d52\-bd42\-9d443646ac62\.config
2026-10-05T12:13:56.6319732Z [command]/usr/bin/git config --local --get-all includeif.gitdir:/github/workspace/.git/worktrees/*.path
2026-10-05T12:13:56.6345983Z /github/runner_temp/git-credentials-3a50265f-a44a-4d52-bd42-9d443646ac62.config
2026-10-05T12:13:56.6355319Z [command]/usr/bin/git config --local --unset includeif.gitdir:/github/workspace/.git/worktrees/*.path \/github\/runner_temp\/git\-credentials\-3a50265f\-a44a\-4d52\-bd42\-9d443646ac62\.config
2026-10-05T12:13:56.6393551Z [command]/usr/bin/git submodule foreach --recursive git config --local --show-origin --name-only --get-regexp remote.origin.url
2026-10-05T12:13:56.6619317Z Removing credentials config '/home/runner/work/_temp/git-credentials-3a50265f-a44a-4d52-bd42-9d443646ac62.config'
2026-10-05T12:13:56.6775685Z Cleaning up orphan processes
