2026-10-05T12:17:49.4738506Z Current runner version: '2.337.0'
2026-10-05T12:17:49.4770255Z ##[group]Runner Image Provisioner
2026-10-05T12:17:49.4771336Z Hosted Compute Agent
2026-10-05T12:17:49.4771957Z Version: 20260901.588
2026-10-05T12:17:49.4772715Z Commit: f88ec8081b781fac6c440065ac7ff9e710ce3d0b
2026-10-05T12:17:49.4773813Z Build Date: 2026-09-01T19:56:44Z
2026-10-05T12:17:49.4774606Z Worker ID: {1391b2a0-680d-4007-91bc-c33d1b8482ec}
2026-10-05T12:17:49.4775382Z Azure Region: centralus
2026-10-05T12:17:49.4776000Z ##[endgroup]
2026-10-05T12:17:49.4777549Z ##[group]Operating System
2026-10-05T12:17:49.4778200Z Ubuntu
2026-10-05T12:17:49.4778767Z 24.04.5
2026-10-05T12:17:49.4779384Z LTS
2026-10-05T12:17:49.4779928Z ##[endgroup]
2026-10-05T12:17:49.4780537Z ##[group]Runner Image
2026-10-05T12:17:49.4781289Z Image: ubuntu-24.04
2026-10-05T12:17:49.4781899Z Version: 20260927.320.1
2026-10-05T12:17:49.4783591Z Included Software: https://github.com/actions/runner-images/blob/ubuntu24/20260927.320/images/ubuntu/Ubuntu2404-Readme.md
2026-10-05T12:17:49.4785180Z Image Release: https://github.com/actions/runner-images/releases/tag/ubuntu24%2F20260927.320
2026-10-05T12:17:49.4786263Z ##[endgroup]
2026-10-05T12:17:49.4787476Z ##[group]GITHUB_TOKEN Permissions
2026-10-05T12:17:49.4789791Z Contents: read
2026-10-05T12:17:49.4790483Z Metadata: read
2026-10-05T12:17:49.4791118Z ##[endgroup]
2026-10-05T12:17:49.4793990Z Secret source: Actions
2026-10-05T12:17:49.4795091Z Cache mode: write
2026-10-05T12:17:49.4795828Z Prepare workflow directory
2026-10-05T12:17:49.5202608Z Prepare all required actions
2026-10-05T12:17:49.5256205Z Getting action download info
2026-10-05T12:17:49.8017222Z Download action repository 'actions/checkout@3d3c42e5aac5ba805825da76410c181273ba90b1' (SHA:3d3c42e5aac5ba805825da76410c181273ba90b1)
2026-10-05T12:17:49.8877718Z Download action repository 'actions/setup-node@820762786026740c76f36085b0efc47a31fe5020' (SHA:820762786026740c76f36085b0efc47a31fe5020)
2026-10-05T12:17:50.0751964Z Complete job name: verify (ubuntu-latest, node 24)
2026-10-05T12:17:50.1553481Z ##[group]Run actions/checkout@3d3c42e5aac5ba805825da76410c181273ba90b1
2026-10-05T12:17:50.1554603Z with:
2026-10-05T12:17:50.1555049Z   fetch-depth: 0
2026-10-05T12:17:50.1555669Z   repository: ArndtGold/ai-native-governance-delivery-framework
2026-10-05T12:17:50.1559820Z   token: ***
2026-10-05T12:17:50.1560270Z   ssh-strict: true
2026-10-05T12:17:50.1560723Z   ssh-user: git
2026-10-05T12:17:50.1561179Z   persist-credentials: true
2026-10-05T12:17:50.1561672Z   clean: true
2026-10-05T12:17:50.1562123Z   sparse-checkout-cone-mode: true
2026-10-05T12:17:50.1562650Z   fetch-tags: false
2026-10-05T12:17:50.1563267Z   show-progress: true
2026-10-05T12:17:50.1563710Z   lfs: false
2026-10-05T12:17:50.1564124Z   submodules: false
2026-10-05T12:17:50.1564574Z   set-safe-directory: true
2026-10-05T12:17:50.1565086Z   allow-unsafe-pr-checkout: false
2026-10-05T12:17:50.1565808Z ##[endgroup]
2026-10-05T12:17:50.2595128Z Syncing repository: ArndtGold/ai-native-governance-delivery-framework
2026-10-05T12:17:50.2598250Z ##[group]Getting Git version info
2026-10-05T12:17:50.2600041Z Working directory is '/home/runner/work/ai-native-governance-delivery-framework/ai-native-governance-delivery-framework'
2026-10-05T12:17:50.2602459Z [command]/usr/bin/git version
2026-10-05T12:17:50.2634761Z git version 2.55.0
2026-10-05T12:17:50.2657823Z ##[endgroup]
2026-10-05T12:17:50.2670090Z Temporarily overriding HOME='/home/runner/work/_temp/0cecd69e-80ff-4da5-aea4-077387ca3549' before making global git config changes
2026-10-05T12:17:50.2672480Z Adding repository directory to the temporary git global config as a safe directory
2026-10-05T12:17:50.2677334Z [command]/usr/bin/git config --global --add safe.directory /home/runner/work/ai-native-governance-delivery-framework/ai-native-governance-delivery-framework
2026-10-05T12:17:50.2750481Z Deleting the contents of '/home/runner/work/ai-native-governance-delivery-framework/ai-native-governance-delivery-framework'
2026-10-05T12:17:50.2753297Z ##[group]Determining repository object format
2026-10-05T12:17:50.2755196Z ##[endgroup]
2026-10-05T12:17:50.2756391Z ##[group]Initializing the repository
2026-10-05T12:17:50.2758225Z [command]/usr/bin/git init /home/runner/work/ai-native-governance-delivery-framework/ai-native-governance-delivery-framework
2026-10-05T12:17:50.2855078Z hint: Using 'master' as the name for the initial branch. This default branch name
2026-10-05T12:17:50.2856630Z hint: will change to "main" in Git 3.0. To configure the initial branch name
2026-10-05T12:17:50.2857890Z hint: to use in all of your new repositories, which will suppress this warning,
2026-10-05T12:17:50.2858718Z hint: call:
2026-10-05T12:17:50.2859321Z hint:
2026-10-05T12:17:50.2860117Z hint: 	git config --global init.defaultBranch <name>
2026-10-05T12:17:50.2861056Z hint:
2026-10-05T12:17:50.2861974Z hint: Names commonly chosen instead of 'master' are 'main', 'trunk' and
2026-10-05T12:17:50.2863602Z hint: 'development'. The just-created branch can be renamed via this command:
2026-10-05T12:17:50.2864847Z hint:
2026-10-05T12:17:50.2865487Z hint: 	git branch -m <name>
2026-10-05T12:17:50.2866239Z hint:
2026-10-05T12:17:50.2867199Z hint: Disable this message with "git config set advice.defaultBranchName false"
2026-10-05T12:17:50.2869392Z Initialized empty Git repository in /home/runner/work/ai-native-governance-delivery-framework/ai-native-governance-delivery-framework/.git/
2026-10-05T12:17:50.2872583Z [command]/usr/bin/git remote add origin https://github.com/ArndtGold/ai-native-governance-delivery-framework
2026-10-05T12:17:50.2927884Z ##[endgroup]
2026-10-05T12:17:50.2928728Z ##[group]Disabling automatic garbage collection
2026-10-05T12:17:50.2932879Z [command]/usr/bin/git config --local gc.auto 0
2026-10-05T12:17:50.2969002Z ##[endgroup]
2026-10-05T12:17:50.2970352Z ##[group]Setting up auth
2026-10-05T12:17:50.2971188Z Removing SSH command configuration
2026-10-05T12:17:50.2976090Z [command]/usr/bin/git config --local --name-only --get-regexp core\.sshCommand
2026-10-05T12:17:50.3014163Z [command]/usr/bin/git submodule foreach --recursive sh -c "git config --local --name-only --get-regexp 'core\.sshCommand' && git config --local --unset-all 'core.sshCommand' || :"
2026-10-05T12:17:50.3400625Z Removing HTTP extra header
2026-10-05T12:17:50.3408607Z [command]/usr/bin/git config --local --name-only --get-regexp http\.https\:\/\/github\.com\/\.extraheader
2026-10-05T12:17:50.3456183Z [command]/usr/bin/git submodule foreach --recursive sh -c "git config --local --name-only --get-regexp 'http\.https\:\/\/github\.com\/\.extraheader' && git config --local --unset-all 'http.https://github.com/.extraheader' || :"
2026-10-05T12:17:50.3712647Z Removing includeIf entries pointing to credentials config files
2026-10-05T12:17:50.3718103Z [command]/usr/bin/git config --local --name-only --get-regexp ^includeIf\.gitdir:
2026-10-05T12:17:50.3758538Z [command]/usr/bin/git submodule foreach --recursive git config --local --show-origin --name-only --get-regexp remote.origin.url
2026-10-05T12:17:50.4019929Z [command]/usr/bin/git config --file /home/runner/work/_temp/git-credentials-aca81afc-fb06-431a-93e4-48b7a25a1f51.config http.https://github.com/.extraheader AUTHORIZATION: basic ***
2026-10-05T12:17:50.4064978Z [command]/usr/bin/git config --local includeIf.gitdir:/home/runner/work/ai-native-governance-delivery-framework/ai-native-governance-delivery-framework/.git.path /home/runner/work/_temp/git-credentials-aca81afc-fb06-431a-93e4-48b7a25a1f51.config
2026-10-05T12:17:50.4101686Z [command]/usr/bin/git config --local includeIf.gitdir:/home/runner/work/ai-native-governance-delivery-framework/ai-native-governance-delivery-framework/.git/worktrees/*.path /home/runner/work/_temp/git-credentials-aca81afc-fb06-431a-93e4-48b7a25a1f51.config
2026-10-05T12:17:50.4143139Z [command]/usr/bin/git config --local includeIf.gitdir:/github/workspace/.git.path /github/runner_temp/git-credentials-aca81afc-fb06-431a-93e4-48b7a25a1f51.config
2026-10-05T12:17:50.4180718Z [command]/usr/bin/git config --local includeIf.gitdir:/github/workspace/.git/worktrees/*.path /github/runner_temp/git-credentials-aca81afc-fb06-431a-93e4-48b7a25a1f51.config
2026-10-05T12:17:50.4215294Z ##[endgroup]
2026-10-05T12:17:50.4216087Z ##[group]Fetching the repository
2026-10-05T12:17:50.4222348Z [command]/usr/bin/git -c protocol.version=2 fetch --no-tags --prune --no-recurse-submodules origin +refs/heads/*:refs/remotes/origin/* +refs/tags/*:refs/tags/*
2026-10-05T12:17:52.8611902Z From https://github.com/ArndtGold/ai-native-governance-delivery-framework
2026-10-05T12:17:52.8614735Z  * [new branch]      codex/host-compatibility-evidence -> origin/codex/host-compatibility-evidence
2026-10-05T12:17:52.8617527Z  * [new branch]      codex/qualify-late-source-revision-20261005 -> origin/codex/qualify-late-source-revision-20261005
2026-10-05T12:17:52.8620475Z  * [new branch]      feat/add-local-approval-command-with-atomic-replay-receipts -> origin/feat/add-local-approval-command-with-atomic-replay-receipts
2026-10-05T12:17:52.8624173Z  * [new branch]      feat/mcp-inspect-slice-1 -> origin/feat/mcp-inspect-slice-1
2026-10-05T12:17:52.8626707Z  * [new branch]      fix/windows-line-endings-and-npm -> origin/fix/windows-line-endings-and-npm
2026-10-05T12:17:52.8629002Z  * [new branch]      main                    -> origin/main
2026-10-05T12:17:52.8631313Z  * [new branch]      refactor/delivery-continuation-ownership -> origin/refactor/delivery-continuation-ownership
2026-10-05T12:17:52.8635148Z  * [new branch]      refactor/prd-definition-separation -> origin/refactor/prd-definition-separation
2026-10-05T12:17:52.8638122Z  * [new branch]      refactor/ur-definition-separation -> origin/refactor/ur-definition-separation
2026-10-05T12:17:52.8641090Z  * [new branch]      task-target-auto-recovery -> origin/task-target-auto-recovery
2026-10-05T12:17:52.8643283Z  * [new tag]         agdf-cli-v0.3.2         -> agdf-cli-v0.3.2
2026-10-05T12:17:52.8645709Z  * [new tag]         agdf-runtime-cli-v0.3.1 -> agdf-runtime-cli-v0.3.1
2026-10-05T12:17:52.8648380Z  * [new tag]         agdf-v0.10.0            -> agdf-v0.10.0
2026-10-05T12:17:52.8650624Z  * [new tag]         agdf-v0.10.1            -> agdf-v0.10.1
2026-10-05T12:17:52.8652721Z  * [new tag]         agdf-v0.10.2            -> agdf-v0.10.2
2026-10-05T12:17:52.8654965Z  * [new tag]         agdf-v0.10.3            -> agdf-v0.10.3
2026-10-05T12:17:52.8657016Z  * [new tag]         agdf-v0.11.0            -> agdf-v0.11.0
2026-10-05T12:17:52.8659056Z  * [new tag]         agdf-v0.11.1            -> agdf-v0.11.1
2026-10-05T12:17:52.8661494Z  * [new tag]         agdf-v0.11.2            -> agdf-v0.11.2
2026-10-05T12:17:52.8664174Z  * [new tag]         agdf-v0.11.3            -> agdf-v0.11.3
2026-10-05T12:17:52.8666303Z  * [new tag]         agdf-v0.11.4            -> agdf-v0.11.4
2026-10-05T12:17:52.8668239Z  * [new tag]         agdf-v0.12.0            -> agdf-v0.12.0
2026-10-05T12:17:52.8670321Z  * [new tag]         agdf-v0.13.0            -> agdf-v0.13.0
2026-10-05T12:17:52.8672198Z  * [new tag]         agdf-v0.13.1            -> agdf-v0.13.1
2026-10-05T12:17:52.8674607Z  * [new tag]         agdf-v0.13.2            -> agdf-v0.13.2
2026-10-05T12:17:52.8676503Z  * [new tag]         agdf-v0.13.3            -> agdf-v0.13.3
2026-10-05T12:17:52.8678511Z  * [new tag]         agdf-v0.13.4            -> agdf-v0.13.4
2026-10-05T12:17:52.8680423Z  * [new tag]         agdf-v0.13.5            -> agdf-v0.13.5
2026-10-05T12:17:52.8682890Z  * [new tag]         agdf-v0.13.6            -> agdf-v0.13.6
2026-10-05T12:17:52.8685006Z  * [new tag]         agdf-v0.13.7            -> agdf-v0.13.7
2026-10-05T12:17:52.8686835Z  * [new tag]         agdf-v0.13.8            -> agdf-v0.13.8
2026-10-05T12:17:52.8688670Z  * [new tag]         agdf-v0.14.0            -> agdf-v0.14.0
2026-10-05T12:17:52.8690713Z  * [new tag]         agdf-v0.14.1            -> agdf-v0.14.1
2026-10-05T12:17:52.8692573Z  * [new tag]         agdf-v0.14.2            -> agdf-v0.14.2
2026-10-05T12:17:52.8694695Z  * [new tag]         agdf-v0.14.3            -> agdf-v0.14.3
2026-10-05T12:17:52.8696785Z  * [new tag]         agdf-v0.14.4            -> agdf-v0.14.4
2026-10-05T12:17:52.8698611Z  * [new tag]         agdf-v0.14.5            -> agdf-v0.14.5
2026-10-05T12:17:52.8700400Z  * [new tag]         agdf-v0.3.0             -> agdf-v0.3.0
2026-10-05T12:17:52.8702193Z  * [new tag]         agdf-v0.3.3             -> agdf-v0.3.3
2026-10-05T12:17:52.8704156Z  * [new tag]         agdf-v0.3.4             -> agdf-v0.3.4
2026-10-05T12:17:52.8705950Z  * [new tag]         agdf-v0.3.5             -> agdf-v0.3.5
2026-10-05T12:17:52.8707754Z  * [new tag]         agdf-v0.4.0             -> agdf-v0.4.0
2026-10-05T12:17:52.8709495Z  * [new tag]         agdf-v0.4.1             -> agdf-v0.4.1
2026-10-05T12:17:52.8711188Z  * [new tag]         agdf-v0.4.2             -> agdf-v0.4.2
2026-10-05T12:17:52.8713403Z  * [new tag]         agdf-v0.4.3             -> agdf-v0.4.3
2026-10-05T12:17:52.8715128Z  * [new tag]         agdf-v0.4.4             -> agdf-v0.4.4
2026-10-05T12:17:52.8717377Z  * [new tag]         agdf-v0.4.5             -> agdf-v0.4.5
2026-10-05T12:17:52.8719123Z  * [new tag]         agdf-v0.4.6             -> agdf-v0.4.6
2026-10-05T12:17:52.8720774Z  * [new tag]         agdf-v0.4.7             -> agdf-v0.4.7
2026-10-05T12:17:52.8722678Z  * [new tag]         agdf-v0.4.8             -> agdf-v0.4.8
2026-10-05T12:17:52.8724580Z  * [new tag]         agdf-v0.4.9             -> agdf-v0.4.9
2026-10-05T12:17:52.8726222Z  * [new tag]         agdf-v0.5.0             -> agdf-v0.5.0
2026-10-05T12:17:52.8727882Z  * [new tag]         agdf-v0.6.0             -> agdf-v0.6.0
2026-10-05T12:17:52.8729696Z  * [new tag]         agdf-v0.6.1             -> agdf-v0.6.1
2026-10-05T12:17:52.8731389Z  * [new tag]         agdf-v0.6.2             -> agdf-v0.6.2
2026-10-05T12:17:52.8733212Z  * [new tag]         agdf-v0.6.4             -> agdf-v0.6.4
2026-10-05T12:17:52.8734853Z  * [new tag]         agdf-v0.6.5             -> agdf-v0.6.5
2026-10-05T12:17:52.8736488Z  * [new tag]         agdf-v0.6.6             -> agdf-v0.6.6
2026-10-05T12:17:52.8738446Z  * [new tag]         agdf-v0.6.7             -> agdf-v0.6.7
2026-10-05T12:17:52.8740099Z  * [new tag]         agdf-v0.6.8             -> agdf-v0.6.8
2026-10-05T12:17:52.8741987Z  * [new tag]         agdf-v0.6.9             -> agdf-v0.6.9
2026-10-05T12:17:52.8744318Z  * [new tag]         agdf-v0.7.0             -> agdf-v0.7.0
2026-10-05T12:17:52.8746132Z  * [new tag]         agdf-v0.7.1             -> agdf-v0.7.1
2026-10-05T12:17:52.8747768Z  * [new tag]         agdf-v0.7.2             -> agdf-v0.7.2
2026-10-05T12:17:52.8749424Z  * [new tag]         agdf-v0.7.3             -> agdf-v0.7.3
2026-10-05T12:17:52.8751064Z  * [new tag]         agdf-v0.8.0             -> agdf-v0.8.0
2026-10-05T12:17:52.8752721Z  * [new tag]         agdf-v0.8.1             -> agdf-v0.8.1
2026-10-05T12:17:52.8754667Z  * [new tag]         agdf-v0.8.2             -> agdf-v0.8.2
2026-10-05T12:17:52.8756327Z  * [new tag]         agdf-v0.8.3             -> agdf-v0.8.3
2026-10-05T12:17:52.8757972Z  * [new tag]         agdf-v0.8.4             -> agdf-v0.8.4
2026-10-05T12:17:52.8759682Z  * [new tag]         agdf-v0.8.5             -> agdf-v0.8.5
2026-10-05T12:17:52.8761308Z  * [new tag]         agdf-v0.8.6             -> agdf-v0.8.6
2026-10-05T12:17:52.8763120Z  * [new tag]         agdf-v0.8.7             -> agdf-v0.8.7
2026-10-05T12:17:52.8764758Z  * [new tag]         agdf-v0.8.8             -> agdf-v0.8.8
2026-10-05T12:17:52.8766399Z  * [new tag]         agdf-v0.8.9             -> agdf-v0.8.9
2026-10-05T12:17:52.8768015Z  * [new tag]         agdf-v0.9.0             -> agdf-v0.9.0
2026-10-05T12:17:52.8769678Z  * [new tag]         agdf-v0.9.1             -> agdf-v0.9.1
2026-10-05T12:17:52.8771312Z  * [new tag]         agdf-v0.9.2             -> agdf-v0.9.2
2026-10-05T12:17:52.8773314Z  * [new tag]         agdf-v0.9.3             -> agdf-v0.9.3
2026-10-05T12:17:52.8775148Z  * [new tag]         agdf-v0.9.4             -> agdf-v0.9.4
2026-10-05T12:17:52.8776903Z  * [new tag]         agdf-v0.9.5             -> agdf-v0.9.5
2026-10-05T12:17:52.8779022Z  * [new tag]         agdf-v0.9.6             -> agdf-v0.9.6
2026-10-05T12:17:52.8781072Z  * [new tag]         agdf-v0.9.7             -> agdf-v0.9.7
2026-10-05T12:17:52.8782874Z  * [new tag]         agdf-v0.9.8             -> agdf-v0.9.8
2026-10-05T12:17:52.8784709Z  * [new tag]         agdf-v0.9.9             -> agdf-v0.9.9
2026-10-05T12:17:52.8786408Z  * [new tag]         create-agdf-v0.1.0      -> create-agdf-v0.1.0
2026-10-05T12:17:52.8788194Z  * [new tag]         create-agdf-v0.1.1      -> create-agdf-v0.1.1
2026-10-05T12:17:52.8790187Z  * [new tag]         create-agdf-v0.1.2      -> create-agdf-v0.1.2
2026-10-05T12:17:52.8791985Z  * [new tag]         create-agdf-v0.1.3      -> create-agdf-v0.1.3
2026-10-05T12:17:52.8794088Z  * [new tag]         create-agdf-v0.1.4      -> create-agdf-v0.1.4
2026-10-05T12:17:52.8795864Z  * [new tag]         create-agdf-v0.1.5      -> create-agdf-v0.1.5
2026-10-05T12:17:52.8797690Z  * [new tag]         create-agdf-v0.1.6      -> create-agdf-v0.1.6
2026-10-05T12:17:52.8799504Z  * [new tag]         create-agdf-v0.1.7      -> create-agdf-v0.1.7
2026-10-05T12:17:52.8801780Z  * [new tag]         create-agdf-v0.1.8      -> create-agdf-v0.1.8
2026-10-05T12:17:52.8803814Z  * [new tag]         create-agdf-v0.1.9      -> create-agdf-v0.1.9
2026-10-05T12:17:52.8805607Z  * [new tag]         create-agdf-v0.2.0      -> create-agdf-v0.2.0
2026-10-05T12:17:52.8807409Z  * [new tag]         create-agdf-v0.2.1      -> create-agdf-v0.2.1
2026-10-05T12:17:52.8809199Z  * [new tag]         create-agdf-v0.2.2      -> create-agdf-v0.2.2
2026-10-05T12:17:52.8810980Z  * [new tag]         create-agdf-v0.2.3      -> create-agdf-v0.2.3
2026-10-05T12:17:52.8812755Z  * [new tag]         create-agdf-v0.2.4      -> create-agdf-v0.2.4
2026-10-05T12:17:52.8814824Z  * [new tag]         create-agdf-v0.2.5      -> create-agdf-v0.2.5
2026-10-05T12:17:52.8816848Z  * [new tag]         create-agdf-v0.2.6      -> create-agdf-v0.2.6
2026-10-05T12:17:52.8818969Z  * [new tag]         create-agdf-v0.2.7      -> create-agdf-v0.2.7
2026-10-05T12:17:52.8820875Z  * [new tag]         create-agdf-v0.2.8      -> create-agdf-v0.2.8
2026-10-05T12:17:52.8823172Z  * [new tag]         create-agdf-v0.2.9      -> create-agdf-v0.2.9
2026-10-05T12:17:52.8825014Z  * [new tag]         create-agdf-v0.3.0      -> create-agdf-v0.3.0
2026-10-05T12:17:52.8826758Z  * [new tag]         create-agdf-v0.3.1      -> create-agdf-v0.3.1
2026-10-05T12:17:52.8828510Z  * [new tag]         create-agdf-v0.3.2      -> create-agdf-v0.3.2
2026-10-05T12:17:52.8832551Z [command]/usr/bin/git branch --list --remote origin/codex/qualify-late-source-revision-20261005
2026-10-05T12:17:52.8835146Z   origin/codex/qualify-late-source-revision-20261005
2026-10-05T12:17:52.8838603Z [command]/usr/bin/git rev-parse refs/remotes/origin/codex/qualify-late-source-revision-20261005
2026-10-05T12:17:52.8840743Z d3683dfb21435a68c987b10d851fc9c72a606ca8
2026-10-05T12:17:52.8844010Z ##[endgroup]
2026-10-05T12:17:52.8845577Z ##[group]Determining the checkout info
2026-10-05T12:17:52.8847395Z ##[endgroup]
2026-10-05T12:17:52.8848419Z [command]/usr/bin/git sparse-checkout disable
2026-10-05T12:17:52.8851447Z [command]/usr/bin/git config --local --unset-all extensions.worktreeConfig
2026-10-05T12:17:52.8855099Z ##[group]Checking out the ref
2026-10-05T12:17:52.8858058Z [command]/usr/bin/git checkout --progress --force -B codex/qualify-late-source-revision-20261005 refs/remotes/origin/codex/qualify-late-source-revision-20261005
2026-10-05T12:17:53.3343836Z Switched to a new branch 'codex/qualify-late-source-revision-20261005'
2026-10-05T12:17:53.3346885Z branch 'codex/qualify-late-source-revision-20261005' set up to track 'origin/codex/qualify-late-source-revision-20261005'.
2026-10-05T12:17:53.3379308Z ##[endgroup]
2026-10-05T12:17:53.3433078Z [command]/usr/bin/git log -1 --format=%H
2026-10-05T12:17:53.3465515Z d3683dfb21435a68c987b10d851fc9c72a606ca8
2026-10-05T12:17:53.3798778Z ##[group]Run actions/setup-node@820762786026740c76f36085b0efc47a31fe5020
2026-10-05T12:17:53.3799253Z with:
2026-10-05T12:17:53.3799797Z   node-version: 24
2026-10-05T12:17:53.3800069Z   cache: npm
2026-10-05T12:17:53.3800465Z   cache-dependency-path: package-lock.json
pages/package-lock.json

2026-10-05T12:17:53.3800917Z   check-latest: false
2026-10-05T12:17:53.3803674Z   token: ***
2026-10-05T12:17:53.3803990Z   package-manager-cache: true
2026-10-05T12:17:53.3804312Z ##[endgroup]
2026-10-05T12:17:53.5126323Z Found in cache @ /opt/hostedtoolcache/node/24.21.0/x64
2026-10-05T12:17:53.5130233Z ##[group]Environment details
2026-10-05T12:17:53.9109935Z node: v24.21.0
2026-10-05T12:17:53.9110670Z npm: 11.19.0
2026-10-05T12:17:53.9111429Z yarn: 1.22.22
2026-10-05T12:17:53.9113641Z ##[endgroup]
2026-10-05T12:17:53.9132644Z [command]/opt/hostedtoolcache/node/24.21.0/x64/bin/npm config get cache
2026-10-05T12:17:54.0285649Z /home/runner/.npm
2026-10-05T12:17:54.2241025Z Cache hit for: node-cache-Linux-x64-npm-4a8c1dfe21846cde5c46d2e00bf82bda80106e5dab88c6ef4b098e180c48c961
2026-10-05T12:17:54.9014252Z Received 5799442 of 5799442 (100.0%), 10.1 MBs/sec
2026-10-05T12:17:54.9014986Z Cache Size: ~6 MB (5799442 B)
2026-10-05T12:17:54.9040138Z [command]/usr/bin/tar -xf /home/runner/work/_temp/274fb6c2-aeac-4226-9667-8a97f6991ac4/cache.tzst -P -C /home/runner/work/ai-native-governance-delivery-framework/ai-native-governance-delivery-framework --use-compress-program unzstd
2026-10-05T12:17:54.9240598Z Cache restored successfully
2026-10-05T12:17:54.9250375Z Cache restored from key: node-cache-Linux-x64-npm-4a8c1dfe21846cde5c46d2e00bf82bda80106e5dab88c6ef4b098e180c48c961
2026-10-05T12:17:54.9427821Z ##[group]Run node scripts/verify-ci.mjs --lane runtime
2026-10-05T12:17:54.9428375Z [36;1mnode scripts/verify-ci.mjs --lane runtime[0m
2026-10-05T12:17:54.9687094Z shell: /usr/bin/bash --noprofile --norc -e -o pipefail {0}
2026-10-05T12:17:54.9687530Z ##[endgroup]
2026-10-05T12:17:55.0145864Z [verify-ci] dependencies
2026-10-05T12:17:55.8947236Z 
2026-10-05T12:17:55.8948265Z added 9 packages, and audited 12 packages in 823ms
2026-10-05T12:17:55.8948726Z 
2026-10-05T12:17:55.8948964Z 3 packages are looking for funding
2026-10-05T12:17:55.8954622Z   run `npm fund` for details
2026-10-05T12:17:55.8959542Z 
2026-10-05T12:17:55.8960005Z found 0 vulnerabilities
2026-10-05T12:17:55.9348276Z [verify-ci] maintenance
2026-10-05T12:17:56.0341365Z 
2026-10-05T12:17:56.0342126Z > test:maintenance-contracts
2026-10-05T12:17:56.0344460Z > npm run test:verification && node scripts/node-support-test.mjs && node packages/cli/scripts/interaction-catalog-test.js && node packages/cli/scripts/payload-budget-test.js && node packages/cli/scripts/release-workflow-contract-test.js && node scripts/native-probes/release-evidence-test.mjs && node --test scripts/native-probes/codex-activation-matrix-test.mjs
2026-10-05T12:17:56.0345763Z 
2026-10-05T12:17:56.1328742Z 
2026-10-05T12:17:56.1329492Z > test:verification
2026-10-05T12:17:56.1330106Z > node --test scripts/verification-test.mjs
2026-10-05T12:17:56.1330528Z 
2026-10-05T12:17:56.2215451Z [verify-ci] prepare
2026-10-05T12:17:56.5086957Z [verify-commit] Isolated Git index; Node 24.21.0, linux.
2026-10-05T12:17:56.5939072Z ✔ full plan preserves dependency ordering and mandatory package consumers in both lanes (1.416229ms)
2026-10-05T12:17:56.5940881Z ✔ a failed command stops before later commands and stages (1.76459ms)
2026-10-05T12:17:56.5951505Z ✔ the real CLI executes under temporary path aliases and rejects an invalid stage (43.259786ms)
2026-10-05T12:17:56.5952519Z ✔ snapshot uses staged blobs, excludes unstaged/untracked fixes and preserves source index (325.874988ms)
2026-10-05T12:17:56.6057540Z ℹ tests 4
2026-10-05T12:17:56.6058004Z ℹ suites 0
2026-10-05T12:17:56.6058379Z ℹ pass 4
2026-10-05T12:17:56.6058730Z ℹ fail 0
2026-10-05T12:17:56.6059080Z ℹ cancelled 0
2026-10-05T12:17:56.6059464Z ℹ skipped 0
2026-10-05T12:17:56.6059839Z ℹ todo 0
2026-10-05T12:17:56.6060259Z ℹ duration_ms 437.432334
2026-10-05T12:17:56.9065291Z Node support: package minimum, CI matrix, pinned Actions and legacy-runtime rejection passed.
2026-10-05T12:17:57.0575100Z Interaction catalog: complete locales, recovery rendering, negative and immutable-state checks passed.
2026-10-05T12:17:57.1007299Z Payload budget review/report tests passed.
2026-10-05T12:17:57.1952000Z Coupled release workflow contract passed.
2026-10-05T12:17:57.5819252Z Evidence publication tests passed (create, update, path rejection, stale source; isolated Git remote and mocked GitHub).
2026-10-05T12:17:57.6822127Z Release gate: native matrix, publish dependency, credential/artifact boundaries and negative evidence tests passed.
2026-10-05T12:17:57.7943293Z ✔ adaptive mode starts with ten cases and repeats only selected or deviant first runs (1.704534ms)
2026-10-05T12:17:57.7945458Z ✔ the actual scheduler completes all first runs before conditional repeats (8.6683ms)
2026-10-05T12:17:57.7949158Z ✔ fixed mode and boundary IDs are validated before host setup (0.705474ms)
2026-10-05T12:17:57.7960686Z ✔ expected target_unresolved remains a separate target-binding observation (0.404344ms)
2026-10-05T12:17:57.7962165Z ✔ JSONL parsing separates cached input and counts completed search calls once (1.502402ms)
2026-10-05T12:17:57.7963798Z ✔ unavailable usage or search telemetry remains unknown (0.273499ms)
2026-10-05T12:17:57.8049832Z ℹ tests 6
2026-10-05T12:17:57.8050265Z ℹ suites 0
2026-10-05T12:17:57.8050657Z ℹ pass 6
2026-10-05T12:17:57.8051006Z ℹ fail 0
2026-10-05T12:17:57.8051381Z ℹ cancelled 0
2026-10-05T12:17:57.8051777Z ℹ skipped 0
2026-10-05T12:17:57.8052135Z ℹ todo 0
2026-10-05T12:17:57.8053377Z ℹ duration_ms 84.008453
2026-10-05T12:17:57.8170471Z [verify-ci] shell
2026-10-05T12:17:57.8658723Z Shell syntax passed (5 tracked scripts).
2026-10-05T12:17:57.8707984Z [verify-ci] prepare
2026-10-05T12:17:57.9669160Z 
2026-10-05T12:17:57.9670007Z > build
2026-10-05T12:17:57.9670546Z > node scripts/sync-package-assets.js && node scripts/assemble-npm.mjs
2026-10-05T12:17:57.9671061Z 
2026-10-05T12:17:58.4302067Z [
2026-10-05T12:17:58.4302489Z   {
2026-10-05T12:17:58.4302825Z     "name": "create-agdf",
2026-10-05T12:17:58.4303655Z     "version": "0.14.5",
2026-10-05T12:17:58.4304718Z     "source": "/home/runner/work/ai-native-governance-delivery-framework/ai-native-governance-delivery-framework/packages/cli",
2026-10-05T12:17:58.4306464Z     "output": "/home/runner/work/ai-native-governance-delivery-framework/ai-native-governance-delivery-framework/dist/npm/create-agdf"
2026-10-05T12:17:58.4307449Z   },
2026-10-05T12:17:58.4307923Z   {
2026-10-05T12:17:58.4308219Z     "name": "@agdf/cli",
2026-10-05T12:17:58.4308621Z     "version": "0.14.5",
2026-10-05T12:17:58.4309825Z     "source": "/home/runner/work/ai-native-governance-delivery-framework/ai-native-governance-delivery-framework/packages/cli/distribution/agdf",
2026-10-05T12:17:58.4311472Z     "output": "/home/runner/work/ai-native-governance-delivery-framework/ai-native-governance-delivery-framework/dist/npm/agdf"
2026-10-05T12:17:58.4312372Z   },
2026-10-05T12:17:58.4312719Z   {
2026-10-05T12:17:58.4313266Z     "name": "@agdf/mcp-server",
2026-10-05T12:17:58.4313697Z     "version": "0.14.5",
2026-10-05T12:17:58.4314904Z     "source": "/home/runner/work/ai-native-governance-delivery-framework/ai-native-governance-delivery-framework/packages/mcp-server",
2026-10-05T12:17:58.4316866Z     "output": "/home/runner/work/ai-native-governance-delivery-framework/ai-native-governance-delivery-framework/dist/npm/agdf-mcp-server"
2026-10-05T12:17:58.4318024Z   }
2026-10-05T12:17:58.4318350Z ]
2026-10-05T12:17:58.5402700Z 
2026-10-05T12:17:58.5403584Z > create-agdf@0.14.5 release:prepare
2026-10-05T12:17:58.5404918Z > npm run sync-package-assets && npm run test:distribution-profile-history && npm run test:release-bump && npm run test:release-version-coherence && npm run test:public-plugin && npm run test:portable-plugin
2026-10-05T12:17:58.5405657Z 
2026-10-05T12:17:58.6679163Z 
2026-10-05T12:17:58.6679912Z > create-agdf@0.14.5 sync-package-assets
2026-10-05T12:17:58.6680493Z > node ../../scripts/sync-package-assets.js
2026-10-05T12:17:58.6680729Z 
2026-10-05T12:17:59.1959001Z 
2026-10-05T12:17:59.1959907Z > create-agdf@0.14.5 test:distribution-profile-history
2026-10-05T12:17:59.1960768Z > node scripts/distribution-profile-history-test.js
2026-10-05T12:17:59.1961194Z 
2026-10-05T12:17:59.2555902Z Distribution profile history passed (8 exact releases, malformed and closed-policy matrices)
2026-10-05T12:17:59.3891335Z 
2026-10-05T12:17:59.3892274Z > create-agdf@0.14.5 test:release-bump
2026-10-05T12:17:59.3892732Z > node scripts/release-bump-test.js
2026-10-05T12:17:59.3893179Z 
2026-10-05T12:17:59.6496489Z Release bump passed (20 transactional files; repair, forward, review, rollback and recovery)
2026-10-05T12:17:59.8113723Z 
2026-10-05T12:17:59.8115112Z > create-agdf@0.14.5 test:release-version-coherence
2026-10-05T12:17:59.8126622Z > node scripts/release-version-coherence-test.js
2026-10-05T12:17:59.8127303Z 
2026-10-05T12:18:01.1144856Z Release version coherence passed (50 surfaces at 0.14.5; 8 profile snapshots)
2026-10-05T12:18:01.2514283Z 
2026-10-05T12:18:01.2514855Z > create-agdf@0.14.5 test:public-plugin
2026-10-05T12:18:01.2515310Z > node scripts/public-plugin-test.js
2026-10-05T12:18:01.2515526Z 
2026-10-05T12:18:01.5297626Z Public plugin tests passed (60 inventoried candidate files; digest 416c48ca8fe420b133c90d0a967d9e834341c3b1578d8ca02e43db39b4b173e5)
2026-10-05T12:18:01.6639987Z 
2026-10-05T12:18:01.6640785Z > create-agdf@0.14.5 test:portable-plugin
2026-10-05T12:18:01.6641516Z > node scripts/portable-plugin-test.js
2026-10-05T12:18:01.6641856Z 
2026-10-05T12:18:02.1805650Z Portable plugin schema/profile/resource/selection/retry tests passed; digest 416c48ca8fe420b133c90d0a967d9e834341c3b1578d8ca02e43db39b4b173e5
2026-10-05T12:18:02.2017839Z [verify-ci] mcp-dependencies
2026-10-05T12:18:04.5171754Z 
2026-10-05T12:18:04.5172562Z added 15 packages, and audited 16 packages in 2s
2026-10-05T12:18:04.5173216Z 
2026-10-05T12:18:04.5173487Z 2 packages are looking for funding
2026-10-05T12:18:04.5173980Z   run `npm fund` for details
2026-10-05T12:18:04.5182114Z 
2026-10-05T12:18:04.5182375Z found 0 vulnerabilities
2026-10-05T12:18:04.5345408Z [verify-ci] runtime
2026-10-05T12:18:05.0542402Z [agdf-runtime-integrity] ok (mode=source; 13 skills and 16 control files checked)
2026-10-05T12:18:05.0658580Z [verify-ci] built-runtime
2026-10-05T12:18:05.5770942Z [agdf-runtime-integrity] ok (mode=installed; 13 skills and 16 control files checked)
2026-10-05T12:18:05.5834740Z [verify-ci] cli-package
2026-10-05T12:18:05.6791332Z 
2026-10-05T12:18:05.6792045Z > create-agdf@0.14.5 test:package-contents
2026-10-05T12:18:05.6792637Z > node scripts/package-contents-test.js
2026-10-05T12:18:05.6792862Z 
2026-10-05T12:18:07.2587951Z Package contents tests passed (761 files; complete release-built plugin present)
2026-10-05T12:18:07.2722111Z [verify-ci] wrapper-package
2026-10-05T12:18:07.3816320Z 
2026-10-05T12:18:07.3816962Z > @agdf/cli@0.14.5 test:package
2026-10-05T12:18:07.3817403Z > node ./scripts/package-test.js
2026-10-05T12:18:07.3817596Z 
2026-10-05T12:18:07.7326007Z AGDF CLI package contents passed (5 files).
2026-10-05T12:18:07.7473949Z [verify-ci] transactions
2026-10-05T12:18:07.8487198Z 
2026-10-05T12:18:07.8488038Z > create-agdf@0.14.5 test:run-step-transaction
2026-10-05T12:18:07.8488819Z > node ../core/test/run-step-transaction-test.js
2026-10-05T12:18:07.8489214Z 
2026-10-05T12:18:10.9315393Z Run-step transaction boundaries passed.
2026-10-05T12:18:11.0498990Z 
2026-10-05T12:18:11.0499647Z > create-agdf@0.14.5 test:run-lock
2026-10-05T12:18:11.0500104Z > node ../core/test/run-lock-test.js
2026-10-05T12:18:11.0500343Z 
2026-10-05T12:18:11.1131356Z Run lock owner recovery passed.
2026-10-05T12:18:11.1248268Z [verify-ci] evals
2026-10-05T12:18:11.2211983Z 
2026-10-05T12:18:11.2212716Z > create-agdf@0.14.5 eval:skills
2026-10-05T12:18:11.2213590Z > node ../../evals/scripts/run-skill-evals.js
2026-10-05T12:18:11.2213946Z 
2026-10-05T12:18:11.3274570Z AGDF skill evals: pass (102/102 cases; 13 skills; deterministic replay, not live host execution)
2026-10-05T12:18:11.3395009Z [verify-ci] mcp-package
2026-10-05T12:18:11.4370111Z 
2026-10-05T12:18:11.4370762Z > @agdf/mcp-server@0.14.5 test:package
2026-10-05T12:18:11.4371290Z > node ./test/package.test.js
2026-10-05T12:18:11.4371478Z 
2026-10-05T12:18:11.8174770Z AGDF MCP package boundary tests passed.
2026-10-05T12:18:11.8302792Z [verify-ci] archives
2026-10-05T12:18:13.4755442Z [
2026-10-05T12:18:13.4755808Z   {
2026-10-05T12:18:13.4756207Z     "id": "create-agdf@0.14.5",
2026-10-05T12:18:13.4756678Z     "name": "create-agdf",
2026-10-05T12:18:13.4757108Z     "version": "0.14.5",
2026-10-05T12:18:13.4757471Z     "size": 1016482,
2026-10-05T12:18:13.4757823Z     "unpackedSize": 6141850,
2026-10-05T12:18:13.4758356Z     "shasum": "a2ae509c29b137b2266af928a0a0b93575ad819b",
2026-10-05T12:18:13.4759567Z     "integrity": "sha512-8PU24Em8ULwLgBN8nw5bu8kJq1U4TNhfzq0kqi4+qdJ7dd2F3CHMWXj7AaIcG+W5Iel/7AgOCsCDtCWJDbZNvw==",
2026-10-05T12:18:13.4760608Z     "filename": "create-agdf-0.14.5.tgz",
2026-10-05T12:18:13.4761034Z     "files": [
2026-10-05T12:18:13.4761265Z       {
2026-10-05T12:18:13.4761478Z         "path": "LICENSE",
2026-10-05T12:18:13.4761730Z         "size": 11357,
2026-10-05T12:18:13.4761958Z         "mode": 420
2026-10-05T12:18:13.4762179Z       },
2026-10-05T12:18:13.4762370Z       {
2026-10-05T12:18:13.4762570Z         "path": "NOTICE",
2026-10-05T12:18:13.4762808Z         "size": 422,
2026-10-05T12:18:13.4763248Z         "mode": 420
2026-10-05T12:18:13.4763470Z       },
2026-10-05T12:18:13.4763679Z       {
2026-10-05T12:18:13.4764291Z         "path": "README.md",
2026-10-05T12:18:13.4764553Z         "size": 57597,
2026-10-05T12:18:13.4764777Z         "mode": 420
2026-10-05T12:18:13.4764999Z       },
2026-10-05T12:18:13.4765192Z       {
2026-10-05T12:18:13.4765474Z         "path": "bin/agdf-validator.js",
2026-10-05T12:18:13.4765844Z         "size": 323,
2026-10-05T12:18:13.4766124Z         "mode": 420
2026-10-05T12:18:13.4766344Z       },
2026-10-05T12:18:13.4766528Z       {
2026-10-05T12:18:13.4767014Z         "path": "bin/create-agdf.js",
2026-10-05T12:18:13.4767296Z         "size": 430,
2026-10-05T12:18:13.4767510Z         "mode": 493
2026-10-05T12:18:13.4767719Z       },
2026-10-05T12:18:13.4767911Z       {
2026-10-05T12:18:13.4768170Z         "path": "generated/.agdf/control/README.md",
2026-10-05T12:18:13.4768483Z         "size": 7277,
2026-10-05T12:18:13.4768708Z         "mode": 420
2026-10-05T12:18:13.4768910Z       },
2026-10-05T12:18:13.4769097Z       {
2026-10-05T12:18:13.4769401Z         "path": "generated/.agdf/control/templates/AGDF_RUN.md",
2026-10-05T12:18:13.4769744Z         "size": 4174,
2026-10-05T12:18:13.4769960Z         "mode": 420
2026-10-05T12:18:13.4770166Z       },
2026-10-05T12:18:13.4770351Z       {
2026-10-05T12:18:13.4770711Z         "path": "generated/.agdf/control/templates/AGENT_QUALITY_CONTRACTS.json",
2026-10-05T12:18:13.4771114Z         "size": 5289,
2026-10-05T12:18:13.4771338Z         "mode": 420
2026-10-05T12:18:13.4771549Z       },
2026-10-05T12:18:13.4771746Z       {
2026-10-05T12:18:13.4772126Z         "path": "generated/.agdf/control/templates/artefacts/BROWNFIELD_REVIEW.md",
2026-10-05T12:18:13.4772520Z         "size": 4977,
2026-10-05T12:18:13.4772745Z         "mode": 420
2026-10-05T12:18:13.4773156Z       },
2026-10-05T12:18:13.4773357Z       {
2026-10-05T12:18:13.4773671Z         "path": "generated/.agdf/control/templates/artefacts/OR.md",
2026-10-05T12:18:13.4774028Z         "size": 2685,
2026-10-05T12:18:13.4774243Z         "mode": 420
2026-10-05T12:18:13.4774449Z       },
2026-10-05T12:18:13.4774638Z       {
2026-10-05T12:18:13.4774961Z         "path": "generated/.agdf/control/templates/artefacts/PRD.md",
2026-10-05T12:18:13.4775315Z         "size": 3100,
2026-10-05T12:18:13.4775538Z         "mode": 420
2026-10-05T12:18:13.4775752Z       },
2026-10-05T12:18:13.4775947Z       {
2026-10-05T12:18:13.4776281Z         "path": "generated/.agdf/control/templates/artefacts/QA_REPORT.md",
2026-10-05T12:18:13.4776658Z         "size": 601,
2026-10-05T12:18:13.4776877Z         "mode": 420
2026-10-05T12:18:13.4777278Z       },
2026-10-05T12:18:13.4777469Z       {
2026-10-05T12:18:13.4777773Z         "path": "generated/.agdf/control/templates/artefacts/SD.md",
2026-10-05T12:18:13.4778105Z         "size": 2562,
2026-10-05T12:18:13.4778322Z         "mode": 420
2026-10-05T12:18:13.4778533Z       },
2026-10-05T12:18:13.4778720Z       {
2026-10-05T12:18:13.4779009Z         "path": "generated/.agdf/control/templates/artefacts/TP.md",
2026-10-05T12:18:13.4779336Z         "size": 1351,
2026-10-05T12:18:13.4779549Z         "mode": 420
2026-10-05T12:18:13.4779758Z       },
2026-10-05T12:18:13.4779955Z       {
2026-10-05T12:18:13.4780243Z         "path": "generated/.agdf/control/templates/artefacts/UR.md",
2026-10-05T12:18:13.4780563Z         "size": 845,
2026-10-05T12:18:13.4780783Z         "mode": 420
2026-10-05T12:18:13.4780982Z       },
2026-10-05T12:18:13.4781168Z       {
2026-10-05T12:18:13.4781538Z         "path": "generated/.agdf/control/templates/artefacts/UX_INTENT_DEFINITION.md",
2026-10-05T12:18:13.4781960Z         "size": 1196,
2026-10-05T12:18:13.4782178Z         "mode": 420
2026-10-05T12:18:13.4782380Z       },
2026-10-05T12:18:13.4782572Z       {
2026-10-05T12:18:13.4783106Z         "path": "generated/.agdf/control/templates/artefacts/VERIFIED_CHANGE.md",
2026-10-05T12:18:13.4783709Z         "size": 1716,
2026-10-05T12:18:13.4784022Z         "mode": 420
2026-10-05T12:18:13.4784304Z       },
2026-10-05T12:18:13.4784599Z       {
2026-10-05T12:18:13.4785051Z         "path": "generated/.agdf/control/templates/CONTEXT_GRAPH.md",
2026-10-05T12:18:13.4785762Z         "size": 1551,
2026-10-05T12:18:13.4786019Z         "mode": 420
2026-10-05T12:18:13.4786230Z       },
2026-10-05T12:18:13.4786429Z       {
2026-10-05T12:18:13.4786744Z         "path": "generated/.agdf/control/templates/MASTER_BACKLOG.md",
2026-10-05T12:18:13.4787089Z         "size": 3436,
2026-10-05T12:18:13.4787314Z         "mode": 420
2026-10-05T12:18:13.4787517Z       },
2026-10-05T12:18:13.4787705Z       {
2026-10-05T12:18:13.4788002Z         "path": "generated/.agdf/control/templates/RUN_STATE.md",
2026-10-05T12:18:13.4788348Z         "size": 2090,
2026-10-05T12:18:13.4788561Z         "mode": 420
2026-10-05T12:18:13.4788759Z       },
2026-10-05T12:18:13.4788955Z       {
2026-10-05T12:18:13.4789254Z         "path": "generated/.agdf/control/templates/SOT_REGISTRY.md",
2026-10-05T12:18:13.4789584Z         "size": 905,
2026-10-05T12:18:13.4789805Z         "mode": 420
2026-10-05T12:18:13.4790007Z       },
2026-10-05T12:18:13.4790198Z       {
2026-10-05T12:18:13.4790489Z         "path": "generated/.agents/plugins/marketplace.json",
2026-10-05T12:18:13.4790815Z         "size": 362,
2026-10-05T12:18:13.4791026Z         "mode": 420
2026-10-05T12:18:13.4791226Z       },
2026-10-05T12:18:13.4791421Z       {
2026-10-05T12:18:13.4791699Z         "path": "generated/.opencode/agdf-agent-router.md",
2026-10-05T12:18:13.4792056Z         "size": 12295,
2026-10-05T12:18:13.4792285Z         "mode": 420
2026-10-05T12:18:13.4792488Z       },
2026-10-05T12:18:13.4792684Z       {
2026-10-05T12:18:13.4793163Z         "path": "generated/.opencode/agdf-interaction-locales.json",
2026-10-05T12:18:13.4793531Z         "size": 153294,
2026-10-05T12:18:13.4793790Z         "mode": 420
2026-10-05T12:18:13.4794157Z       },
2026-10-05T12:18:13.4794345Z       {
2026-10-05T12:18:13.4794647Z         "path": "generated/.opencode/agdf-runtime-contract.md",
2026-10-05T12:18:13.4794979Z         "size": 1977,
2026-10-05T12:18:13.4795197Z         "mode": 420
2026-10-05T12:18:13.4795401Z       },
2026-10-05T12:18:13.4795601Z       {
2026-10-05T12:18:13.4795857Z         "path": "generated/.opencode/AGDF.md",
2026-10-05T12:18:13.4796162Z         "size": 1496,
2026-10-05T12:18:13.4796394Z         "mode": 420
2026-10-05T12:18:13.4796604Z       },
2026-10-05T12:18:13.4796797Z       {
2026-10-05T12:18:13.4797107Z         "path": "generated/.opencode/contracts/closeout.md",
2026-10-05T12:18:13.4797452Z         "size": 4196,
2026-10-05T12:18:13.4797815Z         "mode": 420
2026-10-05T12:18:13.4798167Z       },
2026-10-05T12:18:13.4798370Z       {
2026-10-05T12:18:13.4798683Z         "path": "generated/.opencode/contracts/context-graph.md",
2026-10-05T12:18:13.4799017Z         "size": 2512,
2026-10-05T12:18:13.4799240Z         "mode": 420
2026-10-05T12:18:13.4799443Z       },
2026-10-05T12:18:13.4799630Z       {
2026-10-05T12:18:13.4799955Z         "path": "generated/.opencode/contracts/control-scaffold.md",
2026-10-05T12:18:13.4800297Z         "size": 11537,
2026-10-05T12:18:13.4800519Z         "mode": 420
2026-10-05T12:18:13.4800727Z       },
2026-10-05T12:18:13.4800920Z       {
2026-10-05T12:18:13.4801266Z         "path": "generated/.opencode/contracts/gate-artifact-preparation.md",
2026-10-05T12:18:13.4801646Z         "size": 5731,
2026-10-05T12:18:13.4801876Z         "mode": 420
2026-10-05T12:18:13.4802089Z       },
2026-10-05T12:18:13.4802282Z       {
2026-10-05T12:18:13.4802592Z         "path": "generated/.opencode/contracts/gate-transition.md",
2026-10-05T12:18:13.4803092Z         "size": 17966,
2026-10-05T12:18:13.4803326Z         "mode": 420
2026-10-05T12:18:13.4803529Z       },
2026-10-05T12:18:13.4803731Z       {
2026-10-05T12:18:13.4804022Z         "path": "generated/.opencode/contracts/interaction.md",
2026-10-05T12:18:13.4804343Z         "size": 46599,
2026-10-05T12:18:13.4804564Z         "mode": 420
2026-10-05T12:18:13.4804765Z       },
2026-10-05T12:18:13.4804947Z       {
2026-10-05T12:18:13.4805219Z         "path": "generated/.opencode/contracts/modes.md",
2026-10-05T12:18:13.4805532Z         "size": 12906,
2026-10-05T12:18:13.4805888Z         "mode": 420
2026-10-05T12:18:13.4806097Z       },
2026-10-05T12:18:13.4806294Z       {
2026-10-05T12:18:13.4806597Z         "path": "generated/.opencode/contracts/prd-definition.md",
2026-10-05T12:18:13.4806933Z         "size": 5034,
2026-10-05T12:18:13.4807170Z         "mode": 420
2026-10-05T12:18:13.4807368Z       },
2026-10-05T12:18:13.4807555Z       {
2026-10-05T12:18:13.4807833Z         "path": "generated/.opencode/contracts/quality.md",
2026-10-05T12:18:13.4808152Z         "size": 8692,
2026-10-05T12:18:13.4808362Z         "mode": 420
2026-10-05T12:18:13.4808558Z       },
2026-10-05T12:18:13.4808753Z       {
2026-10-05T12:18:13.4809066Z         "path": "generated/.opencode/contracts/request-activation.md",
2026-10-05T12:18:13.4809412Z         "size": 18822,
2026-10-05T12:18:13.4809632Z         "mode": 420
2026-10-05T12:18:13.4809833Z       },
2026-10-05T12:18:13.4810016Z       {
2026-10-05T12:18:13.4810311Z         "path": "generated/.opencode/contracts/sd-definition.md",
2026-10-05T12:18:13.4810638Z         "size": 4617,
2026-10-05T12:18:13.4810851Z         "mode": 420
2026-10-05T12:18:13.4811058Z       },
2026-10-05T12:18:13.4811245Z       {
2026-10-05T12:18:13.4811573Z         "path": "generated/.opencode/contracts/task-target-resolution.md",
2026-10-05T12:18:13.4811929Z         "size": 8919,
2026-10-05T12:18:13.4812155Z         "mode": 420
2026-10-05T12:18:13.4812363Z       },
2026-10-05T12:18:13.4812547Z       {
2026-10-05T12:18:13.4812834Z         "path": "generated/.opencode/contracts/ur-definition.md",
2026-10-05T12:18:13.4813501Z         "size": 3139,
2026-10-05T12:18:13.4813838Z         "mode": 420
2026-10-05T12:18:13.4814054Z       },
2026-10-05T12:18:13.4814242Z       {
2026-10-05T12:18:13.4814494Z         "path": "generated/.opencode/README.md",
2026-10-05T12:18:13.4814788Z         "size": 1835,
2026-10-05T12:18:13.4815005Z         "mode": 420
2026-10-05T12:18:13.4815204Z       },
2026-10-05T12:18:13.4815389Z       {
2026-10-05T12:18:13.4815747Z         "path": "generated/.opencode/skills/agdf-brownfield-analysis/SKILL.md",
2026-10-05T12:18:13.4816139Z         "size": 15484,
2026-10-05T12:18:13.4816384Z         "mode": 420
2026-10-05T12:18:13.4816595Z       },
2026-10-05T12:18:13.4816778Z       {
2026-10-05T12:18:13.4817171Z         "path": "generated/.opencode/skills/agdf-clean-implementation-review/SKILL.md",
2026-10-05T12:18:13.4817582Z         "size": 7516,
2026-10-05T12:18:13.4817808Z         "mode": 420
2026-10-05T12:18:13.4818011Z       },
2026-10-05T12:18:13.4818375Z       {
2026-10-05T12:18:13.4818702Z         "path": "generated/.opencode/skills/agdf-code-review/SKILL.md",
2026-10-05T12:18:13.4819053Z         "size": 7615,
2026-10-05T12:18:13.4819261Z         "mode": 420
2026-10-05T12:18:13.4819471Z       },
2026-10-05T12:18:13.4819654Z       {
2026-10-05T12:18:13.4819996Z         "path": "generated/.opencode/skills/agdf-delivery-closeout/SKILL.md",
2026-10-05T12:18:13.4820371Z         "size": 7177,
2026-10-05T12:18:13.4820585Z         "mode": 420
2026-10-05T12:18:13.4820796Z       },
2026-10-05T12:18:13.4820988Z       {
2026-10-05T12:18:13.4821357Z         "path": "generated/.opencode/skills/agdf-delivery-path-search/SKILL.md",
2026-10-05T12:18:13.4821746Z         "size": 8015,
2026-10-05T12:18:13.4821967Z         "mode": 420
2026-10-05T12:18:13.4822174Z       },
2026-10-05T12:18:13.4822361Z       {
2026-10-05T12:18:13.4822677Z         "path": "generated/.opencode/skills/agdf-gate-check/SKILL.md",
2026-10-05T12:18:13.4823253Z         "size": 5506,
2026-10-05T12:18:13.4823482Z         "mode": 420
2026-10-05T12:18:13.4823691Z       },
2026-10-05T12:18:13.4823878Z       {
2026-10-05T12:18:13.4824212Z         "path": "generated/.opencode/skills/agdf-prd-definition/SKILL.md",
2026-10-05T12:18:13.4824572Z         "size": 3827,
2026-10-05T12:18:13.4824779Z         "mode": 420
2026-10-05T12:18:13.4824982Z       },
2026-10-05T12:18:13.4825168Z       {
2026-10-05T12:18:13.4825463Z         "path": "generated/.opencode/skills/agdf-qa-gate/SKILL.md",
2026-10-05T12:18:13.4825947Z         "size": 10610,
2026-10-05T12:18:13.4826168Z         "mode": 420
2026-10-05T12:18:13.4850377Z       },
2026-10-05T12:18:13.4850724Z       {
2026-10-05T12:18:13.4851171Z         "path": "generated/.opencode/skills/agdf-release-or/SKILL.md",
2026-10-05T12:18:13.4851746Z         "size": 10019,
2026-10-05T12:18:13.4852078Z         "mode": 420
2026-10-05T12:18:13.4852392Z       },
2026-10-05T12:18:13.4852680Z       {
2026-10-05T12:18:13.4853295Z         "path": "generated/.opencode/skills/agdf-sd-definition/SKILL.md",
2026-10-05T12:18:13.4853689Z         "size": 3732,
2026-10-05T12:18:13.4853927Z         "mode": 420
2026-10-05T12:18:13.4854135Z       },
2026-10-05T12:18:13.4854325Z       {
2026-10-05T12:18:13.4854680Z         "path": "generated/.opencode/skills/agdf-task-plan-review/SKILL.md",
2026-10-05T12:18:13.4855054Z         "size": 8267,
2026-10-05T12:18:13.4855270Z         "mode": 420
2026-10-05T12:18:13.4855480Z       },
2026-10-05T12:18:13.4855667Z       {
2026-10-05T12:18:13.4855986Z         "path": "generated/.opencode/skills/agdf-ur-definition/SKILL.md",
2026-10-05T12:18:13.4856343Z         "size": 3710,
2026-10-05T12:18:13.4856553Z         "mode": 420
2026-10-05T12:18:13.4856755Z       },
2026-10-05T12:18:13.4856950Z       {
2026-10-05T12:18:13.4857334Z         "path": "generated/.opencode/skills/agdf-ux-intent-definition/SKILL.md",
2026-10-05T12:18:13.4857740Z         "size": 7296,
2026-10-05T12:18:13.4857963Z         "mode": 420
2026-10-05T12:18:13.4858176Z       },
2026-10-05T12:18:13.4858367Z       {
2026-10-05T12:18:13.4858612Z         "path": "generated/opencode.json",
2026-10-05T12:18:13.4858901Z         "size": 268,
2026-10-05T12:18:13.4859130Z         "mode": 420
2026-10-05T12:18:13.4859351Z       },
2026-10-05T12:18:13.4859538Z       {
2026-10-05T12:18:13.4859861Z         "path": "generated/plugins/agdf/.claude-plugin/plugin.json",
2026-10-05T12:18:13.4860229Z         "size": 1090,
2026-10-05T12:18:13.4860452Z         "mode": 420
2026-10-05T12:18:13.4860656Z       },
2026-10-05T12:18:13.4860848Z       {
2026-10-05T12:18:13.4861169Z         "path": "generated/plugins/agdf/.codex-plugin/plugin.json",
2026-10-05T12:18:13.4861513Z         "size": 2020,
2026-10-05T12:18:13.4861722Z         "mode": 420
2026-10-05T12:18:13.4861937Z       },
2026-10-05T12:18:13.4862130Z       {
2026-10-05T12:18:13.4862427Z         "path": "generated/plugins/agdf/assets/agdf-icon.svg",
2026-10-05T12:18:13.4862757Z         "size": 924,
2026-10-05T12:18:13.4863165Z         "mode": 420
2026-10-05T12:18:13.4863633Z       },
2026-10-05T12:18:13.4863837Z       {
2026-10-05T12:18:13.4864132Z         "path": "generated/plugins/agdf/assets/agdf-logo.svg",
2026-10-05T12:18:13.4864456Z         "size": 962,
2026-10-05T12:18:13.4864669Z         "mode": 420
2026-10-05T12:18:13.4864883Z       },
2026-10-05T12:18:13.4865069Z       {
2026-10-05T12:18:13.4865346Z         "path": "generated/plugins/agdf/control/README.md",
2026-10-05T12:18:13.4865662Z         "size": 7277,
2026-10-05T12:18:13.4865883Z         "mode": 420
2026-10-05T12:18:13.4866092Z       },
2026-10-05T12:18:13.4866285Z       {
2026-10-05T12:18:13.4866609Z         "path": "generated/plugins/agdf/control/templates/AGDF_RUN.md",
2026-10-05T12:18:13.4866964Z         "size": 4174,
2026-10-05T12:18:13.4867182Z         "mode": 420
2026-10-05T12:18:13.4867388Z       },
2026-10-05T12:18:13.4867573Z       {
2026-10-05T12:18:13.4867956Z         "path": "generated/plugins/agdf/control/templates/AGENT_QUALITY_CONTRACTS.json",
2026-10-05T12:18:13.4868370Z         "size": 5289,
2026-10-05T12:18:13.4868591Z         "mode": 420
2026-10-05T12:18:13.4868789Z       },
2026-10-05T12:18:13.4868989Z       {
2026-10-05T12:18:13.4869379Z         "path": "generated/plugins/agdf/control/templates/artefacts/BROWNFIELD_REVIEW.md",
2026-10-05T12:18:13.4869812Z         "size": 4977,
2026-10-05T12:18:13.4870035Z         "mode": 420
2026-10-05T12:18:13.4870241Z       },
2026-10-05T12:18:13.4870424Z       {
2026-10-05T12:18:13.4870754Z         "path": "generated/plugins/agdf/control/templates/artefacts/OR.md",
2026-10-05T12:18:13.4871272Z         "size": 2685,
2026-10-05T12:18:13.4871490Z         "mode": 420
2026-10-05T12:18:13.4871690Z       },
2026-10-05T12:18:13.4871887Z       {
2026-10-05T12:18:13.4872219Z         "path": "generated/plugins/agdf/control/templates/artefacts/PRD.md",
2026-10-05T12:18:13.4872590Z         "size": 3100,
2026-10-05T12:18:13.4872805Z         "mode": 420
2026-10-05T12:18:13.4873143Z       },
2026-10-05T12:18:13.4873614Z       {
2026-10-05T12:18:13.4874027Z         "path": "generated/plugins/agdf/control/templates/artefacts/QA_REPORT.md",
2026-10-05T12:18:13.4874419Z         "size": 601,
2026-10-05T12:18:13.4874634Z         "mode": 420
2026-10-05T12:18:13.4874830Z       },
2026-10-05T12:18:13.4875023Z       {
2026-10-05T12:18:13.4875341Z         "path": "generated/plugins/agdf/control/templates/artefacts/SD.md",
2026-10-05T12:18:13.4875694Z         "size": 2562,
2026-10-05T12:18:13.4875904Z         "mode": 420
2026-10-05T12:18:13.4876107Z       },
2026-10-05T12:18:13.4876296Z       {
2026-10-05T12:18:13.4876614Z         "path": "generated/plugins/agdf/control/templates/artefacts/TP.md",
2026-10-05T12:18:13.4876972Z         "size": 1351,
2026-10-05T12:18:13.4877186Z         "mode": 420
2026-10-05T12:18:13.4877383Z       },
2026-10-05T12:18:13.4877572Z       {
2026-10-05T12:18:13.4877882Z         "path": "generated/plugins/agdf/control/templates/artefacts/UR.md",
2026-10-05T12:18:13.4878230Z         "size": 845,
2026-10-05T12:18:13.4878448Z         "mode": 420
2026-10-05T12:18:13.4878650Z       },
2026-10-05T12:18:13.4878832Z       {
2026-10-05T12:18:13.4879230Z         "path": "generated/plugins/agdf/control/templates/artefacts/UX_INTENT_DEFINITION.md",
2026-10-05T12:18:13.4879666Z         "size": 1196,
2026-10-05T12:18:13.4879876Z         "mode": 420
2026-10-05T12:18:13.4880075Z       },
2026-10-05T12:18:13.4880261Z       {
2026-10-05T12:18:13.4880633Z         "path": "generated/plugins/agdf/control/templates/artefacts/VERIFIED_CHANGE.md",
2026-10-05T12:18:13.4881036Z         "size": 1716,
2026-10-05T12:18:13.4881258Z         "mode": 420
2026-10-05T12:18:13.4881457Z       },
2026-10-05T12:18:13.4881641Z       {
2026-10-05T12:18:13.4881975Z         "path": "generated/plugins/agdf/control/templates/CONTEXT_GRAPH.md",
2026-10-05T12:18:13.4882337Z         "size": 1551,
2026-10-05T12:18:13.4882547Z         "mode": 420
2026-10-05T12:18:13.4882741Z       },
2026-10-05T12:18:13.4883053Z       {
2026-10-05T12:18:13.4883391Z         "path": "generated/plugins/agdf/control/templates/MASTER_BACKLOG.md",
2026-10-05T12:18:13.4884280Z         "size": 3436,
2026-10-05T12:18:13.4884618Z         "mode": 420
2026-10-05T12:18:13.4884928Z       },
2026-10-05T12:18:13.4885208Z       {
2026-10-05T12:18:13.4885700Z         "path": "generated/plugins/agdf/control/templates/RUN_STATE.md",
2026-10-05T12:18:13.4886230Z         "size": 2090,
2026-10-05T12:18:13.4886538Z         "mode": 420
2026-10-05T12:18:13.4886850Z       },
2026-10-05T12:18:13.4887138Z       {
2026-10-05T12:18:13.4887670Z         "path": "generated/plugins/agdf/control/templates/SOT_REGISTRY.md",
2026-10-05T12:18:13.4888218Z         "size": 905,
2026-10-05T12:18:13.4888436Z         "mode": 420
2026-10-05T12:18:13.4888637Z       },
2026-10-05T12:18:13.4888823Z       {
2026-10-05T12:18:13.4889107Z         "path": "generated/plugins/agdf/hooks/hooks.json",
2026-10-05T12:18:13.4889418Z         "size": 680,
2026-10-05T12:18:13.4889625Z         "mode": 420
2026-10-05T12:18:13.4889863Z       },
2026-10-05T12:18:13.4890056Z       {
2026-10-05T12:18:13.4890361Z         "path": "generated/plugins/agdf/hooks/session-start.sh",
2026-10-05T12:18:13.4890695Z         "size": 400,
2026-10-05T12:18:13.4890912Z         "mode": 420
2026-10-05T12:18:13.4891111Z       },
2026-10-05T12:18:13.4891293Z       {
2026-10-05T12:18:13.4891550Z         "path": "generated/plugins/agdf/LICENSE",
2026-10-05T12:18:13.4891844Z         "size": 11357,
2026-10-05T12:18:13.4892115Z         "mode": 420
2026-10-05T12:18:13.4892319Z       },
2026-10-05T12:18:13.4892504Z       {
2026-10-05T12:18:13.4893414Z         "path": "generated/plugins/agdf/mcp.json",
2026-10-05T12:18:13.4893786Z         "size": 329,
2026-10-05T12:18:13.4894036Z         "mode": 420
2026-10-05T12:18:13.4894250Z       },
2026-10-05T12:18:13.4894447Z       {
2026-10-05T12:18:13.4894776Z         "path": "generated/plugins/agdf/mcp/agdf-mcp-launch.js",
2026-10-05T12:18:13.4895125Z         "size": 314,
2026-10-05T12:18:13.4895339Z         "mode": 420
2026-10-05T12:18:13.4895545Z       },
2026-10-05T12:18:13.4895739Z       {
2026-10-05T12:18:13.4896028Z         "path": "generated/plugins/agdf/mcp/claude.mcp.json",
2026-10-05T12:18:13.4896347Z         "size": 173,
2026-10-05T12:18:13.4896561Z         "mode": 420
2026-10-05T12:18:13.4896763Z       },
2026-10-05T12:18:13.4896945Z       {
2026-10-05T12:18:13.4897279Z         "path": "generated/plugins/agdf/mcp/sdk/expected-sdk.json",
2026-10-05T12:18:13.4897639Z         "size": 709,
2026-10-05T12:18:13.4897850Z         "mode": 420
2026-10-05T12:18:13.4898068Z       },
2026-10-05T12:18:13.4898267Z       {
2026-10-05T12:18:13.4898588Z         "path": "generated/plugins/agdf/mcp/sdk/package-lock.json",
2026-10-05T12:18:13.4898940Z         "size": 1485,
2026-10-05T12:18:13.4899162Z         "mode": 420
2026-10-05T12:18:13.4899365Z       },
2026-10-05T12:18:13.4899546Z       {
2026-10-05T12:18:13.4899843Z         "path": "generated/plugins/agdf/mcp/sdk/package.json",
2026-10-05T12:18:13.4900169Z         "size": 124,
2026-10-05T12:18:13.4900375Z         "mode": 420
2026-10-05T12:18:13.4900586Z       },
2026-10-05T12:18:13.4900767Z       {
2026-10-05T12:18:13.4901072Z         "path": "generated/plugins/agdf/mcp/server/bin/agdf-mcp.js",
2026-10-05T12:18:13.4901412Z         "size": 659,
2026-10-05T12:18:13.4901618Z         "mode": 493
2026-10-05T12:18:13.4901813Z       },
2026-10-05T12:18:13.4901996Z       {
2026-10-05T12:18:13.4902275Z         "path": "generated/plugins/agdf/mcp/server/NOTICE",
2026-10-05T12:18:13.4902583Z         "size": 521,
2026-10-05T12:18:13.4902790Z         "mode": 420
2026-10-05T12:18:13.4903246Z       },
2026-10-05T12:18:13.4903439Z       {
2026-10-05T12:18:13.4903739Z         "path": "generated/plugins/agdf/mcp/server/package.json",
2026-10-05T12:18:13.4904082Z         "size": 1747,
2026-10-05T12:18:13.4904298Z         "mode": 420
2026-10-05T12:18:13.4904506Z       },
2026-10-05T12:18:13.4904688Z       {
2026-10-05T12:18:13.4904978Z         "path": "generated/plugins/agdf/mcp/server/README.md",
2026-10-05T12:18:13.4905297Z         "size": 2391,
2026-10-05T12:18:13.4905675Z         "mode": 420
2026-10-05T12:18:13.4905882Z       },
2026-10-05T12:18:13.4906064Z       {
2026-10-05T12:18:13.4906347Z         "path": "generated/plugins/agdf/mcp/server/src/main.js",
2026-10-05T12:18:13.4906676Z         "size": 1210,
2026-10-05T12:18:13.4906884Z         "mode": 420
2026-10-05T12:18:13.4907085Z       },
2026-10-05T12:18:13.4907268Z       {
2026-10-05T12:18:13.4907568Z         "path": "generated/plugins/agdf/mcp/server/src/server.js",
2026-10-05T12:18:13.4907895Z         "size": 3144,
2026-10-05T12:18:13.4908109Z         "mode": 420
2026-10-05T12:18:13.4908316Z       },
2026-10-05T12:18:13.4908499Z       {
2026-10-05T12:18:13.4908814Z         "path": "generated/plugins/agdf/mcp/server/src/worker-entry.js",
2026-10-05T12:18:13.4909172Z         "size": 964,
2026-10-05T12:18:13.4909381Z         "mode": 420
2026-10-05T12:18:13.4909584Z       },
2026-10-05T12:18:13.4909764Z       {
2026-10-05T12:18:13.4910057Z         "path": "generated/plugins/agdf/mcp/server/src/worker.js",
2026-10-05T12:18:13.4910387Z         "size": 2610,
2026-10-05T12:18:13.4910591Z         "mode": 420
2026-10-05T12:18:13.4910792Z       },
2026-10-05T12:18:13.4910972Z       {
2026-10-05T12:18:13.4911268Z         "path": "generated/plugins/agdf/meta/agdf-agent-router.md",
2026-10-05T12:18:13.4911611Z         "size": 12317,
2026-10-05T12:18:13.4911827Z         "mode": 420
2026-10-05T12:18:13.4912029Z       },
2026-10-05T12:18:13.4912214Z       {
2026-10-05T12:18:13.4912647Z         "path": "generated/plugins/agdf/meta/agdf-constitution.md",
2026-10-05T12:18:13.4913105Z         "size": 8709,
2026-10-05T12:18:13.4913318Z         "mode": 420
2026-10-05T12:18:13.4913526Z       },
2026-10-05T12:18:13.4913709Z       {
2026-10-05T12:18:13.4914051Z         "path": "generated/plugins/agdf/meta/agdf-interaction-locales.json",
2026-10-05T12:18:13.4914427Z         "size": 153294,
2026-10-05T12:18:13.4914648Z         "mode": 420
2026-10-05T12:18:13.4914847Z       },
2026-10-05T12:18:13.4915027Z       {
2026-10-05T12:18:13.4915358Z         "path": "generated/plugins/agdf/meta/agdf-mcp-capability.json",
2026-10-05T12:18:13.4915710Z         "size": 3972,
2026-10-05T12:18:13.4915920Z         "mode": 420
2026-10-05T12:18:13.4916125Z       },
2026-10-05T12:18:13.4916307Z       {
2026-10-05T12:18:13.4916632Z         "path": "generated/plugins/agdf/meta/agdf-plugin.definition.json",
2026-10-05T12:18:13.4916999Z         "size": 18450,
2026-10-05T12:18:13.4917215Z         "mode": 420
2026-10-05T12:18:13.4917414Z       },
2026-10-05T12:18:13.4917603Z       {
2026-10-05T12:18:13.4917915Z         "path": "generated/plugins/agdf/meta/agdf-runtime-contract.md",
2026-10-05T12:18:13.4918255Z         "size": 1977,
2026-10-05T12:18:13.4918462Z         "mode": 420
2026-10-05T12:18:13.4918668Z       },
2026-10-05T12:18:13.4918855Z       {
2026-10-05T12:18:13.4919130Z         "path": "generated/plugins/agdf/meta/agdf-tenets.md",
2026-10-05T12:18:13.4919449Z         "size": 8945,
2026-10-05T12:18:13.4919659Z         "mode": 420
2026-10-05T12:18:13.4919860Z       },
2026-10-05T12:18:13.4920051Z       {
2026-10-05T12:18:13.4920395Z         "path": "generated/plugins/agdf/meta/agent-skills-conformance.json",
2026-10-05T12:18:13.4920766Z         "size": 1867,
2026-10-05T12:18:13.4920981Z         "mode": 420
2026-10-05T12:18:13.4921190Z       },
2026-10-05T12:18:13.4921375Z       {
2026-10-05T12:18:13.4921674Z         "path": "generated/plugins/agdf/meta/contracts/closeout.md",
2026-10-05T12:18:13.4922017Z         "size": 4196,
2026-10-05T12:18:13.4922228Z         "mode": 420
2026-10-05T12:18:13.4922435Z       },
2026-10-05T12:18:13.4922627Z       {
2026-10-05T12:18:13.4923060Z         "path": "generated/plugins/agdf/meta/contracts/context-graph.md",
2026-10-05T12:18:13.4923423Z         "size": 2512,
2026-10-05T12:18:13.4923636Z         "mode": 420
2026-10-05T12:18:13.4923848Z       },
2026-10-05T12:18:13.4924030Z       {
2026-10-05T12:18:13.4924355Z         "path": "generated/plugins/agdf/meta/contracts/control-scaffold.md",
2026-10-05T12:18:13.4924872Z         "size": 11537,
2026-10-05T12:18:13.4925090Z         "mode": 420
2026-10-05T12:18:13.4925306Z       },
2026-10-05T12:18:13.4925509Z       {
2026-10-05T12:18:13.4925892Z         "path": "generated/plugins/agdf/meta/contracts/gate-artifact-preparation.md",
2026-10-05T12:18:13.4926302Z         "size": 5731,
2026-10-05T12:18:13.4926535Z         "mode": 420
2026-10-05T12:18:13.4926749Z       },
2026-10-05T12:18:13.4926941Z       {
2026-10-05T12:18:13.4927286Z         "path": "generated/plugins/agdf/meta/contracts/gate-transition.md",
2026-10-05T12:18:13.4927666Z         "size": 17966,
2026-10-05T12:18:13.4927892Z         "mode": 420
2026-10-05T12:18:13.4928098Z       },
2026-10-05T12:18:13.4928292Z       {
2026-10-05T12:18:13.4928607Z         "path": "generated/plugins/agdf/meta/contracts/interaction.md",
2026-10-05T12:18:13.4928960Z         "size": 46617,
2026-10-05T12:18:13.4929188Z         "mode": 420
2026-10-05T12:18:13.4929389Z       },
2026-10-05T12:18:13.4929576Z       {
2026-10-05T12:18:13.4929886Z         "path": "generated/plugins/agdf/meta/contracts/modes.md",
2026-10-05T12:18:13.4930230Z         "size": 12906,
2026-10-05T12:18:13.4930460Z         "mode": 420
2026-10-05T12:18:13.4930676Z       },
2026-10-05T12:18:13.4930870Z       {
2026-10-05T12:18:13.4931201Z         "path": "generated/plugins/agdf/meta/contracts/prd-definition.md",
2026-10-05T12:18:13.4931582Z         "size": 5034,
2026-10-05T12:18:13.4931798Z         "mode": 420
2026-10-05T12:18:13.4931999Z       },
2026-10-05T12:18:13.4932194Z       {
2026-10-05T12:18:13.4932645Z         "path": "generated/plugins/agdf/meta/contracts/quality.md",
2026-10-05T12:18:13.4933108Z         "size": 8692,
2026-10-05T12:18:13.4933327Z         "mode": 420
2026-10-05T12:18:13.4933533Z       },
2026-10-05T12:18:13.4933719Z       {
2026-10-05T12:18:13.4934060Z         "path": "generated/plugins/agdf/meta/contracts/request-activation.md",
2026-10-05T12:18:13.4934447Z         "size": 18822,
2026-10-05T12:18:13.4934662Z         "mode": 420
2026-10-05T12:18:13.4934870Z       },
2026-10-05T12:18:13.4935057Z       {
2026-10-05T12:18:13.4935374Z         "path": "generated/plugins/agdf/meta/contracts/sd-definition.md",
2026-10-05T12:18:13.4935726Z         "size": 4617,
2026-10-05T12:18:13.4935949Z         "mode": 420
2026-10-05T12:18:13.4936158Z       },
2026-10-05T12:18:13.4936344Z       {
2026-10-05T12:18:13.4936700Z         "path": "generated/plugins/agdf/meta/contracts/task-target-resolution.md",
2026-10-05T12:18:13.4937097Z         "size": 8919,
2026-10-05T12:18:13.4937317Z         "mode": 420
2026-10-05T12:18:13.4937519Z       },
2026-10-05T12:18:13.4937713Z       {
2026-10-05T12:18:13.4938027Z         "path": "generated/plugins/agdf/meta/contracts/ur-definition.md",
2026-10-05T12:18:13.4938369Z         "size": 3139,
2026-10-05T12:18:13.4938593Z         "mode": 420
2026-10-05T12:18:13.4938794Z       },
2026-10-05T12:18:13.4938975Z       {
2026-10-05T12:18:13.4939317Z         "path": "generated/plugins/agdf/meta/copilot-payload-baseline.json",
2026-10-05T12:18:13.4939698Z         "size": 276,
2026-10-05T12:18:13.4939917Z         "mode": 420
2026-10-05T12:18:13.4940118Z       },
2026-10-05T12:18:13.4940315Z       {
2026-10-05T12:18:13.4940678Z         "path": "generated/plugins/agdf/meta/distribution-profile-history.json",
2026-10-05T12:18:13.4941061Z         "size": 4398,
2026-10-05T12:18:13.4941286Z         "mode": 420
2026-10-05T12:18:13.4941487Z       },
2026-10-05T12:18:13.4941672Z       {
2026-10-05T12:18:13.4942072Z         "path": "generated/plugins/agdf/meta/schemas/agent-plugins/1.0.0/mcp.schema.json",
2026-10-05T12:18:13.4942492Z         "size": 3408,
2026-10-05T12:18:13.4942704Z         "mode": 420
2026-10-05T12:18:13.4943101Z       },
2026-10-05T12:18:13.4943334Z       {
2026-10-05T12:18:13.4943742Z         "path": "generated/plugins/agdf/meta/schemas/agent-plugins/1.0.0/plugin.schema.json",
2026-10-05T12:18:13.4944165Z         "size": 1805,
2026-10-05T12:18:13.4944387Z         "mode": 420
2026-10-05T12:18:13.4944589Z       },
2026-10-05T12:18:13.4944930Z       {
2026-10-05T12:18:13.4945310Z         "path": "generated/plugins/agdf/meta/schemas/agent-plugins/1.0.0/provenance.json",
2026-10-05T12:18:13.4945710Z         "size": 539,
2026-10-05T12:18:13.4945920Z         "mode": 420
2026-10-05T12:18:13.4946133Z       },
2026-10-05T12:18:13.4946317Z       {
2026-10-05T12:18:13.4946575Z         "path": "generated/plugins/agdf/plugin.json",
2026-10-05T12:18:13.4946875Z         "size": 526,
2026-10-05T12:18:13.4947096Z         "mode": 420
2026-10-05T12:18:13.4947302Z       },
2026-10-05T12:18:13.4947497Z       {
2026-10-05T12:18:13.4947799Z         "path": "generated/plugins/agdf/runtime/agdf-local.js",
2026-10-05T12:18:13.4948123Z         "size": 843,
2026-10-05T12:18:13.4948337Z         "mode": 420
2026-10-05T12:18:13.4948545Z       },
2026-10-05T12:18:13.4948729Z       {
2026-10-05T12:18:13.4949043Z         "path": "generated/plugins/agdf/runtime/agdf-session-check.js",
2026-10-05T12:18:13.4949393Z         "size": 9303,
2026-10-05T12:18:13.4949617Z         "mode": 420
2026-10-05T12:18:13.4949831Z       },
2026-10-05T12:18:13.4950014Z       {
2026-10-05T12:18:13.4950395Z         "path": "generated/plugins/agdf/runtime/create-agdf/bin/agdf-validator.js",
2026-10-05T12:18:13.4950788Z         "size": 323,
2026-10-05T12:18:13.4950997Z         "mode": 420
2026-10-05T12:18:13.4951207Z       },
2026-10-05T12:18:13.4951393Z       {
2026-10-05T12:18:13.4951905Z         "path": "generated/plugins/agdf/runtime/create-agdf/generated/plugins/agdf/meta/agdf-interaction-locales.json",
2026-10-05T12:18:13.4952579Z         "size": 153294,
2026-10-05T12:18:13.4952811Z         "mode": 420
2026-10-05T12:18:13.4953125Z       },
2026-10-05T12:18:13.4953315Z       {
2026-10-05T12:18:13.4953837Z         "path": "generated/plugins/agdf/runtime/create-agdf/generated/plugins/agdf/meta/agdf-plugin.definition.json",
2026-10-05T12:18:13.4954360Z         "size": 18450,
2026-10-05T12:18:13.4954580Z         "mode": 420
2026-10-05T12:18:13.4954790Z       },
2026-10-05T12:18:13.4954979Z       {
2026-10-05T12:18:13.4955462Z         "path": "generated/plugins/agdf/runtime/create-agdf/generated/plugins/agdf/meta/contracts/closeout.md",
2026-10-05T12:18:13.4955955Z         "size": 4196,
2026-10-05T12:18:13.4956172Z         "mode": 420
2026-10-05T12:18:13.4956372Z       },
2026-10-05T12:18:13.4956566Z       {
2026-10-05T12:18:13.4957052Z         "path": "generated/plugins/agdf/runtime/create-agdf/generated/plugins/agdf/meta/contracts/context-graph.md",
2026-10-05T12:18:13.4957545Z         "size": 2512,
2026-10-05T12:18:13.4957771Z         "mode": 420
2026-10-05T12:18:13.4957973Z       },
2026-10-05T12:18:13.4958161Z       {
2026-10-05T12:18:13.4958656Z         "path": "generated/plugins/agdf/runtime/create-agdf/generated/plugins/agdf/meta/contracts/control-scaffold.md",
2026-10-05T12:18:13.4959176Z         "size": 11537,
2026-10-05T12:18:13.4959395Z         "mode": 420
2026-10-05T12:18:13.4959594Z       },
2026-10-05T12:18:13.4959787Z       {
2026-10-05T12:18:13.4960332Z         "path": "generated/plugins/agdf/runtime/create-agdf/generated/plugins/agdf/meta/contracts/gate-artifact-preparation.md",
2026-10-05T12:18:13.4960889Z         "size": 5731,
2026-10-05T12:18:13.4961110Z         "mode": 420
2026-10-05T12:18:13.4961314Z       },
2026-10-05T12:18:13.4961500Z       {
2026-10-05T12:18:13.4962001Z         "path": "generated/plugins/agdf/runtime/create-agdf/generated/plugins/agdf/meta/contracts/gate-transition.md",
2026-10-05T12:18:13.4962509Z         "size": 17966,
2026-10-05T12:18:13.4962723Z         "mode": 420
2026-10-05T12:18:13.4963072Z       },
2026-10-05T12:18:13.4963269Z       {
2026-10-05T12:18:13.4963754Z         "path": "generated/plugins/agdf/runtime/create-agdf/generated/plugins/agdf/meta/contracts/interaction.md",
2026-10-05T12:18:13.4964248Z         "size": 46617,
2026-10-05T12:18:13.4964469Z         "mode": 420
2026-10-05T12:18:13.4964675Z       },
2026-10-05T12:18:13.4964861Z       {
2026-10-05T12:18:13.4965320Z         "path": "generated/plugins/agdf/runtime/create-agdf/generated/plugins/agdf/meta/contracts/modes.md",
2026-10-05T12:18:13.4965967Z         "size": 12906,
2026-10-05T12:18:13.4966179Z         "mode": 420
2026-10-05T12:18:13.4966388Z       },
2026-10-05T12:18:13.4966572Z       {
2026-10-05T12:18:13.4967053Z         "path": "generated/plugins/agdf/runtime/create-agdf/generated/plugins/agdf/meta/contracts/prd-definition.md",
2026-10-05T12:18:13.4967558Z         "size": 5034,
2026-10-05T12:18:13.4967769Z         "mode": 420
2026-10-05T12:18:13.4967976Z       },
2026-10-05T12:18:13.4968162Z       {
2026-10-05T12:18:13.4968635Z         "path": "generated/plugins/agdf/runtime/create-agdf/generated/plugins/agdf/meta/contracts/quality.md",
2026-10-05T12:18:13.4969112Z         "size": 8692,
2026-10-05T12:18:13.4969322Z         "mode": 420
2026-10-05T12:18:13.4969536Z       },
2026-10-05T12:18:13.4969721Z       {
2026-10-05T12:18:13.4970232Z         "path": "generated/plugins/agdf/runtime/create-agdf/generated/plugins/agdf/meta/contracts/request-activation.md",
2026-10-05T12:18:13.4970752Z         "size": 18822,
2026-10-05T12:18:13.4970977Z         "mode": 420
2026-10-05T12:18:13.4971176Z       },
2026-10-05T12:18:13.4971369Z       {
2026-10-05T12:18:13.4971843Z         "path": "generated/plugins/agdf/runtime/create-agdf/generated/plugins/agdf/meta/contracts/sd-definition.md",
2026-10-05T12:18:13.4972337Z         "size": 4617,
2026-10-05T12:18:13.4972558Z         "mode": 420
2026-10-05T12:18:13.4972759Z       },
2026-10-05T12:18:13.4973058Z       {
2026-10-05T12:18:13.4973732Z         "path": "generated/plugins/agdf/runtime/create-agdf/generated/plugins/agdf/meta/contracts/task-target-resolution.md",
2026-10-05T12:18:13.4974283Z         "size": 8919,
2026-10-05T12:18:13.4974499Z         "mode": 420
2026-10-05T12:18:13.4974699Z       },
2026-10-05T12:18:13.4974895Z       {
2026-10-05T12:18:13.4975372Z         "path": "generated/plugins/agdf/runtime/create-agdf/generated/plugins/agdf/meta/contracts/ur-definition.md",
2026-10-05T12:18:13.4975864Z         "size": 3139,
2026-10-05T12:18:13.4976086Z         "mode": 420
2026-10-05T12:18:13.4976291Z       },
2026-10-05T12:18:13.4976477Z       {
2026-10-05T12:18:13.4976863Z         "path": "generated/plugins/agdf/runtime/create-agdf/lib/cli/command-registry.js",
2026-10-05T12:18:13.4977272Z         "size": 25352,
2026-10-05T12:18:13.4977501Z         "mode": 420
2026-10-05T12:18:13.4977731Z       },
2026-10-05T12:18:13.4977930Z       {
2026-10-05T12:18:13.4978306Z         "path": "generated/plugins/agdf/runtime/create-agdf/lib/cli/contract-command.js",
2026-10-05T12:18:13.4978704Z         "size": 1796,
2026-10-05T12:18:13.4978932Z         "mode": 420
2026-10-05T12:18:13.4979133Z       },
2026-10-05T12:18:13.4979323Z       {
2026-10-05T12:18:13.4979761Z         "path": "generated/plugins/agdf/runtime/create-agdf/lib/cli/control-maintenance-command.js",
2026-10-05T12:18:13.4980214Z         "size": 2514,
2026-10-05T12:18:13.4980426Z         "mode": 420
2026-10-05T12:18:13.4980634Z       },
2026-10-05T12:18:13.4980819Z       {
2026-10-05T12:18:13.4981246Z         "path": "generated/plugins/agdf/runtime/create-agdf/lib/cli/delivery-path-search-command.js",
2026-10-05T12:18:13.4981706Z         "size": 9065,
2026-10-05T12:18:13.4981920Z         "mode": 420
2026-10-05T12:18:13.4982124Z       },
2026-10-05T12:18:13.4982306Z       {
2026-10-05T12:18:13.4982670Z         "path": "generated/plugins/agdf/runtime/create-agdf/lib/cli/parse-args.js",
2026-10-05T12:18:13.4983285Z         "size": 13953,
2026-10-05T12:18:13.4983522Z         "mode": 420
2026-10-05T12:18:13.4983754Z       },
2026-10-05T12:18:13.4983959Z       {
2026-10-05T12:18:13.4984350Z         "path": "generated/plugins/agdf/runtime/create-agdf/lib/cli/runtime-context.js",
2026-10-05T12:18:13.4984771Z         "size": 2217,
2026-10-05T12:18:13.4985004Z         "mode": 420
2026-10-05T12:18:13.4985214Z       },
2026-10-05T12:18:13.4985409Z       {
2026-10-05T12:18:13.4985818Z         "path": "generated/plugins/agdf/runtime/create-agdf/lib/cli/validation-handlers.js",
2026-10-05T12:18:13.4986246Z         "size": 11734,
2026-10-05T12:18:13.4986617Z         "mode": 420
2026-10-05T12:18:13.4986839Z       },
2026-10-05T12:18:13.4987029Z       {
2026-10-05T12:18:13.4987558Z         "path": "generated/plugins/agdf/runtime/create-agdf/lib/control-command.js",
2026-10-05T12:18:13.4987978Z         "size": 413,
2026-10-05T12:18:13.4988285Z         "mode": 420
2026-10-05T12:18:13.4988540Z       },
2026-10-05T12:18:13.4988734Z       {
2026-10-05T12:18:13.4989183Z         "path": "generated/plugins/agdf/runtime/create-agdf/lib/control-evaluation/git-observation.js",
2026-10-05T12:18:13.4989656Z         "size": 641,
2026-10-05T12:18:13.4989878Z         "mode": 420
2026-10-05T12:18:13.4990098Z       },
2026-10-05T12:18:13.4990287Z       {
2026-10-05T12:18:13.4990717Z         "path": "generated/plugins/agdf/runtime/create-agdf/lib/control-maintenance/interaction.js",
2026-10-05T12:18:13.4991174Z         "size": 1279,
2026-10-05T12:18:13.4991399Z         "mode": 420
2026-10-05T12:18:13.4991603Z       },
2026-10-05T12:18:13.4991799Z       {
2026-10-05T12:18:13.4992253Z         "path": "generated/plugins/agdf/runtime/create-agdf/lib/control-maintenance/repair.js",
2026-10-05T12:18:13.4993128Z         "size": 421,
2026-10-05T12:18:13.4993488Z         "mode": 420
2026-10-05T12:18:13.4993804Z       },
2026-10-05T12:18:13.4994096Z       {
2026-10-05T12:18:13.4994700Z         "path": "generated/plugins/agdf/runtime/create-agdf/lib/control-maintenance/service.js",
2026-10-05T12:18:13.4995150Z         "size": 264,
2026-10-05T12:18:13.4995365Z         "mode": 420
2026-10-05T12:18:13.4995750Z       },
2026-10-05T12:18:13.4995946Z       {
2026-10-05T12:18:13.4996517Z         "path": "generated/plugins/agdf/runtime/create-agdf/lib/control-maintenance/startup.js",
2026-10-05T12:18:13.4997044Z         "size": 1683,
2026-10-05T12:18:13.4997270Z         "mode": 420
2026-10-05T12:18:13.4997476Z       },
2026-10-05T12:18:13.4997664Z       {
2026-10-05T12:18:13.4998079Z         "path": "generated/plugins/agdf/runtime/create-agdf/lib/control-state/run-recovery.js",
2026-10-05T12:18:13.4998518Z         "size": 526,
2026-10-05T12:18:13.4998733Z         "mode": 420
2026-10-05T12:18:13.4998937Z       },
2026-10-05T12:18:13.4999130Z       {
2026-10-05T12:18:13.4999592Z         "path": "generated/plugins/agdf/runtime/create-agdf/lib/delivery-path-search/evaluators/claude.js",
2026-10-05T12:18:13.5000070Z         "size": 1525,
2026-10-05T12:18:13.5000390Z         "mode": 420
2026-10-05T12:18:13.5000692Z       },
2026-10-05T12:18:13.5000974Z       {
2026-10-05T12:18:13.5001696Z         "path": "generated/plugins/agdf/runtime/create-agdf/lib/delivery-path-search/evaluators/codex.js",
2026-10-05T12:18:13.5002460Z         "size": 1919,
2026-10-05T12:18:13.5002805Z         "mode": 420
2026-10-05T12:18:13.5003327Z       },
2026-10-05T12:18:13.5003633Z       {
2026-10-05T12:18:13.5004453Z         "path": "generated/plugins/agdf/runtime/create-agdf/lib/delivery-path-search/evaluators/opencode.js",
2026-10-05T12:18:13.5005289Z         "size": 8924,
2026-10-05T12:18:13.5005641Z         "mode": 420
2026-10-05T12:18:13.5005979Z       },
2026-10-05T12:18:13.5006276Z       {
2026-10-05T12:18:13.5007065Z         "path": "generated/plugins/agdf/runtime/create-agdf/lib/delivery-path-search/evaluators/prompt.js",
2026-10-05T12:18:13.5007875Z         "size": 753,
2026-10-05T12:18:13.5008227Z         "mode": 420
2026-10-05T12:18:13.5008498Z       },
2026-10-05T12:18:13.5008694Z       {
2026-10-05T12:18:13.5009162Z         "path": "generated/plugins/agdf/runtime/create-agdf/lib/delivery-path-search/evaluators/protocol.js",
2026-10-05T12:18:13.5009660Z         "size": 470,
2026-10-05T12:18:13.5009877Z         "mode": 420
2026-10-05T12:18:13.5010084Z       },
2026-10-05T12:18:13.5010273Z       {
2026-10-05T12:18:13.5010728Z         "path": "generated/plugins/agdf/runtime/create-agdf/lib/delivery-path-search/generators/claude.js",
2026-10-05T12:18:13.5011196Z         "size": 2203,
2026-10-05T12:18:13.5011416Z         "mode": 420
2026-10-05T12:18:13.5011632Z       },
2026-10-05T12:18:13.5011825Z       {
2026-10-05T12:18:13.5012836Z         "path": "generated/plugins/agdf/runtime/create-agdf/lib/delivery-path-search/generators/codex.js",
2026-10-05T12:18:13.5013705Z         "size": 2187,
2026-10-05T12:18:13.5013928Z         "mode": 420
2026-10-05T12:18:13.5014136Z       },
2026-10-05T12:18:13.5014335Z       {
2026-10-05T12:18:13.5014792Z         "path": "generated/plugins/agdf/runtime/create-agdf/lib/delivery-path-search/generators/protocol.js",
2026-10-05T12:18:13.5015267Z         "size": 389,
2026-10-05T12:18:13.5015485Z         "mode": 420
2026-10-05T12:18:13.5015697Z       },
2026-10-05T12:18:13.5015886Z       {
2026-10-05T12:18:13.5016361Z         "path": "generated/plugins/agdf/runtime/create-agdf/lib/delivery-path-search/surfaces/capabilities.js",
2026-10-05T12:18:13.5016870Z         "size": 1161,
2026-10-05T12:18:13.5017087Z         "mode": 420
2026-10-05T12:18:13.5017289Z       },
2026-10-05T12:18:13.5017482Z       {
2026-10-05T12:18:13.5017977Z         "path": "generated/plugins/agdf/runtime/create-agdf/lib/delivery-path-search/transports/read-only-guard.js",
2026-10-05T12:18:13.5018489Z         "size": 1271,
2026-10-05T12:18:13.5018711Z         "mode": 420
2026-10-05T12:18:13.5018911Z       },
2026-10-05T12:18:13.5019099Z       {
2026-10-05T12:18:13.5019550Z         "path": "generated/plugins/agdf/runtime/create-agdf/lib/host-adapters/claude/session-command.js",
2026-10-05T12:18:13.5020014Z         "size": 165,
2026-10-05T12:18:13.5020230Z         "mode": 420
2026-10-05T12:18:13.5020433Z       },
2026-10-05T12:18:13.5020626Z       {
2026-10-05T12:18:13.5021242Z         "path": "generated/plugins/agdf/runtime/create-agdf/lib/host-adapters/codex/session-command.js",
2026-10-05T12:18:13.5021719Z         "size": 455,
2026-10-05T12:18:13.5021948Z         "mode": 420
2026-10-05T12:18:13.5022158Z       },
2026-10-05T12:18:13.5022351Z       {
2026-10-05T12:18:13.5022821Z         "path": "generated/plugins/agdf/runtime/create-agdf/lib/host-adapters/copilot/session-command.js",
2026-10-05T12:18:13.5023521Z         "size": 91,
2026-10-05T12:18:13.5023740Z         "mode": 420
2026-10-05T12:18:13.5023958Z       },
2026-10-05T12:18:13.5024150Z       {
2026-10-05T12:18:13.5024719Z         "path": "generated/plugins/agdf/runtime/create-agdf/lib/host-adapters/opencode/session-command.js",
2026-10-05T12:18:13.5025444Z         "size": 76,
2026-10-05T12:18:13.5025667Z         "mode": 420
2026-10-05T12:18:13.5025875Z       },
2026-10-05T12:18:13.5026072Z       {
2026-10-05T12:18:13.5026520Z         "path": "generated/plugins/agdf/runtime/create-agdf/lib/host-adapters/session-command.js",
2026-10-05T12:18:13.5026974Z         "size": 609,
2026-10-05T12:18:13.5027198Z         "mode": 420
2026-10-05T12:18:13.5027411Z       },
2026-10-05T12:18:13.5027605Z       {
2026-10-05T12:18:13.5027962Z         "path": "generated/plugins/agdf/runtime/create-agdf/lib/host-command.js",
2026-10-05T12:18:13.5028365Z         "size": 5591,
2026-10-05T12:18:13.5028590Z         "mode": 420
2026-10-05T12:18:13.5028793Z       },
2026-10-05T12:18:13.5028982Z       {
2026-10-05T12:18:13.5029388Z         "path": "generated/plugins/agdf/runtime/create-agdf/lib/mcp-dispatch-runtime.js",
2026-10-05T12:18:13.5029809Z         "size": 7671,
2026-10-05T12:18:13.5030026Z         "mode": 420
2026-10-05T12:18:13.5030234Z       },
2026-10-05T12:18:13.5030422Z       {
2026-10-05T12:18:13.5030802Z         "path": "generated/plugins/agdf/runtime/create-agdf/lib/mcp-lifecycle/package.js",
2026-10-05T12:18:13.5031535Z         "size": 16097,
2026-10-05T12:18:13.5031928Z         "mode": 420
2026-10-05T12:18:13.5032507Z       },
2026-10-05T12:18:13.5033188Z       {
2026-10-05T12:18:13.5033992Z         "path": "generated/plugins/agdf/runtime/create-agdf/lib/mcp-lifecycle/plugin-runtime.js",
2026-10-05T12:18:13.5034769Z         "size": 12833,
2026-10-05T12:18:13.5035119Z         "mode": 420
2026-10-05T12:18:13.5035484Z       },
2026-10-05T12:18:13.5035862Z       {
2026-10-05T12:18:13.5036337Z         "path": "generated/plugins/agdf/runtime/create-agdf/lib/npm-invocation.js",
2026-10-05T12:18:13.5037142Z         "size": 969,
2026-10-05T12:18:13.5037531Z         "mode": 420
2026-10-05T12:18:13.5037901Z       },
2026-10-05T12:18:13.5038213Z       {
2026-10-05T12:18:13.5038817Z         "path": "generated/plugins/agdf/runtime/create-agdf/lib/repository-context.js",
2026-10-05T12:18:13.5039369Z         "size": 3033,
2026-10-05T12:18:13.5039714Z         "mode": 420
2026-10-05T12:18:13.5040136Z       },
2026-10-05T12:18:13.5040474Z       {
2026-10-05T12:18:13.5053195Z         "path": "generated/plugins/agdf/runtime/create-agdf/lib/runtime-check-consent/contract.js",
2026-10-05T12:18:13.5053728Z         "size": 3925,
2026-10-05T12:18:13.5053974Z         "mode": 420
2026-10-05T12:18:13.5054188Z       },
2026-10-05T12:18:13.5054382Z       {
2026-10-05T12:18:13.5054852Z         "path": "generated/plugins/agdf/runtime/create-agdf/lib/runtime/control-command-service.js",
2026-10-05T12:18:13.5055321Z         "size": 607,
2026-10-05T12:18:13.5055555Z         "mode": 420
2026-10-05T12:18:13.5055784Z       },
2026-10-05T12:18:13.5055983Z       {
2026-10-05T12:18:13.5056387Z         "path": "generated/plugins/agdf/runtime/create-agdf/lib/runtime/control-context.js",
2026-10-05T12:18:13.5056819Z         "size": 904,
2026-10-05T12:18:13.5057026Z         "mode": 420
2026-10-05T12:18:13.5057224Z       },
2026-10-05T12:18:13.5057415Z       {
2026-10-05T12:18:13.5057791Z         "path": "generated/plugins/agdf/runtime/create-agdf/lib/runtime/git-history.js",
2026-10-05T12:18:13.5058186Z         "size": 510,
2026-10-05T12:18:13.5058638Z         "mode": 420
2026-10-05T12:18:13.5058844Z       },
2026-10-05T12:18:13.5059030Z       {
2026-10-05T12:18:13.5059449Z         "path": "generated/plugins/agdf/runtime/create-agdf/lib/runtime/git-originals.js",
2026-10-05T12:18:13.5059877Z         "size": 2213,
2026-10-05T12:18:13.5060096Z         "mode": 420
2026-10-05T12:18:13.5060297Z       },
2026-10-05T12:18:13.5060489Z       {
2026-10-05T12:18:13.5060887Z         "path": "generated/plugins/agdf/runtime/create-agdf/lib/runtime/local-validator.js",
2026-10-05T12:18:13.5061315Z         "size": 14029,
2026-10-05T12:18:13.5061529Z         "mode": 420
2026-10-05T12:18:13.5061732Z       },
2026-10-05T12:18:13.5061910Z       {
2026-10-05T12:18:13.5062364Z         "path": "generated/plugins/agdf/runtime/create-agdf/lib/runtime/plugin-provenance.js",
2026-10-05T12:18:13.5062795Z         "size": 57,
2026-10-05T12:18:13.5063241Z         "mode": 420
2026-10-05T12:18:13.5063444Z       },
2026-10-05T12:18:13.5063626Z       {
2026-10-05T12:18:13.5064030Z         "path": "generated/plugins/agdf/runtime/create-agdf/lib/runtime/runtime-probe.js",
2026-10-05T12:18:13.5064448Z         "size": 3045,
2026-10-05T12:18:13.5064665Z         "mode": 420
2026-10-05T12:18:13.5064870Z       },
2026-10-05T12:18:13.5065051Z       {
2026-10-05T12:18:13.5065478Z         "path": "generated/plugins/agdf/runtime/create-agdf/lib/runtime/validator-application.js",
2026-10-05T12:18:13.5065936Z         "size": 1823,
2026-10-05T12:18:13.5066155Z         "mode": 420
2026-10-05T12:18:13.5066360Z       },
2026-10-05T12:18:13.5066551Z       {
2026-10-05T12:18:13.5066946Z         "path": "generated/plugins/agdf/runtime/create-agdf/lib/skill-dispatch/binding.js",
2026-10-05T12:18:13.5067361Z         "size": 642,
2026-10-05T12:18:13.5067576Z         "mode": 420
2026-10-05T12:18:13.5067792Z       },
2026-10-05T12:18:13.5068083Z       {
2026-10-05T12:18:13.5068519Z         "path": "generated/plugins/agdf/runtime/create-agdf/NOTICE",
2026-10-05T12:18:13.5069081Z         "size": 422,
2026-10-05T12:18:13.5069414Z         "mode": 420
2026-10-05T12:18:13.5069686Z       },
2026-10-05T12:18:13.5069945Z       {
2026-10-05T12:18:13.5070462Z         "path": "generated/plugins/agdf/runtime/create-agdf/package.json",
2026-10-05T12:18:13.5070970Z         "size": 220,
2026-10-05T12:18:13.5071265Z         "mode": 420
2026-10-05T12:18:13.5071543Z       },
2026-10-05T12:18:13.5071791Z       {
2026-10-05T12:18:13.5072544Z         "path": "generated/plugins/agdf/runtime/create-agdf/runtime/core/lib/control-evaluation/delivery-map.js",
2026-10-05T12:18:13.5073849Z         "size": 13111,
2026-10-05T12:18:13.5074209Z         "mode": 420
2026-10-05T12:18:13.5074548Z       },
2026-10-05T12:18:13.5074854Z       {
2026-10-05T12:18:13.5075764Z         "path": "generated/plugins/agdf/runtime/create-agdf/runtime/core/lib/control-evaluation/delivery-relationships.js",
2026-10-05T12:18:13.5076641Z         "size": 1370,
2026-10-05T12:18:13.5077013Z         "mode": 420
2026-10-05T12:18:13.5077349Z       },
2026-10-05T12:18:13.5077658Z       {
2026-10-05T12:18:13.5078456Z         "path": "generated/plugins/agdf/runtime/create-agdf/runtime/core/lib/control-evaluation/doctor.js",
2026-10-05T12:18:13.5079289Z         "size": 14393,
2026-10-05T12:18:13.5079665Z         "mode": 420
2026-10-05T12:18:13.5080024Z       },
2026-10-05T12:18:13.5080313Z       {
2026-10-05T12:18:13.5081116Z         "path": "generated/plugins/agdf/runtime/create-agdf/runtime/core/lib/control-evaluation/gate-check.js",
2026-10-05T12:18:13.5081938Z         "size": 37366,
2026-10-05T12:18:13.5082302Z         "mode": 420
2026-10-05T12:18:13.5082626Z       },
2026-10-05T12:18:13.5083104Z       {
2026-10-05T12:18:13.5083709Z         "path": "generated/plugins/agdf/runtime/create-agdf/runtime/core/lib/control-evaluation/gate-policy.js",
2026-10-05T12:18:13.5084202Z         "size": 17824,
2026-10-05T12:18:13.5084427Z         "mode": 420
2026-10-05T12:18:13.5084632Z       },
2026-10-05T12:18:13.5084825Z       {
2026-10-05T12:18:13.5085543Z         "path": "generated/plugins/agdf/runtime/create-agdf/runtime/core/lib/control-evaluation/parent-reconciliation.js",
2026-10-05T12:18:13.5086095Z         "size": 10121,
2026-10-05T12:18:13.5086318Z         "mode": 420
2026-10-05T12:18:13.5086526Z       },
2026-10-05T12:18:13.5086734Z       {
2026-10-05T12:18:13.5087229Z         "path": "generated/plugins/agdf/runtime/create-agdf/runtime/core/lib/control-evaluation/prd-readiness.js",
2026-10-05T12:18:13.5087724Z         "size": 2268,
2026-10-05T12:18:13.5087949Z         "mode": 420
2026-10-05T12:18:13.5088163Z       },
2026-10-05T12:18:13.5088349Z       {
2026-10-05T12:18:13.5088848Z         "path": "generated/plugins/agdf/runtime/create-agdf/runtime/core/lib/control-evaluation/required-files.js",
2026-10-05T12:18:13.5089354Z         "size": 337,
2026-10-05T12:18:13.5089575Z         "mode": 420
2026-10-05T12:18:13.5089791Z       },
2026-10-05T12:18:13.5089978Z       {
2026-10-05T12:18:13.5090468Z         "path": "generated/plugins/agdf/runtime/create-agdf/runtime/core/lib/control-evaluation/run-state.js",
2026-10-05T12:18:13.5090962Z         "size": 11605,
2026-10-05T12:18:13.5091187Z         "mode": 420
2026-10-05T12:18:13.5091389Z       },
2026-10-05T12:18:13.5091572Z       {
2026-10-05T12:18:13.5092125Z         "path": "generated/plugins/agdf/runtime/create-agdf/runtime/core/lib/control-evaluation/run-step-policy.js",
2026-10-05T12:18:13.5092633Z         "size": 1382,
2026-10-05T12:18:13.5092844Z         "mode": 420
2026-10-05T12:18:13.5093259Z       },
2026-10-05T12:18:13.5093451Z       {
2026-10-05T12:18:13.5093930Z         "path": "generated/plugins/agdf/runtime/create-agdf/runtime/core/lib/control-evaluation/sd-readiness.js",
2026-10-05T12:18:13.5094441Z         "size": 2561,
2026-10-05T12:18:13.5094655Z         "mode": 420
2026-10-05T12:18:13.5094853Z       },
2026-10-05T12:18:13.5095033Z       {
2026-10-05T12:18:13.5095492Z         "path": "generated/plugins/agdf/runtime/create-agdf/runtime/core/lib/control-evaluation/shared.js",
2026-10-05T12:18:13.5095960Z         "size": 10972,
2026-10-05T12:18:13.5096180Z         "mode": 420
2026-10-05T12:18:13.5096384Z       },
2026-10-05T12:18:13.5096568Z       {
2026-10-05T12:18:13.5097092Z         "path": "generated/plugins/agdf/runtime/create-agdf/runtime/core/lib/control-evaluation/traceability-readiness.js",
2026-10-05T12:18:13.5097626Z         "size": 13831,
2026-10-05T12:18:13.5097837Z         "mode": 420
2026-10-05T12:18:13.5098034Z       },
2026-10-05T12:18:13.5098227Z       {
2026-10-05T12:18:13.5098691Z         "path": "generated/plugins/agdf/runtime/create-agdf/runtime/core/lib/control-evaluation/ur-readiness.js",
2026-10-05T12:18:13.5099336Z         "size": 2045,
2026-10-05T12:18:13.5099564Z         "mode": 420
2026-10-05T12:18:13.5099758Z       },
2026-10-05T12:18:13.5099956Z       {
2026-10-05T12:18:13.5100464Z         "path": "generated/plugins/agdf/runtime/create-agdf/runtime/core/lib/control-evaluation/verified-change.js",
2026-10-05T12:18:13.5100973Z         "size": 12119,
2026-10-05T12:18:13.5101193Z         "mode": 420
2026-10-05T12:18:13.5101403Z       },
2026-10-05T12:18:13.5101596Z       {
2026-10-05T12:18:13.5102050Z         "path": "generated/plugins/agdf/runtime/create-agdf/runtime/core/lib/control-inspect/contract.js",
2026-10-05T12:18:13.5102565Z         "size": 13500,
2026-10-05T12:18:13.5103050Z         "mode": 420
2026-10-05T12:18:13.5103350Z       },
2026-10-05T12:18:13.5103625Z       {
2026-10-05T12:18:13.5104369Z         "path": "generated/plugins/agdf/runtime/create-agdf/runtime/core/lib/control-inspect/selection.js",
2026-10-05T12:18:13.5105169Z         "size": 1788,
2026-10-05T12:18:13.5105506Z         "mode": 420
2026-10-05T12:18:13.5105826Z       },
2026-10-05T12:18:13.5106099Z       {
2026-10-05T12:18:13.5106555Z         "path": "generated/plugins/agdf/runtime/create-agdf/runtime/core/lib/control-inspect/service.js",
2026-10-05T12:18:13.5107019Z         "size": 12577,
2026-10-05T12:18:13.5107241Z         "mode": 420
2026-10-05T12:18:13.5107443Z       },
2026-10-05T12:18:13.5107620Z       {
2026-10-05T12:18:13.5108273Z         "path": "generated/plugins/agdf/runtime/create-agdf/runtime/core/lib/control-maintenance/compatibility.js",
2026-10-05T12:18:13.5108786Z         "size": 8412,
2026-10-05T12:18:13.5109008Z         "mode": 420
2026-10-05T12:18:13.5109217Z       },
2026-10-05T12:18:13.5109405Z       {
2026-10-05T12:18:13.5109883Z         "path": "generated/plugins/agdf/runtime/create-agdf/runtime/core/lib/control-maintenance/contract.js",
2026-10-05T12:18:13.5110362Z         "size": 2342,
2026-10-05T12:18:13.5110578Z         "mode": 420
2026-10-05T12:18:13.5110786Z       },
2026-10-05T12:18:13.5110969Z       {
2026-10-05T12:18:13.5111447Z         "path": "generated/plugins/agdf/runtime/create-agdf/runtime/core/lib/control-maintenance/interaction.js",
2026-10-05T12:18:13.5111938Z         "size": 3207,
2026-10-05T12:18:13.5112150Z         "mode": 420
2026-10-05T12:18:13.5112349Z       },
2026-10-05T12:18:13.5112528Z       {
2026-10-05T12:18:13.5113209Z         "path": "generated/plugins/agdf/runtime/create-agdf/runtime/core/lib/control-maintenance/migration.js",
2026-10-05T12:18:13.5113699Z         "size": 5383,
2026-10-05T12:18:13.5113913Z         "mode": 420
2026-10-05T12:18:13.5114117Z       },
2026-10-05T12:18:13.5114300Z       {
2026-10-05T12:18:13.5114779Z         "path": "generated/plugins/agdf/runtime/create-agdf/runtime/core/lib/control-maintenance/presentation.js",
2026-10-05T12:18:13.5115279Z         "size": 8246,
2026-10-05T12:18:13.5115496Z         "mode": 420
2026-10-05T12:18:13.5115701Z       },
2026-10-05T12:18:13.5115901Z       {
2026-10-05T12:18:13.5116364Z         "path": "generated/plugins/agdf/runtime/create-agdf/runtime/core/lib/control-maintenance/repair.js",
2026-10-05T12:18:13.5116842Z         "size": 13216,
2026-10-05T12:18:13.5117063Z         "mode": 420
2026-10-05T12:18:13.5117379Z       },
2026-10-05T12:18:13.5117580Z       {
2026-10-05T12:18:13.5118051Z         "path": "generated/plugins/agdf/runtime/create-agdf/runtime/core/lib/control-maintenance/service.js",
2026-10-05T12:18:13.5118536Z         "size": 2412,
2026-10-05T12:18:13.5118759Z         "mode": 420
2026-10-05T12:18:13.5118961Z       },
2026-10-05T12:18:13.5119158Z       {
2026-10-05T12:18:13.5119607Z         "path": "generated/plugins/agdf/runtime/create-agdf/runtime/core/lib/control-read-boundary.js",
2026-10-05T12:18:13.5120067Z         "size": 906,
2026-10-05T12:18:13.5120290Z         "mode": 420
2026-10-05T12:18:13.5120487Z       },
2026-10-05T12:18:13.5120671Z       {
2026-10-05T12:18:13.5121121Z         "path": "generated/plugins/agdf/runtime/create-agdf/runtime/core/lib/control-state/aggregate.js",
2026-10-05T12:18:13.5121759Z         "size": 503,
2026-10-05T12:18:13.5121975Z         "mode": 420
2026-10-05T12:18:13.5122178Z       },
2026-10-05T12:18:13.5122369Z       {
2026-10-05T12:18:13.5122891Z         "path": "generated/plugins/agdf/runtime/create-agdf/runtime/core/lib/control-state/approval-command-contract.js",
2026-10-05T12:18:13.5123594Z         "size": 3748,
2026-10-05T12:18:13.5123823Z         "mode": 420
2026-10-05T12:18:13.5124035Z       },
2026-10-05T12:18:13.5124223Z       {
2026-10-05T12:18:13.5124706Z         "path": "generated/plugins/agdf/runtime/create-agdf/runtime/core/lib/control-state/approval-command.js",
2026-10-05T12:18:13.5125192Z         "size": 8139,
2026-10-05T12:18:13.5125401Z         "mode": 420
2026-10-05T12:18:13.5125611Z       },
2026-10-05T12:18:13.5125790Z       {
2026-10-05T12:18:13.5126274Z         "path": "generated/plugins/agdf/runtime/create-agdf/runtime/core/lib/control-state/approval-operations.js",
2026-10-05T12:18:13.5126775Z         "size": 6088,
2026-10-05T12:18:13.5126980Z         "mode": 420
2026-10-05T12:18:13.5127180Z       },
2026-10-05T12:18:13.5127365Z       {
2026-10-05T12:18:13.5127878Z         "path": "generated/plugins/agdf/runtime/create-agdf/runtime/core/lib/control-state/artefact-binding-proof.js",
2026-10-05T12:18:13.5128383Z         "size": 4880,
2026-10-05T12:18:13.5128588Z         "mode": 420
2026-10-05T12:18:13.5128793Z       },
2026-10-05T12:18:13.5128973Z       {
2026-10-05T12:18:13.5129617Z         "path": "generated/plugins/agdf/runtime/create-agdf/runtime/core/lib/control-state/artefact-bindings.js",
2026-10-05T12:18:13.5130130Z         "size": 6925,
2026-10-05T12:18:13.5130364Z         "mode": 420
2026-10-05T12:18:13.5130564Z       },
2026-10-05T12:18:13.5130753Z       {
2026-10-05T12:18:13.5131226Z         "path": "generated/plugins/agdf/runtime/create-agdf/runtime/core/lib/control-state/contained-file.js",
2026-10-05T12:18:13.5131705Z         "size": 2204,
2026-10-05T12:18:13.5131946Z         "mode": 420
2026-10-05T12:18:13.5132155Z       },
2026-10-05T12:18:13.5132345Z       {
2026-10-05T12:18:13.5132850Z         "path": "generated/plugins/agdf/runtime/create-agdf/runtime/core/lib/control-state/control-configuration.js",
2026-10-05T12:18:13.5133546Z         "size": 1072,
2026-10-05T12:18:13.5133764Z         "mode": 420
2026-10-05T12:18:13.5133968Z       },
2026-10-05T12:18:13.5134160Z       {
2026-10-05T12:18:13.5134679Z         "path": "generated/plugins/agdf/runtime/create-agdf/runtime/core/lib/control-state/gate-approval-validator.js",
2026-10-05T12:18:13.5135196Z         "size": 1704,
2026-10-05T12:18:13.5135418Z         "mode": 420
2026-10-05T12:18:13.5135619Z       },
2026-10-05T12:18:13.5135810Z       {
2026-10-05T12:18:13.5136253Z         "path": "generated/plugins/agdf/runtime/create-agdf/runtime/core/lib/control-state/index.js",
2026-10-05T12:18:13.5136703Z         "size": 346,
2026-10-05T12:18:13.5136921Z         "mode": 420
2026-10-05T12:18:13.5137138Z       },
2026-10-05T12:18:13.5137338Z       {
2026-10-05T12:18:13.5137813Z         "path": "generated/plugins/agdf/runtime/create-agdf/runtime/core/lib/control-state/legacy-migration.js",
2026-10-05T12:18:13.5138298Z         "size": 3088,
2026-10-05T12:18:13.5138516Z         "mode": 420
2026-10-05T12:18:13.5138718Z       },
2026-10-05T12:18:13.5138903Z       {
2026-10-05T12:18:13.5139417Z         "path": "generated/plugins/agdf/runtime/create-agdf/runtime/core/lib/control-state/legacy-projection-reader.js",
2026-10-05T12:18:13.5139930Z         "size": 1984,
2026-10-05T12:18:13.5140142Z         "mode": 420
2026-10-05T12:18:13.5140351Z       },
2026-10-05T12:18:13.5140533Z       {
2026-10-05T12:18:13.5141029Z         "path": "generated/plugins/agdf/runtime/create-agdf/runtime/core/lib/control-state/run-artefact-recording.js",
2026-10-05T12:18:13.5141531Z         "size": 6620,
2026-10-05T12:18:13.5141745Z         "mode": 420
2026-10-05T12:18:13.5141953Z       },
2026-10-05T12:18:13.5142142Z       {
2026-10-05T12:18:13.5142776Z         "path": "generated/plugins/agdf/runtime/create-agdf/runtime/core/lib/control-state/run-identity.js",
2026-10-05T12:18:13.5143469Z         "size": 573,
2026-10-05T12:18:13.5143700Z         "mode": 420
2026-10-05T12:18:13.5143919Z       },
2026-10-05T12:18:13.5144107Z       {
2026-10-05T12:18:13.5144619Z         "path": "generated/plugins/agdf/runtime/create-agdf/runtime/core/lib/control-state/run-presentation-render.js",
2026-10-05T12:18:13.5145140Z         "size": 17579,
2026-10-05T12:18:13.5145376Z         "mode": 420
2026-10-05T12:18:13.5145597Z       },
2026-10-05T12:18:13.5145799Z       {
2026-10-05T12:18:13.5146280Z         "path": "generated/plugins/agdf/runtime/create-agdf/runtime/core/lib/control-state/run-presentation.js",
2026-10-05T12:18:13.5146771Z         "size": 6777,
2026-10-05T12:18:13.5146997Z         "mode": 420
2026-10-05T12:18:13.5147201Z       },
2026-10-05T12:18:13.5147388Z       {
2026-10-05T12:18:13.5147847Z         "path": "generated/plugins/agdf/runtime/create-agdf/runtime/core/lib/control-state/run-recording.js",
2026-10-05T12:18:13.5148334Z         "size": 10751,
2026-10-05T12:18:13.5148557Z         "mode": 420
2026-10-05T12:18:13.5148756Z       },
2026-10-05T12:18:13.5148949Z       {
2026-10-05T12:18:13.5149395Z         "path": "generated/plugins/agdf/runtime/create-agdf/runtime/core/lib/control-state/run-recovery.js",
2026-10-05T12:18:13.5149859Z         "size": 17891,
2026-10-05T12:18:13.5150075Z         "mode": 420
2026-10-05T12:18:13.5150275Z       },
2026-10-05T12:18:13.5150606Z       {
2026-10-05T12:18:13.5151161Z         "path": "generated/plugins/agdf/runtime/create-agdf/runtime/core/lib/control-state/run-relationship-correction.js",
2026-10-05T12:18:13.5151697Z         "size": 5721,
2026-10-05T12:18:13.5151926Z         "mode": 420
2026-10-05T12:18:13.5152133Z       },
2026-10-05T12:18:13.5152322Z       {
2026-10-05T12:18:13.5153037Z         "path": "generated/plugins/agdf/runtime/create-agdf/runtime/core/lib/control-state/run-revision-history.js",
2026-10-05T12:18:13.5153579Z         "size": 9598,
2026-10-05T12:18:13.5153798Z         "mode": 420
2026-10-05T12:18:13.5153999Z       },
2026-10-05T12:18:13.5154190Z       {
2026-10-05T12:18:13.5154644Z         "path": "generated/plugins/agdf/runtime/create-agdf/runtime/core/lib/control-state/run-revision.js",
2026-10-05T12:18:13.5155110Z         "size": 24412,
2026-10-05T12:18:13.5155329Z         "mode": 420
2026-10-05T12:18:13.5155526Z       },
2026-10-05T12:18:13.5155710Z       {
2026-10-05T12:18:13.5156164Z         "path": "generated/plugins/agdf/runtime/create-agdf/runtime/core/lib/control-state/run-seal.js",
2026-10-05T12:18:13.5156620Z         "size": 7838,
2026-10-05T12:18:13.5156831Z         "mode": 420
2026-10-05T12:18:13.5157043Z       },
2026-10-05T12:18:13.5157223Z       {
2026-10-05T12:18:13.5157706Z         "path": "generated/plugins/agdf/runtime/create-agdf/runtime/core/lib/control-state/run-source-revisions.js",
2026-10-05T12:18:13.5158198Z         "size": 9961,
2026-10-05T12:18:13.5158415Z         "mode": 420
2026-10-05T12:18:13.5158614Z       },
2026-10-05T12:18:13.5158802Z       {
2026-10-05T12:18:13.5159276Z         "path": "generated/plugins/agdf/runtime/create-agdf/runtime/core/lib/control-state/run-state-edits.js",
2026-10-05T12:18:13.5159760Z         "size": 6233,
2026-10-05T12:18:13.5159970Z         "mode": 420
2026-10-05T12:18:13.5160183Z       },
2026-10-05T12:18:13.5160368Z       {
2026-10-05T12:18:13.5160843Z         "path": "generated/plugins/agdf/runtime/create-agdf/runtime/core/lib/control-state/run-state-parser.js",
2026-10-05T12:18:13.5161334Z         "size": 12277,
2026-10-05T12:18:13.5161552Z         "mode": 420
2026-10-05T12:18:13.5161751Z       },
2026-10-05T12:18:13.5161932Z       {
2026-10-05T12:18:13.5162395Z         "path": "generated/plugins/agdf/runtime/create-agdf/runtime/core/lib/control-state/run-state-reader.js",
2026-10-05T12:18:13.5162865Z         "size": 1875,
2026-10-05T12:18:13.5163300Z         "mode": 420
2026-10-05T12:18:13.5163509Z       },
2026-10-05T12:18:13.5163855Z       {
2026-10-05T12:18:13.5164357Z         "path": "generated/plugins/agdf/runtime/create-agdf/runtime/core/lib/control-state/run-state-repository.js",
2026-10-05T12:18:13.5164866Z         "size": 6390,
2026-10-05T12:18:13.5165093Z         "mode": 420
2026-10-05T12:18:13.5165312Z       },
2026-10-05T12:18:13.5165513Z       {
2026-10-05T12:18:13.5165992Z         "path": "generated/plugins/agdf/runtime/create-agdf/runtime/core/lib/control-state/run-state-resolver.js",
2026-10-05T12:18:13.5166486Z         "size": 1371,
2026-10-05T12:18:13.5166705Z         "mode": 420
2026-10-05T12:18:13.5166907Z       },
2026-10-05T12:18:13.5167092Z       {
2026-10-05T12:18:13.5167555Z         "path": "generated/plugins/agdf/runtime/create-agdf/runtime/core/lib/control-state/run-state-writer.js",
2026-10-05T12:18:13.5168034Z         "size": 16219,
2026-10-05T12:18:13.5168260Z         "mode": 420
2026-10-05T12:18:13.5168467Z       },
2026-10-05T12:18:13.5168660Z       {
2026-10-05T12:18:13.5169127Z         "path": "generated/plugins/agdf/runtime/create-agdf/runtime/core/lib/control-state/run-step-pending.js",
2026-10-05T12:18:13.5169608Z         "size": 620,
2026-10-05T12:18:13.5169830Z         "mode": 420
2026-10-05T12:18:13.5170035Z       },
2026-10-05T12:18:13.5170220Z       {
2026-10-05T12:18:13.5170803Z         "path": "generated/plugins/agdf/runtime/create-agdf/runtime/core/lib/control-state/run-step-transaction.js",
2026-10-05T12:18:13.5171311Z         "size": 15958,
2026-10-05T12:18:13.5171537Z         "mode": 420
2026-10-05T12:18:13.5171890Z       },
2026-10-05T12:18:13.5172096Z       {
2026-10-05T12:18:13.5172557Z         "path": "generated/plugins/agdf/runtime/create-agdf/runtime/core/lib/control-state/run-steps.js",
2026-10-05T12:18:13.5173308Z         "size": 15588,
2026-10-05T12:18:13.5173540Z         "mode": 420
2026-10-05T12:18:13.5173748Z       },
2026-10-05T12:18:13.5173938Z       {
2026-10-05T12:18:13.5174440Z         "path": "generated/plugins/agdf/runtime/create-agdf/runtime/core/lib/control-state/run-store-inspection.js",
2026-10-05T12:18:13.5175012Z         "size": 2164,
2026-10-05T12:18:13.5175346Z         "mode": 420
2026-10-05T12:18:13.5175674Z       },
2026-10-05T12:18:13.5175942Z       {
2026-10-05T12:18:13.5176721Z         "path": "generated/plugins/agdf/runtime/create-agdf/runtime/core/lib/delivery-continuation/service.js",
2026-10-05T12:18:13.5177578Z         "size": 3947,
2026-10-05T12:18:13.5177929Z         "mode": 420
2026-10-05T12:18:13.5178248Z       },
2026-10-05T12:18:13.5178519Z       {
2026-10-05T12:18:13.5179362Z         "path": "generated/plugins/agdf/runtime/create-agdf/runtime/core/lib/delivery-path-search/candidate-policy.js",
2026-10-05T12:18:13.5180259Z         "size": 3919,
2026-10-05T12:18:13.5180607Z         "mode": 420
2026-10-05T12:18:13.5180938Z       },
2026-10-05T12:18:13.5181225Z       {
2026-10-05T12:18:13.5181772Z         "path": "generated/plugins/agdf/runtime/create-agdf/runtime/core/lib/delivery-path-search/contracts.js",
2026-10-05T12:18:13.5182279Z         "size": 15955,
2026-10-05T12:18:13.5182514Z         "mode": 420
2026-10-05T12:18:13.5182720Z       },
2026-10-05T12:18:13.5183114Z       {
2026-10-05T12:18:13.5183644Z         "path": "generated/plugins/agdf/runtime/create-agdf/runtime/core/lib/delivery-path-search/persistence.js",
2026-10-05T12:18:13.5184140Z         "size": 2521,
2026-10-05T12:18:13.5184358Z         "mode": 420
2026-10-05T12:18:13.5184559Z       },
2026-10-05T12:18:13.5184748Z       {
2026-10-05T12:18:13.5185223Z         "path": "generated/plugins/agdf/runtime/create-agdf/runtime/core/lib/delivery-path-search/scoring.js",
2026-10-05T12:18:13.5185715Z         "size": 824,
2026-10-05T12:18:13.5185937Z         "mode": 420
2026-10-05T12:18:13.5186133Z       },
2026-10-05T12:18:13.5186330Z       {
2026-10-05T12:18:13.5186874Z         "path": "generated/plugins/agdf/runtime/create-agdf/runtime/core/lib/delivery-path-search/search-engine.js",
2026-10-05T12:18:13.5187710Z         "size": 11244,
2026-10-05T12:18:13.5188071Z         "mode": 420
2026-10-05T12:18:13.5188615Z       },
2026-10-05T12:18:13.5188905Z       {
2026-10-05T12:18:13.5189748Z         "path": "generated/plugins/agdf/runtime/create-agdf/runtime/core/lib/delivery-path-search/state-adapter.js",
2026-10-05T12:18:13.5190604Z         "size": 4596,
2026-10-05T12:18:13.5190948Z         "mode": 420
2026-10-05T12:18:13.5191276Z       },
2026-10-05T12:18:13.5191561Z       {
2026-10-05T12:18:13.5192263Z         "path": "generated/plugins/agdf/runtime/create-agdf/runtime/core/lib/fs-swap.js",
2026-10-05T12:18:13.5193135Z         "size": 916,
2026-10-05T12:18:13.5193493Z         "mode": 420
2026-10-05T12:18:13.5193816Z       },
2026-10-05T12:18:13.5194104Z       {
2026-10-05T12:18:13.5194737Z         "path": "generated/plugins/agdf/runtime/create-agdf/runtime/core/lib/index.js",
2026-10-05T12:18:13.5195426Z         "size": 954,
2026-10-05T12:18:13.5195763Z         "mode": 420
2026-10-05T12:18:13.5196094Z       },
2026-10-05T12:18:13.5196373Z       {
2026-10-05T12:18:13.5197179Z         "path": "generated/plugins/agdf/runtime/create-agdf/runtime/core/lib/interaction-catalog-validation.js",
2026-10-05T12:18:13.5198072Z         "size": 1453,
2026-10-05T12:18:13.5198419Z         "mode": 420
2026-10-05T12:18:13.5198748Z       },
2026-10-05T12:18:13.5199051Z       {
2026-10-05T12:18:13.5199805Z         "path": "generated/plugins/agdf/runtime/create-agdf/runtime/core/lib/interaction-catalog.js",
2026-10-05T12:18:13.5200589Z         "size": 3628,
2026-10-05T12:18:13.5200931Z         "mode": 420
2026-10-05T12:18:13.5201264Z       },
2026-10-05T12:18:13.5201766Z       {
2026-10-05T12:18:13.5202536Z         "path": "generated/plugins/agdf/runtime/create-agdf/runtime/core/lib/interaction-presentation.js",
2026-10-05T12:18:13.5203560Z         "size": 65120,
2026-10-05T12:18:13.5203903Z         "mode": 420
2026-10-05T12:18:13.5204219Z       },
2026-10-05T12:18:13.5204503Z       {
2026-10-05T12:18:13.5205273Z         "path": "generated/plugins/agdf/runtime/create-agdf/runtime/core/lib/repository-context-reader.js",
2026-10-05T12:18:13.5206061Z         "size": 3135,
2026-10-05T12:18:13.5206404Z         "mode": 420
2026-10-05T12:18:13.5206732Z       },
2026-10-05T12:18:13.5207025Z       {
2026-10-05T12:18:13.5207740Z         "path": "generated/plugins/agdf/runtime/create-agdf/runtime/core/lib/resources/binding.js",
2026-10-05T12:18:13.5208528Z         "size": 303,
2026-10-05T12:18:13.5208877Z         "mode": 420
2026-10-05T12:18:13.5209196Z       },
2026-10-05T12:18:13.5209496Z       {
2026-10-05T12:18:13.5210232Z         "path": "generated/plugins/agdf/runtime/create-agdf/runtime/core/lib/resources/context.js",
2026-10-05T12:18:13.5210990Z         "size": 3469,
2026-10-05T12:18:13.5211313Z         "mode": 420
2026-10-05T12:18:13.5211611Z       },
2026-10-05T12:18:13.5211898Z       {
2026-10-05T12:18:13.5212600Z         "path": "generated/plugins/agdf/runtime/create-agdf/runtime/core/lib/resources/contracts.js",
2026-10-05T12:18:13.5213515Z         "size": 1513,
2026-10-05T12:18:13.5213863Z         "mode": 420
2026-10-05T12:18:13.5214189Z       },
2026-10-05T12:18:13.5214517Z       {
2026-10-05T12:18:13.5215378Z         "path": "generated/plugins/agdf/runtime/create-agdf/runtime/core/lib/runtime/distribution-profile-history.js",
2026-10-05T12:18:13.5216206Z         "size": 6077,
2026-10-05T12:18:13.5216567Z         "mode": 420
2026-10-05T12:18:13.5216904Z       },
2026-10-05T12:18:13.5217205Z       {
2026-10-05T12:18:13.5218001Z         "path": "generated/plugins/agdf/runtime/create-agdf/runtime/core/lib/runtime/plugin-provenance.js",
2026-10-05T12:18:13.5218828Z         "size": 20490,
2026-10-05T12:18:13.5219179Z         "mode": 420
2026-10-05T12:18:13.5219518Z       },
2026-10-05T12:18:13.5219816Z       {
2026-10-05T12:18:13.5220539Z         "path": "generated/plugins/agdf/runtime/create-agdf/runtime/core/lib/skill-dispatch/binding.js",
2026-10-05T12:18:13.5221358Z         "size": 3647,
2026-10-05T12:18:13.5221702Z         "mode": 420
2026-10-05T12:18:13.5222031Z       },
2026-10-05T12:18:13.5222330Z       {
2026-10-05T12:18:13.5223547Z         "path": "generated/plugins/agdf/runtime/create-agdf/runtime/core/lib/skill-dispatch/contract.js",
2026-10-05T12:18:13.5224295Z         "size": 27887,
2026-10-05T12:18:13.5224651Z         "mode": 420
2026-10-05T12:18:13.5224990Z       },
2026-10-05T12:18:13.5225282Z       {
2026-10-05T12:18:13.5226109Z         "path": "generated/plugins/agdf/runtime/create-agdf/runtime/core/lib/skill-dispatch/delivery-intake.js",
2026-10-05T12:18:13.5226955Z         "size": 4635,
2026-10-05T12:18:13.5227303Z         "mode": 420
2026-10-05T12:18:13.5227639Z       },
2026-10-05T12:18:13.5227923Z       {
2026-10-05T12:18:13.5228834Z         "path": "generated/plugins/agdf/runtime/create-agdf/runtime/core/lib/skill-dispatch/delivery-run-assignment.js",
2026-10-05T12:18:13.5229744Z         "size": 4578,
2026-10-05T12:18:13.5230084Z         "mode": 420
2026-10-05T12:18:13.5230406Z       },
2026-10-05T12:18:13.5230704Z       {
2026-10-05T12:18:13.5231537Z         "path": "generated/plugins/agdf/runtime/create-agdf/runtime/core/lib/skill-dispatch/prd-definition.js",
2026-10-05T12:18:13.5232411Z         "size": 2845,
2026-10-05T12:18:13.5232754Z         "mode": 420
2026-10-05T12:18:13.5233247Z       },
2026-10-05T12:18:13.5233548Z       {
2026-10-05T12:18:13.5234363Z         "path": "generated/plugins/agdf/runtime/create-agdf/runtime/core/lib/skill-dispatch/sd-definition.js",
2026-10-05T12:18:13.5235207Z         "size": 2900,
2026-10-05T12:18:13.5235552Z         "mode": 420
2026-10-05T12:18:13.5235877Z       },
2026-10-05T12:18:13.5236440Z       {
2026-10-05T12:18:13.5237214Z         "path": "generated/plugins/agdf/runtime/create-agdf/runtime/core/lib/skill-dispatch/service.js",
2026-10-05T12:18:13.5238046Z         "size": 40882,
2026-10-05T12:18:13.5238402Z         "mode": 420
2026-10-05T12:18:13.5238722Z       },
2026-10-05T12:18:13.5239018Z       {
2026-10-05T12:18:13.5239775Z         "path": "generated/plugins/agdf/runtime/create-agdf/runtime/core/lib/task-target-resolution.js",
2026-10-05T12:18:13.5240579Z         "size": 8096,
2026-10-05T12:18:13.5240955Z         "mode": 420
2026-10-05T12:18:13.5241279Z       },
2026-10-05T12:18:13.5241575Z       {
2026-10-05T12:18:13.5242119Z         "path": "generated/plugins/agdf/runtime/runtime-manifest.json",
2026-10-05T12:18:13.5242724Z         "size": 236,
2026-10-05T12:18:13.5243246Z         "mode": 420
2026-10-05T12:18:13.5243569Z       },
2026-10-05T12:18:13.5243873Z       {
2026-10-05T12:18:13.5244465Z         "path": "generated/plugins/agdf/scripts/agent-skills-conformance.mjs",
2026-10-05T12:18:13.5245129Z         "size": 24427,
2026-10-05T12:18:13.5245498Z         "mode": 420
2026-10-05T12:18:13.5245835Z       },
2026-10-05T12:18:13.5246133Z       {
2026-10-05T12:18:13.5246734Z         "path": "generated/plugins/agdf/scripts/check-runtime-integrity.mjs",
2026-10-05T12:18:13.5247394Z         "size": 130053,
2026-10-05T12:18:13.5247758Z         "mode": 420
2026-10-05T12:18:13.5248097Z       },
2026-10-05T12:18:13.5248402Z       {
2026-10-05T12:18:13.5248971Z         "path": "generated/plugins/agdf/scripts/instruction-footprint.mjs",
2026-10-05T12:18:13.5249572Z         "size": 41754,
2026-10-05T12:18:13.5249929Z         "mode": 420
2026-10-05T12:18:13.5250251Z       },
2026-10-05T12:18:13.5250547Z       {
2026-10-05T12:18:13.5251098Z         "path": "generated/plugins/agdf/skills/brownfield-analysis/help.md",
2026-10-05T12:18:13.5251731Z         "size": 497,
2026-10-05T12:18:13.5252083Z         "mode": 420
2026-10-05T12:18:13.5252382Z       },
2026-10-05T12:18:13.5252579Z       {
2026-10-05T12:18:13.5253192Z         "path": "generated/plugins/agdf/skills/brownfield-analysis/SKILL.md",
2026-10-05T12:18:13.5253601Z         "size": 15519,
2026-10-05T12:18:13.5253835Z         "mode": 420
2026-10-05T12:18:13.5254049Z       },
2026-10-05T12:18:13.5254243Z       {
2026-10-05T12:18:13.5254633Z         "path": "generated/plugins/agdf/skills/clean-implementation-review/help.md",
2026-10-05T12:18:13.5255038Z         "size": 520,
2026-10-05T12:18:13.5255259Z         "mode": 420
2026-10-05T12:18:13.5255672Z       },
2026-10-05T12:18:13.5255866Z       {
2026-10-05T12:18:13.5256245Z         "path": "generated/plugins/agdf/skills/clean-implementation-review/SKILL.md",
2026-10-05T12:18:13.5256649Z         "size": 7536,
2026-10-05T12:18:13.5256878Z         "mode": 420
2026-10-05T12:18:13.5257082Z       },
2026-10-05T12:18:13.5257268Z       {
2026-10-05T12:18:13.5257589Z         "path": "generated/plugins/agdf/skills/code-review/help.md",
2026-10-05T12:18:13.5257929Z         "size": 407,
2026-10-05T12:18:13.5258227Z         "mode": 420
2026-10-05T12:18:13.5258550Z       },
2026-10-05T12:18:13.5258841Z       {
2026-10-05T12:18:13.5259254Z         "path": "generated/plugins/agdf/skills/code-review/SKILL.md",
2026-10-05T12:18:13.5259609Z         "size": 7635,
2026-10-05T12:18:13.5259834Z         "mode": 420
2026-10-05T12:18:13.5260043Z       },
2026-10-05T12:18:13.5260232Z       {
2026-10-05T12:18:13.5260574Z         "path": "generated/plugins/agdf/skills/delivery-closeout/help.md",
2026-10-05T12:18:13.5260947Z         "size": 416,
2026-10-05T12:18:13.5261163Z         "mode": 420
2026-10-05T12:18:13.5261380Z       },
2026-10-05T12:18:13.5261566Z       {
2026-10-05T12:18:13.5261898Z         "path": "generated/plugins/agdf/skills/delivery-closeout/SKILL.md",
2026-10-05T12:18:13.5262272Z         "size": 7197,
2026-10-05T12:18:13.5262497Z         "mode": 420
2026-10-05T12:18:13.5262705Z       },
2026-10-05T12:18:13.5263084Z       {
2026-10-05T12:18:13.5263726Z         "path": "generated/plugins/agdf/skills/delivery-path-search/help.md",
2026-10-05T12:18:13.5264121Z         "size": 555,
2026-10-05T12:18:13.5264344Z         "mode": 420
2026-10-05T12:18:13.5264558Z       },
2026-10-05T12:18:13.5264749Z       {
2026-10-05T12:18:13.5265101Z         "path": "generated/plugins/agdf/skills/delivery-path-search/SKILL.md",
2026-10-05T12:18:13.5265487Z         "size": 8035,
2026-10-05T12:18:13.5265713Z         "mode": 420
2026-10-05T12:18:13.5265930Z       },
2026-10-05T12:18:13.5266129Z       {
2026-10-05T12:18:13.5266456Z         "path": "generated/plugins/agdf/skills/gate-check/help.md",
2026-10-05T12:18:13.5266801Z         "size": 430,
2026-10-05T12:18:13.5267021Z         "mode": 420
2026-10-05T12:18:13.5267238Z       },
2026-10-05T12:18:13.5267429Z       {
2026-10-05T12:18:13.5267901Z         "path": "generated/plugins/agdf/skills/gate-check/SKILL.md",
2026-10-05T12:18:13.5268475Z         "size": 5536,
2026-10-05T12:18:13.5268762Z         "mode": 420
2026-10-05T12:18:13.5268971Z       },
2026-10-05T12:18:13.5269166Z       {
2026-10-05T12:18:13.5269514Z         "path": "generated/plugins/agdf/skills/prd-definition/help.md",
2026-10-05T12:18:13.5269876Z         "size": 551,
2026-10-05T12:18:13.5270093Z         "mode": 420
2026-10-05T12:18:13.5270306Z       },
2026-10-05T12:18:13.5270501Z       {
2026-10-05T12:18:13.5270820Z         "path": "generated/plugins/agdf/skills/prd-definition/SKILL.md",
2026-10-05T12:18:13.5271179Z         "size": 3842,
2026-10-05T12:18:13.5271400Z         "mode": 420
2026-10-05T12:18:13.5271614Z       },
2026-10-05T12:18:13.5271801Z       {
2026-10-05T12:18:13.5272108Z         "path": "generated/plugins/agdf/skills/qa-gate/help.md",
2026-10-05T12:18:13.5272442Z         "size": 385,
2026-10-05T12:18:13.5272659Z         "mode": 420
2026-10-05T12:18:13.5272882Z       },
2026-10-05T12:18:13.5273420Z       {
2026-10-05T12:18:13.5273741Z         "path": "generated/plugins/agdf/skills/qa-gate/SKILL.md",
2026-10-05T12:18:13.5274084Z         "size": 10640,
2026-10-05T12:18:13.5274313Z         "mode": 420
2026-10-05T12:18:13.5274534Z       },
2026-10-05T12:18:13.5274735Z       {
2026-10-05T12:18:13.5275054Z         "path": "generated/plugins/agdf/skills/release-or/help.md",
2026-10-05T12:18:13.5275400Z         "size": 447,
2026-10-05T12:18:13.5275621Z         "mode": 420
2026-10-05T12:18:13.5275857Z       },
2026-10-05T12:18:13.5276057Z       {
2026-10-05T12:18:13.5276371Z         "path": "generated/plugins/agdf/skills/release-or/SKILL.md",
2026-10-05T12:18:13.5276724Z         "size": 10049,
2026-10-05T12:18:13.5277148Z         "mode": 420
2026-10-05T12:18:13.5277360Z       },
2026-10-05T12:18:13.5277558Z       {
2026-10-05T12:18:13.5277894Z         "path": "generated/plugins/agdf/skills/sd-definition/help.md",
2026-10-05T12:18:13.5278244Z         "size": 531,
2026-10-05T12:18:13.5278461Z         "mode": 420
2026-10-05T12:18:13.5278679Z       },
2026-10-05T12:18:13.5278874Z       {
2026-10-05T12:18:13.5279193Z         "path": "generated/plugins/agdf/skills/sd-definition/SKILL.md",
2026-10-05T12:18:13.5279551Z         "size": 3747,
2026-10-05T12:18:13.5279783Z         "mode": 420
2026-10-05T12:18:13.5279989Z       },
2026-10-05T12:18:13.5280189Z       {
2026-10-05T12:18:13.5280516Z         "path": "generated/plugins/agdf/skills/task-plan-review/help.md",
2026-10-05T12:18:13.5280881Z         "size": 457,
2026-10-05T12:18:13.5281170Z         "mode": 420
2026-10-05T12:18:13.5281672Z       },
2026-10-05T12:18:13.5293693Z       {
2026-10-05T12:18:13.5294110Z         "path": "generated/plugins/agdf/skills/task-plan-review/SKILL.md",
2026-10-05T12:18:13.5294521Z         "size": 8292,
2026-10-05T12:18:13.5294763Z         "mode": 420
2026-10-05T12:18:13.5294980Z       },
2026-10-05T12:18:13.5295176Z       {
2026-10-05T12:18:13.5295521Z         "path": "generated/plugins/agdf/skills/ur-definition/help.md",
2026-10-05T12:18:13.5295882Z         "size": 524,
2026-10-05T12:18:13.5296107Z         "mode": 420
2026-10-05T12:18:13.5296323Z       },
2026-10-05T12:18:13.5296511Z       {
2026-10-05T12:18:13.5297052Z         "path": "generated/plugins/agdf/skills/ur-definition/SKILL.md",
2026-10-05T12:18:13.5297423Z         "size": 3720,
2026-10-05T12:18:13.5297661Z         "mode": 420
2026-10-05T12:18:13.5297871Z       },
2026-10-05T12:18:13.5298063Z       {
2026-10-05T12:18:13.5298423Z         "path": "generated/plugins/agdf/skills/ux-intent-definition/help.md",
2026-10-05T12:18:13.5298797Z         "size": 540,
2026-10-05T12:18:13.5299010Z         "mode": 420
2026-10-05T12:18:13.5299219Z       },
2026-10-05T12:18:13.5299412Z       {
2026-10-05T12:18:13.5299763Z         "path": "generated/plugins/agdf/skills/ux-intent-definition/SKILL.md",
2026-10-05T12:18:13.5300142Z         "size": 7311,
2026-10-05T12:18:13.5300357Z         "mode": 420
2026-10-05T12:18:13.5300556Z       },
2026-10-05T12:18:13.5300744Z       {
2026-10-05T12:18:13.5301088Z         "path": "generated/plugins/agdf/submission/openai/availability.md",
2026-10-05T12:18:13.5301481Z         "size": 763,
2026-10-05T12:18:13.5301689Z         "mode": 420
2026-10-05T12:18:13.5301894Z       },
2026-10-05T12:18:13.5302093Z       {
2026-10-05T12:18:13.5302466Z         "path": "generated/plugins/agdf/submission/openai/capability-matrix.json",
2026-10-05T12:18:13.5302856Z         "size": 2107,
2026-10-05T12:18:13.5303339Z         "mode": 420
2026-10-05T12:18:13.5303557Z       },
2026-10-05T12:18:13.5303756Z       {
2026-10-05T12:18:13.5304104Z         "path": "generated/plugins/agdf/submission/openai/release-notes.md",
2026-10-05T12:18:13.5304488Z         "size": 2461,
2026-10-05T12:18:13.5304724Z         "mode": 420
2026-10-05T12:18:13.5304935Z       },
2026-10-05T12:18:13.5305140Z       {
2026-10-05T12:18:13.5305496Z         "path": "generated/plugins/agdf/submission/openai/reviewer-cases.json",
2026-10-05T12:18:13.5305876Z         "size": 6324,
2026-10-05T12:18:13.5306089Z         "mode": 420
2026-10-05T12:18:13.5306301Z       },
2026-10-05T12:18:13.5306483Z       {
2026-10-05T12:18:13.5306823Z         "path": "generated/plugins/copilot/agdf/.agdf-payload-inventory.json",
2026-10-05T12:18:13.5307211Z         "size": 83835,
2026-10-05T12:18:13.5307437Z         "mode": 420
2026-10-05T12:18:13.5307637Z       },
2026-10-05T12:18:13.5307725Z       {
2026-10-05T12:18:13.5307999Z         "path": "generated/plugins/copilot/agdf/com.github.copilot/hooks/hooks.json",
2026-10-05T12:18:13.5308090Z         "size": 273,
2026-10-05T12:18:13.5308188Z         "mode": 420
2026-10-05T12:18:13.5308278Z       },
2026-10-05T12:18:13.5308366Z       {
2026-10-05T12:18:13.5308538Z         "path": "generated/plugins/copilot/agdf/LICENSE",
2026-10-05T12:18:13.5308788Z         "size": 11357,
2026-10-05T12:18:13.5308881Z         "mode": 420
2026-10-05T12:18:13.5308962Z       },
2026-10-05T12:18:13.5309055Z       {
2026-10-05T12:18:13.5309240Z         "path": "generated/plugins/copilot/agdf/mcp.json",
2026-10-05T12:18:13.5309330Z         "size": 322,
2026-10-05T12:18:13.5309426Z         "mode": 420
2026-10-05T12:18:13.5309514Z       },
2026-10-05T12:18:13.5309605Z       {
2026-10-05T12:18:13.5309837Z         "path": "generated/plugins/copilot/agdf/mcp/agdf-mcp-launch.js",
2026-10-05T12:18:13.5309935Z         "size": 314,
2026-10-05T12:18:13.5310031Z         "mode": 420
2026-10-05T12:18:13.5310112Z       },
2026-10-05T12:18:13.5310202Z       {
2026-10-05T12:18:13.5310441Z         "path": "generated/plugins/copilot/agdf/mcp/sdk/expected-sdk.json",
2026-10-05T12:18:13.5310531Z         "size": 709,
2026-10-05T12:18:13.5310627Z         "mode": 420
2026-10-05T12:18:13.5310716Z       },
2026-10-05T12:18:13.5310807Z       {
2026-10-05T12:18:13.5311034Z         "path": "generated/plugins/copilot/agdf/mcp/sdk/package-lock.json",
2026-10-05T12:18:13.5311130Z         "size": 1485,
2026-10-05T12:18:13.5311223Z         "mode": 420
2026-10-05T12:18:13.5311304Z       },
2026-10-05T12:18:13.5311396Z       {
2026-10-05T12:18:13.5311612Z         "path": "generated/plugins/copilot/agdf/mcp/sdk/package.json",
2026-10-05T12:18:13.5311701Z         "size": 124,
2026-10-05T12:18:13.5311796Z         "mode": 420
2026-10-05T12:18:13.5311885Z       },
2026-10-05T12:18:13.5312098Z       {
2026-10-05T12:18:13.5312335Z         "path": "generated/plugins/copilot/agdf/mcp/server/bin/agdf-mcp.js",
2026-10-05T12:18:13.5312429Z         "size": 659,
2026-10-05T12:18:13.5312525Z         "mode": 493
2026-10-05T12:18:13.5312607Z       },
2026-10-05T12:18:13.5312699Z       {
2026-10-05T12:18:13.5313095Z         "path": "generated/plugins/copilot/agdf/mcp/server/NOTICE",
2026-10-05T12:18:13.5313262Z         "size": 521,
2026-10-05T12:18:13.5313359Z         "mode": 420
2026-10-05T12:18:13.5313459Z       },
2026-10-05T12:18:13.5313547Z       {
2026-10-05T12:18:13.5313773Z         "path": "generated/plugins/copilot/agdf/mcp/server/package.json",
2026-10-05T12:18:13.5313874Z         "size": 1747,
2026-10-05T12:18:13.5313969Z         "mode": 420
2026-10-05T12:18:13.5314052Z       },
2026-10-05T12:18:13.5314146Z       {
2026-10-05T12:18:13.5314353Z         "path": "generated/plugins/copilot/agdf/mcp/server/README.md",
2026-10-05T12:18:13.5314446Z         "size": 2391,
2026-10-05T12:18:13.5314542Z         "mode": 420
2026-10-05T12:18:13.5314631Z       },
2026-10-05T12:18:13.5314719Z       {
2026-10-05T12:18:13.5314929Z         "path": "generated/plugins/copilot/agdf/mcp/server/src/main.js",
2026-10-05T12:18:13.5315025Z         "size": 1210,
2026-10-05T12:18:13.5315117Z         "mode": 420
2026-10-05T12:18:13.5315199Z       },
2026-10-05T12:18:13.5315291Z       {
2026-10-05T12:18:13.5315518Z         "path": "generated/plugins/copilot/agdf/mcp/server/src/server.js",
2026-10-05T12:18:13.5315614Z         "size": 3144,
2026-10-05T12:18:13.5315702Z         "mode": 420
2026-10-05T12:18:13.5315793Z       },
2026-10-05T12:18:13.5315880Z       {
2026-10-05T12:18:13.5316127Z         "path": "generated/plugins/copilot/agdf/mcp/server/src/worker-entry.js",
2026-10-05T12:18:13.5316287Z         "size": 964,
2026-10-05T12:18:13.5316423Z         "mode": 420
2026-10-05T12:18:13.5316546Z       },
2026-10-05T12:18:13.5316682Z       {
2026-10-05T12:18:13.5317077Z         "path": "generated/plugins/copilot/agdf/mcp/server/src/worker.js",
2026-10-05T12:18:13.5317227Z         "size": 2610,
2026-10-05T12:18:13.5317370Z         "mode": 420
2026-10-05T12:18:13.5317470Z       },
2026-10-05T12:18:13.5317559Z       {
2026-10-05T12:18:13.5317787Z         "path": "generated/plugins/copilot/agdf/meta/agdf-agent-router.md",
2026-10-05T12:18:13.5317883Z         "size": 12317,
2026-10-05T12:18:13.5317976Z         "mode": 420
2026-10-05T12:18:13.5318060Z       },
2026-10-05T12:18:13.5318153Z       {
2026-10-05T12:18:13.5318552Z         "path": "generated/plugins/copilot/agdf/meta/agdf-constitution.md",
2026-10-05T12:18:13.5318648Z         "size": 8709,
2026-10-05T12:18:13.5318739Z         "mode": 420
2026-10-05T12:18:13.5318832Z       },
2026-10-05T12:18:13.5318923Z       {
2026-10-05T12:18:13.5319186Z         "path": "generated/plugins/copilot/agdf/meta/agdf-plugin.definition.json",
2026-10-05T12:18:13.5319286Z         "size": 18450,
2026-10-05T12:18:13.5319381Z         "mode": 420
2026-10-05T12:18:13.5319469Z       },
2026-10-05T12:18:13.5319554Z       {
2026-10-05T12:18:13.5319807Z         "path": "generated/plugins/copilot/agdf/meta/agdf-runtime-contract.md",
2026-10-05T12:18:13.5319902Z         "size": 1977,
2026-10-05T12:18:13.5319989Z         "mode": 420
2026-10-05T12:18:13.5320079Z       },
2026-10-05T12:18:13.5320169Z       {
2026-10-05T12:18:13.5320458Z         "path": "generated/plugins/copilot/agdf/meta/distribution-profile-history.json",
2026-10-05T12:18:13.5320557Z         "size": 4398,
2026-10-05T12:18:13.5320656Z         "mode": 420
2026-10-05T12:18:13.5320745Z       },
2026-10-05T12:18:13.5320827Z       {
2026-10-05T12:18:13.5321021Z         "path": "generated/plugins/copilot/agdf/plugin.json",
2026-10-05T12:18:13.5321116Z         "size": 526,
2026-10-05T12:18:13.5321202Z         "mode": 420
2026-10-05T12:18:13.5321290Z       },
2026-10-05T12:18:13.5321382Z       {
2026-10-05T12:18:13.5321595Z         "path": "generated/plugins/copilot/agdf/runtime/agdf-local.js",
2026-10-05T12:18:13.5321693Z         "size": 843,
2026-10-05T12:18:13.5321907Z         "mode": 420
2026-10-05T12:18:13.5322002Z       },
2026-10-05T12:18:13.5322086Z       {
2026-10-05T12:18:13.5322336Z         "path": "generated/plugins/copilot/agdf/runtime/agdf-session-check.js",
2026-10-05T12:18:13.5322433Z         "size": 9303,
2026-10-05T12:18:13.5322520Z         "mode": 420
2026-10-05T12:18:13.5322609Z       },
2026-10-05T12:18:13.5322696Z       {
2026-10-05T12:18:13.5323140Z         "path": "generated/plugins/copilot/agdf/runtime/create-agdf/bin/agdf-validator.js",
2026-10-05T12:18:13.5323238Z         "size": 323,
2026-10-05T12:18:13.5323332Z         "mode": 420
2026-10-05T12:18:13.5323423Z       },
2026-10-05T12:18:13.5323506Z       {
2026-10-05T12:18:13.5323977Z         "path": "generated/plugins/copilot/agdf/runtime/create-agdf/generated/plugins/agdf/meta/agdf-interaction-locales.json",
2026-10-05T12:18:13.5324081Z         "size": 153294,
2026-10-05T12:18:13.5324169Z         "mode": 420
2026-10-05T12:18:13.5324260Z       },
2026-10-05T12:18:13.5324348Z       {
2026-10-05T12:18:13.5324789Z         "path": "generated/plugins/copilot/agdf/runtime/create-agdf/generated/plugins/agdf/meta/agdf-plugin.definition.json",
2026-10-05T12:18:13.5324881Z         "size": 18450,
2026-10-05T12:18:13.5324976Z         "mode": 420
2026-10-05T12:18:13.5325062Z       },
2026-10-05T12:18:13.5325142Z       {
2026-10-05T12:18:13.5325556Z         "path": "generated/plugins/copilot/agdf/runtime/create-agdf/generated/plugins/agdf/meta/contracts/closeout.md",
2026-10-05T12:18:13.5325659Z         "size": 4196,
2026-10-05T12:18:13.5325752Z         "mode": 420
2026-10-05T12:18:13.5325833Z       },
2026-10-05T12:18:13.5325924Z       {
2026-10-05T12:18:13.5326364Z         "path": "generated/plugins/copilot/agdf/runtime/create-agdf/generated/plugins/agdf/meta/contracts/context-graph.md",
2026-10-05T12:18:13.5326458Z         "size": 2512,
2026-10-05T12:18:13.5326552Z         "mode": 420
2026-10-05T12:18:13.5326639Z       },
2026-10-05T12:18:13.5326730Z       {
2026-10-05T12:18:13.5327189Z         "path": "generated/plugins/copilot/agdf/runtime/create-agdf/generated/plugins/agdf/meta/contracts/control-scaffold.md",
2026-10-05T12:18:13.5327286Z         "size": 11537,
2026-10-05T12:18:13.5327380Z         "mode": 420
2026-10-05T12:18:13.5327463Z       },
2026-10-05T12:18:13.5327550Z       {
2026-10-05T12:18:13.5328042Z         "path": "generated/plugins/copilot/agdf/runtime/create-agdf/generated/plugins/agdf/meta/contracts/gate-artifact-preparation.md",
2026-10-05T12:18:13.5328137Z         "size": 5731,
2026-10-05T12:18:13.5328372Z         "mode": 420
2026-10-05T12:18:13.5328462Z       },
2026-10-05T12:18:13.5328553Z       {
2026-10-05T12:18:13.5328984Z         "path": "generated/plugins/copilot/agdf/runtime/create-agdf/generated/plugins/agdf/meta/contracts/gate-transition.md",
2026-10-05T12:18:13.5329081Z         "size": 17966,
2026-10-05T12:18:13.5329175Z         "mode": 420
2026-10-05T12:18:13.5329256Z       },
2026-10-05T12:18:13.5329345Z       {
2026-10-05T12:18:13.5329768Z         "path": "generated/plugins/copilot/agdf/runtime/create-agdf/generated/plugins/agdf/meta/contracts/interaction.md",
2026-10-05T12:18:13.5329864Z         "size": 46617,
2026-10-05T12:18:13.5329952Z         "mode": 420
2026-10-05T12:18:13.5330042Z       },
2026-10-05T12:18:13.5330131Z       {
2026-10-05T12:18:13.5330518Z         "path": "generated/plugins/copilot/agdf/runtime/create-agdf/generated/plugins/agdf/meta/contracts/modes.md",
2026-10-05T12:18:13.5330617Z         "size": 12906,
2026-10-05T12:18:13.5330716Z         "mode": 420
2026-10-05T12:18:13.5330808Z       },
2026-10-05T12:18:13.5330894Z       {
2026-10-05T12:18:13.5331337Z         "path": "generated/plugins/copilot/agdf/runtime/create-agdf/generated/plugins/agdf/meta/contracts/prd-definition.md",
2026-10-05T12:18:13.5331437Z         "size": 5034,
2026-10-05T12:18:13.5331526Z         "mode": 420
2026-10-05T12:18:13.5331615Z       },
2026-10-05T12:18:13.5331702Z       {
2026-10-05T12:18:13.5332238Z         "path": "generated/plugins/copilot/agdf/runtime/create-agdf/generated/plugins/agdf/meta/contracts/quality.md",
2026-10-05T12:18:13.5332335Z         "size": 8692,
2026-10-05T12:18:13.5332434Z         "mode": 420
2026-10-05T12:18:13.5332523Z       },
2026-10-05T12:18:13.5332604Z       {
2026-10-05T12:18:13.5333294Z         "path": "generated/plugins/copilot/agdf/runtime/create-agdf/generated/plugins/agdf/meta/contracts/request-activation.md",
2026-10-05T12:18:13.5333396Z         "size": 18822,
2026-10-05T12:18:13.5333492Z         "mode": 420
2026-10-05T12:18:13.5333583Z       },
2026-10-05T12:18:13.5333671Z       {
2026-10-05T12:18:13.5334105Z         "path": "generated/plugins/copilot/agdf/runtime/create-agdf/generated/plugins/agdf/meta/contracts/sd-definition.md",
2026-10-05T12:18:13.5334196Z         "size": 4617,
2026-10-05T12:18:13.5334295Z         "mode": 420
2026-10-05T12:18:13.5334383Z       },
2026-10-05T12:18:13.5334464Z       {
2026-10-05T12:18:13.5334948Z         "path": "generated/plugins/copilot/agdf/runtime/create-agdf/generated/plugins/agdf/meta/contracts/task-target-resolution.md",
2026-10-05T12:18:13.5335046Z         "size": 8919,
2026-10-05T12:18:13.5335142Z         "mode": 420
2026-10-05T12:18:13.5335224Z       },
2026-10-05T12:18:13.5335312Z       {
2026-10-05T12:18:13.5335733Z         "path": "generated/plugins/copilot/agdf/runtime/create-agdf/generated/plugins/agdf/meta/contracts/ur-definition.md",
2026-10-05T12:18:13.5335822Z         "size": 3139,
2026-10-05T12:18:13.5335916Z         "mode": 420
2026-10-05T12:18:13.5336005Z       },
2026-10-05T12:18:13.5336095Z       {
2026-10-05T12:18:13.5336416Z         "path": "generated/plugins/copilot/agdf/runtime/create-agdf/lib/cli/command-registry.js",
2026-10-05T12:18:13.5336514Z         "size": 25352,
2026-10-05T12:18:13.5336608Z         "mode": 420
2026-10-05T12:18:13.5336691Z       },
2026-10-05T12:18:13.5336782Z       {
2026-10-05T12:18:13.5337093Z         "path": "generated/plugins/copilot/agdf/runtime/create-agdf/lib/cli/contract-command.js",
2026-10-05T12:18:13.5337188Z         "size": 1796,
2026-10-05T12:18:13.5337280Z         "mode": 420
2026-10-05T12:18:13.5337368Z       },
2026-10-05T12:18:13.5337457Z       {
2026-10-05T12:18:13.5337829Z         "path": "generated/plugins/copilot/agdf/runtime/create-agdf/lib/cli/control-maintenance-command.js",
2026-10-05T12:18:13.5337925Z         "size": 2514,
2026-10-05T12:18:13.5338020Z         "mode": 420
2026-10-05T12:18:13.5338101Z       },
2026-10-05T12:18:13.5338191Z       {
2026-10-05T12:18:13.5338562Z         "path": "generated/plugins/copilot/agdf/runtime/create-agdf/lib/cli/delivery-path-search-command.js",
2026-10-05T12:18:13.5338852Z         "size": 9065,
2026-10-05T12:18:13.5338942Z         "mode": 420
2026-10-05T12:18:13.5339035Z       },
2026-10-05T12:18:13.5339124Z       {
2026-10-05T12:18:13.5339427Z         "path": "generated/plugins/copilot/agdf/runtime/create-agdf/lib/cli/parse-args.js",
2026-10-05T12:18:13.5339529Z         "size": 13953,
2026-10-05T12:18:13.5339627Z         "mode": 420
2026-10-05T12:18:13.5339720Z       },
2026-10-05T12:18:13.5339805Z       {
2026-10-05T12:18:13.5340124Z         "path": "generated/plugins/copilot/agdf/runtime/create-agdf/lib/cli/runtime-context.js",
2026-10-05T12:18:13.5340218Z         "size": 2217,
2026-10-05T12:18:13.5340304Z         "mode": 420
2026-10-05T12:18:13.5340396Z       },
2026-10-05T12:18:13.5340486Z       {
2026-10-05T12:18:13.5340815Z         "path": "generated/plugins/copilot/agdf/runtime/create-agdf/lib/cli/validation-handlers.js",
2026-10-05T12:18:13.5340912Z         "size": 11734,
2026-10-05T12:18:13.5341012Z         "mode": 420
2026-10-05T12:18:13.5341101Z       },
2026-10-05T12:18:13.5341181Z       {
2026-10-05T12:18:13.5341482Z         "path": "generated/plugins/copilot/agdf/runtime/create-agdf/lib/control-command.js",
2026-10-05T12:18:13.5341581Z         "size": 413,
2026-10-05T12:18:13.5341667Z         "mode": 420
2026-10-05T12:18:13.5341758Z       },
2026-10-05T12:18:13.5341845Z       {
2026-10-05T12:18:13.5342347Z         "path": "generated/plugins/copilot/agdf/runtime/create-agdf/lib/control-evaluation/git-observation.js",
2026-10-05T12:18:13.5342442Z         "size": 641,
2026-10-05T12:18:13.5342539Z         "mode": 420
2026-10-05T12:18:13.5342628Z       },
2026-10-05T12:18:13.5342711Z       {
2026-10-05T12:18:13.5343314Z         "path": "generated/plugins/copilot/agdf/runtime/create-agdf/lib/control-maintenance/interaction.js",
2026-10-05T12:18:13.5343416Z         "size": 1279,
2026-10-05T12:18:13.5343507Z         "mode": 420
2026-10-05T12:18:13.5343599Z       },
2026-10-05T12:18:13.5343695Z       {
2026-10-05T12:18:13.5344043Z         "path": "generated/plugins/copilot/agdf/runtime/create-agdf/lib/control-maintenance/repair.js",
2026-10-05T12:18:13.5344132Z         "size": 421,
2026-10-05T12:18:13.5344228Z         "mode": 420
2026-10-05T12:18:13.5344317Z       },
2026-10-05T12:18:13.5344399Z       {
2026-10-05T12:18:13.5344751Z         "path": "generated/plugins/copilot/agdf/runtime/create-agdf/lib/control-maintenance/service.js",
2026-10-05T12:18:13.5344849Z         "size": 264,
2026-10-05T12:18:13.5344951Z         "mode": 420
2026-10-05T12:18:13.5345037Z       },
2026-10-05T12:18:13.5345126Z       {
2026-10-05T12:18:13.5345466Z         "path": "generated/plugins/copilot/agdf/runtime/create-agdf/lib/control-maintenance/startup.js",
2026-10-05T12:18:13.5345556Z         "size": 1683,
2026-10-05T12:18:13.5345651Z         "mode": 420
2026-10-05T12:18:13.5345738Z       },
2026-10-05T12:18:13.5345821Z       {
2026-10-05T12:18:13.5346155Z         "path": "generated/plugins/copilot/agdf/runtime/create-agdf/lib/control-state/run-recovery.js",
2026-10-05T12:18:13.5346256Z         "size": 526,
2026-10-05T12:18:13.5346348Z         "mode": 420
2026-10-05T12:18:13.5346432Z       },
2026-10-05T12:18:13.5346525Z       {
2026-10-05T12:18:13.5346926Z         "path": "generated/plugins/copilot/agdf/runtime/create-agdf/lib/delivery-path-search/evaluators/claude.js",
2026-10-05T12:18:13.5347015Z         "size": 1525,
2026-10-05T12:18:13.5347109Z         "mode": 420
2026-10-05T12:18:13.5347195Z       },
2026-10-05T12:18:13.5347288Z       {
2026-10-05T12:18:13.5347663Z         "path": "generated/plugins/copilot/agdf/runtime/create-agdf/lib/delivery-path-search/evaluators/codex.js",
2026-10-05T12:18:13.5347761Z         "size": 1919,
2026-10-05T12:18:13.5347855Z         "mode": 420
2026-10-05T12:18:13.5347937Z       },
2026-10-05T12:18:13.5348025Z       {
2026-10-05T12:18:13.5348423Z         "path": "generated/plugins/copilot/agdf/runtime/create-agdf/lib/delivery-path-search/evaluators/opencode.js",
2026-10-05T12:18:13.5348661Z         "size": 8924,
2026-10-05T12:18:13.5348750Z         "mode": 420
2026-10-05T12:18:13.5348842Z       },
2026-10-05T12:18:13.5348932Z       {
2026-10-05T12:18:13.5349310Z         "path": "generated/plugins/copilot/agdf/runtime/create-agdf/lib/delivery-path-search/evaluators/prompt.js",
2026-10-05T12:18:13.5349411Z         "size": 753,
2026-10-05T12:18:13.5349500Z         "mode": 420
2026-10-05T12:18:13.5349580Z       },
2026-10-05T12:18:13.5349672Z       {
2026-10-05T12:18:13.5350063Z         "path": "generated/plugins/copilot/agdf/runtime/create-agdf/lib/delivery-path-search/evaluators/protocol.js",
2026-10-05T12:18:13.5350161Z         "size": 470,
2026-10-05T12:18:13.5350250Z         "mode": 420
2026-10-05T12:18:13.5350342Z       },
2026-10-05T12:18:13.5350434Z       {
2026-10-05T12:18:13.5350807Z         "path": "generated/plugins/copilot/agdf/runtime/create-agdf/lib/delivery-path-search/generators/claude.js",
2026-10-05T12:18:13.5350908Z         "size": 2203,
2026-10-05T12:18:13.5351009Z         "mode": 420
2026-10-05T12:18:13.5351100Z       },
2026-10-05T12:18:13.5351184Z       {
2026-10-05T12:18:13.5351559Z         "path": "generated/plugins/copilot/agdf/runtime/create-agdf/lib/delivery-path-search/generators/codex.js",
2026-10-05T12:18:13.5351655Z         "size": 2187,
2026-10-05T12:18:13.5351742Z         "mode": 420
2026-10-05T12:18:13.5351831Z       },
2026-10-05T12:18:13.5351922Z       {
2026-10-05T12:18:13.5352433Z         "path": "generated/plugins/copilot/agdf/runtime/create-agdf/lib/delivery-path-search/generators/protocol.js",
2026-10-05T12:18:13.5352527Z         "size": 389,
2026-10-05T12:18:13.5352620Z         "mode": 420
2026-10-05T12:18:13.5352711Z       },
2026-10-05T12:18:13.5352794Z       {
2026-10-05T12:18:13.5353553Z         "path": "generated/plugins/copilot/agdf/runtime/create-agdf/lib/delivery-path-search/surfaces/capabilities.js",
2026-10-05T12:18:13.5353661Z         "size": 1161,
2026-10-05T12:18:13.5353761Z         "mode": 420
2026-10-05T12:18:13.5353853Z       },
2026-10-05T12:18:13.5353941Z       {
2026-10-05T12:18:13.5354380Z         "path": "generated/plugins/copilot/agdf/runtime/create-agdf/lib/delivery-path-search/transports/read-only-guard.js",
2026-10-05T12:18:13.5354469Z         "size": 1271,
2026-10-05T12:18:13.5354565Z         "mode": 420
2026-10-05T12:18:13.5354650Z       },
2026-10-05T12:18:13.5354730Z       {
2026-10-05T12:18:13.5355115Z         "path": "generated/plugins/copilot/agdf/runtime/create-agdf/lib/host-adapters/claude/session-command.js",
2026-10-05T12:18:13.5355219Z         "size": 165,
2026-10-05T12:18:13.5355318Z         "mode": 420
2026-10-05T12:18:13.5355403Z       },
2026-10-05T12:18:13.5355498Z       {
2026-10-05T12:18:13.5355869Z         "path": "generated/plugins/copilot/agdf/runtime/create-agdf/lib/host-adapters/codex/session-command.js",
2026-10-05T12:18:13.5355958Z         "size": 455,
2026-10-05T12:18:13.5356058Z         "mode": 420
2026-10-05T12:18:13.5356145Z       },
2026-10-05T12:18:13.5356232Z       {
2026-10-05T12:18:13.5356609Z         "path": "generated/plugins/copilot/agdf/runtime/create-agdf/lib/host-adapters/copilot/session-command.js",
2026-10-05T12:18:13.5356705Z         "size": 91,
2026-10-05T12:18:13.5356798Z         "mode": 420
2026-10-05T12:18:13.5356881Z       },
2026-10-05T12:18:13.5356967Z       {
2026-10-05T12:18:13.5357343Z         "path": "generated/plugins/copilot/agdf/runtime/create-agdf/lib/host-adapters/opencode/session-command.js",
2026-10-05T12:18:13.5357444Z         "size": 76,
2026-10-05T12:18:13.5357533Z         "mode": 420
2026-10-05T12:18:13.5357628Z       },
2026-10-05T12:18:13.5357718Z       {
2026-10-05T12:18:13.5358080Z         "path": "generated/plugins/copilot/agdf/runtime/create-agdf/lib/host-adapters/session-command.js",
2026-10-05T12:18:13.5358184Z         "size": 609,
2026-10-05T12:18:13.5358281Z         "mode": 420
2026-10-05T12:18:13.5358365Z       },
2026-10-05T12:18:13.5358462Z       {
2026-10-05T12:18:13.5358758Z         "path": "generated/plugins/copilot/agdf/runtime/create-agdf/lib/host-command.js",
2026-10-05T12:18:13.5359016Z         "size": 5591,
2026-10-05T12:18:13.5359105Z         "mode": 420
2026-10-05T12:18:13.5359195Z       },
2026-10-05T12:18:13.5359286Z       {
2026-10-05T12:18:13.5359610Z         "path": "generated/plugins/copilot/agdf/runtime/create-agdf/lib/mcp-dispatch-runtime.js",
2026-10-05T12:18:13.5359718Z         "size": 7671,
2026-10-05T12:18:13.5359816Z         "mode": 420
2026-10-05T12:18:13.5359902Z       },
2026-10-05T12:18:13.5359992Z       {
2026-10-05T12:18:13.5360321Z         "path": "generated/plugins/copilot/agdf/runtime/create-agdf/lib/mcp-lifecycle/package.js",
2026-10-05T12:18:13.5360417Z         "size": 16097,
2026-10-05T12:18:13.5360505Z         "mode": 420
2026-10-05T12:18:13.5360595Z       },
2026-10-05T12:18:13.5360682Z       {
2026-10-05T12:18:13.5361034Z         "path": "generated/plugins/copilot/agdf/runtime/create-agdf/lib/mcp-lifecycle/plugin-runtime.js",
2026-10-05T12:18:13.5361130Z         "size": 12833,
2026-10-05T12:18:13.5361224Z         "mode": 420
2026-10-05T12:18:13.5361318Z       },
2026-10-05T12:18:13.5361403Z       {
2026-10-05T12:18:13.5361702Z         "path": "generated/plugins/copilot/agdf/runtime/create-agdf/lib/npm-invocation.js",
2026-10-05T12:18:13.5361795Z         "size": 969,
2026-10-05T12:18:13.5361883Z         "mode": 420
2026-10-05T12:18:13.5361975Z       },
2026-10-05T12:18:13.5362065Z       {
2026-10-05T12:18:13.5362375Z         "path": "generated/plugins/copilot/agdf/runtime/create-agdf/lib/repository-context.js",
2026-10-05T12:18:13.5362587Z         "size": 3033,
2026-10-05T12:18:13.5362687Z         "mode": 420
2026-10-05T12:18:13.5362781Z       },
2026-10-05T12:18:13.5362865Z       {
2026-10-05T12:18:13.5363532Z         "path": "generated/plugins/copilot/agdf/runtime/create-agdf/lib/runtime-check-consent/contract.js",
2026-10-05T12:18:13.5363642Z         "size": 3925,
2026-10-05T12:18:13.5363736Z         "mode": 420
2026-10-05T12:18:13.5363828Z       },
2026-10-05T12:18:13.5363920Z       {
2026-10-05T12:18:13.5364324Z         "path": "generated/plugins/copilot/agdf/runtime/create-agdf/lib/runtime/control-command-service.js",
2026-10-05T12:18:13.5364415Z         "size": 607,
2026-10-05T12:18:13.5364511Z         "mode": 420
2026-10-05T12:18:13.5364603Z       },
2026-10-05T12:18:13.5364686Z       {
2026-10-05T12:18:13.5365031Z         "path": "generated/plugins/copilot/agdf/runtime/create-agdf/lib/runtime/control-context.js",
2026-10-05T12:18:13.5365124Z         "size": 904,
2026-10-05T12:18:13.5365219Z         "mode": 420
2026-10-05T12:18:13.5365305Z       },
2026-10-05T12:18:13.5365397Z       {
2026-10-05T12:18:13.5365714Z         "path": "generated/plugins/copilot/agdf/runtime/create-agdf/lib/runtime/git-history.js",
2026-10-05T12:18:13.5365800Z         "size": 510,
2026-10-05T12:18:13.5365897Z         "mode": 420
2026-10-05T12:18:13.5365983Z       },
2026-10-05T12:18:13.5366067Z       {
2026-10-05T12:18:13.5366388Z         "path": "generated/plugins/copilot/agdf/runtime/create-agdf/lib/runtime/git-originals.js",
2026-10-05T12:18:13.5366489Z         "size": 2213,
2026-10-05T12:18:13.5366580Z         "mode": 420
2026-10-05T12:18:13.5366662Z       },
2026-10-05T12:18:13.5366754Z       {
2026-10-05T12:18:13.5367079Z         "path": "generated/plugins/copilot/agdf/runtime/create-agdf/lib/runtime/local-validator.js",
2026-10-05T12:18:13.5367172Z         "size": 14029,
2026-10-05T12:18:13.5367266Z         "mode": 420
2026-10-05T12:18:13.5367356Z       },
2026-10-05T12:18:13.5367444Z       {
2026-10-05T12:18:13.5367786Z         "path": "generated/plugins/copilot/agdf/runtime/create-agdf/lib/runtime/plugin-provenance.js",
2026-10-05T12:18:13.5367880Z         "size": 57,
2026-10-05T12:18:13.5367971Z         "mode": 420
2026-10-05T12:18:13.5368054Z       },
2026-10-05T12:18:13.5368146Z       {
2026-10-05T12:18:13.5368463Z         "path": "generated/plugins/copilot/agdf/runtime/create-agdf/lib/runtime/runtime-probe.js",
2026-10-05T12:18:13.5368552Z         "size": 3045,
2026-10-05T12:18:13.5368649Z         "mode": 420
2026-10-05T12:18:13.5368885Z       },
2026-10-05T12:18:13.5368974Z       {
2026-10-05T12:18:13.5369337Z         "path": "generated/plugins/copilot/agdf/runtime/create-agdf/lib/runtime/validator-application.js",
2026-10-05T12:18:13.5369432Z         "size": 1823,
2026-10-05T12:18:13.5369525Z         "mode": 420
2026-10-05T12:18:13.5369607Z       },
2026-10-05T12:18:13.5369696Z       {
2026-10-05T12:18:13.5370023Z         "path": "generated/plugins/copilot/agdf/runtime/create-agdf/lib/skill-dispatch/binding.js",
2026-10-05T12:18:13.5370123Z         "size": 642,
2026-10-05T12:18:13.5370211Z         "mode": 420
2026-10-05T12:18:13.5370307Z       },
2026-10-05T12:18:13.5370397Z       {
2026-10-05T12:18:13.5370638Z         "path": "generated/plugins/copilot/agdf/runtime/create-agdf/NOTICE",
2026-10-05T12:18:13.5370737Z         "size": 422,
2026-10-05T12:18:13.5370829Z         "mode": 420
2026-10-05T12:18:13.5370911Z       },
2026-10-05T12:18:13.5371002Z       {
2026-10-05T12:18:13.5371268Z         "path": "generated/plugins/copilot/agdf/runtime/create-agdf/package.json",
2026-10-05T12:18:13.5371367Z         "size": 220,
2026-10-05T12:18:13.5371453Z         "mode": 420
2026-10-05T12:18:13.5371543Z       },
2026-10-05T12:18:13.5371632Z       {
2026-10-05T12:18:13.5372063Z         "path": "generated/plugins/copilot/agdf/runtime/create-agdf/runtime/core/lib/control-evaluation/delivery-map.js",
2026-10-05T12:18:13.5372161Z         "size": 13111,
2026-10-05T12:18:13.5372260Z         "mode": 420
2026-10-05T12:18:13.5372349Z       },
2026-10-05T12:18:13.5372431Z       {
2026-10-05T12:18:13.5373188Z         "path": "generated/plugins/copilot/agdf/runtime/create-agdf/runtime/core/lib/control-evaluation/delivery-relationships.js",
2026-10-05T12:18:13.5373293Z         "size": 1370,
2026-10-05T12:18:13.5373384Z         "mode": 420
2026-10-05T12:18:13.5373478Z       },
2026-10-05T12:18:13.5373566Z       {
2026-10-05T12:18:13.5373967Z         "path": "generated/plugins/copilot/agdf/runtime/create-agdf/runtime/core/lib/control-evaluation/doctor.js",
2026-10-05T12:18:13.5374067Z         "size": 14393,
2026-10-05T12:18:13.5374167Z         "mode": 420
2026-10-05T12:18:13.5374259Z       },
2026-10-05T12:18:13.5374342Z       {
2026-10-05T12:18:13.5374751Z         "path": "generated/plugins/copilot/agdf/runtime/create-agdf/runtime/core/lib/control-evaluation/gate-check.js",
2026-10-05T12:18:13.5374847Z         "size": 37366,
2026-10-05T12:18:13.5374933Z         "mode": 420
2026-10-05T12:18:13.5375038Z       },
2026-10-05T12:18:13.5375205Z       {
2026-10-05T12:18:13.5375899Z         "path": "generated/plugins/copilot/agdf/runtime/create-agdf/runtime/core/lib/control-evaluation/gate-policy.js",
2026-10-05T12:18:13.5376043Z         "size": 17824,
2026-10-05T12:18:13.5376187Z         "mode": 420
2026-10-05T12:18:13.5376323Z       },
2026-10-05T12:18:13.5376449Z       {
2026-10-05T12:18:13.5377141Z         "path": "generated/plugins/copilot/agdf/runtime/create-agdf/runtime/core/lib/control-evaluation/parent-reconciliation.js",
2026-10-05T12:18:13.5377243Z         "size": 10121,
2026-10-05T12:18:13.5377363Z         "mode": 420
2026-10-05T12:18:13.5377453Z       },
2026-10-05T12:18:13.5377536Z       {
2026-10-05T12:18:13.5377964Z         "path": "generated/plugins/copilot/agdf/runtime/create-agdf/runtime/core/lib/control-evaluation/prd-readiness.js",
2026-10-05T12:18:13.5378060Z         "size": 2268,
2026-10-05T12:18:13.5378157Z         "mode": 420
2026-10-05T12:18:13.5378239Z       },
2026-10-05T12:18:13.5378330Z       {
2026-10-05T12:18:13.5378757Z         "path": "generated/plugins/copilot/agdf/runtime/create-agdf/runtime/core/lib/control-evaluation/required-files.js",
2026-10-05T12:18:13.5378850Z         "size": 337,
2026-10-05T12:18:13.5378950Z         "mode": 420
2026-10-05T12:18:13.5379042Z       },
2026-10-05T12:18:13.5379127Z       {
2026-10-05T12:18:13.5379531Z         "path": "generated/plugins/copilot/agdf/runtime/create-agdf/runtime/core/lib/control-evaluation/run-state.js",
2026-10-05T12:18:13.5379629Z         "size": 11605,
2026-10-05T12:18:13.5379725Z         "mode": 420
2026-10-05T12:18:13.5379990Z       },
2026-10-05T12:18:13.5380083Z       {
2026-10-05T12:18:13.5380518Z         "path": "generated/plugins/copilot/agdf/runtime/create-agdf/runtime/core/lib/control-evaluation/run-step-policy.js",
2026-10-05T12:18:13.5380618Z         "size": 1382,
2026-10-05T12:18:13.5380706Z         "mode": 420
2026-10-05T12:18:13.5380797Z       },
2026-10-05T12:18:13.5380889Z       {
2026-10-05T12:18:13.5381299Z         "path": "generated/plugins/copilot/agdf/runtime/create-agdf/runtime/core/lib/control-evaluation/sd-readiness.js",
2026-10-05T12:18:13.5381397Z         "size": 2561,
2026-10-05T12:18:13.5381492Z         "mode": 420
2026-10-05T12:18:13.5381573Z       },
2026-10-05T12:18:13.5381666Z       {
2026-10-05T12:18:13.5382054Z         "path": "generated/plugins/copilot/agdf/runtime/create-agdf/runtime/core/lib/control-evaluation/shared.js",
2026-10-05T12:18:13.5382150Z         "size": 10972,
2026-10-05T12:18:13.5382239Z         "mode": 420
2026-10-05T12:18:13.5382328Z       },
2026-10-05T12:18:13.5382420Z       {
2026-10-05T12:18:13.5382874Z         "path": "generated/plugins/copilot/agdf/runtime/create-agdf/runtime/core/lib/control-evaluation/traceability-readiness.js",
2026-10-05T12:18:13.5383195Z         "size": 13831,
2026-10-05T12:18:13.5383295Z         "mode": 420
2026-10-05T12:18:13.5383385Z       },
2026-10-05T12:18:13.5383465Z       {
2026-10-05T12:18:13.5383882Z         "path": "generated/plugins/copilot/agdf/runtime/create-agdf/runtime/core/lib/control-evaluation/ur-readiness.js",
2026-10-05T12:18:13.5384113Z         "size": 2045,
2026-10-05T12:18:13.5384205Z         "mode": 420
2026-10-05T12:18:13.5384298Z       },
2026-10-05T12:18:13.5384392Z       {
2026-10-05T12:18:13.5384826Z         "path": "generated/plugins/copilot/agdf/runtime/create-agdf/runtime/core/lib/control-evaluation/verified-change.js",
2026-10-05T12:18:13.5384921Z         "size": 12119,
2026-10-05T12:18:13.5385019Z         "mode": 420
2026-10-05T12:18:13.5385110Z       },
2026-10-05T12:18:13.5385200Z       {
2026-10-05T12:18:13.5385592Z         "path": "generated/plugins/copilot/agdf/runtime/create-agdf/runtime/core/lib/control-inspect/contract.js",
2026-10-05T12:18:13.5385688Z         "size": 13500,
2026-10-05T12:18:13.5385777Z         "mode": 420
2026-10-05T12:18:13.5385864Z       },
2026-10-05T12:18:13.5385953Z       {
2026-10-05T12:18:13.5386332Z         "path": "generated/plugins/copilot/agdf/runtime/create-agdf/runtime/core/lib/control-inspect/selection.js",
2026-10-05T12:18:13.5386424Z         "size": 1788,
2026-10-05T12:18:13.5386527Z         "mode": 420
2026-10-05T12:18:13.5386617Z       },
2026-10-05T12:18:13.5386701Z       {
2026-10-05T12:18:13.5387084Z         "path": "generated/plugins/copilot/agdf/runtime/create-agdf/runtime/core/lib/control-inspect/service.js",
2026-10-05T12:18:13.5387183Z         "size": 12577,
2026-10-05T12:18:13.5387277Z         "mode": 420
2026-10-05T12:18:13.5387362Z       },
2026-10-05T12:18:13.5387455Z       {
2026-10-05T12:18:13.5387878Z         "path": "generated/plugins/copilot/agdf/runtime/create-agdf/runtime/core/lib/control-maintenance/compatibility.js",
2026-10-05T12:18:13.5387974Z         "size": 8412,
2026-10-05T12:18:13.5388074Z         "mode": 420
2026-10-05T12:18:13.5388170Z       },
2026-10-05T12:18:13.5388332Z       {
2026-10-05T12:18:13.5388951Z         "path": "generated/plugins/copilot/agdf/runtime/create-agdf/runtime/core/lib/control-maintenance/contract.js",
2026-10-05T12:18:13.5389092Z         "size": 2342,
2026-10-05T12:18:13.5389227Z         "mode": 420
2026-10-05T12:18:13.5389353Z       },
2026-10-05T12:18:13.5389492Z       {
2026-10-05T12:18:13.5390007Z         "path": "generated/plugins/copilot/agdf/runtime/create-agdf/runtime/core/lib/control-maintenance/interaction.js",
2026-10-05T12:18:13.5390111Z         "size": 3207,
2026-10-05T12:18:13.5390202Z         "mode": 420
2026-10-05T12:18:13.5390289Z       },
2026-10-05T12:18:13.5390378Z       {
2026-10-05T12:18:13.5390782Z         "path": "generated/plugins/copilot/agdf/runtime/create-agdf/runtime/core/lib/control-maintenance/migration.js",
2026-10-05T12:18:13.5391069Z         "size": 5383,
2026-10-05T12:18:13.5391172Z         "mode": 420
2026-10-05T12:18:13.5391254Z       },
2026-10-05T12:18:13.5391347Z       {
2026-10-05T12:18:13.5391773Z         "path": "generated/plugins/copilot/agdf/runtime/create-agdf/runtime/core/lib/control-maintenance/presentation.js",
2026-10-05T12:18:13.5391870Z         "size": 8246,
2026-10-05T12:18:13.5391957Z         "mode": 420
2026-10-05T12:18:13.5392100Z       },
2026-10-05T12:18:13.5392196Z       {
2026-10-05T12:18:13.5392586Z         "path": "generated/plugins/copilot/agdf/runtime/create-agdf/runtime/core/lib/control-maintenance/repair.js",
2026-10-05T12:18:13.5392684Z         "size": 13216,
2026-10-05T12:18:13.5392775Z         "mode": 420
2026-10-05T12:18:13.5392864Z       },
2026-10-05T12:18:13.5393153Z       {
2026-10-05T12:18:13.5393575Z         "path": "generated/plugins/copilot/agdf/runtime/create-agdf/runtime/core/lib/control-maintenance/service.js",
2026-10-05T12:18:13.5393686Z         "size": 2412,
2026-10-05T12:18:13.5393777Z         "mode": 420
2026-10-05T12:18:13.5393872Z       },
2026-10-05T12:18:13.5393961Z       {
2026-10-05T12:18:13.5394341Z         "path": "generated/plugins/copilot/agdf/runtime/create-agdf/runtime/core/lib/control-read-boundary.js",
2026-10-05T12:18:13.5394430Z         "size": 906,
2026-10-05T12:18:13.5394526Z         "mode": 420
2026-10-05T12:18:13.5394614Z       },
2026-10-05T12:18:13.5394696Z       {
2026-10-05T12:18:13.5395212Z         "path": "generated/plugins/copilot/agdf/runtime/create-agdf/runtime/core/lib/control-state/aggregate.js",
2026-10-05T12:18:13.5395313Z         "size": 503,
2026-10-05T12:18:13.5395404Z         "mode": 420
2026-10-05T12:18:13.5395497Z       },
2026-10-05T12:18:13.5395583Z       {
2026-10-05T12:18:13.5396045Z         "path": "generated/plugins/copilot/agdf/runtime/create-agdf/runtime/core/lib/control-state/approval-command-contract.js",
2026-10-05T12:18:13.5396138Z         "size": 3748,
2026-10-05T12:18:13.5396296Z         "mode": 420
2026-10-05T12:18:13.5396416Z       },
2026-10-05T12:18:13.5396527Z       {
2026-10-05T12:18:13.5397144Z         "path": "generated/plugins/copilot/agdf/runtime/create-agdf/runtime/core/lib/control-state/approval-command.js",
2026-10-05T12:18:13.5397296Z         "size": 8139,
2026-10-05T12:18:13.5397472Z         "mode": 420
2026-10-05T12:18:13.5397601Z       },
2026-10-05T12:18:13.5397697Z       {
2026-10-05T12:18:13.5398304Z         "path": "generated/plugins/copilot/agdf/runtime/create-agdf/runtime/core/lib/control-state/approval-operations.js",
2026-10-05T12:18:13.5398405Z         "size": 6088,
2026-10-05T12:18:13.5398502Z         "mode": 420
2026-10-05T12:18:13.5398592Z       },
2026-10-05T12:18:13.5398685Z       {
2026-10-05T12:18:13.5399206Z         "path": "generated/plugins/copilot/agdf/runtime/create-agdf/runtime/core/lib/control-state/artefact-binding-proof.js",
2026-10-05T12:18:13.5399304Z         "size": 4880,
2026-10-05T12:18:13.5399401Z         "mode": 420
2026-10-05T12:18:13.5399487Z       },
2026-10-05T12:18:13.5399574Z       {
2026-10-05T12:18:13.5400054Z         "path": "generated/plugins/copilot/agdf/runtime/create-agdf/runtime/core/lib/control-state/artefact-bindings.js",
2026-10-05T12:18:13.5400189Z         "size": 6925,
2026-10-05T12:18:13.5400310Z         "mode": 420
2026-10-05T12:18:13.5400406Z       },
2026-10-05T12:18:13.5400497Z       {
2026-10-05T12:18:13.5400990Z         "path": "generated/plugins/copilot/agdf/runtime/create-agdf/runtime/core/lib/control-state/contained-file.js",
2026-10-05T12:18:13.5401105Z         "size": 2204,
2026-10-05T12:18:13.5401203Z         "mode": 420
2026-10-05T12:18:13.5401285Z       },
2026-10-05T12:18:13.5401373Z       {
2026-10-05T12:18:13.5401838Z         "path": "generated/plugins/copilot/agdf/runtime/create-agdf/runtime/core/lib/control-state/control-configuration.js",
2026-10-05T12:18:13.5402004Z         "size": 1072,
2026-10-05T12:18:13.5402107Z         "mode": 420
2026-10-05T12:18:13.5402198Z       },
2026-10-05T12:18:13.5402443Z       {
2026-10-05T12:18:13.5402890Z         "path": "generated/plugins/copilot/agdf/runtime/create-agdf/runtime/core/lib/control-state/gate-approval-validator.js",
2026-10-05T12:18:13.5403197Z         "size": 1704,
2026-10-05T12:18:13.5403295Z         "mode": 420
2026-10-05T12:18:13.5403386Z       },
2026-10-05T12:18:13.5403469Z       {
2026-10-05T12:18:13.5403854Z         "path": "generated/plugins/copilot/agdf/runtime/create-agdf/runtime/core/lib/control-state/index.js",
2026-10-05T12:18:13.5403962Z         "size": 346,
2026-10-05T12:18:13.5404053Z         "mode": 420
2026-10-05T12:18:13.5404146Z       },
2026-10-05T12:18:13.5404236Z       {
2026-10-05T12:18:13.5404647Z         "path": "generated/plugins/copilot/agdf/runtime/create-agdf/runtime/core/lib/control-state/legacy-migration.js",
2026-10-05T12:18:13.5404736Z         "size": 3088,
2026-10-05T12:18:13.5404828Z         "mode": 420
2026-10-05T12:18:13.5404914Z       },
2026-10-05T12:18:13.5404994Z       {
2026-10-05T12:18:14.0631789Z         "path": "generated/plugins/copilot/agdf/runtime/create-agdf/runtime/core/lib/control-state/legacy-projection-reader.js",
2026-10-05T12:18:14.0632811Z         "size": 1984,
2026-10-05T12:18:14.0633337Z         "mode": 420
2026-10-05T12:18:14.0633676Z       },
2026-10-05T12:18:14.0633966Z       {
2026-10-05T12:18:14.0634881Z         "path": "generated/plugins/copilot/agdf/runtime/create-agdf/runtime/core/lib/control-state/run-artefact-recording.js",
2026-10-05T12:18:14.0635680Z         "size": 6620,
2026-10-05T12:18:14.0636368Z         "mode": 420
2026-10-05T12:18:14.0636672Z       },
2026-10-05T12:18:14.0636952Z       {
2026-10-05T12:18:14.0637695Z         "path": "generated/plugins/copilot/agdf/runtime/create-agdf/runtime/core/lib/control-state/run-identity.js",
2026-10-05T12:18:14.0638470Z         "size": 573,
2026-10-05T12:18:14.0638794Z         "mode": 420
2026-10-05T12:18:14.0639078Z       },
2026-10-05T12:18:14.0639339Z       {
2026-10-05T12:18:14.0640137Z         "path": "generated/plugins/copilot/agdf/runtime/create-agdf/runtime/core/lib/control-state/run-presentation-render.js",
2026-10-05T12:18:14.0641051Z         "size": 17579,
2026-10-05T12:18:14.0641441Z         "mode": 420
2026-10-05T12:18:14.0641781Z       },
2026-10-05T12:18:14.0642098Z       {
2026-10-05T12:18:14.0644754Z         "path": "generated/plugins/copilot/agdf/runtime/create-agdf/runtime/core/lib/control-state/run-presentation.js",
2026-10-05T12:18:14.0645844Z         "size": 6777,
2026-10-05T12:18:14.0646234Z         "mode": 420
2026-10-05T12:18:14.0646627Z       },
2026-10-05T12:18:14.0646943Z       {
2026-10-05T12:18:14.0647870Z         "path": "generated/plugins/copilot/agdf/runtime/create-agdf/runtime/core/lib/control-state/run-recording.js",
2026-10-05T12:18:14.0648508Z         "size": 10751,
2026-10-05T12:18:14.0648959Z         "mode": 420
2026-10-05T12:18:14.0649204Z       },
2026-10-05T12:18:14.0649414Z       {
2026-10-05T12:18:14.0649987Z         "path": "generated/plugins/copilot/agdf/runtime/create-agdf/runtime/core/lib/control-state/run-recovery.js",
2026-10-05T12:18:14.0650592Z         "size": 17891,
2026-10-05T12:18:14.0650861Z         "mode": 420
2026-10-05T12:18:14.0651089Z       },
2026-10-05T12:18:14.0651272Z       {
2026-10-05T12:18:14.0651943Z         "path": "generated/plugins/copilot/agdf/runtime/create-agdf/runtime/core/lib/control-state/run-relationship-correction.js",
2026-10-05T12:18:14.0652543Z         "size": 5721,
2026-10-05T12:18:14.0652763Z         "mode": 420
2026-10-05T12:18:14.0653317Z       },
2026-10-05T12:18:14.0653536Z       {
2026-10-05T12:18:14.0654102Z         "path": "generated/plugins/copilot/agdf/runtime/create-agdf/runtime/core/lib/control-state/run-revision-history.js",
2026-10-05T12:18:14.0654702Z         "size": 9598,
2026-10-05T12:18:14.0655068Z         "mode": 420
2026-10-05T12:18:14.0655378Z       },
2026-10-05T12:18:14.0655673Z       {
2026-10-05T12:18:14.0656524Z         "path": "generated/plugins/copilot/agdf/runtime/create-agdf/runtime/core/lib/control-state/run-revision.js",
2026-10-05T12:18:14.0657796Z         "size": 24412,
2026-10-05T12:18:14.0658076Z         "mode": 420
2026-10-05T12:18:14.0658287Z       },
2026-10-05T12:18:14.0658478Z       {
2026-10-05T12:18:14.0658968Z         "path": "generated/plugins/copilot/agdf/runtime/create-agdf/runtime/core/lib/control-state/run-seal.js",
2026-10-05T12:18:14.0659460Z         "size": 7838,
2026-10-05T12:18:14.0659676Z         "mode": 420
2026-10-05T12:18:14.0659879Z       },
2026-10-05T12:18:14.0660064Z       {
2026-10-05T12:18:14.0660598Z         "path": "generated/plugins/copilot/agdf/runtime/create-agdf/runtime/core/lib/control-state/run-source-revisions.js",
2026-10-05T12:18:14.0661134Z         "size": 9961,
2026-10-05T12:18:14.0661347Z         "mode": 420
2026-10-05T12:18:14.0661546Z       },
2026-10-05T12:18:14.0661725Z       {
2026-10-05T12:18:14.0662264Z         "path": "generated/plugins/copilot/agdf/runtime/create-agdf/runtime/core/lib/control-state/run-state-edits.js",
2026-10-05T12:18:14.0662803Z         "size": 6233,
2026-10-05T12:18:14.0663247Z         "mode": 420
2026-10-05T12:18:14.0663550Z       },
2026-10-05T12:18:14.0663811Z       {
2026-10-05T12:18:14.0664625Z         "path": "generated/plugins/copilot/agdf/runtime/create-agdf/runtime/core/lib/control-state/run-state-parser.js",
2026-10-05T12:18:14.0665382Z         "size": 12277,
2026-10-05T12:18:14.0665601Z         "mode": 420
2026-10-05T12:18:14.0665806Z       },
2026-10-05T12:18:14.0666006Z       {
2026-10-05T12:18:14.0666747Z         "path": "generated/plugins/copilot/agdf/runtime/create-agdf/runtime/core/lib/control-state/run-state-reader.js",
2026-10-05T12:18:14.0667627Z         "size": 1875,
2026-10-05T12:18:14.0667954Z         "mode": 420
2026-10-05T12:18:14.0668269Z       },
2026-10-05T12:18:14.0668546Z       {
2026-10-05T12:18:14.0669425Z         "path": "generated/plugins/copilot/agdf/runtime/create-agdf/runtime/core/lib/control-state/run-state-repository.js",
2026-10-05T12:18:14.0670331Z         "size": 6390,
2026-10-05T12:18:14.0670673Z         "mode": 420
2026-10-05T12:18:14.0671001Z       },
2026-10-05T12:18:14.0671307Z       {
2026-10-05T12:18:14.0672172Z         "path": "generated/plugins/copilot/agdf/runtime/create-agdf/runtime/core/lib/control-state/run-state-resolver.js",
2026-10-05T12:18:14.0673200Z         "size": 1371,
2026-10-05T12:18:14.0673534Z         "mode": 420
2026-10-05T12:18:14.0673847Z       },
2026-10-05T12:18:14.0674118Z       {
2026-10-05T12:18:14.0674979Z         "path": "generated/plugins/copilot/agdf/runtime/create-agdf/runtime/core/lib/control-state/run-state-writer.js",
2026-10-05T12:18:14.0675857Z         "size": 16219,
2026-10-05T12:18:14.0676198Z         "mode": 420
2026-10-05T12:18:14.0676509Z       },
2026-10-05T12:18:14.0676799Z       {
2026-10-05T12:18:14.0677621Z         "path": "generated/plugins/copilot/agdf/runtime/create-agdf/runtime/core/lib/control-state/run-step-pending.js",
2026-10-05T12:18:14.0678457Z         "size": 620,
2026-10-05T12:18:14.0678793Z         "mode": 420
2026-10-05T12:18:14.0679136Z       },
2026-10-05T12:18:14.0679440Z       {
2026-10-05T12:18:14.0680383Z         "path": "generated/plugins/copilot/agdf/runtime/create-agdf/runtime/core/lib/control-state/run-step-transaction.js",
2026-10-05T12:18:14.0681305Z         "size": 15958,
2026-10-05T12:18:14.0681633Z         "mode": 420
2026-10-05T12:18:14.0681947Z       },
2026-10-05T12:18:14.0682203Z       {
2026-10-05T12:18:14.0683179Z         "path": "generated/plugins/copilot/agdf/runtime/create-agdf/runtime/core/lib/control-state/run-steps.js",
2026-10-05T12:18:14.0684030Z         "size": 15588,
2026-10-05T12:18:14.0684358Z         "mode": 420
2026-10-05T12:18:14.0684660Z       },
2026-10-05T12:18:14.0684983Z       {
2026-10-05T12:18:14.0685898Z         "path": "generated/plugins/copilot/agdf/runtime/create-agdf/runtime/core/lib/control-state/run-store-inspection.js",
2026-10-05T12:18:14.0686826Z         "size": 2164,
2026-10-05T12:18:14.0687168Z         "mode": 420
2026-10-05T12:18:14.0687510Z       },
2026-10-05T12:18:14.0687792Z       {
2026-10-05T12:18:14.0688805Z         "path": "generated/plugins/copilot/agdf/runtime/create-agdf/runtime/core/lib/delivery-continuation/service.js",
2026-10-05T12:18:14.0689554Z         "size": 3947,
2026-10-05T12:18:14.0689770Z         "mode": 420
2026-10-05T12:18:14.0689992Z       },
2026-10-05T12:18:14.0690293Z       {
2026-10-05T12:18:14.0690862Z         "path": "generated/plugins/copilot/agdf/runtime/create-agdf/runtime/core/lib/delivery-path-search/candidate-policy.js",
2026-10-05T12:18:14.0691402Z         "size": 3919,
2026-10-05T12:18:14.0691626Z         "mode": 420
2026-10-05T12:18:14.0691822Z       },
2026-10-05T12:18:14.0692005Z       {
2026-10-05T12:18:14.0692496Z         "path": "generated/plugins/copilot/agdf/runtime/create-agdf/runtime/core/lib/delivery-path-search/contracts.js",
2026-10-05T12:18:14.0693202Z         "size": 15955,
2026-10-05T12:18:14.0693431Z         "mode": 420
2026-10-05T12:18:14.0693634Z       },
2026-10-05T12:18:14.0693827Z       {
2026-10-05T12:18:14.0694363Z         "path": "generated/plugins/copilot/agdf/runtime/create-agdf/runtime/core/lib/delivery-path-search/persistence.js",
2026-10-05T12:18:14.0694908Z         "size": 2521,
2026-10-05T12:18:14.0695133Z         "mode": 420
2026-10-05T12:18:14.0695332Z       },
2026-10-05T12:18:14.0695514Z       {
2026-10-05T12:18:14.0696032Z         "path": "generated/plugins/copilot/agdf/runtime/create-agdf/runtime/core/lib/delivery-path-search/scoring.js",
2026-10-05T12:18:14.0696535Z         "size": 824,
2026-10-05T12:18:14.0696749Z         "mode": 420
2026-10-05T12:18:14.0697129Z       },
2026-10-05T12:18:14.0697334Z       {
2026-10-05T12:18:14.0697867Z         "path": "generated/plugins/copilot/agdf/runtime/create-agdf/runtime/core/lib/delivery-path-search/search-engine.js",
2026-10-05T12:18:14.0698490Z         "size": 11244,
2026-10-05T12:18:14.0698799Z         "mode": 420
2026-10-05T12:18:14.0699065Z       },
2026-10-05T12:18:14.0699246Z       {
2026-10-05T12:18:14.0699796Z         "path": "generated/plugins/copilot/agdf/runtime/create-agdf/runtime/core/lib/delivery-path-search/state-adapter.js",
2026-10-05T12:18:14.0700342Z         "size": 4596,
2026-10-05T12:18:14.0700550Z         "mode": 420
2026-10-05T12:18:14.0700754Z       },
2026-10-05T12:18:14.0700936Z       {
2026-10-05T12:18:14.0701357Z         "path": "generated/plugins/copilot/agdf/runtime/create-agdf/runtime/core/lib/fs-swap.js",
2026-10-05T12:18:14.0701803Z         "size": 916,
2026-10-05T12:18:14.0702017Z         "mode": 420
2026-10-05T12:18:14.0702223Z       },
2026-10-05T12:18:14.0702403Z       {
2026-10-05T12:18:14.0702831Z         "path": "generated/plugins/copilot/agdf/runtime/create-agdf/runtime/core/lib/index.js",
2026-10-05T12:18:14.0703610Z         "size": 954,
2026-10-05T12:18:14.0703822Z         "mode": 420
2026-10-05T12:18:14.0704127Z       },
2026-10-05T12:18:14.0704319Z       {
2026-10-05T12:18:14.0704837Z         "path": "generated/plugins/copilot/agdf/runtime/create-agdf/runtime/core/lib/interaction-catalog-validation.js",
2026-10-05T12:18:14.0705370Z         "size": 1453,
2026-10-05T12:18:14.0705598Z         "mode": 420
2026-10-05T12:18:14.0705798Z       },
2026-10-05T12:18:14.0705985Z       {
2026-10-05T12:18:14.0706448Z         "path": "generated/plugins/copilot/agdf/runtime/create-agdf/runtime/core/lib/interaction-catalog.js",
2026-10-05T12:18:14.0706928Z         "size": 3628,
2026-10-05T12:18:14.0707149Z         "mode": 420
2026-10-05T12:18:14.0707345Z       },
2026-10-05T12:18:14.0707527Z       {
2026-10-05T12:18:14.0708016Z         "path": "generated/plugins/copilot/agdf/runtime/create-agdf/runtime/core/lib/interaction-presentation.js",
2026-10-05T12:18:14.0708525Z         "size": 65120,
2026-10-05T12:18:14.0708742Z         "mode": 420
2026-10-05T12:18:14.0708938Z       },
2026-10-05T12:18:14.0709122Z       {
2026-10-05T12:18:14.0709607Z         "path": "generated/plugins/copilot/agdf/runtime/create-agdf/runtime/core/lib/repository-context-reader.js",
2026-10-05T12:18:14.0710102Z         "size": 3135,
2026-10-05T12:18:14.0710317Z         "mode": 420
2026-10-05T12:18:14.0710695Z       },
2026-10-05T12:18:14.0710875Z       {
2026-10-05T12:18:14.0711333Z         "path": "generated/plugins/copilot/agdf/runtime/create-agdf/runtime/core/lib/resources/binding.js",
2026-10-05T12:18:14.0711803Z         "size": 296,
2026-10-05T12:18:14.0712019Z         "mode": 420
2026-10-05T12:18:14.0712215Z       },
2026-10-05T12:18:14.0712399Z       {
2026-10-05T12:18:14.0712839Z         "path": "generated/plugins/copilot/agdf/runtime/create-agdf/runtime/core/lib/resources/context.js",
2026-10-05T12:18:14.0713524Z         "size": 3469,
2026-10-05T12:18:14.0713748Z         "mode": 420
2026-10-05T12:18:14.0713948Z       },
2026-10-05T12:18:14.0714130Z       {
2026-10-05T12:18:14.0714615Z         "path": "generated/plugins/copilot/agdf/runtime/create-agdf/runtime/core/lib/resources/contracts.js",
2026-10-05T12:18:14.0715106Z         "size": 1513,
2026-10-05T12:18:14.0715331Z         "mode": 420
2026-10-05T12:18:14.0715560Z       },
2026-10-05T12:18:14.0715757Z       {
2026-10-05T12:18:14.0716311Z         "path": "generated/plugins/copilot/agdf/runtime/create-agdf/runtime/core/lib/runtime/distribution-profile-history.js",
2026-10-05T12:18:14.0716853Z         "size": 6077,
2026-10-05T12:18:14.0717066Z         "mode": 420
2026-10-05T12:18:14.0717262Z       },
2026-10-05T12:18:14.0717447Z       {
2026-10-05T12:18:14.0717940Z         "path": "generated/plugins/copilot/agdf/runtime/create-agdf/runtime/core/lib/runtime/plugin-provenance.js",
2026-10-05T12:18:14.0718443Z         "size": 20490,
2026-10-05T12:18:14.0718797Z         "mode": 420
2026-10-05T12:18:14.0719011Z       },
2026-10-05T12:18:14.0719193Z       {
2026-10-05T12:18:14.0719684Z         "path": "generated/plugins/copilot/agdf/runtime/create-agdf/runtime/core/lib/skill-dispatch/binding.js",
2026-10-05T12:18:14.0720176Z         "size": 3647,
2026-10-05T12:18:14.0720389Z         "mode": 420
2026-10-05T12:18:14.0720586Z       },
2026-10-05T12:18:14.0720775Z       {
2026-10-05T12:18:14.0721255Z         "path": "generated/plugins/copilot/agdf/runtime/create-agdf/runtime/core/lib/skill-dispatch/contract.js",
2026-10-05T12:18:14.0721795Z         "size": 27887,
2026-10-05T12:18:14.0722020Z         "mode": 420
2026-10-05T12:18:14.0722218Z       },
2026-10-05T12:18:14.0722406Z       {
2026-10-05T12:18:14.0723085Z         "path": "generated/plugins/copilot/agdf/runtime/create-agdf/runtime/core/lib/skill-dispatch/delivery-intake.js",
2026-10-05T12:18:14.0723801Z         "size": 4635,
2026-10-05T12:18:14.0724025Z         "mode": 420
2026-10-05T12:18:14.0724235Z       },
2026-10-05T12:18:14.0724441Z       {
2026-10-05T12:18:14.0724986Z         "path": "generated/plugins/copilot/agdf/runtime/create-agdf/runtime/core/lib/skill-dispatch/delivery-run-assignment.js",
2026-10-05T12:18:14.0725530Z         "size": 4578,
2026-10-05T12:18:14.0725747Z         "mode": 420
2026-10-05T12:18:14.0725945Z       },
2026-10-05T12:18:14.0726128Z       {
2026-10-05T12:18:14.0726746Z         "path": "generated/plugins/copilot/agdf/runtime/create-agdf/runtime/core/lib/skill-dispatch/prd-definition.js",
2026-10-05T12:18:14.0727527Z         "size": 2845,
2026-10-05T12:18:14.0739815Z         "mode": 420
2026-10-05T12:18:14.0740062Z       },
2026-10-05T12:18:14.0740267Z       {
2026-10-05T12:18:14.0740815Z         "path": "generated/plugins/copilot/agdf/runtime/create-agdf/runtime/core/lib/skill-dispatch/sd-definition.js",
2026-10-05T12:18:14.0741362Z         "size": 2900,
2026-10-05T12:18:14.0741594Z         "mode": 420
2026-10-05T12:18:14.0741806Z       },
2026-10-05T12:18:14.0741999Z       {
2026-10-05T12:18:14.0742511Z         "path": "generated/plugins/copilot/agdf/runtime/create-agdf/runtime/core/lib/skill-dispatch/service.js",
2026-10-05T12:18:14.0743221Z         "size": 40882,
2026-10-05T12:18:14.0743539Z         "mode": 420
2026-10-05T12:18:14.0743839Z       },
2026-10-05T12:18:14.0744034Z       {
2026-10-05T12:18:14.0744540Z         "path": "generated/plugins/copilot/agdf/runtime/create-agdf/runtime/core/lib/task-target-resolution.js",
2026-10-05T12:18:14.0745054Z         "size": 8096,
2026-10-05T12:18:14.0745512Z         "mode": 420
2026-10-05T12:18:14.0745719Z       },
2026-10-05T12:18:14.0745904Z       {
2026-10-05T12:18:14.0746270Z         "path": "generated/plugins/copilot/agdf/runtime/runtime-manifest.json",
2026-10-05T12:18:14.0746668Z         "size": 236,
2026-10-05T12:18:14.0746884Z         "mode": 420
2026-10-05T12:18:14.0747094Z       },
2026-10-05T12:18:14.0747284Z       {
2026-10-05T12:18:14.0747687Z         "path": "generated/plugins/copilot/agdf/skills/agdf-brownfield-analysis/SKILL.md",
2026-10-05T12:18:14.0748131Z         "size": 15460,
2026-10-05T12:18:14.0748359Z         "mode": 420
2026-10-05T12:18:14.0748565Z       },
2026-10-05T12:18:14.0748765Z       {
2026-10-05T12:18:14.0749205Z         "path": "generated/plugins/copilot/agdf/skills/agdf-clean-implementation-review/SKILL.md",
2026-10-05T12:18:14.0749661Z         "size": 7501,
2026-10-05T12:18:14.0749881Z         "mode": 420
2026-10-05T12:18:14.0750085Z       },
2026-10-05T12:18:14.0750278Z       {
2026-10-05T12:18:14.0750641Z         "path": "generated/plugins/copilot/agdf/skills/agdf-code-review/SKILL.md",
2026-10-05T12:18:14.0751025Z         "size": 7600,
2026-10-05T12:18:14.0751248Z         "mode": 420
2026-10-05T12:18:14.0751448Z       },
2026-10-05T12:18:14.0751632Z       {
2026-10-05T12:18:14.0752016Z         "path": "generated/plugins/copilot/agdf/skills/agdf-delivery-closeout/SKILL.md",
2026-10-05T12:18:14.0752448Z         "size": 7162,
2026-10-05T12:18:14.0752660Z         "mode": 420
2026-10-05T12:18:14.0752861Z       },
2026-10-05T12:18:14.0753374Z       {
2026-10-05T12:18:14.0753793Z         "path": "generated/plugins/copilot/agdf/skills/agdf-delivery-path-search/SKILL.md",
2026-10-05T12:18:14.0754243Z         "size": 8000,
2026-10-05T12:18:14.0754468Z         "mode": 420
2026-10-05T12:18:14.0754674Z       },
2026-10-05T12:18:14.0754860Z       {
2026-10-05T12:18:14.0755223Z         "path": "generated/plugins/copilot/agdf/skills/agdf-gate-check/SKILL.md",
2026-10-05T12:18:14.0755608Z         "size": 5485,
2026-10-05T12:18:14.0755828Z         "mode": 420
2026-10-05T12:18:14.0756025Z       },
2026-10-05T12:18:14.0756213Z       {
2026-10-05T12:18:14.0756587Z         "path": "generated/plugins/copilot/agdf/skills/agdf-interaction-locales.json",
2026-10-05T12:18:14.0757011Z         "size": 153294,
2026-10-05T12:18:14.0757238Z         "mode": 420
2026-10-05T12:18:14.0757434Z       },
2026-10-05T12:18:14.0757611Z       {
2026-10-05T12:18:14.0757976Z         "path": "generated/plugins/copilot/agdf/skills/agdf-prd-definition/SKILL.md",
2026-10-05T12:18:14.0758371Z         "size": 3815,
2026-10-05T12:18:14.0758658Z         "mode": 420
2026-10-05T12:18:14.0759010Z       },
2026-10-05T12:18:14.0759231Z       {
2026-10-05T12:18:14.0759572Z         "path": "generated/plugins/copilot/agdf/skills/agdf-qa-gate/SKILL.md",
2026-10-05T12:18:14.0759941Z         "size": 10589,
2026-10-05T12:18:14.0760168Z         "mode": 420
2026-10-05T12:18:14.0760367Z       },
2026-10-05T12:18:14.0760548Z       {
2026-10-05T12:18:14.0760902Z         "path": "generated/plugins/copilot/agdf/skills/agdf-release-or/SKILL.md",
2026-10-05T12:18:14.0761443Z         "size": 9998,
2026-10-05T12:18:14.0761667Z         "mode": 420
2026-10-05T12:18:14.0761875Z       },
2026-10-05T12:18:14.0762124Z       {
2026-10-05T12:18:14.0762534Z         "path": "generated/plugins/copilot/agdf/skills/agdf-runtime-contract.md",
2026-10-05T12:18:14.0763114Z         "size": 1977,
2026-10-05T12:18:14.0763342Z         "mode": 420
2026-10-05T12:18:14.0763546Z       },
2026-10-05T12:18:14.0763734Z       {
2026-10-05T12:18:14.0764201Z         "path": "generated/plugins/copilot/agdf/skills/agdf-sd-definition/SKILL.md",
2026-10-05T12:18:14.0764655Z         "size": 3720,
2026-10-05T12:18:14.0764917Z         "mode": 420
2026-10-05T12:18:14.0765127Z       },
2026-10-05T12:18:14.0765323Z       {
2026-10-05T12:18:14.0765805Z         "path": "generated/plugins/copilot/agdf/skills/agdf-task-plan-review/SKILL.md",
2026-10-05T12:18:14.0766268Z         "size": 8249,
2026-10-05T12:18:14.0766668Z         "mode": 420
2026-10-05T12:18:14.0766872Z       },
2026-10-05T12:18:14.0767131Z       {
2026-10-05T12:18:14.0767519Z         "path": "generated/plugins/copilot/agdf/skills/agdf-ur-definition/SKILL.md",
2026-10-05T12:18:14.0767997Z         "size": 3701,
2026-10-05T12:18:14.0768209Z         "mode": 420
2026-10-05T12:18:14.0768423Z       },
2026-10-05T12:18:14.0768605Z       {
2026-10-05T12:18:14.0769098Z         "path": "generated/plugins/copilot/agdf/skills/agdf-ux-intent-definition/SKILL.md",
2026-10-05T12:18:14.0769633Z         "size": 7284,
2026-10-05T12:18:14.0769851Z         "mode": 420
2026-10-05T12:18:14.0770058Z       },
2026-10-05T12:18:14.0770277Z       {
2026-10-05T12:18:14.0770687Z         "path": "generated/plugins/copilot/agdf/skills/contracts/closeout.md",
2026-10-05T12:18:14.0771142Z         "size": 4196,
2026-10-05T12:18:14.0771401Z         "mode": 420
2026-10-05T12:18:14.0771611Z       },
2026-10-05T12:18:14.0771798Z       {
2026-10-05T12:18:14.0772259Z         "path": "generated/plugins/copilot/agdf/skills/contracts/context-graph.md",
2026-10-05T12:18:14.0772672Z         "size": 2512,
2026-10-05T12:18:14.0773145Z         "mode": 420
2026-10-05T12:18:14.0773361Z       },
2026-10-05T12:18:14.0773607Z       {
2026-10-05T12:18:14.0774034Z         "path": "generated/plugins/copilot/agdf/skills/contracts/control-scaffold.md",
2026-10-05T12:18:14.0774529Z         "size": 11537,
2026-10-05T12:18:14.0774771Z         "mode": 420
2026-10-05T12:18:14.0774982Z       },
2026-10-05T12:18:14.0775161Z       {
2026-10-05T12:18:14.0775902Z         "path": "generated/plugins/copilot/agdf/skills/contracts/gate-artifact-preparation.md",
2026-10-05T12:18:14.0776487Z         "size": 5731,
2026-10-05T12:18:14.0776697Z         "mode": 420
2026-10-05T12:18:14.0776945Z       },
2026-10-05T12:18:14.0777183Z       {
2026-10-05T12:18:14.0777546Z         "path": "generated/plugins/copilot/agdf/skills/contracts/gate-transition.md",
2026-10-05T12:18:14.0778061Z         "size": 17966,
2026-10-05T12:18:14.0778285Z         "mode": 420
2026-10-05T12:18:14.0778493Z       },
2026-10-05T12:18:14.0778781Z       {
2026-10-05T12:18:14.0779136Z         "path": "generated/plugins/copilot/agdf/skills/contracts/interaction.md",
2026-10-05T12:18:14.0779633Z         "size": 46599,
2026-10-05T12:18:14.0779852Z         "mode": 420
2026-10-05T12:18:14.0780048Z       },
2026-10-05T12:18:14.0780306Z       {
2026-10-05T12:18:14.0780671Z         "path": "generated/plugins/copilot/agdf/skills/contracts/modes.md",
2026-10-05T12:18:14.0781092Z         "size": 12906,
2026-10-05T12:18:14.0781369Z         "mode": 420
2026-10-05T12:18:14.0781565Z       },
2026-10-05T12:18:14.0781749Z       {
2026-10-05T12:18:14.0782213Z         "path": "generated/plugins/copilot/agdf/skills/contracts/prd-definition.md",
2026-10-05T12:18:14.0782619Z         "size": 5034,
2026-10-05T12:18:14.0783127Z         "mode": 420
2026-10-05T12:18:14.0783334Z       },
2026-10-05T12:18:14.0783583Z       {
2026-10-05T12:18:14.0783968Z         "path": "generated/plugins/copilot/agdf/skills/contracts/quality.md",
2026-10-05T12:18:14.0784383Z         "size": 8692,
2026-10-05T12:18:14.0784667Z         "mode": 420
2026-10-05T12:18:14.0784869Z       },
2026-10-05T12:18:14.0785056Z       {
2026-10-05T12:18:14.0785555Z         "path": "generated/plugins/copilot/agdf/skills/contracts/request-activation.md",
2026-10-05T12:18:14.0785972Z         "size": 18822,
2026-10-05T12:18:14.0786313Z         "mode": 420
2026-10-05T12:18:14.0786517Z       },
2026-10-05T12:18:14.0786705Z       {
2026-10-05T12:18:14.0787184Z         "path": "generated/plugins/copilot/agdf/skills/contracts/sd-definition.md",
2026-10-05T12:18:14.0787575Z         "size": 4617,
2026-10-05T12:18:14.0787897Z         "mode": 420
2026-10-05T12:18:14.0788098Z       },
2026-10-05T12:18:14.0788278Z       {
2026-10-05T12:18:14.0788806Z         "path": "generated/plugins/copilot/agdf/skills/contracts/task-target-resolution.md",
2026-10-05T12:18:14.0789234Z         "size": 8919,
2026-10-05T12:18:14.0789544Z         "mode": 420
2026-10-05T12:18:14.0789896Z       },
2026-10-05T12:18:14.0790075Z       {
2026-10-05T12:18:14.0790532Z         "path": "generated/plugins/copilot/agdf/skills/contracts/ur-definition.md",
2026-10-05T12:18:14.0790913Z         "size": 3139,
2026-10-05T12:18:14.0791234Z         "mode": 420
2026-10-05T12:18:14.0791447Z       },
2026-10-05T12:18:14.0791636Z       {
2026-10-05T12:18:14.0792097Z         "path": "generated/submissions/openai/agdf/.codex-plugin/plugin.json",
2026-10-05T12:18:14.0792485Z         "size": 1889,
2026-10-05T12:18:14.0792812Z         "mode": 420
2026-10-05T12:18:14.0793112Z       },
2026-10-05T12:18:14.0793298Z       {
2026-10-05T12:18:14.0793751Z         "path": "generated/submissions/openai/agdf/assets/agdf-icon.svg",
2026-10-05T12:18:14.0794117Z         "size": 924,
2026-10-05T12:18:14.0794400Z         "mode": 420
2026-10-05T12:18:14.0794644Z       },
2026-10-05T12:18:14.0794831Z       {
2026-10-05T12:18:14.0795203Z         "path": "generated/submissions/openai/agdf/assets/agdf-logo.svg",
2026-10-05T12:18:14.0795613Z         "size": 962,
2026-10-05T12:18:14.0795826Z         "mode": 420
2026-10-05T12:18:14.0796119Z       },
2026-10-05T12:18:14.0796315Z       {
2026-10-05T12:18:14.0796652Z         "path": "generated/submissions/openai/agdf/meta/agdf-agent-router.md",
2026-10-05T12:18:14.0797145Z         "size": 12317,
2026-10-05T12:18:14.0797366Z         "mode": 420
2026-10-05T12:18:14.0797574Z       },
2026-10-05T12:18:14.0797864Z       {
2026-10-05T12:18:14.0798344Z         "path": "generated/submissions/openai/agdf/meta/agdf-constitution.md",
2026-10-05T12:18:14.0798836Z         "size": 8709,
2026-10-05T12:18:14.0799049Z         "mode": 420
2026-10-05T12:18:14.0799250Z       },
2026-10-05T12:18:14.0799533Z       {
2026-10-05T12:18:14.0799923Z         "path": "generated/submissions/openai/agdf/meta/agdf-interaction-locales.json",
2026-10-05T12:18:14.0800453Z         "size": 153294,
2026-10-05T12:18:14.0800680Z         "mode": 420
2026-10-05T12:18:14.0800890Z       },
2026-10-05T12:18:14.0801171Z       {
2026-10-05T12:18:14.0801558Z         "path": "generated/submissions/openai/agdf/meta/agdf-plugin.definition.json",
2026-10-05T12:18:14.0802079Z         "size": 18450,
2026-10-05T12:18:14.0802296Z         "mode": 420
2026-10-05T12:18:14.0802498Z       },
2026-10-05T12:18:14.0802788Z       {
2026-10-05T12:18:14.0803244Z         "path": "generated/submissions/openai/agdf/meta/agdf-runtime-contract.md",
2026-10-05T12:18:14.0803677Z         "size": 1977,
2026-10-05T12:18:14.0803952Z         "mode": 420
2026-10-05T12:18:14.0804155Z       },
2026-10-05T12:18:14.0804349Z       {
2026-10-05T12:18:14.0804663Z         "path": "generated/submissions/openai/agdf/meta/agdf-tenets.md",
2026-10-05T12:18:14.0805022Z         "size": 8945,
2026-10-05T12:18:14.0805344Z         "mode": 420
2026-10-05T12:18:14.0805543Z       },
2026-10-05T12:18:14.0805729Z       {
2026-10-05T12:18:14.0806107Z         "path": "generated/submissions/openai/agdf/meta/agent-skills-conformance.json",
2026-10-05T12:18:14.0806504Z         "size": 1867,
2026-10-05T12:18:14.0806715Z         "mode": 420
2026-10-05T12:18:14.0806922Z       },
2026-10-05T12:18:14.0807105Z       {
2026-10-05T12:18:14.0807573Z         "path": "generated/submissions/openai/agdf/meta/contracts/closeout.md",
2026-10-05T12:18:14.0807959Z         "size": 4196,
2026-10-05T12:18:14.0808167Z         "mode": 420
2026-10-05T12:18:14.0808361Z       },
2026-10-05T12:18:14.0808544Z       {
2026-10-05T12:18:14.0808894Z         "path": "generated/submissions/openai/agdf/meta/contracts/context-graph.md",
2026-10-05T12:18:14.0809281Z         "size": 2512,
2026-10-05T12:18:14.0809499Z         "mode": 420
2026-10-05T12:18:14.0809700Z       },
2026-10-05T12:18:14.0809880Z       {
2026-10-05T12:18:14.0810243Z         "path": "generated/submissions/openai/agdf/meta/contracts/control-scaffold.md",
2026-10-05T12:18:14.0810642Z         "size": 11537,
2026-10-05T12:18:14.0810861Z         "mode": 420
2026-10-05T12:18:14.0811055Z       },
2026-10-05T12:18:14.0811354Z       {
2026-10-05T12:18:14.0811800Z         "path": "generated/submissions/openai/agdf/meta/contracts/gate-artifact-preparation.md",
2026-10-05T12:18:14.0812405Z         "size": 5731,
2026-10-05T12:18:14.0812632Z         "mode": 420
2026-10-05T12:18:14.0812834Z       },
2026-10-05T12:18:14.0813195Z       {
2026-10-05T12:18:14.0813576Z         "path": "generated/submissions/openai/agdf/meta/contracts/gate-transition.md",
2026-10-05T12:18:14.0813981Z         "size": 17966,
2026-10-05T12:18:14.0814198Z         "mode": 420
2026-10-05T12:18:14.0814399Z       },
2026-10-05T12:18:14.0814594Z       {
2026-10-05T12:18:14.0814946Z         "path": "generated/submissions/openai/agdf/meta/contracts/interaction.md",
2026-10-05T12:18:14.0815329Z         "size": 46617,
2026-10-05T12:18:14.0815548Z         "mode": 420
2026-10-05T12:18:14.0815744Z       },
2026-10-05T12:18:14.0815923Z       {
2026-10-05T12:18:14.0816256Z         "path": "generated/submissions/openai/agdf/meta/contracts/modes.md",
2026-10-05T12:18:14.0816624Z         "size": 12906,
2026-10-05T12:18:14.0816840Z         "mode": 420
2026-10-05T12:18:14.0817042Z       },
2026-10-05T12:18:14.0817227Z       {
2026-10-05T12:18:14.0817587Z         "path": "generated/submissions/openai/agdf/meta/contracts/prd-definition.md",
2026-10-05T12:18:14.0817978Z         "size": 5034,
2026-10-05T12:18:14.0818257Z         "mode": 420
2026-10-05T12:18:14.0818532Z       },
2026-10-05T12:18:14.0818716Z       {
2026-10-05T12:18:14.0819069Z         "path": "generated/submissions/openai/agdf/meta/contracts/quality.md",
2026-10-05T12:18:14.0819584Z         "size": 8692,
2026-10-05T12:18:14.0819803Z         "mode": 420
2026-10-05T12:18:14.0820009Z       },
2026-10-05T12:18:14.0820189Z       {
2026-10-05T12:18:14.0820573Z         "path": "generated/submissions/openai/agdf/meta/contracts/request-activation.md",
2026-10-05T12:18:14.0820986Z         "size": 18822,
2026-10-05T12:18:14.0821205Z         "mode": 420
2026-10-05T12:18:14.0821410Z       },
2026-10-05T12:18:14.0821587Z       {
2026-10-05T12:18:14.0821994Z         "path": "generated/submissions/openai/agdf/meta/contracts/sd-definition.md",
2026-10-05T12:18:14.0822394Z         "size": 4617,
2026-10-05T12:18:14.0822608Z         "mode": 420
2026-10-05T12:18:14.0822819Z       },
2026-10-05T12:18:14.0823191Z       {
2026-10-05T12:18:14.0823609Z         "path": "generated/submissions/openai/agdf/meta/contracts/task-target-resolution.md",
2026-10-05T12:18:14.0824038Z         "size": 8919,
2026-10-05T12:18:14.0824247Z         "mode": 420
2026-10-05T12:18:14.0824440Z       },
2026-10-05T12:18:14.0824619Z       {
2026-10-05T12:18:14.0824982Z         "path": "generated/submissions/openai/agdf/meta/contracts/ur-definition.md",
2026-10-05T12:18:14.0825360Z         "size": 3139,
2026-10-05T12:18:14.0825565Z         "mode": 420
2026-10-05T12:18:14.0825768Z       },
2026-10-05T12:18:14.0825949Z       {
2026-10-05T12:18:14.0826320Z         "path": "generated/submissions/openai/agdf/meta/copilot-payload-baseline.json",
2026-10-05T12:18:14.0826731Z         "size": 276,
2026-10-05T12:18:14.0826945Z         "mode": 420
2026-10-05T12:18:14.0827147Z       },
2026-10-05T12:18:14.0827327Z       {
2026-10-05T12:18:14.0827721Z         "path": "generated/submissions/openai/agdf/meta/distribution-profile-history.json",
2026-10-05T12:18:14.0828143Z         "size": 4398,
2026-10-05T12:18:14.0828348Z         "mode": 420
2026-10-05T12:18:14.0828549Z       },
2026-10-05T12:18:14.0828729Z       {
2026-10-05T12:18:14.0829177Z         "path": "generated/submissions/openai/agdf/meta/schemas/agent-plugins/1.0.0/mcp.schema.json",
2026-10-05T12:18:14.0829631Z         "size": 3408,
2026-10-05T12:18:14.0829845Z         "mode": 420
2026-10-05T12:18:14.0830050Z       },
2026-10-05T12:18:14.0830228Z       {
2026-10-05T12:18:14.0830670Z         "path": "generated/submissions/openai/agdf/meta/schemas/agent-plugins/1.0.0/plugin.schema.json",
2026-10-05T12:18:14.0831129Z         "size": 1805,
2026-10-05T12:18:14.0831337Z         "mode": 420
2026-10-05T12:18:14.0831532Z       },
2026-10-05T12:18:14.0831802Z       {
2026-10-05T12:18:14.0832408Z         "path": "generated/submissions/openai/agdf/meta/schemas/agent-plugins/1.0.0/provenance.json",
2026-10-05T12:18:14.0832852Z         "size": 539,
2026-10-05T12:18:14.0833170Z         "mode": 420
2026-10-05T12:18:14.0833377Z       },
2026-10-05T12:18:14.0833560Z       {
2026-10-05T12:18:14.0833848Z         "path": "generated/submissions/openai/agdf/plugin.json",
2026-10-05T12:18:14.0834180Z         "size": 2104,
2026-10-05T12:18:14.0834381Z         "mode": 420
2026-10-05T12:18:14.0834575Z       },
2026-10-05T12:18:14.0834768Z       {
2026-10-05T12:18:14.0835145Z         "path": "generated/submissions/openai/agdf/skills/brownfield-analysis/help.md",
2026-10-05T12:18:14.0835542Z         "size": 497,
2026-10-05T12:18:14.0835746Z         "mode": 420
2026-10-05T12:18:14.0835948Z       },
2026-10-05T12:18:14.0836128Z       {
2026-10-05T12:18:14.0836497Z         "path": "generated/submissions/openai/agdf/skills/brownfield-analysis/SKILL.md",
2026-10-05T12:18:14.0836907Z         "size": 15519,
2026-10-05T12:18:14.0837126Z         "mode": 420
2026-10-05T12:18:14.0837315Z       },
2026-10-05T12:18:14.0837500Z       {
2026-10-05T12:18:14.0837910Z         "path": "generated/submissions/openai/agdf/skills/clean-implementation-review/help.md",
2026-10-05T12:18:14.0838337Z         "size": 520,
2026-10-05T12:18:14.0838566Z         "mode": 420
2026-10-05T12:18:14.0838776Z       },
2026-10-05T12:18:14.0838966Z       {
2026-10-05T12:18:14.0839380Z         "path": "generated/submissions/openai/agdf/skills/clean-implementation-review/SKILL.md",
2026-10-05T12:18:14.0839976Z         "size": 7536,
2026-10-05T12:18:14.0840203Z         "mode": 420
2026-10-05T12:18:14.0840407Z       },
2026-10-05T12:18:14.0840604Z       {
2026-10-05T12:18:14.0840956Z         "path": "generated/submissions/openai/agdf/skills/code-review/help.md",
2026-10-05T12:18:14.0841332Z         "size": 407,
2026-10-05T12:18:14.0841549Z         "mode": 420
2026-10-05T12:18:14.0841742Z       },
2026-10-05T12:18:14.0841922Z       {
2026-10-05T12:18:14.0842268Z         "path": "generated/submissions/openai/agdf/skills/code-review/SKILL.md",
2026-10-05T12:18:14.0842652Z         "size": 7635,
2026-10-05T12:18:14.0842863Z         "mode": 420
2026-10-05T12:18:14.0843187Z       },
2026-10-05T12:18:14.0843383Z       {
2026-10-05T12:18:14.0843750Z         "path": "generated/submissions/openai/agdf/skills/delivery-closeout/help.md",
2026-10-05T12:18:14.0844142Z         "size": 416,
2026-10-05T12:18:14.0844352Z         "mode": 420
2026-10-05T12:18:14.0844548Z       },
2026-10-05T12:18:14.0844727Z       {
2026-10-05T12:18:14.0845104Z         "path": "generated/submissions/openai/agdf/skills/delivery-closeout/SKILL.md",
2026-10-05T12:18:14.0845495Z         "size": 7197,
2026-10-05T12:18:14.0845701Z         "mode": 420
2026-10-05T12:18:14.0845892Z       },
2026-10-05T12:18:14.0846077Z       {
2026-10-05T12:18:14.0846448Z         "path": "generated/submissions/openai/agdf/skills/delivery-path-search/help.md",
2026-10-05T12:18:14.0846845Z         "size": 555,
2026-10-05T12:18:14.0847056Z         "mode": 420
2026-10-05T12:18:14.0847250Z       },
2026-10-05T12:18:14.0847426Z       {
2026-10-05T12:18:14.0847805Z         "path": "generated/submissions/openai/agdf/skills/delivery-path-search/SKILL.md",
2026-10-05T12:18:14.0848210Z         "size": 8035,
2026-10-05T12:18:14.0848418Z         "mode": 420
2026-10-05T12:18:14.0848618Z       },
2026-10-05T12:18:14.0848798Z       {
2026-10-05T12:18:14.0849132Z         "path": "generated/submissions/openai/agdf/skills/gate-check/help.md",
2026-10-05T12:18:14.0849505Z         "size": 430,
2026-10-05T12:18:14.0849720Z         "mode": 420
2026-10-05T12:18:14.0849913Z       },
2026-10-05T12:18:14.0850089Z       {
2026-10-05T12:18:14.0850428Z         "path": "generated/submissions/openai/agdf/skills/gate-check/SKILL.md",
2026-10-05T12:18:14.0850788Z         "size": 5536,
2026-10-05T12:18:14.0850994Z         "mode": 420
2026-10-05T12:18:14.0851197Z       },
2026-10-05T12:18:14.0851376Z       {
2026-10-05T12:18:14.0851724Z         "path": "generated/submissions/openai/agdf/skills/prd-definition/help.md",
2026-10-05T12:18:14.0852303Z         "size": 551,
2026-10-05T12:18:14.0852511Z         "mode": 420
2026-10-05T12:18:14.0852707Z       },
2026-10-05T12:18:14.0852884Z       {
2026-10-05T12:18:14.0853347Z         "path": "generated/submissions/openai/agdf/skills/prd-definition/SKILL.md",
2026-10-05T12:18:14.0853734Z         "size": 3842,
2026-10-05T12:18:14.0853942Z         "mode": 420
2026-10-05T12:18:14.0854142Z       },
2026-10-05T12:18:14.0854320Z       {
2026-10-05T12:18:14.0854648Z         "path": "generated/submissions/openai/agdf/skills/qa-gate/help.md",
2026-10-05T12:18:14.0855014Z         "size": 385,
2026-10-05T12:18:14.0855218Z         "mode": 420
2026-10-05T12:18:14.0855410Z       },
2026-10-05T12:18:14.0855588Z       {
2026-10-05T12:18:14.0855914Z         "path": "generated/submissions/openai/agdf/skills/qa-gate/SKILL.md",
2026-10-05T12:18:14.0856280Z         "size": 10640,
2026-10-05T12:18:14.0856493Z         "mode": 420
2026-10-05T12:18:14.0856700Z       },
2026-10-05T12:18:14.0856876Z       {
2026-10-05T12:18:14.0857202Z         "path": "generated/submissions/openai/agdf/skills/release-or/help.md",
2026-10-05T12:18:14.0857567Z         "size": 447,
2026-10-05T12:18:14.0857769Z         "mode": 420
2026-10-05T12:18:14.0858018Z       },
2026-10-05T12:18:14.0858278Z       {
2026-10-05T12:18:14.0858639Z         "path": "generated/submissions/openai/agdf/skills/release-or/SKILL.md",
2026-10-05T12:18:14.0859007Z         "size": 10049,
2026-10-05T12:18:14.0859216Z         "mode": 420
2026-10-05T12:18:14.0859558Z       },
2026-10-05T12:18:14.0859747Z       {
2026-10-05T12:18:14.0860094Z         "path": "generated/submissions/openai/agdf/skills/sd-definition/help.md",
2026-10-05T12:18:14.0860471Z         "size": 531,
2026-10-05T12:18:14.0860673Z         "mode": 420
2026-10-05T12:18:14.0860865Z       },
2026-10-05T12:18:14.0861051Z       {
2026-10-05T12:18:14.0861393Z         "path": "generated/submissions/openai/agdf/skills/sd-definition/SKILL.md",
2026-10-05T12:18:14.0861773Z         "size": 3747,
2026-10-05T12:18:14.0861982Z         "mode": 420
2026-10-05T12:18:14.0862189Z       },
2026-10-05T12:18:14.0862372Z       {
2026-10-05T12:18:14.0862731Z         "path": "generated/submissions/openai/agdf/skills/task-plan-review/help.md",
2026-10-05T12:18:14.0863301Z         "size": 457,
2026-10-05T12:18:14.0863510Z         "mode": 420
2026-10-05T12:18:14.0863706Z       },
2026-10-05T12:18:14.0863891Z       {
2026-10-05T12:18:14.0864256Z         "path": "generated/submissions/openai/agdf/skills/task-plan-review/SKILL.md",
2026-10-05T12:18:14.0864646Z         "size": 8292,
2026-10-05T12:18:14.0864859Z         "mode": 420
2026-10-05T12:18:14.0865053Z       },
2026-10-05T12:18:14.0865232Z       {
2026-10-05T12:18:14.0865565Z         "path": "generated/submissions/openai/agdf/skills/ur-definition/help.md",
2026-10-05T12:18:14.0865939Z         "size": 524,
2026-10-05T12:18:14.0866144Z         "mode": 420
2026-10-05T12:18:14.0866337Z       },
2026-10-05T12:18:14.0866522Z       {
2026-10-05T12:18:14.0866873Z         "path": "generated/submissions/openai/agdf/skills/ur-definition/SKILL.md",
2026-10-05T12:18:14.0867244Z         "size": 3720,
2026-10-05T12:18:14.0867459Z         "mode": 420
2026-10-05T12:18:14.0867652Z       },
2026-10-05T12:18:14.0867837Z       {
2026-10-05T12:18:14.0868207Z         "path": "generated/submissions/openai/agdf/skills/ux-intent-definition/help.md",
2026-10-05T12:18:14.0868613Z         "size": 540,
2026-10-05T12:18:14.0868819Z         "mode": 420
2026-10-05T12:18:14.0869012Z       },
2026-10-05T12:18:14.0869207Z       {
2026-10-05T12:18:14.0869578Z         "path": "generated/submissions/openai/agdf/skills/ux-intent-definition/SKILL.md",
2026-10-05T12:18:14.0869982Z         "size": 7311,
2026-10-05T12:18:14.0870191Z         "mode": 420
2026-10-05T12:18:14.0870383Z       },
2026-10-05T12:18:14.0870559Z       {
2026-10-05T12:18:14.0870940Z         "path": "generated/submissions/openai/agdf/submission/openai/availability.md",
2026-10-05T12:18:14.0871353Z         "size": 763,
2026-10-05T12:18:14.0871731Z         "mode": 420
2026-10-05T12:18:14.0871943Z       },
2026-10-05T12:18:14.0872158Z       {
2026-10-05T12:18:14.0872574Z         "path": "generated/submissions/openai/agdf/submission/openai/capability-matrix.json",
2026-10-05T12:18:14.0873238Z         "size": 2107,
2026-10-05T12:18:14.0873554Z         "mode": 420
2026-10-05T12:18:14.0873855Z       },
2026-10-05T12:18:14.0874052Z       {
2026-10-05T12:18:14.0874439Z         "path": "generated/submissions/openai/agdf/submission/openai/inventory.json",
2026-10-05T12:18:14.0874839Z         "size": 8870,
2026-10-05T12:18:14.0875056Z         "mode": 420
2026-10-05T12:18:14.0875267Z       },
2026-10-05T12:18:14.0875451Z       {
2026-10-05T12:18:14.0875811Z         "path": "generated/submissions/openai/agdf/submission/openai/listing.json",
2026-10-05T12:18:14.0876195Z         "size": 1745,
2026-10-05T12:18:14.0876416Z         "mode": 420
2026-10-05T12:18:14.0876616Z       },
2026-10-05T12:18:14.0876798Z       {
2026-10-05T12:18:14.0877166Z         "path": "generated/submissions/openai/agdf/submission/openai/readiness.json",
2026-10-05T12:18:14.0877551Z         "size": 1138,
2026-10-05T12:18:14.0877755Z         "mode": 420
2026-10-05T12:18:14.0877960Z       },
2026-10-05T12:18:14.0878144Z       {
2026-10-05T12:18:14.0878491Z         "path": "generated/submissions/openai/agdf/submission/openai/readiness.md",
2026-10-05T12:18:14.0878869Z         "size": 920,
2026-10-05T12:18:14.0879091Z         "mode": 420
2026-10-05T12:18:14.0879289Z       },
2026-10-05T12:18:14.0879623Z       {
2026-10-05T12:18:14.0880014Z         "path": "generated/submissions/openai/agdf/submission/openai/release-notes.md",
2026-10-05T12:18:14.0880415Z         "size": 2461,
2026-10-05T12:18:14.0880622Z         "mode": 420
2026-10-05T12:18:14.0880830Z       },
2026-10-05T12:18:14.0881013Z       {
2026-10-05T12:18:14.0881398Z         "path": "generated/submissions/openai/agdf/submission/openai/reviewer-cases.json",
2026-10-05T12:18:14.0881813Z         "size": 6324,
2026-10-05T12:18:14.0882027Z         "mode": 420
2026-10-05T12:18:14.0882228Z       },
2026-10-05T12:18:14.0882407Z       {
2026-10-05T12:18:14.0882653Z         "path": "lib/cli/application.js",
2026-10-05T12:18:14.0883042Z         "size": 50643,
2026-10-05T12:18:14.0883269Z         "mode": 420
2026-10-05T12:18:14.0883478Z       },
2026-10-05T12:18:14.0883665Z       {
2026-10-05T12:18:14.0883912Z         "path": "lib/cli/command-registry.js",
2026-10-05T12:18:14.0884209Z         "size": 25352,
2026-10-05T12:18:14.0884432Z         "mode": 420
2026-10-05T12:18:14.0884634Z       },
2026-10-05T12:18:14.0884817Z       {
2026-10-05T12:18:14.0885063Z         "path": "lib/cli/contract-command.js",
2026-10-05T12:18:14.0885339Z         "size": 1796,
2026-10-05T12:18:14.0885543Z         "mode": 420
2026-10-05T12:18:14.0885747Z       },
2026-10-05T12:18:14.0885932Z       {
2026-10-05T12:18:14.0886212Z         "path": "lib/cli/control-maintenance-command.js",
2026-10-05T12:18:14.0886532Z         "size": 2514,
2026-10-05T12:18:14.0886746Z         "mode": 420
2026-10-05T12:18:14.0886945Z       },
2026-10-05T12:18:14.0887126Z       {
2026-10-05T12:18:14.0887409Z         "path": "lib/cli/delivery-path-search-command.js",
2026-10-05T12:18:14.0887713Z         "size": 9065,
2026-10-05T12:18:14.0887919Z         "mode": 420
2026-10-05T12:18:14.0888124Z       },
2026-10-05T12:18:14.0888306Z       {
2026-10-05T12:18:14.0888536Z         "path": "lib/cli/parse-args.js",
2026-10-05T12:18:14.0888809Z         "size": 13953,
2026-10-05T12:18:14.0889034Z         "mode": 420
2026-10-05T12:18:14.0889233Z       },
2026-10-05T12:18:14.0889416Z       {
2026-10-05T12:18:14.0889664Z         "path": "lib/cli/runtime-context.js",
2026-10-05T12:18:14.0889944Z         "size": 2217,
2026-10-05T12:18:14.0890159Z         "mode": 420
2026-10-05T12:18:14.0890363Z       },
2026-10-05T12:18:14.0890546Z       {
2026-10-05T12:18:14.0890791Z         "path": "lib/cli/validation-handlers.js",
2026-10-05T12:18:14.0891085Z         "size": 11734,
2026-10-05T12:18:14.0891455Z         "mode": 420
2026-10-05T12:18:14.0891659Z       },
2026-10-05T12:18:14.0891845Z       {
2026-10-05T12:18:14.0892091Z         "path": "lib/control-command.js",
2026-10-05T12:18:14.0892363Z         "size": 413,
2026-10-05T12:18:14.0892578Z         "mode": 420
2026-10-05T12:18:14.0892783Z       },
2026-10-05T12:18:14.0893160Z       {
2026-10-05T12:18:14.0893457Z         "path": "lib/control-evaluation/git-observation.js",
2026-10-05T12:18:14.0893772Z         "size": 641,
2026-10-05T12:18:14.0893989Z         "mode": 420
2026-10-05T12:18:14.0894201Z       },
2026-10-05T12:18:14.0894391Z       {
2026-10-05T12:18:14.0894673Z         "path": "lib/control-maintenance/interaction.js",
2026-10-05T12:18:14.0894980Z         "size": 1279,
2026-10-05T12:18:14.0895190Z         "mode": 420
2026-10-05T12:18:14.0895392Z       },
2026-10-05T12:18:14.0895572Z       {
2026-10-05T12:18:14.0895821Z         "path": "lib/control-maintenance/repair.js",
2026-10-05T12:18:14.0896121Z         "size": 421,
2026-10-05T12:18:14.0896350Z         "mode": 420
2026-10-05T12:18:14.0896562Z       },
2026-10-05T12:18:14.0896750Z       {
2026-10-05T12:18:14.0897025Z         "path": "lib/control-maintenance/service.js",
2026-10-05T12:18:14.0897326Z         "size": 264,
2026-10-05T12:18:14.0897538Z         "mode": 420
2026-10-05T12:18:14.0897747Z       },
2026-10-05T12:18:14.0897938Z       {
2026-10-05T12:18:14.0898198Z         "path": "lib/control-maintenance/startup.js",
2026-10-05T12:18:14.0898491Z         "size": 1683,
2026-10-05T12:18:14.0898857Z         "mode": 420
2026-10-05T12:18:14.0899071Z       },
2026-10-05T12:18:14.0899257Z       {
2026-10-05T12:18:14.0899517Z         "path": "lib/control-state/run-recovery.js",
2026-10-05T12:18:14.0899812Z         "size": 526,
2026-10-05T12:18:14.0900018Z         "mode": 420
2026-10-05T12:18:14.0900226Z       },
2026-10-05T12:18:14.0900411Z       {
2026-10-05T12:18:14.0900704Z         "path": "lib/delivery-path-search/evaluators/claude.js",
2026-10-05T12:18:14.0901034Z         "size": 1525,
2026-10-05T12:18:14.0901270Z         "mode": 420
2026-10-05T12:18:14.0901474Z       },
2026-10-05T12:18:14.0901656Z       {
2026-10-05T12:18:14.0901950Z         "path": "lib/delivery-path-search/evaluators/codex.js",
2026-10-05T12:18:14.0902273Z         "size": 1919,
2026-10-05T12:18:14.0902486Z         "mode": 420
2026-10-05T12:18:14.0902695Z       },
2026-10-05T12:18:14.0902882Z       {
2026-10-05T12:18:14.0903382Z         "path": "lib/delivery-path-search/evaluators/opencode.js",
2026-10-05T12:18:14.0903716Z         "size": 8924,
2026-10-05T12:18:14.0903936Z         "mode": 420
2026-10-05T12:18:14.0904136Z       },
2026-10-05T12:18:14.0904314Z       {
2026-10-05T12:18:14.0904612Z         "path": "lib/delivery-path-search/evaluators/prompt.js",
2026-10-05T12:18:14.0904931Z         "size": 753,
2026-10-05T12:18:14.0905144Z         "mode": 420
2026-10-05T12:18:14.0905348Z       },
2026-10-05T12:18:14.0905529Z       {
2026-10-05T12:18:14.0905819Z         "path": "lib/delivery-path-search/evaluators/protocol.js",
2026-10-05T12:18:14.0906146Z         "size": 470,
2026-10-05T12:18:14.0906365Z         "mode": 420
2026-10-05T12:18:14.0906562Z       },
2026-10-05T12:18:14.0906743Z       {
2026-10-05T12:18:14.0907032Z         "path": "lib/delivery-path-search/generators/claude.js",
2026-10-05T12:18:14.0907346Z         "size": 2203,
2026-10-05T12:18:14.0907557Z         "mode": 420
2026-10-05T12:18:14.0907764Z       },
2026-10-05T12:18:14.0907946Z       {
2026-10-05T12:18:14.0908231Z         "path": "lib/delivery-path-search/generators/codex.js",
2026-10-05T12:18:14.0908548Z         "size": 2187,
2026-10-05T12:18:14.0908767Z         "mode": 420
2026-10-05T12:18:14.0908963Z       },
2026-10-05T12:18:14.0909150Z       {
2026-10-05T12:18:14.0909445Z         "path": "lib/delivery-path-search/generators/protocol.js",
2026-10-05T12:18:14.0909765Z         "size": 389,
2026-10-05T12:18:14.0910088Z         "mode": 420
2026-10-05T12:18:14.0910341Z       },
2026-10-05T12:18:14.0910529Z       {
2026-10-05T12:18:14.0910908Z         "path": "lib/delivery-path-search/surfaces/capabilities.js",
2026-10-05T12:18:14.0911426Z         "size": 1161,
2026-10-05T12:18:14.0911643Z         "mode": 420
2026-10-05T12:18:14.0911841Z       },
2026-10-05T12:18:14.0912043Z       {
2026-10-05T12:18:14.0912371Z         "path": "lib/delivery-path-search/transports/read-only-guard.js",
2026-10-05T12:18:14.0912729Z         "size": 1271,
2026-10-05T12:18:14.0913142Z         "mode": 420
2026-10-05T12:18:14.0913386Z       },
2026-10-05T12:18:14.0913565Z       {
2026-10-05T12:18:14.0913860Z         "path": "lib/host-adapters/claude/loaded-sessions.js",
2026-10-05T12:18:14.0914212Z         "size": 1927,
2026-10-05T12:18:14.0914432Z         "mode": 420
2026-10-05T12:18:14.0914636Z       },
2026-10-05T12:18:14.0914818Z       {
2026-10-05T12:18:14.0915270Z         "path": "lib/host-adapters/claude/marketplace.js",
2026-10-05T12:18:14.0915744Z         "size": 131,
2026-10-05T12:18:14.0916040Z         "mode": 420
2026-10-05T12:18:14.0916343Z       },
2026-10-05T12:18:14.0916614Z       {
2026-10-05T12:18:14.0917031Z         "path": "lib/host-adapters/claude/permission-rules.js",
2026-10-05T12:18:14.0917538Z         "size": 1149,
2026-10-05T12:18:14.0917877Z         "mode": 420
2026-10-05T12:18:14.0918191Z       },
2026-10-05T12:18:14.0931569Z       {
2026-10-05T12:18:14.0932104Z         "path": "lib/host-adapters/claude/plugin-mcp.js",
2026-10-05T12:18:14.0932461Z         "size": 1936,
2026-10-05T12:18:14.0932713Z         "mode": 420
2026-10-05T12:18:14.0933148Z       },
2026-10-05T12:18:14.0933662Z       {
2026-10-05T12:18:14.0934117Z         "path": "lib/host-adapters/claude/plugin.js",
2026-10-05T12:18:14.0934626Z         "size": 8982,
2026-10-05T12:18:14.0934849Z         "mode": 420
2026-10-05T12:18:14.0935065Z       },
2026-10-05T12:18:14.0935258Z       {
2026-10-05T12:18:14.0935549Z         "path": "lib/host-adapters/claude/runtime-check.js",
2026-10-05T12:18:14.0935870Z         "size": 1747,
2026-10-05T12:18:14.0936093Z         "mode": 420
2026-10-05T12:18:14.0936311Z       },
2026-10-05T12:18:14.0936515Z       {
2026-10-05T12:18:14.0936826Z         "path": "lib/host-adapters/claude/session-command.js",
2026-10-05T12:18:14.0937169Z         "size": 165,
2026-10-05T12:18:14.0937384Z         "mode": 420
2026-10-05T12:18:14.0937594Z       },
2026-10-05T12:18:14.0937777Z       {
2026-10-05T12:18:14.0938046Z         "path": "lib/host-adapters/claude/uninstall.js",
2026-10-05T12:18:14.0938352Z         "size": 4583,
2026-10-05T12:18:14.0938568Z         "mode": 420
2026-10-05T12:18:14.0938765Z       },
2026-10-05T12:18:14.0938956Z       {
2026-10-05T12:18:14.0939222Z         "path": "lib/host-adapters/codex/identity.js",
2026-10-05T12:18:14.0939517Z         "size": 840,
2026-10-05T12:18:14.0939733Z         "mode": 420
2026-10-05T12:18:14.0939933Z       },
2026-10-05T12:18:14.0940121Z       {
2026-10-05T12:18:14.0940405Z         "path": "lib/host-adapters/codex/plugin-mcp.js",
2026-10-05T12:18:14.0940715Z         "size": 2066,
2026-10-05T12:18:14.0940928Z         "mode": 420
2026-10-05T12:18:14.0941135Z       },
2026-10-05T12:18:14.0941316Z       {
2026-10-05T12:18:14.0941562Z         "path": "lib/host-adapters/codex/plugin.js",
2026-10-05T12:18:14.0941864Z         "size": 12230,
2026-10-05T12:18:14.0942078Z         "mode": 420
2026-10-05T12:18:14.0942280Z       },
2026-10-05T12:18:14.0942463Z       {
2026-10-05T12:18:14.0942751Z         "path": "lib/host-adapters/codex/runtime-check.js",
2026-10-05T12:18:14.0943267Z         "size": 2085,
2026-10-05T12:18:14.0943484Z         "mode": 420
2026-10-05T12:18:14.0943696Z       },
2026-10-05T12:18:14.0943882Z       {
2026-10-05T12:18:14.0944167Z         "path": "lib/host-adapters/codex/session-command.js",
2026-10-05T12:18:14.0944493Z         "size": 455,
2026-10-05T12:18:14.0944706Z         "mode": 420
2026-10-05T12:18:14.0944902Z       },
2026-10-05T12:18:14.0945079Z       {
2026-10-05T12:18:14.0945336Z         "path": "lib/host-adapters/copilot/plugin.js",
2026-10-05T12:18:14.0945631Z         "size": 13888,
2026-10-05T12:18:14.0946019Z         "mode": 420
2026-10-05T12:18:14.0946221Z       },
2026-10-05T12:18:14.0946398Z       {
2026-10-05T12:18:14.0946678Z         "path": "lib/host-adapters/copilot/session-command.js",
2026-10-05T12:18:14.0947002Z         "size": 91,
2026-10-05T12:18:14.0947198Z         "mode": 420
2026-10-05T12:18:14.0947392Z       },
2026-10-05T12:18:14.0947568Z       {
2026-10-05T12:18:14.0947853Z         "path": "lib/host-adapters/opencode/runtime-check.js",
2026-10-05T12:18:14.0948167Z         "size": 2198,
2026-10-05T12:18:14.0948380Z         "mode": 420
2026-10-05T12:18:14.0948580Z       },
2026-10-05T12:18:14.0948759Z       {
2026-10-05T12:18:14.0949041Z         "path": "lib/host-adapters/opencode/session-command.js",
2026-10-05T12:18:14.0949368Z         "size": 76,
2026-10-05T12:18:14.0949568Z         "mode": 420
2026-10-05T12:18:14.0949760Z       },
2026-10-05T12:18:14.0949939Z       {
2026-10-05T12:18:14.0950203Z         "path": "lib/host-adapters/opencode/status.js",
2026-10-05T12:18:14.0950497Z         "size": 2119,
2026-10-05T12:18:14.0950711Z         "mode": 420
2026-10-05T12:18:14.0950911Z       },
2026-10-05T12:18:14.0951090Z       {
2026-10-05T12:18:14.0951346Z         "path": "lib/host-adapters/session-command.js",
2026-10-05T12:18:14.0951636Z         "size": 609,
2026-10-05T12:18:14.0951841Z         "mode": 420
2026-10-05T12:18:14.0952035Z       },
2026-10-05T12:18:14.0952214Z       {
2026-10-05T12:18:14.0952449Z         "path": "lib/host-command.js",
2026-10-05T12:18:14.0952717Z         "size": 5591,
2026-10-05T12:18:14.0953301Z         "mode": 420
2026-10-05T12:18:14.0953518Z       },
2026-10-05T12:18:14.0953705Z       {
2026-10-05T12:18:14.0953963Z         "path": "lib/install-setup/contract.js",
2026-10-05T12:18:14.0954271Z         "size": 16559,
2026-10-05T12:18:14.0954489Z         "mode": 420
2026-10-05T12:18:14.0954688Z       },
2026-10-05T12:18:14.0954868Z       {
2026-10-05T12:18:14.0955145Z         "path": "lib/install-setup/control-migration.js",
2026-10-05T12:18:14.0955449Z         "size": 609,
2026-10-05T12:18:14.0955664Z         "mode": 420
2026-10-05T12:18:14.0955864Z       },
2026-10-05T12:18:14.0956041Z       {
2026-10-05T12:18:14.0956292Z         "path": "lib/install-setup/control-repair.js",
2026-10-05T12:18:14.0956590Z         "size": 100,
2026-10-05T12:18:14.0956794Z         "mode": 420
2026-10-05T12:18:14.0956987Z       },
2026-10-05T12:18:14.0957169Z       {
2026-10-05T12:18:14.0957422Z         "path": "lib/install-setup/interaction.js",
2026-10-05T12:18:14.0957714Z         "size": 4950,
2026-10-05T12:18:14.0957925Z         "mode": 420
2026-10-05T12:18:14.0958133Z       },
2026-10-05T12:18:14.0958313Z       {
2026-10-05T12:18:14.0958558Z         "path": "lib/install-setup/presentation.js",
2026-10-05T12:18:14.0958857Z         "size": 15298,
2026-10-05T12:18:14.0959065Z         "mode": 420
2026-10-05T12:18:14.0959259Z       },
2026-10-05T12:18:14.0959435Z       {
2026-10-05T12:18:14.0959685Z         "path": "lib/install-setup/service.js",
2026-10-05T12:18:14.0959971Z         "size": 19652,
2026-10-05T12:18:14.0960182Z         "mode": 420
2026-10-05T12:18:14.0960382Z       },
2026-10-05T12:18:14.0960558Z       {
2026-10-05T12:18:14.0960834Z         "path": "lib/installers/claude-cache-recovery.js",
2026-10-05T12:18:14.0961146Z         "size": 3047,
2026-10-05T12:18:14.0961369Z         "mode": 420
2026-10-05T12:18:14.0961573Z       },
2026-10-05T12:18:14.0961756Z       {
2026-10-05T12:18:14.0962075Z         "path": "lib/installers/copilot-marketplace-transport.js",
2026-10-05T12:18:14.0962413Z         "size": 4086,
2026-10-05T12:18:14.0962632Z         "mode": 420
2026-10-05T12:18:14.0962835Z       },
2026-10-05T12:18:14.0963196Z       {
2026-10-05T12:18:14.0963469Z         "path": "lib/installers/copilot-precedence.js",
2026-10-05T12:18:14.0963773Z         "size": 1432,
2026-10-05T12:18:14.0963981Z         "mode": 420
2026-10-05T12:18:14.0964179Z       },
2026-10-05T12:18:14.0964354Z       {
2026-10-05T12:18:14.0964612Z         "path": "lib/installers/copilot-settings.js",
2026-10-05T12:18:14.0965073Z         "size": 12074,
2026-10-05T12:18:14.0965288Z         "mode": 420
2026-10-05T12:18:14.0965493Z       },
2026-10-05T12:18:14.0965671Z       {
2026-10-05T12:18:14.0965961Z         "path": "lib/installers/copilot-skill-discovery.js",
2026-10-05T12:18:14.0966277Z         "size": 1551,
2026-10-05T12:18:14.0966483Z         "mode": 420
2026-10-05T12:18:14.0966676Z       },
2026-10-05T12:18:14.0966851Z       {
2026-10-05T12:18:14.0967108Z         "path": "lib/installers/local-development.js",
2026-10-05T12:18:14.0967406Z         "size": 11485,
2026-10-05T12:18:14.0967610Z         "mode": 420
2026-10-05T12:18:14.0967814Z       },
2026-10-05T12:18:14.0967990Z       {
2026-10-05T12:18:14.0968239Z         "path": "lib/installers/local-marketplace.js",
2026-10-05T12:18:14.0968521Z         "size": 39624,
2026-10-05T12:18:14.0968736Z         "mode": 420
2026-10-05T12:18:14.0968926Z       },
2026-10-05T12:18:14.0969103Z       {
2026-10-05T12:18:14.0969359Z         "path": "lib/installers/npm-invocation.js",
2026-10-05T12:18:14.0969654Z         "size": 194,
2026-10-05T12:18:14.0969862Z         "mode": 420
2026-10-05T12:18:14.0970066Z       },
2026-10-05T12:18:14.0970244Z       {
2026-10-05T12:18:14.0970507Z         "path": "lib/installers/opencode-activation.js",
2026-10-05T12:18:14.0970805Z         "size": 866,
2026-10-05T12:18:14.0971017Z         "mode": 420
2026-10-05T12:18:14.0971214Z       },
2026-10-05T12:18:14.0971392Z       {
2026-10-05T12:18:14.0971642Z         "path": "lib/installers/opencode.js",
2026-10-05T12:18:14.0972071Z         "size": 51900,
2026-10-05T12:18:14.0972293Z         "mode": 420
2026-10-05T12:18:14.0972385Z       },
2026-10-05T12:18:14.0972467Z       {
2026-10-05T12:18:14.0972625Z         "path": "lib/installers/plugin-command.js",
2026-10-05T12:18:14.0972722Z         "size": 4513,
2026-10-05T12:18:14.0972815Z         "mode": 420
2026-10-05T12:18:14.0973117Z       },
2026-10-05T12:18:14.0973215Z       {
2026-10-05T12:18:14.0973378Z         "path": "lib/installers/plugin-installers.js",
2026-10-05T12:18:14.0973473Z         "size": 1395,
2026-10-05T12:18:14.0973570Z         "mode": 420
2026-10-05T12:18:14.0973661Z       },
2026-10-05T12:18:14.0973742Z       {
2026-10-05T12:18:14.0973893Z         "path": "lib/lifecycle/operations.js",
2026-10-05T12:18:14.0973987Z         "size": 7301,
2026-10-05T12:18:14.0974078Z         "mode": 420
2026-10-05T12:18:14.0974159Z       },
2026-10-05T12:18:14.0974250Z       {
2026-10-05T12:18:14.0974410Z         "path": "lib/lifecycle/owned-mutation.js",
2026-10-05T12:18:14.0974507Z         "size": 2374,
2026-10-05T12:18:14.0974604Z         "mode": 420
2026-10-05T12:18:14.0974692Z       },
2026-10-05T12:18:14.0974773Z       {
2026-10-05T12:18:14.0974934Z         "path": "lib/lifecycle/presentation.js",
2026-10-05T12:18:14.0975026Z         "size": 8106,
2026-10-05T12:18:14.0975117Z         "mode": 420
2026-10-05T12:18:14.0975196Z       },
2026-10-05T12:18:14.0975283Z       {
2026-10-05T12:18:14.0975424Z         "path": "lib/lifecycle/result.js",
2026-10-05T12:18:14.0975520Z         "size": 13388,
2026-10-05T12:18:14.0975614Z         "mode": 420
2026-10-05T12:18:14.0975701Z       },
2026-10-05T12:18:14.0975782Z       {
2026-10-05T12:18:14.0975916Z         "path": "lib/lifecycle/status.js",
2026-10-05T12:18:14.0976009Z         "size": 9584,
2026-10-05T12:18:14.0976100Z         "mode": 420
2026-10-05T12:18:14.0976178Z       },
2026-10-05T12:18:14.0976265Z       {
2026-10-05T12:18:14.0976447Z         "path": "lib/live-agent/read-only-structured.js",
2026-10-05T12:18:14.0976533Z         "size": 1864,
2026-10-05T12:18:14.0976634Z         "mode": 420
2026-10-05T12:18:14.0976719Z       },
2026-10-05T12:18:14.0976799Z       {
2026-10-05T12:18:14.0976949Z         "path": "lib/mcp-dispatch-runtime.js",
2026-10-05T12:18:14.0977042Z         "size": 7671,
2026-10-05T12:18:14.0977134Z         "mode": 420
2026-10-05T12:18:14.0977213Z       },
2026-10-05T12:18:14.0977300Z       {
2026-10-05T12:18:14.0977474Z         "path": "lib/mcp-lifecycle/adapter-contract.js",
2026-10-05T12:18:14.0977721Z         "size": 2654,
2026-10-05T12:18:14.0977817Z         "mode": 420
2026-10-05T12:18:14.0977905Z       },
2026-10-05T12:18:14.0977985Z       {
2026-10-05T12:18:14.0978159Z         "path": "lib/mcp-lifecycle/adapters/claude.js",
2026-10-05T12:18:14.0978252Z         "size": 6298,
2026-10-05T12:18:14.0978342Z         "mode": 420
2026-10-05T12:18:14.0978422Z       },
2026-10-05T12:18:14.0978509Z       {
2026-10-05T12:18:14.0978666Z         "path": "lib/mcp-lifecycle/adapters/codex.js",
2026-10-05T12:18:14.0978756Z         "size": 7829,
2026-10-05T12:18:14.0978850Z         "mode": 420
2026-10-05T12:18:14.0978934Z       },
2026-10-05T12:18:14.0979014Z       {
2026-10-05T12:18:14.0979178Z         "path": "lib/mcp-lifecycle/adapters/copilot.js",
2026-10-05T12:18:14.0979273Z         "size": 5351,
2026-10-05T12:18:14.0979365Z         "mode": 420
2026-10-05T12:18:14.0979445Z       },
2026-10-05T12:18:14.0979534Z       {
2026-10-05T12:18:14.0979711Z         "path": "lib/mcp-lifecycle/adapters/file-utils.js",
2026-10-05T12:18:14.0979808Z         "size": 3292,
2026-10-05T12:18:14.0979901Z         "mode": 420
2026-10-05T12:18:14.0979987Z       },
2026-10-05T12:18:14.0980065Z       {
2026-10-05T12:18:14.0980236Z         "path": "lib/mcp-lifecycle/adapters/opencode.js",
2026-10-05T12:18:14.0980332Z         "size": 8173,
2026-10-05T12:18:14.0980426Z         "mode": 420
2026-10-05T12:18:14.0980508Z       },
2026-10-05T12:18:14.0980599Z       {
2026-10-05T12:18:14.0980749Z         "path": "lib/mcp-lifecycle/evidence.js",
2026-10-05T12:18:14.0980958Z         "size": 3556,
2026-10-05T12:18:14.0981056Z         "mode": 420
2026-10-05T12:18:14.0981141Z       },
2026-10-05T12:18:14.0981221Z       {
2026-10-05T12:18:14.0981378Z         "path": "lib/mcp-lifecycle/host-config.js",
2026-10-05T12:18:14.0981471Z         "size": 2865,
2026-10-05T12:18:14.0981563Z         "mode": 420
2026-10-05T12:18:14.0981642Z       },
2026-10-05T12:18:14.0981730Z       {
2026-10-05T12:18:14.0981882Z         "path": "lib/mcp-lifecycle/package.js",
2026-10-05T12:18:14.0981977Z         "size": 16097,
2026-10-05T12:18:14.0982072Z         "mode": 420
2026-10-05T12:18:14.0982159Z       },
2026-10-05T12:18:14.0982240Z       {
2026-10-05T12:18:14.0982403Z         "path": "lib/mcp-lifecycle/plugin-runtime.js",
2026-10-05T12:18:14.0982494Z         "size": 12833,
2026-10-05T12:18:14.0982584Z         "mode": 420
2026-10-05T12:18:14.0982661Z       },
2026-10-05T12:18:14.0982749Z       {
2026-10-05T12:18:14.0983114Z         "path": "lib/mcp-lifecycle/presentation.js",
2026-10-05T12:18:14.0983258Z         "size": 2925,
2026-10-05T12:18:14.0983399Z         "mode": 420
2026-10-05T12:18:14.0983532Z       },
2026-10-05T12:18:14.0983659Z       {
2026-10-05T12:18:14.0983936Z         "path": "lib/mcp-lifecycle/profile-context.js",
2026-10-05T12:18:14.0984086Z         "size": 473,
2026-10-05T12:18:14.0984235Z         "mode": 420
2026-10-05T12:18:14.0984358Z       },
2026-10-05T12:18:14.0984463Z       {
2026-10-05T12:18:14.0984613Z         "path": "lib/mcp-lifecycle/profile.js",
2026-10-05T12:18:14.0984709Z         "size": 4171,
2026-10-05T12:18:14.0984804Z         "mode": 420
2026-10-05T12:18:14.0984892Z       },
2026-10-05T12:18:14.0984972Z       {
2026-10-05T12:18:14.0985117Z         "path": "lib/mcp-lifecycle/result.js",
2026-10-05T12:18:14.0985214Z         "size": 3846,
2026-10-05T12:18:14.0985310Z         "mode": 420
2026-10-05T12:18:14.0985393Z       },
2026-10-05T12:18:14.0985480Z       {
2026-10-05T12:18:14.0985622Z         "path": "lib/mcp-lifecycle/service.js",
2026-10-05T12:18:14.0985714Z         "size": 18831,
2026-10-05T12:18:14.0985805Z         "mode": 420
2026-10-05T12:18:14.0985889Z       },
2026-10-05T12:18:14.0985968Z       {
2026-10-05T12:18:14.0986102Z         "path": "lib/npm-invocation.js",
2026-10-05T12:18:14.0986196Z         "size": 969,
2026-10-05T12:18:14.0986291Z         "mode": 420
2026-10-05T12:18:14.0986371Z       },
2026-10-05T12:18:14.0986456Z       {
2026-10-05T12:18:14.0986601Z         "path": "lib/repository-context.js",
2026-10-05T12:18:14.0986864Z         "size": 3033,
2026-10-05T12:18:14.0986958Z         "mode": 420
2026-10-05T12:18:14.0987047Z       },
2026-10-05T12:18:14.0987127Z       {
2026-10-05T12:18:14.0987302Z         "path": "lib/runtime-check-consent/adapters.js",
2026-10-05T12:18:14.0987398Z         "size": 314,
2026-10-05T12:18:14.0987495Z         "mode": 420
2026-10-05T12:18:14.0987576Z       },
2026-10-05T12:18:14.0987662Z       {
2026-10-05T12:18:14.0987858Z         "path": "lib/runtime-check-consent/claude-settings.js",
2026-10-05T12:18:14.0987951Z         "size": 2458,
2026-10-05T12:18:14.0988053Z         "mode": 420
2026-10-05T12:18:14.0988140Z       },
2026-10-05T12:18:14.0988220Z       {
2026-10-05T12:18:14.0988397Z         "path": "lib/runtime-check-consent/codex-hooks.js",
2026-10-05T12:18:14.0988496Z         "size": 4261,
2026-10-05T12:18:14.0988593Z         "mode": 420
2026-10-05T12:18:14.0988673Z       },
2026-10-05T12:18:14.0988759Z       {
2026-10-05T12:18:14.0988985Z         "path": "lib/runtime-check-consent/codex-plugin-consent.js",
2026-10-05T12:18:14.0989077Z         "size": 6474,
2026-10-05T12:18:14.0989171Z         "mode": 420
2026-10-05T12:18:14.0989259Z       },
2026-10-05T12:18:14.0989338Z       {
2026-10-05T12:18:14.0989507Z         "path": "lib/runtime-check-consent/contract.js",
2026-10-05T12:18:14.0989600Z         "size": 3925,
2026-10-05T12:18:14.0989693Z         "mode": 420
2026-10-05T12:18:14.0989774Z       },
2026-10-05T12:18:14.0989861Z       {
2026-10-05T12:18:14.0990033Z         "path": "lib/runtime-check-consent/coordinator.js",
2026-10-05T12:18:14.0990240Z         "size": 1866,
2026-10-05T12:18:14.0990339Z         "mode": 420
2026-10-05T12:18:14.0990430Z       },
2026-10-05T12:18:14.0990513Z       {
2026-10-05T12:18:14.0990678Z         "path": "lib/runtime-check-consent/service.js",
2026-10-05T12:18:14.0990769Z         "size": 8988,
2026-10-05T12:18:14.0990862Z         "mode": 420
2026-10-05T12:18:14.0990942Z       },
2026-10-05T12:18:14.0991026Z       {
2026-10-05T12:18:14.0991186Z         "path": "lib/runtime-check-consent/state.js",
2026-10-05T12:18:14.0991280Z         "size": 4910,
2026-10-05T12:18:14.0991373Z         "mode": 420
2026-10-05T12:18:14.0991460Z       },
2026-10-05T12:18:14.0991537Z       {
2026-10-05T12:18:14.0991710Z         "path": "lib/runtime/control-command-service.js",
2026-10-05T12:18:14.0991800Z         "size": 607,
2026-10-05T12:18:14.0991893Z         "mode": 420
2026-10-05T12:18:14.0991974Z       },
2026-10-05T12:18:14.0992057Z       {
2026-10-05T12:18:14.0992213Z         "path": "lib/runtime/control-context.js",
2026-10-05T12:18:14.0992300Z         "size": 904,
2026-10-05T12:18:14.0992394Z         "mode": 420
2026-10-05T12:18:14.0992480Z       },
2026-10-05T12:18:14.0992559Z       {
2026-10-05T12:18:14.0992706Z         "path": "lib/runtime/git-history.js",
2026-10-05T12:18:14.0992801Z         "size": 510,
2026-10-05T12:18:14.0993071Z         "mode": 420
2026-10-05T12:18:14.0993197Z       },
2026-10-05T12:18:14.0993289Z       {
2026-10-05T12:18:14.0993436Z         "path": "lib/runtime/git-originals.js",
2026-10-05T12:18:14.0993529Z         "size": 2213,
2026-10-05T12:18:14.0993627Z         "mode": 420
2026-10-05T12:18:14.0993712Z       },
2026-10-05T12:18:14.0993791Z       {
2026-10-05T12:18:14.0993944Z         "path": "lib/runtime/local-validator.js",
2026-10-05T12:18:14.0994038Z         "size": 14029,
2026-10-05T12:18:14.0994124Z         "mode": 420
2026-10-05T12:18:14.0994212Z       },
2026-10-05T12:18:14.0994299Z       {
2026-10-05T12:18:14.0994458Z         "path": "lib/runtime/plugin-provenance.js",
2026-10-05T12:18:14.0994549Z         "size": 57,
2026-10-05T12:18:14.0994639Z         "mode": 420
2026-10-05T12:18:14.0994722Z       },
2026-10-05T12:18:14.0994801Z       {
2026-10-05T12:18:14.0994950Z         "path": "lib/runtime/runtime-probe.js",
2026-10-05T12:18:14.0995040Z         "size": 3045,
2026-10-05T12:18:14.0995125Z         "mode": 420
2026-10-05T12:18:14.0995212Z       },
2026-10-05T12:18:14.0995297Z       {
2026-10-05T12:18:14.0995469Z         "path": "lib/runtime/validator-application.js",
2026-10-05T12:18:14.0995708Z         "size": 1823,
2026-10-05T12:18:14.0995798Z         "mode": 420
2026-10-05T12:18:14.0995883Z       },
2026-10-05T12:18:14.0995963Z       {
2026-10-05T12:18:14.0996113Z         "path": "lib/scaffold/canonical-init.js",
2026-10-05T12:18:14.0996208Z         "size": 27671,
2026-10-05T12:18:14.0996292Z         "mode": 420
2026-10-05T12:18:14.0996382Z       },
2026-10-05T12:18:14.0996466Z       {
2026-10-05T12:18:14.0996599Z         "path": "lib/scaffold/plan.js",
2026-10-05T12:18:14.0996688Z         "size": 6801,
2026-10-05T12:18:14.0996782Z         "mode": 420
2026-10-05T12:18:14.0996869Z       },
2026-10-05T12:18:14.0996948Z       {
2026-10-05T12:18:14.0997094Z         "path": "lib/scaffold/presentation.js",
2026-10-05T12:18:14.0997187Z         "size": 6227,
2026-10-05T12:18:14.0997274Z         "mode": 420
2026-10-05T12:18:14.0997365Z       },
2026-10-05T12:18:14.0997449Z       {
2026-10-05T12:18:14.0997580Z         "path": "lib/scaffold/write.js",
2026-10-05T12:18:14.0997673Z         "size": 1862,
2026-10-05T12:18:14.0997765Z         "mode": 420
2026-10-05T12:18:14.0997851Z       },
2026-10-05T12:18:14.0997932Z       {
2026-10-05T12:18:14.0998083Z         "path": "lib/skill-dispatch/binding.js",
2026-10-05T12:18:14.0998175Z         "size": 642,
2026-10-05T12:18:14.0998261Z         "mode": 420
2026-10-05T12:18:14.0998350Z       },
2026-10-05T12:18:14.0998437Z       {
2026-10-05T12:18:14.0998578Z         "path": "opencode-plugin.js",
2026-10-05T12:18:14.0998666Z         "size": 8893,
2026-10-05T12:18:14.0998883Z         "mode": 420
2026-10-05T12:18:14.0998977Z       },
2026-10-05T12:18:14.0999081Z       {
2026-10-05T12:18:14.0999205Z         "path": "package.json",
2026-10-05T12:18:14.0999300Z         "size": 1496,
2026-10-05T12:18:14.0999391Z         "mode": 420
2026-10-05T12:18:14.0999478Z       },
2026-10-05T12:18:14.0999558Z       {
2026-10-05T12:18:14.0999787Z         "path": "runtime/core/lib/control-evaluation/delivery-map.js",
2026-10-05T12:18:14.0999888Z         "size": 13111,
2026-10-05T12:18:14.0999973Z         "mode": 420
2026-10-05T12:18:14.1000056Z       },
2026-10-05T12:18:14.1000141Z       {
2026-10-05T12:18:14.1000395Z         "path": "runtime/core/lib/control-evaluation/delivery-relationships.js",
2026-10-05T12:18:14.1000492Z         "size": 1370,
2026-10-05T12:18:14.1000584Z         "mode": 420
2026-10-05T12:18:14.1000666Z       },
2026-10-05T12:18:14.1000746Z       {
2026-10-05T12:18:14.1000943Z         "path": "runtime/core/lib/control-evaluation/doctor.js",
2026-10-05T12:18:14.1001041Z         "size": 14393,
2026-10-05T12:18:14.1001127Z         "mode": 420
2026-10-05T12:18:14.1001217Z       },
2026-10-05T12:18:14.1001301Z       {
2026-10-05T12:18:14.1001494Z         "path": "runtime/core/lib/control-evaluation/gate-check.js",
2026-10-05T12:18:14.1001588Z         "size": 37366,
2026-10-05T12:18:14.1001680Z         "mode": 420
2026-10-05T12:18:14.1001763Z       },
2026-10-05T12:18:14.1001841Z       {
2026-10-05T12:18:14.1002049Z         "path": "runtime/core/lib/control-evaluation/gate-policy.js",
2026-10-05T12:18:14.1002146Z         "size": 17824,
2026-10-05T12:18:14.1002233Z         "mode": 420
2026-10-05T12:18:14.1002322Z       },
2026-10-05T12:18:14.1002404Z       {
2026-10-05T12:18:14.1002645Z         "path": "runtime/core/lib/control-evaluation/parent-reconciliation.js",
2026-10-05T12:18:14.1002743Z         "size": 10121,
2026-10-05T12:18:14.1002835Z         "mode": 420
2026-10-05T12:18:14.1003138Z       },
2026-10-05T12:18:14.1003226Z       {
2026-10-05T12:18:14.1003451Z         "path": "runtime/core/lib/control-evaluation/prd-readiness.js",
2026-10-05T12:18:14.1003549Z         "size": 2268,
2026-10-05T12:18:14.1003635Z         "mode": 420
2026-10-05T12:18:14.1003727Z       },
2026-10-05T12:18:14.1003812Z       {
2026-10-05T12:18:14.1004030Z         "path": "runtime/core/lib/control-evaluation/required-files.js",
2026-10-05T12:18:14.1004118Z         "size": 337,
2026-10-05T12:18:14.1004211Z         "mode": 420
2026-10-05T12:18:14.1004298Z       },
2026-10-05T12:18:14.1004545Z       {
2026-10-05T12:18:14.1004748Z         "path": "runtime/core/lib/control-evaluation/run-state.js",
2026-10-05T12:18:14.1004843Z         "size": 11605,
2026-10-05T12:18:14.1004930Z         "mode": 420
2026-10-05T12:18:14.1005021Z       },
2026-10-05T12:18:14.1005107Z       {
2026-10-05T12:18:14.1005331Z         "path": "runtime/core/lib/control-evaluation/run-step-policy.js",
2026-10-05T12:18:14.1005424Z         "size": 1382,
2026-10-05T12:18:14.1005521Z         "mode": 420
2026-10-05T12:18:14.1005613Z       },
2026-10-05T12:18:14.1005694Z       {
2026-10-05T12:18:14.1005903Z         "path": "runtime/core/lib/control-evaluation/sd-readiness.js",
2026-10-05T12:18:14.1005995Z         "size": 2561,
2026-10-05T12:18:14.1006079Z         "mode": 420
2026-10-05T12:18:14.1006166Z       },
2026-10-05T12:18:14.1006255Z       {
2026-10-05T12:18:14.1006444Z         "path": "runtime/core/lib/control-evaluation/shared.js",
2026-10-05T12:18:14.1006535Z         "size": 10972,
2026-10-05T12:18:14.1006633Z         "mode": 420
2026-10-05T12:18:14.1006723Z       },
2026-10-05T12:18:14.1006801Z       {
2026-10-05T12:18:14.1007052Z         "path": "runtime/core/lib/control-evaluation/traceability-readiness.js",
2026-10-05T12:18:14.1007146Z         "size": 13831,
2026-10-05T12:18:14.1007231Z         "mode": 420
2026-10-05T12:18:14.1007318Z       },
2026-10-05T12:18:14.1007405Z       {
2026-10-05T12:18:14.1007608Z         "path": "runtime/core/lib/control-evaluation/ur-readiness.js",
2026-10-05T12:18:14.1007830Z         "size": 2045,
2026-10-05T12:18:14.1007929Z         "mode": 420
2026-10-05T12:18:14.1008018Z       },
2026-10-05T12:18:14.1008098Z       {
2026-10-05T12:18:14.1008320Z         "path": "runtime/core/lib/control-evaluation/verified-change.js",
2026-10-05T12:18:14.1008418Z         "size": 12119,
2026-10-05T12:18:14.1008515Z         "mode": 420
2026-10-05T12:18:14.1008599Z       },
2026-10-05T12:18:14.1008687Z       {
2026-10-05T12:18:14.1008880Z         "path": "runtime/core/lib/control-inspect/contract.js",
2026-10-05T12:18:14.1008976Z         "size": 13500,
2026-10-05T12:18:14.1009070Z         "mode": 420
2026-10-05T12:18:14.1009156Z       },
2026-10-05T12:18:14.1009236Z       {
2026-10-05T12:18:14.1009423Z         "path": "runtime/core/lib/control-inspect/selection.js",
2026-10-05T12:18:14.1009518Z         "size": 1788,
2026-10-05T12:18:14.1009615Z         "mode": 420
2026-10-05T12:18:14.1009696Z       },
2026-10-05T12:18:14.1009781Z       {
2026-10-05T12:18:14.1009982Z         "path": "runtime/core/lib/control-inspect/service.js",
2026-10-05T12:18:14.1010078Z         "size": 12577,
2026-10-05T12:18:14.1010172Z         "mode": 420
2026-10-05T12:18:14.1010261Z       },
2026-10-05T12:18:14.1010342Z       {
2026-10-05T12:18:14.1010561Z         "path": "runtime/core/lib/control-maintenance/compatibility.js",
2026-10-05T12:18:14.1010655Z         "size": 8412,
2026-10-05T12:18:14.1010747Z         "mode": 420
2026-10-05T12:18:14.1010826Z       },
2026-10-05T12:18:14.1010916Z       {
2026-10-05T12:18:14.1011139Z         "path": "runtime/core/lib/control-maintenance/contract.js",
2026-10-05T12:18:14.1011227Z         "size": 2342,
2026-10-05T12:18:14.1011319Z         "mode": 420
2026-10-05T12:18:14.1011404Z       },
2026-10-05T12:18:14.1011484Z       {
2026-10-05T12:18:14.1011691Z         "path": "runtime/core/lib/control-maintenance/interaction.js",
2026-10-05T12:18:14.1011785Z         "size": 3207,
2026-10-05T12:18:14.1011880Z         "mode": 420
2026-10-05T12:18:14.1011959Z       },
2026-10-05T12:18:14.1012048Z       {
2026-10-05T12:18:14.1012248Z         "path": "runtime/core/lib/control-maintenance/migration.js",
2026-10-05T12:18:14.1012335Z         "size": 5383,
2026-10-05T12:18:14.1012427Z         "mode": 420
2026-10-05T12:18:14.1012513Z       },
2026-10-05T12:18:14.1012594Z       {
2026-10-05T12:18:14.1012806Z         "path": "runtime/core/lib/control-maintenance/presentation.js",
2026-10-05T12:18:14.1013064Z         "size": 8246,
2026-10-05T12:18:14.1013165Z         "mode": 420
2026-10-05T12:18:14.1013386Z       },
2026-10-05T12:18:14.1013478Z       {
2026-10-05T12:18:14.1013680Z         "path": "runtime/core/lib/control-maintenance/repair.js",
2026-10-05T12:18:14.1013769Z         "size": 13216,
2026-10-05T12:18:14.1013865Z         "mode": 420
2026-10-05T12:18:14.1013949Z       },
2026-10-05T12:18:14.1014029Z       {
2026-10-05T12:18:14.1014226Z         "path": "runtime/core/lib/control-maintenance/service.js",
2026-10-05T12:18:14.1014318Z         "size": 2412,
2026-10-05T12:18:14.1014410Z         "mode": 420
2026-10-05T12:18:14.1014495Z       },
2026-10-05T12:18:14.1014587Z       {
2026-10-05T12:18:14.1014775Z         "path": "runtime/core/lib/control-read-boundary.js",
2026-10-05T12:18:14.1014863Z         "size": 906,
2026-10-05T12:18:14.1014962Z         "mode": 420
2026-10-05T12:18:14.1015046Z       },
2026-10-05T12:18:14.1015126Z       {
2026-10-05T12:18:14.1015305Z         "path": "runtime/core/lib/control-state/aggregate.js",
2026-10-05T12:18:14.1015398Z         "size": 503,
2026-10-05T12:18:14.1015496Z         "mode": 420
2026-10-05T12:18:14.1015574Z       },
2026-10-05T12:18:14.1015660Z       {
2026-10-05T12:18:14.1015906Z         "path": "runtime/core/lib/control-state/approval-command-contract.js",
2026-10-05T12:18:14.1015992Z         "size": 3748,
2026-10-05T12:18:14.1016086Z         "mode": 420
2026-10-05T12:18:14.1016167Z       },
2026-10-05T12:18:14.1016249Z       {
2026-10-05T12:18:14.1016461Z         "path": "runtime/core/lib/control-state/approval-command.js",
2026-10-05T12:18:14.1016559Z         "size": 8139,
2026-10-05T12:18:14.1016774Z         "mode": 420
2026-10-05T12:18:14.1016861Z       },
2026-10-05T12:18:14.1016951Z       {
2026-10-05T12:18:14.1017175Z         "path": "runtime/core/lib/control-state/approval-operations.js",
2026-10-05T12:18:14.1017264Z         "size": 6088,
2026-10-05T12:18:14.1017361Z         "mode": 420
2026-10-05T12:18:14.1017448Z       },
2026-10-05T12:18:14.1017533Z       {
2026-10-05T12:18:14.1017762Z         "path": "runtime/core/lib/control-state/artefact-binding-proof.js",
2026-10-05T12:18:14.1017864Z         "size": 4880,
2026-10-05T12:18:14.1017956Z         "mode": 420
2026-10-05T12:18:14.1018039Z       },
2026-10-05T12:18:14.1018131Z       {
2026-10-05T12:18:14.1018334Z         "path": "runtime/core/lib/control-state/artefact-bindings.js",
2026-10-05T12:18:14.1018423Z         "size": 6925,
2026-10-05T12:18:14.1018517Z         "mode": 420
2026-10-05T12:18:14.1018604Z       },
2026-10-05T12:18:14.1018691Z       {
2026-10-05T12:18:14.1018886Z         "path": "runtime/core/lib/control-state/contained-file.js",
2026-10-05T12:18:14.1018981Z         "size": 2204,
2026-10-05T12:18:14.1019071Z         "mode": 420
2026-10-05T12:18:14.1019150Z       },
2026-10-05T12:18:14.1019237Z       {
2026-10-05T12:18:14.1019458Z         "path": "runtime/core/lib/control-state/control-configuration.js",
2026-10-05T12:18:14.1019546Z         "size": 1072,
2026-10-05T12:18:14.1019640Z         "mode": 420
2026-10-05T12:18:14.1019727Z       },
2026-10-05T12:18:14.1019812Z       {
2026-10-05T12:18:14.1020044Z         "path": "runtime/core/lib/control-state/gate-approval-validator.js",
2026-10-05T12:18:14.1020140Z         "size": 1704,
2026-10-05T12:18:14.1020231Z         "mode": 420
2026-10-05T12:18:14.1020311Z       },
2026-10-05T12:18:14.1020399Z       {
2026-10-05T12:18:14.1020573Z         "path": "runtime/core/lib/control-state/index.js",
2026-10-05T12:18:14.1020667Z         "size": 346,
2026-10-05T12:18:14.1020754Z         "mode": 420
2026-10-05T12:18:14.1020840Z       },
2026-10-05T12:18:14.1020932Z       {
2026-10-05T12:18:14.1021133Z         "path": "runtime/core/lib/control-state/legacy-migration.js",
2026-10-05T12:18:14.1021225Z         "size": 3088,
2026-10-05T12:18:14.1021314Z         "mode": 420
2026-10-05T12:18:14.1021393Z       },
2026-10-05T12:18:14.1021482Z       {
2026-10-05T12:18:14.1021718Z         "path": "runtime/core/lib/control-state/legacy-projection-reader.js",
2026-10-05T12:18:14.1021854Z         "size": 1984,
2026-10-05T12:18:14.1021942Z         "mode": 420
2026-10-05T12:18:14.1022131Z       },
2026-10-05T12:18:14.1022221Z       {
2026-10-05T12:18:14.1022448Z         "path": "runtime/core/lib/control-state/run-artefact-recording.js",
2026-10-05T12:18:14.1022543Z         "size": 6620,
2026-10-05T12:18:14.1022634Z         "mode": 420
2026-10-05T12:18:14.1022713Z       },
2026-10-05T12:18:14.1022804Z       {
2026-10-05T12:18:14.1023180Z         "path": "runtime/core/lib/control-state/run-identity.js",
2026-10-05T12:18:14.1023282Z         "size": 573,
2026-10-05T12:18:14.1023375Z         "mode": 420
2026-10-05T12:18:14.1023463Z       },
2026-10-05T12:18:14.1023549Z       {
2026-10-05T12:18:14.1023772Z         "path": "runtime/core/lib/control-state/run-presentation-render.js",
2026-10-05T12:18:14.1023870Z         "size": 17579,
2026-10-05T12:18:14.1023963Z         "mode": 420
2026-10-05T12:18:14.1024044Z       },
2026-10-05T12:18:14.1024132Z       {
2026-10-05T12:18:14.1024335Z         "path": "runtime/core/lib/control-state/run-presentation.js",
2026-10-05T12:18:14.1024436Z         "size": 6777,
2026-10-05T12:18:14.1024521Z         "mode": 420
2026-10-05T12:18:14.1024609Z       },
2026-10-05T12:18:14.1024697Z       {
2026-10-05T12:18:14.1024885Z         "path": "runtime/core/lib/control-state/run-recording.js",
2026-10-05T12:18:14.1024979Z         "size": 10751,
2026-10-05T12:18:14.1025073Z         "mode": 420
2026-10-05T12:18:14.1025154Z       },
2026-10-05T12:18:14.1025243Z       {
2026-10-05T12:18:14.1025428Z         "path": "runtime/core/lib/control-state/run-recovery.js",
2026-10-05T12:18:14.1025658Z         "size": 17891,
2026-10-05T12:18:14.1025748Z         "mode": 420
2026-10-05T12:18:14.1025834Z       },
2026-10-05T12:18:14.1025921Z       {
2026-10-05T12:18:14.1026168Z         "path": "runtime/core/lib/control-state/run-relationship-correction.js",
2026-10-05T12:18:14.1026266Z         "size": 5721,
2026-10-05T12:18:14.1026371Z         "mode": 420
2026-10-05T12:18:14.1026453Z       },
2026-10-05T12:18:14.1026545Z       {
2026-10-05T12:18:14.1026775Z         "path": "runtime/core/lib/control-state/run-revision-history.js",
2026-10-05T12:18:14.1026873Z         "size": 9598,
2026-10-05T12:18:14.1026963Z         "mode": 420
2026-10-05T12:18:14.1027049Z       },
2026-10-05T12:18:14.1027136Z       {
2026-10-05T12:18:14.1027312Z         "path": "runtime/core/lib/control-state/run-revision.js",
2026-10-05T12:18:14.1027409Z         "size": 24412,
2026-10-05T12:18:14.1027500Z         "mode": 420
2026-10-05T12:18:14.1027587Z       },
2026-10-05T12:18:14.1027668Z       {
2026-10-05T12:18:14.1027857Z         "path": "runtime/core/lib/control-state/run-seal.js",
2026-10-05T12:18:14.1027951Z         "size": 7838,
2026-10-05T12:18:14.1028036Z         "mode": 420
2026-10-05T12:18:14.1028122Z       },
2026-10-05T12:18:14.1028208Z       {
2026-10-05T12:18:14.1028414Z         "path": "runtime/core/lib/control-state/run-source-revisions.js",
2026-10-05T12:18:14.1028509Z         "size": 9961,
2026-10-05T12:18:14.1028600Z         "mode": 420
2026-10-05T12:18:14.1028685Z       },
2026-10-05T12:18:14.1028772Z       {
2026-10-05T12:18:14.1028971Z         "path": "runtime/core/lib/control-state/run-state-edits.js",
2026-10-05T12:18:14.1029066Z         "size": 6233,
2026-10-05T12:18:14.1029152Z         "mode": 420
2026-10-05T12:18:14.1029240Z       },
2026-10-05T12:18:14.1029325Z       {
2026-10-05T12:18:14.1029517Z         "path": "runtime/core/lib/control-state/run-state-parser.js",
2026-10-05T12:18:14.1029611Z         "size": 12277,
2026-10-05T12:18:14.1029699Z         "mode": 420
2026-10-05T12:18:14.1029783Z       },
2026-10-05T12:18:14.1029868Z       {
2026-10-05T12:18:14.1030061Z         "path": "runtime/core/lib/control-state/run-state-reader.js",
2026-10-05T12:18:14.1030157Z         "size": 1875,
2026-10-05T12:18:14.1030243Z         "mode": 420
2026-10-05T12:18:14.1030333Z       },
2026-10-05T12:18:14.1030419Z       {
2026-10-05T12:18:14.1030621Z         "path": "runtime/core/lib/control-state/run-state-repository.js",
2026-10-05T12:18:14.1030714Z         "size": 6390,
2026-10-05T12:18:14.1031001Z         "mode": 420
2026-10-05T12:18:14.1031091Z       },
2026-10-05T12:18:14.1031175Z       {
2026-10-05T12:18:14.1031392Z         "path": "runtime/core/lib/control-state/run-state-resolver.js",
2026-10-05T12:18:14.1031487Z         "size": 1371,
2026-10-05T12:18:14.1031573Z         "mode": 420
2026-10-05T12:18:14.1031664Z       },
2026-10-05T12:18:14.1031751Z       {
2026-10-05T12:18:14.1031939Z         "path": "runtime/core/lib/control-state/run-state-writer.js",
2026-10-05T12:18:14.1032038Z         "size": 16219,
2026-10-05T12:18:14.1032136Z         "mode": 420
2026-10-05T12:18:14.1032228Z       },
2026-10-05T12:18:14.1032307Z       {
2026-10-05T12:18:14.1032503Z         "path": "runtime/core/lib/control-state/run-step-pending.js",
2026-10-05T12:18:14.1032597Z         "size": 620,
2026-10-05T12:18:14.1032684Z         "mode": 420
2026-10-05T12:18:14.1032773Z       },
2026-10-05T12:18:14.1032859Z       {
2026-10-05T12:18:14.1033283Z         "path": "runtime/core/lib/control-state/run-step-transaction.js",
2026-10-05T12:18:14.1033381Z         "size": 15958,
2026-10-05T12:18:14.1033476Z         "mode": 420
2026-10-05T12:18:14.1033562Z       },
2026-10-05T12:18:14.1033645Z       {
2026-10-05T12:18:14.1033904Z         "path": "runtime/core/lib/control-state/run-steps.js",
2026-10-05T12:18:14.1034042Z         "size": 15588,
2026-10-05T12:18:14.1034171Z         "mode": 420
2026-10-05T12:18:14.1034298Z       },
2026-10-05T12:18:14.1034426Z       {
2026-10-05T12:18:14.1034952Z         "path": "runtime/core/lib/control-state/run-store-inspection.js",
2026-10-05T12:18:14.1035086Z         "size": 2164,
2026-10-05T12:18:14.1035226Z         "mode": 420
2026-10-05T12:18:14.1035361Z       },
2026-10-05T12:18:14.1035484Z       {
2026-10-05T12:18:14.1035817Z         "path": "runtime/core/lib/delivery-continuation/service.js",
2026-10-05T12:18:14.1035960Z         "size": 3947,
2026-10-05T12:18:14.1036094Z         "mode": 420
2026-10-05T12:18:14.1036234Z       },
2026-10-05T12:18:14.1036372Z       {
2026-10-05T12:18:14.1036771Z         "path": "runtime/core/lib/delivery-path-search/candidate-policy.js",
2026-10-05T12:18:14.1036906Z         "size": 3919,
2026-10-05T12:18:14.1037051Z         "mode": 420
2026-10-05T12:18:14.1037182Z       },
2026-10-05T12:18:14.1037304Z       {
2026-10-05T12:18:14.1037639Z         "path": "runtime/core/lib/delivery-path-search/contracts.js",
2026-10-05T12:18:14.1037792Z         "size": 15955,
2026-10-05T12:18:14.1037927Z         "mode": 420
2026-10-05T12:18:14.1038064Z       },
2026-10-05T12:18:14.1038199Z       {
2026-10-05T12:18:14.1038440Z         "path": "runtime/core/lib/delivery-path-search/persistence.js",
2026-10-05T12:18:14.1038531Z         "size": 2521,
2026-10-05T12:18:14.1038625Z         "mode": 420
2026-10-05T12:18:14.1038714Z       },
2026-10-05T12:18:14.1038799Z       {
2026-10-05T12:18:14.1039004Z         "path": "runtime/core/lib/delivery-path-search/scoring.js",
2026-10-05T12:18:14.1039099Z         "size": 824,
2026-10-05T12:18:14.1039192Z         "mode": 420
2026-10-05T12:18:14.1039277Z       },
2026-10-05T12:18:14.1039364Z       {
2026-10-05T12:18:14.1039579Z         "path": "runtime/core/lib/delivery-path-search/search-engine.js",
2026-10-05T12:18:14.1039666Z         "size": 11244,
2026-10-05T12:18:14.1039757Z         "mode": 420
2026-10-05T12:18:14.1039843Z       },
2026-10-05T12:18:14.1039923Z       {
2026-10-05T12:18:14.1040133Z         "path": "runtime/core/lib/delivery-path-search/state-adapter.js",
2026-10-05T12:18:14.1040226Z         "size": 4596,
2026-10-05T12:18:14.1040318Z         "mode": 420
2026-10-05T12:18:14.1040402Z       },
2026-10-05T12:18:14.1040492Z       {
2026-10-05T12:18:14.1040639Z         "path": "runtime/core/lib/fs-swap.js",
2026-10-05T12:18:14.1040726Z         "size": 916,
2026-10-05T12:18:14.1040823Z         "mode": 420
2026-10-05T12:18:14.1040909Z       },
2026-10-05T12:18:14.1040990Z       {
2026-10-05T12:18:14.1041133Z         "path": "runtime/core/lib/index.js",
2026-10-05T12:18:14.1041285Z         "size": 954,
2026-10-05T12:18:14.1041420Z         "mode": 420
2026-10-05T12:18:14.1041735Z       },
2026-10-05T12:18:14.1041871Z       {
2026-10-05T12:18:14.1042231Z         "path": "runtime/core/lib/interaction-catalog-validation.js",
2026-10-05T12:18:14.1042354Z         "size": 1453,
2026-10-05T12:18:14.1042452Z         "mode": 420
2026-10-05T12:18:14.1042539Z       },
2026-10-05T12:18:14.1042618Z       {
2026-10-05T12:18:14.1042803Z         "path": "runtime/core/lib/interaction-catalog.js",
2026-10-05T12:18:14.1043066Z         "size": 3628,
2026-10-05T12:18:14.1043210Z         "mode": 420
2026-10-05T12:18:14.1043293Z       },
2026-10-05T12:18:14.1043381Z       {
2026-10-05T12:18:14.1043586Z         "path": "runtime/core/lib/interaction-presentation.js",
2026-10-05T12:18:14.1043674Z         "size": 65120,
2026-10-05T12:18:14.1043772Z         "mode": 420
2026-10-05T12:18:14.1043861Z       },
2026-10-05T12:18:14.1043942Z       {
2026-10-05T12:18:14.1044139Z         "path": "runtime/core/lib/repository-context-reader.js",
2026-10-05T12:18:14.1044231Z         "size": 3135,
2026-10-05T12:18:14.1044333Z         "mode": 420
2026-10-05T12:18:14.1044415Z       },
2026-10-05T12:18:14.1044505Z       {
2026-10-05T12:18:14.1044675Z         "path": "runtime/core/lib/resources/binding.js",
2026-10-05T12:18:14.1044762Z         "size": 303,
2026-10-05T12:18:14.1044853Z         "mode": 420
2026-10-05T12:18:14.1044937Z       },
2026-10-05T12:18:14.1045019Z       {
2026-10-05T12:18:14.1045180Z         "path": "runtime/core/lib/resources/context.js",
2026-10-05T12:18:14.1045271Z         "size": 3469,
2026-10-05T12:18:14.1045512Z         "mode": 420
2026-10-05T12:18:14.1045643Z       },
2026-10-05T12:18:14.1045781Z       {
2026-10-05T12:18:14.1046065Z         "path": "runtime/core/lib/resources/contracts.js",
2026-10-05T12:18:14.1046206Z         "size": 1513,
2026-10-05T12:18:14.1046354Z         "mode": 420
2026-10-05T12:18:14.1046442Z       },
2026-10-05T12:18:14.1046523Z       {
2026-10-05T12:18:14.1046773Z         "path": "runtime/core/lib/runtime/distribution-profile-history.js",
2026-10-05T12:18:14.1046874Z         "size": 6077,
2026-10-05T12:18:14.1046969Z         "mode": 420
2026-10-05T12:18:14.1047051Z       },
2026-10-05T12:18:14.1047141Z       {
2026-10-05T12:18:14.1047331Z         "path": "runtime/core/lib/runtime/plugin-provenance.js",
2026-10-05T12:18:14.1047417Z         "size": 20490,
2026-10-05T12:18:14.1047512Z         "mode": 420
2026-10-05T12:18:14.1047598Z       },
2026-10-05T12:18:14.1047677Z       {
2026-10-05T12:18:14.1047866Z         "path": "runtime/core/lib/skill-dispatch/binding.js",
2026-10-05T12:18:14.1047963Z         "size": 3647,
2026-10-05T12:18:14.1048055Z         "mode": 420
2026-10-05T12:18:14.1048135Z       },
2026-10-05T12:18:14.1048222Z       {
2026-10-05T12:18:14.1048407Z         "path": "runtime/core/lib/skill-dispatch/contract.js",
2026-10-05T12:18:14.1048494Z         "size": 27887,
2026-10-05T12:18:14.1048589Z         "mode": 420
2026-10-05T12:18:14.1048673Z       },
2026-10-05T12:18:14.1048753Z       {
2026-10-05T12:18:14.1048960Z         "path": "runtime/core/lib/skill-dispatch/delivery-intake.js",
2026-10-05T12:18:14.1049054Z         "size": 4635,
2026-10-05T12:18:14.1049145Z         "mode": 420
2026-10-05T12:18:14.1049224Z       },
2026-10-05T12:18:14.1049311Z       {
2026-10-05T12:18:14.1049551Z         "path": "runtime/core/lib/skill-dispatch/delivery-run-assignment.js",
2026-10-05T12:18:14.1049643Z         "size": 4578,
2026-10-05T12:18:14.1049736Z         "mode": 420
2026-10-05T12:18:14.1049822Z       },
2026-10-05T12:18:14.1049900Z       {
2026-10-05T12:18:14.1050107Z         "path": "runtime/core/lib/skill-dispatch/prd-definition.js",
2026-10-05T12:18:14.1050204Z         "size": 2845,
2026-10-05T12:18:14.1050297Z         "mode": 420
2026-10-05T12:18:14.1050376Z       },
2026-10-05T12:18:14.1050465Z       {
2026-10-05T12:18:14.1050664Z         "path": "runtime/core/lib/skill-dispatch/sd-definition.js",
2026-10-05T12:18:14.1050753Z         "size": 2900,
2026-10-05T12:18:14.1050848Z         "mode": 420
2026-10-05T12:18:14.1050937Z       },
2026-10-05T12:18:14.1051170Z       {
2026-10-05T12:18:14.1051356Z         "path": "runtime/core/lib/skill-dispatch/service.js",
2026-10-05T12:18:14.1051453Z         "size": 40882,
2026-10-05T12:18:14.1051544Z         "mode": 420
2026-10-05T12:18:14.1051625Z       },
2026-10-05T12:18:14.1051712Z       {
2026-10-05T12:18:14.1051891Z         "path": "runtime/core/lib/task-target-resolution.js",
2026-10-05T12:18:14.1051977Z         "size": 8096,
2026-10-05T12:18:14.1052069Z         "mode": 420
2026-10-05T12:18:14.1052157Z       }
2026-10-05T12:18:14.1052251Z     ],
2026-10-05T12:18:14.1052348Z     "entryCount": 761,
2026-10-05T12:18:14.1052445Z     "bundled": []
2026-10-05T12:18:14.1052536Z   }
2026-10-05T12:18:14.1052621Z ]
2026-10-05T12:18:14.1052710Z [
2026-10-05T12:18:14.1052797Z   {
2026-10-05T12:18:14.1053088Z     "id": "@agdf/cli@0.14.5",
2026-10-05T12:18:14.1053228Z     "name": "@agdf/cli",
2026-10-05T12:18:14.1053330Z     "version": "0.14.5",
2026-10-05T12:18:14.1053418Z     "size": 8032,
2026-10-05T12:18:14.1053536Z     "unpackedSize": 22320,
2026-10-05T12:18:14.1053711Z     "shasum": "17488d5e043d8075bee788085d5a8a67c4fd5e36",
2026-10-05T12:18:14.1054171Z     "integrity": "sha512-oKD8494HurBVHH2YZzCKpjTP6CyzjUv1XZzYDVBx3Gp18QxwkIBzJNvZX/xg6VbJTj1r5t3fF6wXom8YBk9/hg==",
2026-10-05T12:18:14.1054303Z     "filename": "agdf-cli-0.14.5.tgz",
2026-10-05T12:18:14.1054401Z     "files": [
2026-10-05T12:18:14.1054490Z       {
2026-10-05T12:18:14.1054582Z         "path": "LICENSE",
2026-10-05T12:18:14.1054676Z         "size": 11357,
2026-10-05T12:18:14.1054948Z         "mode": 420
2026-10-05T12:18:14.1055084Z       },
2026-10-05T12:18:14.1055204Z       {
2026-10-05T12:18:14.1055359Z         "path": "NOTICE",
2026-10-05T12:18:14.1055506Z         "size": 483,
2026-10-05T12:18:14.1055638Z         "mode": 420
2026-10-05T12:18:14.1055773Z       },
2026-10-05T12:18:14.1055892Z       {
2026-10-05T12:18:14.1055997Z         "path": "README.md",
2026-10-05T12:18:14.1056097Z         "size": 9382,
2026-10-05T12:18:14.1056201Z         "mode": 420
2026-10-05T12:18:14.1056284Z       },
2026-10-05T12:18:14.1056378Z       {
2026-10-05T12:18:14.1056502Z         "path": "bin/agdf.js",
2026-10-05T12:18:14.1056596Z         "size": 47,
2026-10-05T12:18:14.1056681Z         "mode": 420
2026-10-05T12:18:14.1056769Z       },
2026-10-05T12:18:14.1056856Z       {
2026-10-05T12:18:14.1056977Z         "path": "package.json",
2026-10-05T12:18:14.1057073Z         "size": 1051,
2026-10-05T12:18:14.1057167Z         "mode": 420
2026-10-05T12:18:14.1057246Z       }
2026-10-05T12:18:14.1057342Z     ],
2026-10-05T12:18:14.1057449Z     "entryCount": 5,
2026-10-05T12:18:14.1057544Z     "bundled": []
2026-10-05T12:18:14.1057628Z   }
2026-10-05T12:18:14.1057719Z ]
2026-10-05T12:18:14.1057806Z [
2026-10-05T12:18:14.1057886Z   {
2026-10-05T12:18:14.1058019Z     "id": "@agdf/mcp-server@0.14.5",
2026-10-05T12:18:14.1058136Z     "name": "@agdf/mcp-server",
2026-10-05T12:18:14.1058227Z     "version": "0.14.5",
2026-10-05T12:18:14.1058322Z     "size": 8369,
2026-10-05T12:18:14.1058429Z     "unpackedSize": 23720,
2026-10-05T12:18:14.1058606Z     "shasum": "f95c711e473b04ed61b4356bad30b14c8aa8ceb3",
2026-10-05T12:18:14.1059056Z     "integrity": "sha512-tF915GIqo13z+UDBXn0W80+3Dt6JiAW8X18i7Vj0g9njqmm2bZFnGyH8xH01psn+02P6Nxv7j20WhN7FHnscmA==",
2026-10-05T12:18:14.1059213Z     "filename": "agdf-mcp-server-0.14.5.tgz",
2026-10-05T12:18:14.1059307Z     "files": [
2026-10-05T12:18:14.1059387Z       {
2026-10-05T12:18:14.1059488Z         "path": "LICENSE",
2026-10-05T12:18:14.1059581Z         "size": 11357,
2026-10-05T12:18:14.1059672Z         "mode": 420
2026-10-05T12:18:14.1059765Z       },
2026-10-05T12:18:14.1059855Z       {
2026-10-05T12:18:14.1059953Z         "path": "NOTICE",
2026-10-05T12:18:14.1060042Z         "size": 521,
2026-10-05T12:18:14.1060134Z         "mode": 420
2026-10-05T12:18:14.1060225Z       },
2026-10-05T12:18:14.1060304Z       {
2026-10-05T12:18:14.1060406Z         "path": "README.md",
2026-10-05T12:18:14.1060498Z         "size": 2391,
2026-10-05T12:18:14.1060737Z         "mode": 420
2026-10-05T12:18:14.1060828Z       },
2026-10-05T12:18:14.1060916Z       {
2026-10-05T12:18:14.1061047Z         "path": "bin/agdf-mcp.js",
2026-10-05T12:18:14.1061136Z         "size": 659,
2026-10-05T12:18:14.1061229Z         "mode": 493
2026-10-05T12:18:14.1061318Z       },
2026-10-05T12:18:14.1061399Z       {
2026-10-05T12:18:14.1061524Z         "path": "package.json",
2026-10-05T12:18:14.1061615Z         "size": 864,
2026-10-05T12:18:14.1061700Z         "mode": 420
2026-10-05T12:18:14.1061791Z       },
2026-10-05T12:18:14.1061885Z       {
2026-10-05T12:18:14.1062000Z         "path": "src/main.js",
2026-10-05T12:18:14.1062100Z         "size": 1210,
2026-10-05T12:18:14.1062190Z         "mode": 420
2026-10-05T12:18:14.1062278Z       },
2026-10-05T12:18:14.1062360Z       {
2026-10-05T12:18:14.1062482Z         "path": "src/server.js",
2026-10-05T12:18:14.1062576Z         "size": 3144,
2026-10-05T12:18:14.1062663Z         "mode": 420
2026-10-05T12:18:14.1062747Z       },
2026-10-05T12:18:14.1062838Z       {
2026-10-05T12:18:14.1063106Z         "path": "src/worker-entry.js",
2026-10-05T12:18:14.1063206Z         "size": 964,
2026-10-05T12:18:14.1063298Z         "mode": 420
2026-10-05T12:18:14.1063383Z       },
2026-10-05T12:18:14.1063532Z       {
2026-10-05T12:18:14.1063705Z         "path": "src/worker.js",
2026-10-05T12:18:14.1063842Z         "size": 2610,
2026-10-05T12:18:14.1063968Z         "mode": 420
2026-10-05T12:18:14.1064096Z       }
2026-10-05T12:18:14.1064216Z     ],
2026-10-05T12:18:14.1064511Z     "entryCount": 9,
2026-10-05T12:18:14.1064652Z     "bundled": []
2026-10-05T12:18:14.1064769Z   }
2026-10-05T12:18:14.1064889Z ]
2026-10-05T12:18:19.0733650Z Three normal archives: manifests, Core bytes, CLI/bootstrap, exports, blocked-network offline profiles and both MCP protocols passed.
2026-10-05T12:18:19.2061020Z [verify-ci] cli-smoke
2026-10-05T12:18:19.3041957Z 
2026-10-05T12:18:19.3042663Z > create-agdf@0.14.5 smoke-test
2026-10-05T12:18:19.3060608Z > npm run release:prepare && npm run test:release-workflows && npm run test:release-registry-state && npm run test:instruction-footprint && npm run test:request-activation && npm run test:gate-check-missing-control && npm run test:canonical-init && npm run test:cli-modularization && npm run test:install-setup-contract && npm run test:install-setup-interaction && npm run test:install-setup-service && npm run test:install-control-migration && npm run test:install-control-repair && npm run test:control-maintenance && npm run test:runtime-check-consent && npm run test:task-target-resolution && npm run test:skill-dispatch && npm run test:control-inspect && npm run test:host-command && npm run test:mcp-lifecycle && npm run test:plugin-mcp-runtime && npm run test:claude-plugin-mcp && npm run test:codex-plugin-mcp && npm run test:mcp-server && npm run test:local-validator && npm run test:local-marketplace && npm run test:claude-cache-recovery && npm run test:copilot-profile && npm run test:copilot-installer && npm run test:local-preparation && npm run test:local-development-install && npm run test:package-build && npm run test:package-contents && npm run test:lifecycle && npm run test:copilot-repository-retention && npm run test:control-command && npm run test:control-command-process && npm run test:control-command-package && npm run test:cli-gates && npm run test:control-state && npm run test:run-step-transaction && npm run test:run-recovery && npm run test:run-lock && npm run test:prd-readiness && npm run test:run-revision && npm run test:late-source-revision && npm run test:intake-continuation && npm run test:prd-definition && npm run test:sd-readiness && npm run test:sd-definition && npm run test:artifact-language && npm run test:parent-reconciliation && npm run test:interaction-presentation && npm run test:operational-localization && npm run test:verified-change && npm run test:runtime-integrity-layout && npm run test:runtime-integrity-negative && npm run test:agent-skills-conformance && npm run test:skill-evals && npm run eval:skills && npm run test:proportionality && npm run test:delivery-path-search && npm run test:delivery-path-search-unit && npm run test:delivery-path-search-generator && npm run test:opencode-hardening && node scripts/smoke-test.js && node scripts/test-routing.js
2026-10-05T12:18:19.3074490Z 
2026-10-05T12:18:19.4259547Z 
2026-10-05T12:18:19.4260468Z > create-agdf@0.14.5 release:prepare
2026-10-05T12:18:19.4261673Z > npm run sync-package-assets && npm run test:distribution-profile-history && npm run test:release-bump && npm run test:release-version-coherence && npm run test:public-plugin && npm run test:portable-plugin
2026-10-05T12:18:19.4262418Z 
2026-10-05T12:18:19.5455378Z 
2026-10-05T12:18:19.5456034Z > create-agdf@0.14.5 sync-package-assets
2026-10-05T12:18:19.5456515Z > node ../../scripts/sync-package-assets.js
2026-10-05T12:18:19.5456753Z 
2026-10-05T12:18:20.0951456Z 
2026-10-05T12:18:20.0952311Z > create-agdf@0.14.5 test:distribution-profile-history
2026-10-05T12:18:20.0953112Z > node scripts/distribution-profile-history-test.js
2026-10-05T12:18:20.0953425Z 
2026-10-05T12:18:20.1521060Z Distribution profile history passed (8 exact releases, malformed and closed-policy matrices)
2026-10-05T12:18:20.2820429Z 
2026-10-05T12:18:20.2821094Z > create-agdf@0.14.5 test:release-bump
2026-10-05T12:18:20.2821629Z > node scripts/release-bump-test.js
2026-10-05T12:18:20.2821837Z 
2026-10-05T12:18:20.5370478Z Release bump passed (20 transactional files; repair, forward, review, rollback and recovery)
2026-10-05T12:18:20.6814479Z 
2026-10-05T12:18:20.6815656Z > create-agdf@0.14.5 test:release-version-coherence
2026-10-05T12:18:20.6816210Z > node scripts/release-version-coherence-test.js
2026-10-05T12:18:20.6816471Z 
2026-10-05T12:18:21.9707811Z Release version coherence passed (50 surfaces at 0.14.5; 8 profile snapshots)
2026-10-05T12:18:22.0986378Z 
2026-10-05T12:18:22.0987111Z > create-agdf@0.14.5 test:public-plugin
2026-10-05T12:18:22.0987740Z > node scripts/public-plugin-test.js
2026-10-05T12:18:22.0987958Z 
2026-10-05T12:18:22.3752184Z Public plugin tests passed (60 inventoried candidate files; digest 416c48ca8fe420b133c90d0a967d9e834341c3b1578d8ca02e43db39b4b173e5)
2026-10-05T12:18:22.5096352Z 
2026-10-05T12:18:22.5097096Z > create-agdf@0.14.5 test:portable-plugin
2026-10-05T12:18:22.5097638Z > node scripts/portable-plugin-test.js
2026-10-05T12:18:22.5097859Z 
2026-10-05T12:18:23.0268207Z Portable plugin schema/profile/resource/selection/retry tests passed; digest 416c48ca8fe420b133c90d0a967d9e834341c3b1578d8ca02e43db39b4b173e5
2026-10-05T12:18:23.1637688Z 
2026-10-05T12:18:23.1638507Z > create-agdf@0.14.5 test:release-workflows
2026-10-05T12:18:23.1639303Z > node scripts/release-workflow-contract-test.js
2026-10-05T12:18:23.1639702Z 
2026-10-05T12:18:23.2549891Z Coupled release workflow contract passed.
2026-10-05T12:18:23.6434416Z Evidence publication tests passed (create, update, path rejection, stale source; isolated Git remote and mocked GitHub).
2026-10-05T12:18:23.7884283Z 
2026-10-05T12:18:23.7885029Z > create-agdf@0.14.5 test:release-registry-state
2026-10-05T12:18:23.7885645Z > node scripts/release-registry-state-test.js
2026-10-05T12:18:23.7885888Z 
2026-10-05T12:18:23.8232179Z Release registry state classification passed.
2026-10-05T12:18:23.9560561Z 
2026-10-05T12:18:23.9561270Z > create-agdf@0.14.5 test:instruction-footprint
2026-10-05T12:18:23.9561850Z > node scripts/instruction-footprint-test.js
2026-10-05T12:18:23.9562079Z 
2026-10-05T12:18:25.5628134Z {
2026-10-05T12:18:25.5628538Z   "status": "pass",
2026-10-05T12:18:25.5629024Z   "evidence_plane": "source_composed",
2026-10-05T12:18:25.5629671Z   "profile_surface": "generated_and_temporary_install_fixture",
2026-10-05T12:18:25.5630213Z   "evaluator_surface": "node_deterministic",
2026-10-05T12:18:25.5630705Z   "loaded_host_evidence": false,
2026-10-05T12:18:25.5631453Z   "generated_digest": "bc78aac08bebc1db1b1af4c8af34e7280b931343248e9109e9d3dc23118fd39d",
2026-10-05T12:18:25.5632871Z   "canonical_kernel_fingerprint": "sha256:af2f01f9e18a3ba1c520faf0691aa1cd4a4299bdfa027cf83651c5d14319bfdc",
2026-10-05T12:18:25.5634658Z   "measurements": [
2026-10-05T12:18:25.5635008Z     {
2026-10-05T12:18:25.5635497Z       "surface_id": "activationKernel",
2026-10-05T12:18:25.5636088Z       "instance_id": "canonical",
2026-10-05T12:18:25.5636511Z       "raw_bytes": 1087,
2026-10-05T12:18:25.5637007Z       "normalized_bytes": 1087,
2026-10-05T12:18:25.5637466Z       "max_normalized_bytes": 1100,
2026-10-05T12:18:25.5637980Z       "status": "pass"
2026-10-05T12:18:25.5638431Z     },
2026-10-05T12:18:25.5638755Z     {
2026-10-05T12:18:25.5639259Z       "surface_id": "skillDiscoveryDescription",
2026-10-05T12:18:25.5639749Z       "instance_id": "delivery-path-search",
2026-10-05T12:18:25.5640071Z       "raw_bytes": 281,
2026-10-05T12:18:25.5640416Z       "normalized_bytes": 281,
2026-10-05T12:18:25.5640705Z       "max_normalized_bytes": 420,
2026-10-05T12:18:25.5641049Z       "status": "pass"
2026-10-05T12:18:25.5641282Z     },
2026-10-05T12:18:25.5641546Z     {
2026-10-05T12:18:25.5641818Z       "surface_id": "skillDiscoveryDescription",
2026-10-05T12:18:25.5642175Z       "instance_id": "brownfield-analysis",
2026-10-05T12:18:25.5642545Z       "raw_bytes": 287,
2026-10-05T12:18:25.5642799Z       "normalized_bytes": 287,
2026-10-05T12:18:25.5643290Z       "max_normalized_bytes": 420,
2026-10-05T12:18:25.5643553Z       "status": "pass"
2026-10-05T12:18:25.5643771Z     },
2026-10-05T12:18:25.5644037Z     {
2026-10-05T12:18:25.5644297Z       "surface_id": "skillDiscoveryDescription",
2026-10-05T12:18:25.5644914Z       "instance_id": "ux-intent-definition",
2026-10-05T12:18:25.5645275Z       "raw_bytes": 278,
2026-10-05T12:18:25.5645535Z       "normalized_bytes": 278,
2026-10-05T12:18:25.5645888Z       "max_normalized_bytes": 420,
2026-10-05T12:18:25.5646227Z       "status": "pass"
2026-10-05T12:18:25.5646451Z     },
2026-10-05T12:18:25.5646636Z     {
2026-10-05T12:18:25.5646968Z       "surface_id": "skillDiscoveryDescription",
2026-10-05T12:18:25.5647454Z       "instance_id": "clean-implementation-review",
2026-10-05T12:18:25.5647841Z       "raw_bytes": 231,
2026-10-05T12:18:25.5648098Z       "normalized_bytes": 231,
2026-10-05T12:18:25.5648440Z       "max_normalized_bytes": 420,
2026-10-05T12:18:25.5648695Z       "status": "pass"
2026-10-05T12:18:25.5648919Z     },
2026-10-05T12:18:25.5649119Z     {
2026-10-05T12:18:25.5649467Z       "surface_id": "skillDiscoveryDescription",
2026-10-05T12:18:25.5649824Z       "instance_id": "code-review",
2026-10-05T12:18:25.5650179Z       "raw_bytes": 243,
2026-10-05T12:18:25.5650509Z       "normalized_bytes": 243,
2026-10-05T12:18:25.5650786Z       "max_normalized_bytes": 420,
2026-10-05T12:18:25.5651124Z       "status": "pass"
2026-10-05T12:18:25.5651346Z     },
2026-10-05T12:18:25.5651604Z     {
2026-10-05T12:18:25.5651870Z       "surface_id": "skillDiscoveryDescription",
2026-10-05T12:18:25.5652283Z       "instance_id": "delivery-closeout",
2026-10-05T12:18:25.5652573Z       "raw_bytes": 186,
2026-10-05T12:18:25.5652832Z       "normalized_bytes": 186,
2026-10-05T12:18:25.5653421Z       "max_normalized_bytes": 420,
2026-10-05T12:18:25.5653685Z       "status": "pass"
2026-10-05T12:18:25.5653903Z     },
2026-10-05T12:18:25.5654095Z     {
2026-10-05T12:18:25.5654421Z       "surface_id": "skillDiscoveryDescription",
2026-10-05T12:18:25.5654771Z       "instance_id": "ur-definition",
2026-10-05T12:18:25.5655060Z       "raw_bytes": 252,
2026-10-05T12:18:25.5655322Z       "normalized_bytes": 252,
2026-10-05T12:18:25.5655682Z       "max_normalized_bytes": 420,
2026-10-05T12:18:25.5656033Z       "status": "pass"
2026-10-05T12:18:25.5656255Z     },
2026-10-05T12:18:25.5656445Z     {
2026-10-05T12:18:25.5656797Z       "surface_id": "skillDiscoveryDescription",
2026-10-05T12:18:25.5657208Z       "instance_id": "prd-definition",
2026-10-05T12:18:25.5657499Z       "raw_bytes": 279,
2026-10-05T12:18:25.5657760Z       "normalized_bytes": 279,
2026-10-05T12:18:25.5658042Z       "max_normalized_bytes": 420,
2026-10-05T12:18:25.5658300Z       "status": "pass"
2026-10-05T12:18:25.5658744Z     },
2026-10-05T12:18:25.5659014Z     {
2026-10-05T12:18:25.5659269Z       "surface_id": "skillDiscoveryDescription",
2026-10-05T12:18:25.5659658Z       "instance_id": "sd-definition",
2026-10-05T12:18:25.5659939Z       "raw_bytes": 191,
2026-10-05T12:18:25.5660263Z       "normalized_bytes": 191,
2026-10-05T12:18:25.5660534Z       "max_normalized_bytes": 420,
2026-10-05T12:18:25.5660787Z       "status": "pass"
2026-10-05T12:18:25.5660997Z     },
2026-10-05T12:18:25.5661253Z     {
2026-10-05T12:18:25.5661509Z       "surface_id": "skillDiscoveryDescription",
2026-10-05T12:18:25.5661917Z       "instance_id": "gate-check",
2026-10-05T12:18:25.5662173Z       "raw_bytes": 190,
2026-10-05T12:18:25.5662419Z       "normalized_bytes": 190,
2026-10-05T12:18:25.5662694Z       "max_normalized_bytes": 420,
2026-10-05T12:18:25.5663207Z       "status": "pass"
2026-10-05T12:18:25.5663421Z     },
2026-10-05T12:18:25.5663695Z     {
2026-10-05T12:18:25.5663945Z       "surface_id": "skillDiscoveryDescription",
2026-10-05T12:18:25.5664268Z       "instance_id": "qa-gate",
2026-10-05T12:18:25.5664599Z       "raw_bytes": 186,
2026-10-05T12:18:25.5664852Z       "normalized_bytes": 186,
2026-10-05T12:18:25.5665120Z       "max_normalized_bytes": 420,
2026-10-05T12:18:25.5665455Z       "status": "pass"
2026-10-05T12:18:25.5665675Z     },
2026-10-05T12:18:25.5665858Z     {
2026-10-05T12:18:25.5666178Z       "surface_id": "skillDiscoveryDescription",
2026-10-05T12:18:25.5666498Z       "instance_id": "release-or",
2026-10-05T12:18:25.5666973Z       "raw_bytes": 168,
2026-10-05T12:18:25.5667296Z       "normalized_bytes": 168,
2026-10-05T12:18:25.5667563Z       "max_normalized_bytes": 420,
2026-10-05T12:18:25.5667897Z       "status": "pass"
2026-10-05T12:18:25.5668111Z     },
2026-10-05T12:18:25.5668372Z     {
2026-10-05T12:18:25.5668630Z       "surface_id": "skillDiscoveryDescription",
2026-10-05T12:18:25.5669028Z       "instance_id": "task-plan-review",
2026-10-05T12:18:25.5669373Z       "raw_bytes": 227,
2026-10-05T12:18:25.5669658Z       "normalized_bytes": 227,
2026-10-05T12:18:25.5670004Z       "max_normalized_bytes": 420,
2026-10-05T12:18:25.5670256Z       "status": "pass"
2026-10-05T12:18:25.5670474Z     },
2026-10-05T12:18:25.5670725Z     {
2026-10-05T12:18:25.5670996Z       "surface_id": "allSkillDiscoveryDescriptions",
2026-10-05T12:18:25.5671423Z       "instance_id": "definition-order",
2026-10-05T12:18:25.5671784Z       "raw_bytes": 2999,
2026-10-05T12:18:25.5672047Z       "normalized_bytes": 2999,
2026-10-05T12:18:25.5672394Z       "max_normalized_bytes": 3000,
2026-10-05T12:18:25.5672667Z       "status": "pass"
2026-10-05T12:18:25.5673101Z     },
2026-10-05T12:18:25.5673391Z     {
2026-10-05T12:18:25.5673853Z       "surface_id": "sessionStartBase",
2026-10-05T12:18:25.5674193Z       "instance_id": "codex",
2026-10-05T12:18:25.5674516Z       "raw_bytes": 1981,
2026-10-05T12:18:25.5674847Z       "normalized_bytes": 1898,
2026-10-05T12:18:25.5675134Z       "max_normalized_bytes": 1900,
2026-10-05T12:18:25.5675467Z       "status": "pass"
2026-10-05T12:18:25.5675704Z     },
2026-10-05T12:18:25.5675972Z     {
2026-10-05T12:18:25.5676215Z       "surface_id": "sessionStartBase",
2026-10-05T12:18:25.5676594Z       "instance_id": "claude",
2026-10-05T12:18:25.5676871Z       "raw_bytes": 1982,
2026-10-05T12:18:25.5677239Z       "normalized_bytes": 1899,
2026-10-05T12:18:25.5677607Z       "max_normalized_bytes": 1900,
2026-10-05T12:18:25.5677883Z       "status": "pass"
2026-10-05T12:18:25.5678108Z     },
2026-10-05T12:18:25.5678298Z     {
2026-10-05T12:18:25.5678534Z       "surface_id": "sessionStartBase",
2026-10-05T12:18:25.5678913Z       "instance_id": "copilot",
2026-10-05T12:18:25.5679162Z       "raw_bytes": 1983,
2026-10-05T12:18:25.5679488Z       "normalized_bytes": 1900,
2026-10-05T12:18:25.5679763Z       "max_normalized_bytes": 1900,
2026-10-05T12:18:25.5680020Z       "status": "pass"
2026-10-05T12:18:25.5680300Z     },
2026-10-05T12:18:25.5680486Z     {
2026-10-05T12:18:25.5680821Z       "surface_id": "runtimeCheckSupplement",
2026-10-05T12:18:25.5681397Z       "instance_id": "codex-consented",
2026-10-05T12:18:25.5681666Z       "raw_bytes": 1327,
2026-10-05T12:18:25.5681934Z       "normalized_bytes": 771,
2026-10-05T12:18:25.5682210Z       "max_normalized_bytes": 1200,
2026-10-05T12:18:25.5682467Z       "status": "pass"
2026-10-05T12:18:25.5682687Z     },
2026-10-05T12:18:25.5682872Z     {
2026-10-05T12:18:25.5683396Z       "surface_id": "openCodeEagerInstructions",
2026-10-05T12:18:25.5683812Z       "instance_id": "repository",
2026-10-05T12:18:25.5684087Z       "raw_bytes": 1496,
2026-10-05T12:18:25.5684358Z       "normalized_bytes": 1496,
2026-10-05T12:18:25.5684710Z       "max_normalized_bytes": 4000,
2026-10-05T12:18:25.5684974Z       "status": "pass"
2026-10-05T12:18:25.5685194Z     },
2026-10-05T12:18:25.5685380Z     {
2026-10-05T12:18:25.5685631Z       "surface_id": "openCodeEagerInstructions",
2026-10-05T12:18:25.5686036Z       "instance_id": "global-installed",
2026-10-05T12:18:25.5686317Z       "raw_bytes": 1572,
2026-10-05T12:18:25.5686641Z       "normalized_bytes": 1572,
2026-10-05T12:18:25.5686915Z       "max_normalized_bytes": 4000,
2026-10-05T12:18:25.5687249Z       "status": "pass"
2026-10-05T12:18:25.5687457Z     },
2026-10-05T12:18:25.5687637Z     {
2026-10-05T12:18:25.5687989Z       "surface_id": "openCodeActiveDynamicContext",
2026-10-05T12:18:25.5688395Z       "instance_id": "active",
2026-10-05T12:18:25.5688644Z       "raw_bytes": 903,
2026-10-05T12:18:25.5688897Z       "normalized_bytes": 748,
2026-10-05T12:18:25.5689410Z       "max_normalized_bytes": 1000,
2026-10-05T12:18:25.5689673Z       "status": "pass"
2026-10-05T12:18:25.5689884Z     },
2026-10-05T12:18:25.5690150Z     {
2026-10-05T12:18:25.5690423Z       "surface_id": "openCodeInactiveDynamicContext",
2026-10-05T12:18:25.5690836Z       "instance_id": "inactive",
2026-10-05T12:18:25.5691098Z       "raw_bytes": 0,
2026-10-05T12:18:25.5691326Z       "normalized_bytes": 0,
2026-10-05T12:18:25.5691677Z       "max_normalized_bytes": 0,
2026-10-05T12:18:25.5692005Z       "status": "pass"
2026-10-05T12:18:25.5692212Z     },
2026-10-05T12:18:25.5692397Z     {
2026-10-05T12:18:25.5692771Z       "surface_id": "openCodeComposedStaticAndActiveDynamic",
2026-10-05T12:18:25.5693397Z       "instance_id": "repository",
2026-10-05T12:18:25.5693663Z       "raw_bytes": 2400,
2026-10-05T12:18:25.5694002Z       "normalized_bytes": 2245,
2026-10-05T12:18:25.5694284Z       "max_normalized_bytes": 5000,
2026-10-05T12:18:25.5694613Z       "status": "pass"
2026-10-05T12:18:25.5694821Z     },
2026-10-05T12:18:25.5695015Z     {
2026-10-05T12:18:25.5695303Z       "surface_id": "openCodeComposedStaticAndActiveDynamic",
2026-10-05T12:18:25.5695744Z       "instance_id": "global-installed",
2026-10-05T12:18:25.5696024Z       "raw_bytes": 2476,
2026-10-05T12:18:25.5696280Z       "normalized_bytes": 2321,
2026-10-05T12:18:25.5696554Z       "max_normalized_bytes": 5000,
2026-10-05T12:18:25.5696813Z       "status": "pass"
2026-10-05T12:18:25.5697034Z     },
2026-10-05T12:18:25.5697215Z     {
2026-10-05T12:18:25.5697480Z       "surface_id": "openCodeCompactionAddition",
2026-10-05T12:18:25.5697809Z       "instance_id": "active",
2026-10-05T12:18:25.5698135Z       "raw_bytes": 1087,
2026-10-05T12:18:25.5698380Z       "normalized_bytes": 1087,
2026-10-05T12:18:25.5698729Z       "max_normalized_bytes": 1100,
2026-10-05T12:18:25.5699058Z       "status": "pass"
2026-10-05T12:18:25.5699265Z     },
2026-10-05T12:18:25.5699445Z     {
2026-10-05T12:18:25.5699770Z       "surface_id": "selectedGateCheckSkill",
2026-10-05T12:18:25.5700111Z       "instance_id": "canonical-generated",
2026-10-05T12:18:25.5700398Z       "raw_bytes": 5536,
2026-10-05T12:18:25.5700727Z       "normalized_bytes": 5536,
2026-10-05T12:18:25.5700994Z       "max_normalized_bytes": 6900,
2026-10-05T12:18:25.5701325Z       "status": "pass"
2026-10-05T12:18:25.5701543Z     },
2026-10-05T12:18:25.5701726Z     {
2026-10-05T12:18:25.5701967Z       "surface_id": "selectedGateCheckSkill",
2026-10-05T12:18:25.5702289Z       "instance_id": "global-installed",
2026-10-05T12:18:25.5702799Z       "raw_bytes": 6839,
2026-10-05T12:18:25.5703389Z       "normalized_bytes": 6839,
2026-10-05T12:18:25.5703662Z       "max_normalized_bytes": 6900,
2026-10-05T12:18:25.5704005Z       "status": "pass"
2026-10-05T12:18:25.5704214Z     }
2026-10-05T12:18:25.5704396Z   ]
2026-10-05T12:18:25.5704588Z }
2026-10-05T12:18:25.5704916Z Instruction-footprint tests passed
2026-10-05T12:18:25.7771466Z 
2026-10-05T12:18:25.7774359Z > create-agdf@0.14.5 test:request-activation
2026-10-05T12:18:25.7776557Z > npm run test:instruction-footprint && node scripts/request-activation-test.js && node scripts/request-activation-evals-test.js && npm run test:request-activation-callbacks && npm run test:request-activation-host-schema
2026-10-05T12:18:25.7777983Z 
2026-10-05T12:18:25.8979815Z 
2026-10-05T12:18:25.8982231Z > create-agdf@0.14.5 test:instruction-footprint
2026-10-05T12:18:25.8982749Z > node scripts/instruction-footprint-test.js
2026-10-05T12:18:25.8983170Z 
2026-10-05T12:18:27.4650477Z {
2026-10-05T12:18:27.4650889Z   "status": "pass",
2026-10-05T12:18:27.4651359Z   "evidence_plane": "source_composed",
2026-10-05T12:18:27.4651811Z   "profile_surface": "generated_and_temporary_install_fixture",
2026-10-05T12:18:27.4652397Z   "evaluator_surface": "node_deterministic",
2026-10-05T12:18:27.4653083Z   "loaded_host_evidence": false,
2026-10-05T12:18:27.4653687Z   "generated_digest": "bc78aac08bebc1db1b1af4c8af34e7280b931343248e9109e9d3dc23118fd39d",
2026-10-05T12:18:27.4654969Z   "canonical_kernel_fingerprint": "sha256:af2f01f9e18a3ba1c520faf0691aa1cd4a4299bdfa027cf83651c5d14319bfdc",
2026-10-05T12:18:27.4655492Z   "measurements": [
2026-10-05T12:18:27.4655712Z     {
2026-10-05T12:18:27.4656056Z       "surface_id": "activationKernel",
2026-10-05T12:18:27.4656391Z       "instance_id": "canonical",
2026-10-05T12:18:27.4656667Z       "raw_bytes": 1087,
2026-10-05T12:18:27.4657023Z       "normalized_bytes": 1087,
2026-10-05T12:18:27.4657390Z       "max_normalized_bytes": 1100,
2026-10-05T12:18:27.4657674Z       "status": "pass"
2026-10-05T12:18:27.4658000Z     },
2026-10-05T12:18:27.4658204Z     {
2026-10-05T12:18:27.4658559Z       "surface_id": "skillDiscoveryDescription",
2026-10-05T12:18:27.4658941Z       "instance_id": "delivery-path-search",
2026-10-05T12:18:27.4659247Z       "raw_bytes": 281,
2026-10-05T12:18:27.4659583Z       "normalized_bytes": 281,
2026-10-05T12:18:27.4659879Z       "max_normalized_bytes": 420,
2026-10-05T12:18:27.4660234Z       "status": "pass"
2026-10-05T12:18:27.4660462Z     },
2026-10-05T12:18:27.4660667Z     {
2026-10-05T12:18:27.4661012Z       "surface_id": "skillDiscoveryDescription",
2026-10-05T12:18:27.4661367Z       "instance_id": "brownfield-analysis",
2026-10-05T12:18:27.4661663Z       "raw_bytes": 287,
2026-10-05T12:18:27.4661970Z       "normalized_bytes": 287,
2026-10-05T12:18:27.4662323Z       "max_normalized_bytes": 420,
2026-10-05T12:18:27.4662593Z       "status": "pass"
2026-10-05T12:18:27.4663047Z     },
2026-10-05T12:18:27.4663298Z     {
2026-10-05T12:18:27.4663643Z       "surface_id": "skillDiscoveryDescription",
2026-10-05T12:18:27.4663996Z       "instance_id": "ux-intent-definition",
2026-10-05T12:18:27.4664288Z       "raw_bytes": 278,
2026-10-05T12:18:27.4664612Z       "normalized_bytes": 278,
2026-10-05T12:18:27.4664903Z       "max_normalized_bytes": 420,
2026-10-05T12:18:27.4665164Z       "status": "pass"
2026-10-05T12:18:27.4665377Z     },
2026-10-05T12:18:27.4665600Z     {
2026-10-05T12:18:27.4665920Z       "surface_id": "skillDiscoveryDescription",
2026-10-05T12:18:27.4666310Z       "instance_id": "clean-implementation-review",
2026-10-05T12:18:27.4666700Z       "raw_bytes": 231,
2026-10-05T12:18:27.4667033Z       "normalized_bytes": 231,
2026-10-05T12:18:27.4667322Z       "max_normalized_bytes": 420,
2026-10-05T12:18:27.4667657Z       "status": "pass"
2026-10-05T12:18:27.4667883Z     },
2026-10-05T12:18:27.4668148Z     {
2026-10-05T12:18:27.4668397Z       "surface_id": "skillDiscoveryDescription",
2026-10-05T12:18:27.4668792Z       "instance_id": "code-review",
2026-10-05T12:18:27.4669330Z       "raw_bytes": 243,
2026-10-05T12:18:27.4669578Z       "normalized_bytes": 243,
2026-10-05T12:18:27.4669927Z       "max_normalized_bytes": 420,
2026-10-05T12:18:27.4670269Z       "status": "pass"
2026-10-05T12:18:27.4670500Z     },
2026-10-05T12:18:27.4670690Z     {
2026-10-05T12:18:27.4670948Z       "surface_id": "skillDiscoveryDescription",
2026-10-05T12:18:27.4671370Z       "instance_id": "delivery-closeout",
2026-10-05T12:18:27.4671725Z       "raw_bytes": 186,
2026-10-05T12:18:27.4671984Z       "normalized_bytes": 186,
2026-10-05T12:18:27.4672343Z       "max_normalized_bytes": 420,
2026-10-05T12:18:27.4672610Z       "status": "pass"
2026-10-05T12:18:27.4673069Z     },
2026-10-05T12:18:27.4673294Z     {
2026-10-05T12:18:27.4673647Z       "surface_id": "skillDiscoveryDescription",
2026-10-05T12:18:27.4674054Z       "instance_id": "ur-definition",
2026-10-05T12:18:27.4674329Z       "raw_bytes": 252,
2026-10-05T12:18:27.4674595Z       "normalized_bytes": 252,
2026-10-05T12:18:27.4674892Z       "max_normalized_bytes": 420,
2026-10-05T12:18:27.4675227Z       "status": "pass"
2026-10-05T12:18:27.4675452Z     },
2026-10-05T12:18:27.4675643Z     {
2026-10-05T12:18:27.4675894Z       "surface_id": "skillDiscoveryDescription",
2026-10-05T12:18:27.4676309Z       "instance_id": "prd-definition",
2026-10-05T12:18:27.4676584Z       "raw_bytes": 279,
2026-10-05T12:18:27.4676834Z       "normalized_bytes": 279,
2026-10-05T12:18:27.4677180Z       "max_normalized_bytes": 420,
2026-10-05T12:18:27.4677602Z       "status": "pass"
2026-10-05T12:18:27.4677903Z     },
2026-10-05T12:18:27.4678088Z     {
2026-10-05T12:18:27.4678424Z       "surface_id": "skillDiscoveryDescription",
2026-10-05T12:18:27.4678823Z       "instance_id": "sd-definition",
2026-10-05T12:18:27.4679096Z       "raw_bytes": 191,
2026-10-05T12:18:27.4679351Z       "normalized_bytes": 191,
2026-10-05T12:18:27.4679621Z       "max_normalized_bytes": 420,
2026-10-05T12:18:27.4679872Z       "status": "pass"
2026-10-05T12:18:27.4680163Z     },
2026-10-05T12:18:27.4680356Z     {
2026-10-05T12:18:27.4680685Z       "surface_id": "skillDiscoveryDescription",
2026-10-05T12:18:27.4681011Z       "instance_id": "gate-check",
2026-10-05T12:18:27.4681353Z       "raw_bytes": 190,
2026-10-05T12:18:27.4681611Z       "normalized_bytes": 190,
2026-10-05T12:18:27.4681964Z       "max_normalized_bytes": 420,
2026-10-05T12:18:27.4682237Z       "status": "pass"
2026-10-05T12:18:27.4682453Z     },
2026-10-05T12:18:27.4682639Z     {
2026-10-05T12:18:27.4683072Z       "surface_id": "skillDiscoveryDescription",
2026-10-05T12:18:27.4683480Z       "instance_id": "qa-gate",
2026-10-05T12:18:27.4683739Z       "raw_bytes": 186,
2026-10-05T12:18:27.4684010Z       "normalized_bytes": 186,
2026-10-05T12:18:27.4684312Z       "max_normalized_bytes": 420,
2026-10-05T12:18:27.4684653Z       "status": "pass"
2026-10-05T12:18:27.4684879Z     },
2026-10-05T12:18:27.4685155Z     {
2026-10-05T12:18:27.4685422Z       "surface_id": "skillDiscoveryDescription",
2026-10-05T12:18:27.4685761Z       "instance_id": "release-or",
2026-10-05T12:18:27.4686113Z       "raw_bytes": 168,
2026-10-05T12:18:27.4686368Z       "normalized_bytes": 168,
2026-10-05T12:18:27.4686644Z       "max_normalized_bytes": 420,
2026-10-05T12:18:27.4686978Z       "status": "pass"
2026-10-05T12:18:27.4687203Z     },
2026-10-05T12:18:27.4687391Z     {
2026-10-05T12:18:27.4687719Z       "surface_id": "skillDiscoveryDescription",
2026-10-05T12:18:27.4688138Z       "instance_id": "task-plan-review",
2026-10-05T12:18:27.4688441Z       "raw_bytes": 227,
2026-10-05T12:18:27.4688759Z       "normalized_bytes": 227,
2026-10-05T12:18:27.4689047Z       "max_normalized_bytes": 420,
2026-10-05T12:18:27.4689308Z       "status": "pass"
2026-10-05T12:18:27.4689524Z     },
2026-10-05T12:18:27.4689711Z     {
2026-10-05T12:18:27.4690080Z       "surface_id": "allSkillDiscoveryDescriptions",
2026-10-05T12:18:27.4690440Z       "instance_id": "definition-order",
2026-10-05T12:18:27.4690791Z       "raw_bytes": 2999,
2026-10-05T12:18:27.4691291Z       "normalized_bytes": 2999,
2026-10-05T12:18:27.4691591Z       "max_normalized_bytes": 3000,
2026-10-05T12:18:27.4691931Z       "status": "pass"
2026-10-05T12:18:27.4692151Z     },
2026-10-05T12:18:27.4692409Z     {
2026-10-05T12:18:27.4692645Z       "surface_id": "sessionStartBase",
2026-10-05T12:18:27.4693166Z       "instance_id": "codex",
2026-10-05T12:18:27.4693430Z       "raw_bytes": 1981,
2026-10-05T12:18:27.4693763Z       "normalized_bytes": 1898,
2026-10-05T12:18:27.4694038Z       "max_normalized_bytes": 1900,
2026-10-05T12:18:27.4694394Z       "status": "pass"
2026-10-05T12:18:27.4694611Z     },
2026-10-05T12:18:27.4694801Z     {
2026-10-05T12:18:27.4695121Z       "surface_id": "sessionStartBase",
2026-10-05T12:18:27.4695414Z       "instance_id": "claude",
2026-10-05T12:18:27.4695741Z       "raw_bytes": 1982,
2026-10-05T12:18:27.4695998Z       "normalized_bytes": 1899,
2026-10-05T12:18:27.4696348Z       "max_normalized_bytes": 1900,
2026-10-05T12:18:27.4696695Z       "status": "pass"
2026-10-05T12:18:27.4696918Z     },
2026-10-05T12:18:27.4697113Z     {
2026-10-05T12:18:27.4697414Z       "surface_id": "sessionStartBase",
2026-10-05T12:18:27.4697706Z       "instance_id": "copilot",
2026-10-05T12:18:27.4698034Z       "raw_bytes": 1983,
2026-10-05T12:18:27.4698284Z       "normalized_bytes": 1900,
2026-10-05T12:18:27.4698625Z       "max_normalized_bytes": 1900,
2026-10-05T12:18:27.4698966Z       "status": "pass"
2026-10-05T12:18:27.4699180Z     },
2026-10-05T12:18:27.4699365Z     {
2026-10-05T12:18:27.4699859Z       "surface_id": "runtimeCheckSupplement",
2026-10-05T12:18:27.4700267Z       "instance_id": "codex-consented",
2026-10-05T12:18:27.4700537Z       "raw_bytes": 1327,
2026-10-05T12:18:27.4700790Z       "normalized_bytes": 771,
2026-10-05T12:18:27.4701072Z       "max_normalized_bytes": 1200,
2026-10-05T12:18:27.4701397Z       "status": "pass"
2026-10-05T12:18:27.4701606Z     },
2026-10-05T12:18:27.4701802Z     {
2026-10-05T12:18:27.4702136Z       "surface_id": "openCodeEagerInstructions",
2026-10-05T12:18:27.4702472Z       "instance_id": "repository",
2026-10-05T12:18:27.4702741Z       "raw_bytes": 1496,
2026-10-05T12:18:27.4703241Z       "normalized_bytes": 1496,
2026-10-05T12:18:27.4703522Z       "max_normalized_bytes": 4000,
2026-10-05T12:18:27.4703852Z       "status": "pass"
2026-10-05T12:18:27.4704072Z     },
2026-10-05T12:18:27.4704336Z     {
2026-10-05T12:18:27.4704584Z       "surface_id": "openCodeEagerInstructions",
2026-10-05T12:18:27.4704931Z       "instance_id": "global-installed",
2026-10-05T12:18:27.4705209Z       "raw_bytes": 1572,
2026-10-05T12:18:27.4705457Z       "normalized_bytes": 1572,
2026-10-05T12:18:27.4705733Z       "max_normalized_bytes": 4000,
2026-10-05T12:18:27.4705985Z       "status": "pass"
2026-10-05T12:18:27.4706199Z     },
2026-10-05T12:18:27.4706459Z     {
2026-10-05T12:18:27.4706735Z       "surface_id": "openCodeActiveDynamicContext",
2026-10-05T12:18:27.4707066Z       "instance_id": "active",
2026-10-05T12:18:27.4707317Z       "raw_bytes": 903,
2026-10-05T12:18:27.4707657Z       "normalized_bytes": 748,
2026-10-05T12:18:27.4707930Z       "max_normalized_bytes": 1000,
2026-10-05T12:18:27.4708188Z       "status": "pass"
2026-10-05T12:18:27.4708411Z     },
2026-10-05T12:18:27.4708674Z     {
2026-10-05T12:18:27.4708951Z       "surface_id": "openCodeInactiveDynamicContext",
2026-10-05T12:18:27.4709310Z       "instance_id": "inactive",
2026-10-05T12:18:27.4709637Z       "raw_bytes": 0,
2026-10-05T12:18:27.4709871Z       "normalized_bytes": 0,
2026-10-05T12:18:27.4710227Z       "max_normalized_bytes": 0,
2026-10-05T12:18:27.4710485Z       "status": "pass"
2026-10-05T12:18:27.4710770Z     },
2026-10-05T12:18:27.4710954Z     {
2026-10-05T12:18:27.4711333Z       "surface_id": "openCodeComposedStaticAndActiveDynamic",
2026-10-05T12:18:27.4711790Z       "instance_id": "repository",
2026-10-05T12:18:27.4712056Z       "raw_bytes": 2400,
2026-10-05T12:18:27.4712393Z       "normalized_bytes": 2245,
2026-10-05T12:18:27.4712671Z       "max_normalized_bytes": 5000,
2026-10-05T12:18:27.4713246Z       "status": "pass"
2026-10-05T12:18:27.4713535Z     },
2026-10-05T12:18:27.4713744Z     {
2026-10-05T12:18:27.4714120Z       "surface_id": "openCodeComposedStaticAndActiveDynamic",
2026-10-05T12:18:27.4714499Z       "instance_id": "global-installed",
2026-10-05T12:18:27.4714866Z       "raw_bytes": 2476,
2026-10-05T12:18:27.4715208Z       "normalized_bytes": 2321,
2026-10-05T12:18:27.4715490Z       "max_normalized_bytes": 5000,
2026-10-05T12:18:27.4715831Z       "status": "pass"
2026-10-05T12:18:27.4716049Z     },
2026-10-05T12:18:27.4716326Z     {
2026-10-05T12:18:27.4716599Z       "surface_id": "openCodeCompactionAddition",
2026-10-05T12:18:27.4716928Z       "instance_id": "active",
2026-10-05T12:18:27.4717175Z       "raw_bytes": 1087,
2026-10-05T12:18:27.4717502Z       "normalized_bytes": 1087,
2026-10-05T12:18:27.4717784Z       "max_normalized_bytes": 1100,
2026-10-05T12:18:27.4718041Z       "status": "pass"
2026-10-05T12:18:27.4718253Z     },
2026-10-05T12:18:27.4718451Z     {
2026-10-05T12:18:27.4718710Z       "surface_id": "selectedGateCheckSkill",
2026-10-05T12:18:27.4719051Z       "instance_id": "canonical-generated",
2026-10-05T12:18:27.4719350Z       "raw_bytes": 5536,
2026-10-05T12:18:27.4719679Z       "normalized_bytes": 5536,
2026-10-05T12:18:27.4719957Z       "max_normalized_bytes": 6900,
2026-10-05T12:18:27.4720291Z       "status": "pass"
2026-10-05T12:18:27.4720513Z     },
2026-10-05T12:18:27.4720773Z     {
2026-10-05T12:18:27.4721013Z       "surface_id": "selectedGateCheckSkill",
2026-10-05T12:18:27.4721578Z       "instance_id": "global-installed",
2026-10-05T12:18:27.4721859Z       "raw_bytes": 6839,
2026-10-05T12:18:27.4722191Z       "normalized_bytes": 6839,
2026-10-05T12:18:27.4722477Z       "max_normalized_bytes": 6900,
2026-10-05T12:18:27.4722737Z       "status": "pass"
2026-10-05T12:18:27.4723132Z     }
2026-10-05T12:18:27.4723320Z   ]
2026-10-05T12:18:27.4723552Z }
2026-10-05T12:18:27.4723811Z Instruction-footprint tests passed
2026-10-05T12:18:27.9079398Z Request activation projection tests passed
2026-10-05T12:18:28.7938830Z Request Activation eval tests passed (39 cases; source and callback policy current)
2026-10-05T12:18:28.9159903Z 
2026-10-05T12:18:28.9160730Z > create-agdf@0.14.5 test:request-activation-callbacks
2026-10-05T12:18:28.9161328Z > node scripts/request-activation-callback-test.js
2026-10-05T12:18:28.9161577Z 
2026-10-05T12:18:28.9638830Z Request Activation callback and ordering integration tests passed
2026-10-05T12:18:29.0984638Z 
2026-10-05T12:18:29.0985451Z > create-agdf@0.14.5 test:request-activation-host-schema
2026-10-05T12:18:29.0986009Z > node scripts/request-activation-host-schema-test.js
2026-10-05T12:18:29.0986253Z 
2026-10-05T12:18:29.4664176Z Request Activation host observation schema tests passed
2026-10-05T12:18:29.6076797Z 
2026-10-05T12:18:29.6077512Z > create-agdf@0.14.5 test:gate-check-missing-control
2026-10-05T12:18:29.6078037Z > node scripts/gate-check-missing-control-test.js
2026-10-05T12:18:29.6078280Z 
2026-10-05T12:18:30.0435126Z Gate-check missing-control tests passed.
2026-10-05T12:18:30.2058181Z 
2026-10-05T12:18:30.2058995Z > create-agdf@0.14.5 test:canonical-init
2026-10-05T12:18:30.2059467Z > node scripts/canonical-init-test.js
2026-10-05T12:18:30.2059685Z 
2026-10-05T12:18:31.0356260Z Canonical init tests passed.
2026-10-05T12:18:31.2190439Z 
2026-10-05T12:18:31.2191189Z > create-agdf@0.14.5 test:cli-modularization
2026-10-05T12:18:31.2191763Z > node scripts/cli-modularization-test.js
2026-10-05T12:18:31.2191978Z 
2026-10-05T12:18:33.3621432Z cli modularization tests passed
2026-10-05T12:18:33.4962497Z 
2026-10-05T12:18:33.4963418Z > create-agdf@0.14.5 test:install-setup-contract
2026-10-05T12:18:33.4964013Z > node scripts/install-setup-contract-test.js
2026-10-05T12:18:33.4964241Z 
2026-10-05T12:18:33.5661341Z install setup contract tests passed
2026-10-05T12:18:33.6969204Z 
2026-10-05T12:18:33.6970014Z > create-agdf@0.14.5 test:install-setup-interaction
2026-10-05T12:18:33.6970624Z > node scripts/install-setup-interaction-test.js
2026-10-05T12:18:33.6971203Z 
2026-10-05T12:18:33.9687361Z install setup interaction tests passed
2026-10-05T12:18:34.1062146Z 
2026-10-05T12:18:34.1063099Z > create-agdf@0.14.5 test:install-setup-service
2026-10-05T12:18:34.1063658Z > node scripts/install-setup-service-test.js
2026-10-05T12:18:34.1063891Z 
2026-10-05T12:18:34.2391657Z install setup service tests passed
2026-10-05T12:18:34.3706195Z 
2026-10-05T12:18:34.3706887Z > create-agdf@0.14.5 test:install-control-migration
2026-10-05T12:18:34.3707479Z > node ../core/test/install-control-migration-test.js
2026-10-05T12:18:34.3707725Z 
2026-10-05T12:18:35.0676037Z Installation control migration: batch consent, partial migration, read-only deferral, bound snapshots, backups, CLI/JSON and EN/DE rendering passed.
2026-10-05T12:18:35.2345218Z 
2026-10-05T12:18:35.2345993Z > create-agdf@0.14.5 test:install-control-repair
2026-10-05T12:18:35.2346722Z > node scripts/install-control-repair-test.js
2026-10-05T12:18:35.2347085Z 
2026-10-05T12:18:36.6327285Z Installation repair: 1/2/3, verified checkpoint/Git sources, missing inputs, backups, approval reset, conflicts, interruptions, CLI and EN/DE passed.
2026-10-05T12:18:36.8345095Z 
2026-10-05T12:18:36.8345863Z > create-agdf@0.14.5 test:control-maintenance
2026-10-05T12:18:36.8346900Z > node scripts/control-maintenance-test.js && node scripts/control-maintenance-command-test.js && node ./scripts/repository-control-startup-test.js
2026-10-05T12:18:36.8347497Z 
2026-10-05T12:18:37.4671736Z Control maintenance shared service and interaction tests passed.
2026-10-05T12:18:39.2032831Z Control maintenance source/generated command tests passed.
2026-10-05T12:18:41.4151820Z Repository control bounded startup, consent and reentry tests passed.
2026-10-05T12:18:41.5577271Z 
2026-10-05T12:18:41.5577954Z > create-agdf@0.14.5 test:runtime-check-consent
2026-10-05T12:18:41.5578749Z > node scripts/runtime-check-consent-test.js && node scripts/codex-plugin-consent-test.js
2026-10-05T12:18:41.5579137Z 
2026-10-05T12:18:41.7804596Z Codex hook observation tests passed.
2026-10-05T12:18:43.2279102Z Runtime-check consent tests passed
2026-10-05T12:18:43.3975376Z Codex plugin consent: exact tool policy, readback, disable preservation, failures and input validation passed; revocation removes only the approval key.
2026-10-05T12:18:43.5303535Z 
2026-10-05T12:18:43.5304311Z > create-agdf@0.14.5 test:task-target-resolution
2026-10-05T12:18:43.5305141Z > node ../core/test/task-target-resolution-test.js
2026-10-05T12:18:43.5305534Z 
2026-10-05T12:18:43.7195987Z task target resolution tests passed
2026-10-05T12:18:43.8539765Z 
2026-10-05T12:18:43.8540522Z > create-agdf@0.14.5 test:skill-dispatch
2026-10-05T12:18:43.8541871Z > node ../core/test/skill-names-test.js && node scripts/skill-dispatch-function-contract-test.js && node scripts/skill-dispatch-test.js && node scripts/skill-dispatch-binding-test.js && node scripts/delivery-run-assignment-test.js
2026-10-05T12:18:43.8542757Z 
2026-10-05T12:18:44.6643372Z skill names tests passed
2026-10-05T12:18:45.2564480Z Skill dispatch semantic function contract tests passed
2026-10-05T12:18:45.2582396Z agdf_inspect function contract pins passed.
2026-10-05T12:18:45.6604885Z skill dispatch tests passed
2026-10-05T12:18:45.6666295Z presentation_required preview tests passed.
2026-10-05T12:19:00.2251186Z 40 adapter-to-dispatch cases passed (generated SessionStart and source-composed OpenCode, not loaded-host evidence)
2026-10-05T12:19:00.2459717Z Skill dispatch binding tests passed
2026-10-05T12:19:00.9356184Z Delivery run assignment: zero/one/multiple runs, UR references, explicit scope binding, new scope, stale and racing revisions, ambient selector, integrity and EN/DE status passed.
2026-10-05T12:19:01.0773821Z 
2026-10-05T12:19:01.0774455Z > create-agdf@0.14.5 test:control-inspect
2026-10-05T12:19:01.0775115Z > node scripts/control-inspect-test.js && node scripts/active-run-inventory-test.js
2026-10-05T12:19:01.0775483Z 
2026-10-05T12:19:14.4655733Z control-inspect parity, shared selection, read-only and preview tests passed.
2026-10-05T12:19:14.9053627Z Active-run inventory routing corpus, target binding, localized output and read-only runtime tests passed.
2026-10-05T12:19:15.0488779Z 
2026-10-05T12:19:15.0489485Z > create-agdf@0.14.5 test:host-command
2026-10-05T12:19:15.0490033Z > node scripts/host-command-test.js
2026-10-05T12:19:15.0490232Z 
2026-10-05T12:19:15.0925584Z [host-command-test] SKIPPED live Windows shim assertions on linux
2026-10-05T12:19:15.0926663Z Host command tests passed
2026-10-05T12:19:15.2217406Z 
2026-10-05T12:19:15.2218211Z > create-agdf@0.14.5 test:mcp-lifecycle
2026-10-05T12:19:15.2218906Z > node scripts/mcp-lifecycle-test.js
2026-10-05T12:19:15.2219235Z 
2026-10-05T12:19:21.6594592Z AGDF MCP lifecycle, package acquisition and host adapter tests passed.
2026-10-05T12:19:21.7994276Z 
2026-10-05T12:19:21.7995075Z > create-agdf@0.14.5 test:plugin-mcp-runtime
2026-10-05T12:19:21.7995800Z > node scripts/plugin-mcp-runtime-test.js
2026-10-05T12:19:21.7996165Z 
2026-10-05T12:19:24.0107623Z Plugin MCP runtime tests passed
2026-10-05T12:19:24.1446234Z 
2026-10-05T12:19:24.1446935Z > create-agdf@0.14.5 test:claude-plugin-mcp
2026-10-05T12:19:24.1447418Z > node scripts/claude-plugin-mcp-test.js
2026-10-05T12:19:24.1447640Z 
2026-10-05T12:19:24.6517326Z Claude plugin MCP tests passed
2026-10-05T12:19:24.7845170Z 
2026-10-05T12:19:24.7845914Z > create-agdf@0.14.5 test:codex-plugin-mcp
2026-10-05T12:19:24.7846467Z > node scripts/codex-plugin-mcp-test.js
2026-10-05T12:19:24.7846695Z 
2026-10-05T12:19:25.2148039Z Codex plugin MCP tests passed
2026-10-05T12:19:25.3503094Z 
2026-10-05T12:19:25.3503621Z > create-agdf@0.14.5 test:mcp-server
2026-10-05T12:19:25.3504078Z > npm --prefix ../mcp-server test
2026-10-05T12:19:25.3504274Z 
2026-10-05T12:19:25.4699786Z 
2026-10-05T12:19:25.4700478Z > @agdf/mcp-server@0.14.5 test
2026-10-05T12:19:25.4701784Z > npm run test:contract && npm run test:continuation && npm run test:late-source-revision && npm run test:protocol && npm run test:safety && npm run test:provenance && npm run test:performance && npm run test:package && npm run test:sdk-digest
2026-10-05T12:19:25.4713184Z 
2026-10-05T12:19:25.5907144Z 
2026-10-05T12:19:25.5907800Z > @agdf/mcp-server@0.14.5 test:contract
2026-10-05T12:19:25.5908315Z > node ./test/contract.test.js
2026-10-05T12:19:25.5908520Z 
2026-10-05T12:19:26.0323368Z AGDF MCP semantic contract tests passed.
2026-10-05T12:19:26.1925024Z 
2026-10-05T12:19:26.1925767Z > @agdf/mcp-server@0.14.5 test:continuation
2026-10-05T12:19:26.1926223Z > node ./test/continuation.test.js
2026-10-05T12:19:26.1926477Z 
2026-10-05T12:19:37.3208366Z All catalog-registered MCP judgement skill continuations supply exact packaged contracts without a hook binding.
2026-10-05T12:19:37.4585154Z 
2026-10-05T12:19:37.4585892Z > @agdf/mcp-server@0.14.5 test:late-source-revision
2026-10-05T12:19:37.4586415Z > node ./test/late-source-revision.test.js
2026-10-05T12:19:37.4586654Z 
2026-10-05T12:19:54.1348934Z Late source revision CLI/Core/MCP parity passed (actual stdio server, synthetic fixture approvals).
2026-10-05T12:19:54.4685163Z 
2026-10-05T12:19:54.4685872Z > @agdf/mcp-server@0.14.5 test:protocol
2026-10-05T12:19:54.4686730Z > node ./test/protocol.test.js && node ./test/skill-names.test.js
2026-10-05T12:19:54.4687216Z 
2026-10-05T12:19:55.8098200Z AGDF MCP 2025-11-25 and 2026-07-28 separate language-matrix protocol tests passed.
2026-10-05T12:20:16.5185609Z CLI/MCP host skill name parity passed
2026-10-05T12:20:16.6506728Z 
2026-10-05T12:20:16.6509359Z > @agdf/mcp-server@0.14.5 test:safety
2026-10-05T12:20:16.6509977Z > node ./test/safety.test.js
2026-10-05T12:20:16.6510240Z 
2026-10-05T12:20:16.8286444Z AGDF MCP isolation, timeout, cancellation and static safety tests passed.
2026-10-05T12:20:17.0199082Z 
2026-10-05T12:20:17.0199918Z > @agdf/mcp-server@0.14.5 test:provenance
2026-10-05T12:20:17.0200601Z > node ./test/provenance.test.js
2026-10-05T12:20:17.0200907Z 
2026-10-05T12:20:20.1656249Z AGDF MCP owned-runtime provenance, shutdown and tamper tests passed.
2026-10-05T12:20:20.3111656Z 
2026-10-05T12:20:20.3112398Z > @agdf/mcp-server@0.14.5 test:performance
2026-10-05T12:20:20.3113115Z > node ./test/performance.test.js
2026-10-05T12:20:20.3113332Z 
2026-10-05T12:20:33.5793915Z {"node":"v24.21.0","platform":"linux-x64","runs":20,"cold_tools_list_ms":[301.14,295.182,291.024,288.829,289.626,292.767,289.153,290.076,292.418,287.895,284.561,286.215,285.147,285.754,298.456,292.35,289.826,280.239,286.721,289.696],"cold_p95_ms":298.456,"warm_dispatch_ms":[416.713,265.533,375.936,373.793,359.31,270.544,366.2,364.619,364.06,379.382,266.927,265.14,270.147,362.243,286.867,357.876,263.829,358.209,263.764,263.775],"warm_p95_ms":379.382}
2026-10-05T12:20:33.8519466Z 
2026-10-05T12:20:33.8520129Z > @agdf/mcp-server@0.14.5 test:package
2026-10-05T12:20:33.8520711Z > node ./test/package.test.js
2026-10-05T12:20:33.8520991Z 
2026-10-05T12:20:34.2337623Z AGDF MCP package boundary tests passed.
2026-10-05T12:20:34.3625821Z 
2026-10-05T12:20:34.3626584Z > @agdf/mcp-server@0.14.5 test:sdk-digest
2026-10-05T12:20:34.3627301Z > node ./test/sdk-digest.test.js
2026-10-05T12:20:34.3627597Z 
2026-10-05T12:20:34.5020352Z MCP SDK digest tests passed
2026-10-05T12:20:34.6494450Z 
2026-10-05T12:20:34.6495123Z > create-agdf@0.14.5 test:local-validator
2026-10-05T12:20:34.6495585Z > node scripts/local-validator-test.js
2026-10-05T12:20:34.6495793Z 
2026-10-05T12:20:34.9425886Z Local validator tests passed
2026-10-05T12:20:35.0880253Z 
2026-10-05T12:20:35.0880927Z > create-agdf@0.14.5 test:local-marketplace
2026-10-05T12:20:35.0881721Z > node scripts/local-marketplace-test.js
2026-10-05T12:20:35.0881941Z 
2026-10-05T12:20:43.2735427Z Local marketplace tests passed
2026-10-05T12:20:43.6330595Z 
2026-10-05T12:20:43.6331210Z > create-agdf@0.14.5 test:claude-cache-recovery
2026-10-05T12:20:43.6331704Z > node scripts/claude-cache-recovery-test.js
2026-10-05T12:20:43.6331932Z 
2026-10-05T12:20:43.6742184Z Claude cache recovery tests passed
2026-10-05T12:20:43.7987214Z 
2026-10-05T12:20:43.7987804Z > create-agdf@0.14.5 test:copilot-profile
2026-10-05T12:20:43.7988533Z > node ../../scripts/skill-name-projection-test.mjs && node scripts/copilot-profile-test.js
2026-10-05T12:20:43.7988914Z 
2026-10-05T12:20:43.9257096Z skill name projections passed
2026-10-05T12:20:44.1482888Z Copilot profile tests passed (inventory, drift, exclusions and growth fail closed)
2026-10-05T12:20:44.2823784Z 
2026-10-05T12:20:44.2824458Z > create-agdf@0.14.5 test:copilot-installer
2026-10-05T12:20:44.2824951Z > node scripts/copilot-installer-test.js
2026-10-05T12:20:44.2825187Z 
2026-10-05T12:20:47.1221993Z Copilot installer tests passed (native Git checkout, same-version updates, migration, rollback, discovery and isolation)
2026-10-05T12:20:47.3398700Z 
2026-10-05T12:20:47.3399360Z > create-agdf@0.14.5 test:local-preparation
2026-10-05T12:20:47.3399829Z > node scripts/local-preparation-test.js
2026-10-05T12:20:47.3400043Z 
2026-10-05T12:20:50.9774599Z local host preparation: isolation, clean bootstrap, runtime validation and release guard passed
2026-10-05T12:20:51.5483636Z 
2026-10-05T12:20:51.5484425Z > create-agdf@0.14.5 test:local-development-install
2026-10-05T12:20:51.5485139Z > npm run release:prepare && node scripts/local-development-install-test.js
2026-10-05T12:20:51.5485476Z 
2026-10-05T12:20:51.6679877Z 
2026-10-05T12:20:51.6680585Z > create-agdf@0.14.5 release:prepare
2026-10-05T12:20:51.6682586Z > npm run sync-package-assets && npm run test:distribution-profile-history && npm run test:release-bump && npm run test:release-version-coherence && npm run test:public-plugin && npm run test:portable-plugin
2026-10-05T12:20:51.6684145Z 
2026-10-05T12:20:51.7963915Z 
2026-10-05T12:20:51.7964746Z > create-agdf@0.14.5 sync-package-assets
2026-10-05T12:20:51.7965398Z > node ../../scripts/sync-package-assets.js
2026-10-05T12:20:51.7965630Z 
2026-10-05T12:20:52.3465199Z 
2026-10-05T12:20:52.3466080Z > create-agdf@0.14.5 test:distribution-profile-history
2026-10-05T12:20:52.3466936Z > node scripts/distribution-profile-history-test.js
2026-10-05T12:20:52.3467811Z 
2026-10-05T12:20:52.4036892Z Distribution profile history passed (8 exact releases, malformed and closed-policy matrices)
2026-10-05T12:20:52.5312274Z 
2026-10-05T12:20:52.5313485Z > create-agdf@0.14.5 test:release-bump
2026-10-05T12:20:52.5314135Z > node scripts/release-bump-test.js
2026-10-05T12:20:52.5314359Z 
2026-10-05T12:20:52.7872508Z Release bump passed (20 transactional files; repair, forward, review, rollback and recovery)
2026-10-05T12:20:52.9290101Z 
2026-10-05T12:20:52.9290950Z > create-agdf@0.14.5 test:release-version-coherence
2026-10-05T12:20:52.9291504Z > node scripts/release-version-coherence-test.js
2026-10-05T12:20:52.9291743Z 
2026-10-05T12:20:54.2304097Z Release version coherence passed (50 surfaces at 0.14.5; 8 profile snapshots)
2026-10-05T12:20:54.3582692Z 
2026-10-05T12:20:54.3583574Z > create-agdf@0.14.5 test:public-plugin
2026-10-05T12:20:54.3584152Z > node scripts/public-plugin-test.js
2026-10-05T12:20:54.3584363Z 
2026-10-05T12:20:54.6334257Z Public plugin tests passed (60 inventoried candidate files; digest 416c48ca8fe420b133c90d0a967d9e834341c3b1578d8ca02e43db39b4b173e5)
2026-10-05T12:20:54.7636325Z 
2026-10-05T12:20:54.7637017Z > create-agdf@0.14.5 test:portable-plugin
2026-10-05T12:20:54.7637485Z > node scripts/portable-plugin-test.js
2026-10-05T12:20:54.7637700Z 
2026-10-05T12:20:55.2767276Z Portable plugin schema/profile/resource/selection/retry tests passed; digest 416c48ca8fe420b133c90d0a967d9e834341c3b1578d8ca02e43db39b4b173e5
2026-10-05T12:21:05.6239922Z Local development install tests passed
2026-10-05T12:21:06.2581944Z 
2026-10-05T12:21:06.2582681Z > create-agdf@0.14.5 test:package-build
2026-10-05T12:21:06.2583591Z > node scripts/package-build-test.js
2026-10-05T12:21:06.2583913Z 
2026-10-05T12:21:07.6665083Z Package build tests passed (all generated profiles byte-identical across complete builds; source untouched)
2026-10-05T12:21:07.7997959Z 
2026-10-05T12:21:07.7998670Z > create-agdf@0.14.5 test:package-contents
2026-10-05T12:21:07.7999200Z > node scripts/package-contents-test.js
2026-10-05T12:21:07.7999458Z 
2026-10-05T12:21:09.3577567Z Package contents tests passed (761 files; complete release-built plugin present)
2026-10-05T12:21:09.4876464Z 
2026-10-05T12:21:09.4877078Z > create-agdf@0.14.5 test:lifecycle
2026-10-05T12:21:09.4877523Z > node scripts/lifecycle-test.js
2026-10-05T12:21:09.4877711Z 
2026-10-05T12:21:09.9780298Z lifecycle tests passed
2026-10-05T12:21:10.1196135Z 
2026-10-05T12:21:10.1196767Z > create-agdf@0.14.5 test:copilot-repository-retention
2026-10-05T12:21:10.1197331Z > node scripts/copilot-repository-retention-test.js
2026-10-05T12:21:10.1197599Z 
2026-10-05T12:21:11.1426167Z Copilot repository retention tests passed (install, update, status, disable, uninstall and failure)
2026-10-05T12:21:11.2951043Z 
2026-10-05T12:21:11.2951807Z > create-agdf@0.14.5 test:control-command
2026-10-05T12:21:11.2952522Z > node scripts/control-command-test.js
2026-10-05T12:21:11.2952847Z 
2026-10-05T12:21:12.6136239Z PASS SCN-016 Windows replay flush uses a writable handle without changing canonical bytes
2026-10-05T12:21:12.6144480Z PASS SCN-002 undeclared {"role":"user"}
2026-10-05T12:21:12.6145241Z PASS SCN-002 undeclared {"seen":true}
2026-10-05T12:21:12.6145858Z PASS SCN-002 undeclared {"trusted":true}
2026-10-05T12:21:12.6154001Z PASS SCN-002 undeclared {"tool_provenance":"human"}
2026-10-05T12:21:12.6163966Z PASS SCN-002 accessor schema_version rejected without evaluation
2026-10-05T12:21:12.6164727Z PASS SCN-002 accessor action rejected without evaluation
2026-10-05T12:21:12.6165476Z PASS SCN-002 accessor target_id rejected without evaluation
2026-10-05T12:21:12.6166199Z PASS SCN-002 accessor run_id rejected without evaluation
2026-10-05T12:21:12.6166876Z PASS SCN-002 accessor gate rejected without evaluation
2026-10-05T12:21:12.6167657Z PASS SCN-002 accessor expected_revision_id rejected without evaluation
2026-10-05T12:21:12.6168189Z PASS SCN-002 accessor presentation_id rejected without evaluation
2026-10-05T12:21:12.6168645Z PASS SCN-002 accessor response rejected without evaluation
2026-10-05T12:21:12.6169633Z PASS SCN-002 accessor operation_id rejected without evaluation
2026-10-05T12:21:12.6170224Z PASS SCN-002 accessor assurance rejected without evaluation
2026-10-05T12:21:12.6170601Z PASS SCN-009 "authenticated_human"
2026-10-05T12:21:12.6170894Z PASS SCN-009 "verified_human"
2026-10-05T12:21:12.6171179Z PASS SCN-009 "host_attested"
2026-10-05T12:21:12.6171439Z PASS SCN-009 "signed"
2026-10-05T12:21:12.6171673Z PASS SCN-009 "trusted"
2026-10-05T12:21:12.6171915Z PASS SCN-009 ""
2026-10-05T12:21:12.6172215Z PASS SCN-002 malformed {"schema_version":"2"}
2026-10-05T12:21:12.6172576Z PASS SCN-002 malformed {"action":"present"}
2026-10-05T12:21:12.6173134Z PASS SCN-002 malformed {"operation_id":"x"}
2026-10-05T12:21:12.6173563Z PASS SCN-002 malformed {"run_id":"../foreign"}
2026-10-05T12:21:12.6173962Z PASS SCN-002 malformed {"expected_revision_id":null}
2026-10-05T12:21:12.6174297Z PASS SCN-002 malformed {}
2026-10-05T12:21:12.7781590Z PASS SCN-002/009 closed schema and unsupported authority, zero mutation
2026-10-05T12:21:13.8818808Z PASS SCN-008 ""
2026-10-05T12:21:14.0605413Z PASS SCN-008 "Ja"
2026-10-05T12:21:14.2267152Z PASS SCN-008 "Leg los"
2026-10-05T12:21:14.3925112Z PASS SCN-008 "Approval: PRD"
2026-10-05T12:21:14.5576013Z PASS SCN-008 "`Approval: UR`"
2026-10-05T12:21:14.7252288Z PASS SCN-008 "Zitat: Approval: UR"
2026-10-05T12:21:14.7253382Z PASS SCN-007/008 read, present, derived and nonexact replies do not approve
2026-10-05T12:21:14.8080086Z PASS SCN-011 {"target_id":"sha256:aaaaaaaaaaaaaaaaaaaaaaaaaaaaaaaaaaaaaaaaaaaaaaaaaaaaaaaaaaaaaaaa"}
2026-10-05T12:21:14.9741553Z PASS SCN-011 {"expected_revision_id":"2be7a91f-b500-403c-8051-09e971d3687a"}
2026-10-05T12:21:15.1418751Z PASS SCN-011 {"presentation_id":"c11644ff-8f04-4fb1-917d-42fd79cf5b16"}
2026-10-05T12:21:15.3061977Z PASS SCN-011 {"gate":"PRD"}
2026-10-05T12:21:15.3923611Z PASS SCN-011 exact target, revision and presentation bindings
2026-10-05T12:21:15.5598158Z PASS SCN-015 live and unknown locks are retained and never succeed
2026-10-05T12:21:15.8948305Z PASS SCN-020 temp_opened
2026-10-05T12:21:16.2259918Z PASS SCN-020 temp_written
2026-10-05T12:21:16.5570466Z PASS SCN-020 after_file_sync
2026-10-05T12:21:16.9083330Z PASS SCN-020 before_rename
2026-10-05T12:21:16.9084158Z PASS SCN-020 write checkpoints before rename leave no approval or receipt
2026-10-05T12:21:17.0765661Z PASS SCN-012 final presentation validation under lock
2026-10-05T12:21:17.3237260Z PASS SCN-012 prepared presentation mutation is rejected at final validation
2026-10-05T12:21:17.6287086Z PASS SCN-001/003/004/010 one revision, atomic receipt and explicit cooperative result
2026-10-05T12:21:17.6293829Z PASS SCN-025 invalid receipt subcase 0
2026-10-05T12:21:17.6296903Z PASS SCN-025 invalid receipt subcase 1
2026-10-05T12:21:17.6299985Z PASS SCN-025 invalid receipt subcase 2
2026-10-05T12:21:17.6302376Z PASS SCN-025 invalid receipt subcase 3
2026-10-05T12:21:17.6304501Z PASS SCN-025 invalid receipt subcase 4
2026-10-05T12:21:17.6306245Z PASS SCN-025 invalid receipt subcase 5
2026-10-05T12:21:17.6308156Z PASS SCN-025 invalid receipt subcase 6
2026-10-05T12:21:17.6319008Z PASS SCN-023/025 receipt version, row identity, effect and encoding validation
2026-10-05T12:21:17.8626862Z PASS SCN-016/017 same request replays; changed bytes conflict without a revision
2026-10-05T12:21:17.9504848Z PASS SCN-018/019 historical effect survives revocation, current state is separately observed
2026-10-05T12:21:17.9555109Z PASS SCN-023/025 receipt corruption, deletion and seal tampering fail closed
2026-10-05T12:21:18.0431359Z PASS SCN-018 receipt-preserving recovery never restores approval
2026-10-05T12:21:18.8394722Z PASS SCN-022 postrename failure exposes canonical effect; retry acknowledges without writing
2026-10-05T12:21:18.9073651Z PASS SCN-018 bounded PRD supersession preserves UR receipt and never reapproves PRD
2026-10-05T12:21:20.7852085Z PASS SCN-024 legacy seal bytes and CLI rejection/assurance remain compatible
2026-10-05T12:21:20.8438667Z PASS SCN-011 symlink run paths are rejected before mutation
2026-10-05T12:21:20.8463258Z Control command tests passed: 18 scenario groups.
2026-10-05T12:21:22.3768256Z PASS SCN-020/022 postcommit after_directory_sync acknowledged without another revision
2026-10-05T12:21:23.9202787Z PASS SCN-020/022 postcommit before_response acknowledged without another revision
2026-10-05T12:21:25.5769196Z PASS SCN-020/022 postcommit before_lock_release acknowledged without another revision
2026-10-05T12:21:27.1668660Z PASS SCN-020/022 postcommit after_lock_release acknowledged without another revision
2026-10-05T12:21:27.3162004Z 
2026-10-05T12:21:27.3162802Z > create-agdf@0.14.5 test:control-command-process
2026-10-05T12:21:27.3163822Z > node scripts/control-command-process-test.js
2026-10-05T12:21:27.3164209Z 
2026-10-05T12:21:29.4332718Z PASS SCN-021/016 kill before_rename, confirmed death, one committed revision
2026-10-05T12:21:31.0931607Z PASS SCN-021/016 kill after_rename, confirmed death, one committed revision
2026-10-05T12:21:32.8094717Z PASS SCN-021/016 kill before_response, confirmed death, one committed revision
2026-10-05T12:21:35.1389728Z PASS SCN-013/014/015 CLI/API concurrent identical
2026-10-05T12:21:37.5586673Z PASS SCN-013/014/015 CLI/API concurrent distinct
2026-10-05T12:21:39.8576061Z PASS SCN-013/014/015 CLI/API concurrent changed_payload
2026-10-05T12:21:39.8599137Z Control command process tests passed on linux/x64.
2026-10-05T12:21:42.0647475Z PASS SCN-026 real legacy CLI interruption before_rename
2026-10-05T12:21:44.0580338Z PASS SCN-026 real legacy CLI interruption after_rename
2026-10-05T12:21:44.0615762Z SCN-026 INTERRUPTION_METRICS [{"lane":"command","point":"before_rename","interrupted_calls":1,"retry_calls":1,"resulting_revision_count":1,"replay_outcome":"accepted","manual_corrections":0,"human_decision":"unavailable"},{"lane":"command","point":"after_rename","interrupted_calls":1,"retry_calls":1,"resulting_revision_count":1,"replay_outcome":"already_applied","manual_corrections":0,"human_decision":"unavailable"},{"lane":"command","point":"before_response","interrupted_calls":1,"retry_calls":1,"resulting_revision_count":1,"replay_outcome":"already_applied","manual_corrections":0,"human_decision":"unavailable"},{"lane":"legacy","point":"before_rename","interrupted_calls":1,"retry_calls":1,"resulting_revision_count":1,"replay_outcome":"approved","manual_corrections":0,"human_decision":"unavailable"},{"lane":"legacy","point":"after_rename","interrupted_calls":1,"retry_calls":1,"resulting_revision_count":1,"replay_outcome":"rejected","manual_corrections":0,"human_decision":"unavailable"}]
2026-10-05T12:21:44.0709384Z PROCESS_EVIDENCE [{"point":"before_rename","child_pid":10123,"observed_exit":{"code":null,"signal":"SIGKILL"},"interrupted_revision":"87e2eeab-ea32-493e-b33b-6dc9c640d6bd","retry":{"schema_version":"1","outcome":"accepted","reason":null,"operation_id":"3c5d3f4b-9f86-433c-8ca3-e3d0f912195e","request_digest":"sha256:ed06049e12f098a7b327677faf196effd1e9e8736b1096a879cde293a4334f6b","binding":{"target_id":"sha256:8c5900cb12713117893d328b0e498307ba4a4c0f8d7d8b28c6c940499bcabbf5","run_id":"command-test","gate":"UR","expected_revision_id":"87e2eeab-ea32-493e-b33b-6dc9c640d6bd","presentation_id":"824a1f4e-9f79-4058-8dd0-995c7d2c37b2"},"effect":{"previous_revision_id":"87e2eeab-ea32-493e-b33b-6dc9c640d6bd","resulting_revision_id":"f961137f-ff61-4450-9b46-a94f99736b11","revision":3,"gate":"UR","approval":"Approval: UR","artefact_digest":"sha256:316ee25501048fbea4206beee4a1d9d7d92981377a792f9e1c111270d8d753bb","presentation_digest":"sha256:3c048acb123ff2e4cda607133885bd7281be6034f0a690420965257a875e5181","next_gate_after_approval":"Brownfield Review","allowed_after_approval":"Run Brownfield Review after G-00 before drafting PRD, or mark Brownfield Review not_applicable with evidence."},"assurance":{"lane":"cooperative_local","reply_provenance":"caller_forwarded_deliberate_reply","independent_human_proof":"unavailable"},"current":{"available":true,"revision":3,"revision_id":"f961137f-ff61-4450-9b46-a94f99736b11","approval_status":"approved","lifecycle":"active","gate":"Brownfield Review","status":"open","missing_approval":"none","next_allowed_action":"Run Brownfield Review after G-00 before drafting PRD, or mark Brownfield Review not_applicable with evidence.","blocking_reason":"none"},"observations":{"commit":"canonical_receipt_observed","durability":"file_and_directory_sync_completed","independent_human_proof":"unavailable"},"recovery":null}},{"point":"after_rename","child_pid":10167,"observed_exit":{"code":null,"signal":"SIGKILL"},"interrupted_revision":"c9772c39-f11a-42e3-8f00-101432ecec8a","retry":{"schema_version":"1","outcome":"already_applied","reason":null,"operation_id":"d723e266-8eaa-4fc1-9f9c-e4f3f9f1c041","request_digest":"sha256:c2fae7c4d17a4bf872ab70bc8b1ab65a10cd496a5c3ab47037ab2e03669db0d5","binding":{"target_id":"sha256:ed40b1d0e6d76f66b4fca0f038e3bd863e9bb84f90d4776d958ab9a84aacd0c9","run_id":"command-test","gate":"UR","expected_revision_id":"b8aa075f-ac3d-407f-87bb-028d6f8e905b","presentation_id":"7af2bca5-45b5-446a-9ace-13984fe4e538"},"effect":{"allowed_after_approval":"Run Brownfield Review after G-00 before drafting PRD, or mark Brownfield Review not_applicable with evidence.","approval":"Approval: UR","artefact_digest":"sha256:316ee25501048fbea4206beee4a1d9d7d92981377a792f9e1c111270d8d753bb","gate":"UR","next_gate_after_approval":"Brownfield Review","presentation_digest":"sha256:f6b0054621305e390e1bac7c569f0025e27bc8d476dfea392274f9a51b9c3f5e","previous_revision_id":"b8aa075f-ac3d-407f-87bb-028d6f8e905b","resulting_revision_id":"c9772c39-f11a-42e3-8f00-101432ecec8a","revision":3},"assurance":{"lane":"cooperative_local","reply_provenance":"caller_forwarded_deliberate_reply","independent_human_proof":"unavailable"},"current":{"available":true,"revision":3,"revision_id":"c9772c39-f11a-42e3-8f00-101432ecec8a","approval_status":"approved","lifecycle":"active","gate":"Brownfield Review","status":"open","missing_approval":"none","next_allowed_action":"Run Brownfield Review after G-00 before drafting PRD, or mark Brownfield Review not_applicable with evidence.","blocking_reason":"none"},"observations":{"commit":"canonical_receipt_observed","durability":"file_and_directory_sync_completed","independent_human_proof":"unavailable"},"recovery":null}},{"point":"before_response","child_pid":10210,"observed_exit":{"code":null,"signal":"SIGKILL"},"interrupted_revision":"444e1a72-2ed1-4f0f-8158-2ce15b0a6c39","retry":{"schema_version":"1","outcome":"already_applied","reason":null,"operation_id":"e04b5601-a0d9-47f3-b129-8bb92c1320e5","request_digest":"sha256:83b04fe0f76f0989fd816c491ad99898a297a25a80d8e952ad4b221a5a3885b6","binding":{"target_id":"sha256:57c17854c6eaf816591b634ad04e89dd148c787541cea46dc361ee1622c8c7aa","run_id":"command-test","gate":"UR","expected_revision_id":"04a08c34-f54a-4633-8807-9c07af0a83a6","presentation_id":"71e3ab27-ae68-4951-9456-9100ada00d58"},"effect":{"allowed_after_approval":"Run Brownfield Review after G-00 before drafting PRD, or mark Brownfield Review not_applicable with evidence.","approval":"Approval: UR","artefact_digest":"sha256:316ee25501048fbea4206beee4a1d9d7d92981377a792f9e1c111270d8d753bb","gate":"UR","next_gate_after_approval":"Brownfield Review","presentation_digest":"sha256:dccf3ca542332aa4313324f7c07cb6aa65c512c9f8fb643870853147a33b8e7f","previous_revision_id":"04a08c34-f54a-4633-8807-9c07af0a83a6","resulting_revision_id":"444e1a72-2ed1-4f0f-8158-2ce15b0a6c39","revision":3},"assurance":{"lane":"cooperative_local","reply_provenance":"caller_forwarded_deliberate_reply","independent_human_proof":"unavailable"},"current":{"available":true,"revision":3,"revision_id":"444e1a72-2ed1-4f0f-8158-2ce15b0a6c39","approval_status":"approved","lifecycle":"active","gate":"Brownfield Review","status":"open","missing_approval":"none","next_allowed_action":"Run Brownfield Review after G-00 before drafting PRD, or mark Brownfield Review not_applicable with evidence.","blocking_reason":"none"},"observations":{"commit":"canonical_receipt_observed","durability":"file_and_directory_sync_completed","independent_human_proof":"unavailable"},"recovery":null}},{"mode":"identical","child_pid":10253,"winner":{"schema_version":"1","outcome":"accepted","reason":null,"operation_id":"1e4287b6-d0e1-4cdf-b7eb-88cb70818a62","request_digest":"sha256:0ef89bcc1b5751134e25ce092a035562c6e22c814f4ddcdbfa7d67f7d0b5dbf3","binding":{"target_id":"sha256:d53ca20785590e02b5dc1242fd40685004d02d60172512352379ea3b75a2aaba","run_id":"command-test","gate":"UR","expected_revision_id":"202452f6-11cf-492f-b5a4-42ad984eb6b6","presentation_id":"835778c2-a593-4055-8a0d-ed60c1b8d78a"},"effect":{"previous_revision_id":"202452f6-11cf-492f-b5a4-42ad984eb6b6","resulting_revision_id":"9973f1b5-7e03-493f-8f8d-fcffe77263a5","revision":3,"gate":"UR","approval":"Approval: UR","artefact_digest":"sha256:316ee25501048fbea4206beee4a1d9d7d92981377a792f9e1c111270d8d753bb","presentation_digest":"sha256:4cf8e2f43cccf247f0cc80e965a469cb5bb20e35cbcdf90487d9da026037885a","next_gate_after_approval":"Brownfield Review","allowed_after_approval":"Run Brownfield Review after G-00 before drafting PRD, or mark Brownfield Review not_applicable with evidence."},"assurance":{"lane":"cooperative_local","reply_provenance":"caller_forwarded_deliberate_reply","independent_human_proof":"unavailable"},"current":{"available":true,"revision":3,"revision_id":"9973f1b5-7e03-493f-8f8d-fcffe77263a5","approval_status":"approved","lifecycle":"active","gate":"Brownfield Review","status":"open","missing_approval":"none","next_allowed_action":"Run Brownfield Review after G-00 before drafting PRD, or mark Brownfield Review not_applicable with evidence.","blocking_reason":"none"},"observations":{"commit":"canonical_receipt_observed","durability":"file_and_directory_sync_completed","independent_human_proof":"unavailable"},"recovery":null},"concurrent":{"code":2,"result":{"schema_version":"1","outcome":"retryable_failure","reason":"run_write_locked","operation_id":"1e4287b6-d0e1-4cdf-b7eb-88cb70818a62","request_digest":"sha256:0ef89bcc1b5751134e25ce092a035562c6e22c814f4ddcdbfa7d67f7d0b5dbf3","binding":{"target_id":"sha256:d53ca20785590e02b5dc1242fd40685004d02d60172512352379ea3b75a2aaba","run_id":"command-test","gate":"UR","expected_revision_id":"202452f6-11cf-492f-b5a4-42ad984eb6b6","presentation_id":"835778c2-a593-4055-8a0d-ed60c1b8d78a"},"effect":null,"assurance":{"lane":"cooperative_local","reply_provenance":"caller_forwarded_deliberate_reply","independent_human_proof":"unavailable"},"current":{"available":true,"revision":2,"revision_id":"202452f6-11cf-492f-b5a4-42ad984eb6b6","approval_status":"missing","lifecycle":"active","gate":"UR","status":"open","missing_approval":"Approval: UR","next_allowed_action":"Fill the current UR control state, persist the UR draft, and request exact approval: Approval: UR.","blocking_reason":"none"},"observations":{"commit":"no_receipt_acknowledged","durability":"unconfirmed","independent_human_proof":"unavailable"},"recovery":"Retry the identical command with the original operation UUID and payload; do not create a new decision."}},"retried":{"code":0,"result":{"schema_version":"1","outcome":"already_applied","reason":null,"operation_id":"1e4287b6-d0e1-4cdf-b7eb-88cb70818a62","request_digest":"sha256:0ef89bcc1b5751134e25ce092a035562c6e22c814f4ddcdbfa7d67f7d0b5dbf3","binding":{"target_id":"sha256:d53ca20785590e02b5dc1242fd40685004d02d60172512352379ea3b75a2aaba","run_id":"command-test","gate":"UR","expected_revision_id":"202452f6-11cf-492f-b5a4-42ad984eb6b6","presentation_id":"835778c2-a593-4055-8a0d-ed60c1b8d78a"},"effect":{"allowed_after_approval":"Run Brownfield Review after G-00 before drafting PRD, or mark Brownfield Review not_applicable with evidence.","approval":"Approval: UR","artefact_digest":"sha256:316ee25501048fbea4206beee4a1d9d7d92981377a792f9e1c111270d8d753bb","gate":"UR","next_gate_after_approval":"Brownfield Review","presentation_digest":"sha256:4cf8e2f43cccf247f0cc80e965a469cb5bb20e35cbcdf90487d9da026037885a","previous_revision_id":"202452f6-11cf-492f-b5a4-42ad984eb6b6","resulting_revision_id":"9973f1b5-7e03-493f-8f8d-fcffe77263a5","revision":3},"assurance":{"lane":"cooperative_local","reply_provenance":"caller_forwarded_deliberate_reply","independent_human_proof":"unavailable"},"current":{"available":true,"revision":3,"revision_id":"9973f1b5-7e03-493f-8f8d-fcffe77263a5","approval_status":"approved","lifecycle":"active","gate":"Brownfield Review","status":"open","missing_approval":"none","next_allowed_action":"Run Brownfield Review after G-00 before drafting PRD, or mark Brownfield Review not_applicable with evidence.","blocking_reason":"none"},"observations":{"commit":"canonical_receipt_observed","durability":"file_and_directory_sync_completed","independent_human_proof":"unavailable"},"recovery":null}}},{"mode":"distinct","child_pid":10311,"winner":{"schema_version":"1","outcome":"accepted","reason":null,"operation_id":"699f77fe-e503-40e9-8285-18955cb01274","request_digest":"sha256:a671304f7a11c438701c13d0d087fced0cf9b283560185599debaefa9e9cb253","binding":{"target_id":"sha256:943756bac7a88bb0d427a7b8b838c9e51b95e8907d0b95418ac72e25048b4c77","run_id":"command-test","gate":"UR","expected_revision_id":"ec3f5b19-5d08-4ac5-bc28-b5acb375cdd3","presentation_id":"d1f94ca6-ce46-4aca-87f6-7f589046d5cf"},"effect":{"previous_revision_id":"ec3f5b19-5d08-4ac5-bc28-b5acb375cdd3","resulting_revision_id":"4e666b5b-2cd7-4aef-8848-252cc6ee7bfe","revision":3,"gate":"UR","approval":"Approval: UR","artefact_digest":"sha256:316ee25501048fbea4206beee4a1d9d7d92981377a792f9e1c111270d8d753bb","presentation_digest":"sha256:7ad5c3abccf930674586f553bec45b5c203f9fc326f660f366697b06691ccb20","next_gate_after_approval":"Brownfield Review","allowed_after_approval":"Run Brownfield Review after G-00 before drafting PRD, or mark Brownfield Review not_applicable with evidence."},"assurance":{"lane":"cooperative_local","reply_provenance":"caller_forwarded_deliberate_reply","independent_human_proof":"unavailable"},"current":{"available":true,"revision":3,"revision_id":"4e666b5b-2cd7-4aef-8848-252cc6ee7bfe","approval_status":"approved","lifecycle":"active","gate":"Brownfield Review","status":"open","missing_approval":"none","next_allowed_action":"Run Brownfield Review after G-00 before drafting PRD, or mark Brownfield Review not_applicable with evidence.","blocking_reason":"none"},"observations":{"commit":"canonical_receipt_observed","durability":"file_and_directory_sync_completed","independent_human_proof":"unavailable"},"recovery":null},"concurrent":{"code":2,"result":{"schema_version":"1","outcome":"retryable_failure","reason":"run_write_locked","operation_id":"809d1b39-3ab9-424d-a3b5-204e43024b9b","request_digest":"sha256:a671304f7a11c438701c13d0d087fced0cf9b283560185599debaefa9e9cb253","binding":{"target_id":"sha256:943756bac7a88bb0d427a7b8b838c9e51b95e8907d0b95418ac72e25048b4c77","run_id":"command-test","gate":"UR","expected_revision_id":"ec3f5b19-5d08-4ac5-bc28-b5acb375cdd3","presentation_id":"d1f94ca6-ce46-4aca-87f6-7f589046d5cf"},"effect":null,"assurance":{"lane":"cooperative_local","reply_provenance":"caller_forwarded_deliberate_reply","independent_human_proof":"unavailable"},"current":{"available":true,"revision":2,"revision_id":"ec3f5b19-5d08-4ac5-bc28-b5acb375cdd3","approval_status":"missing","lifecycle":"active","gate":"UR","status":"open","missing_approval":"Approval: UR","next_allowed_action":"Fill the current UR control state, persist the UR draft, and request exact approval: Approval: UR.","blocking_reason":"none"},"observations":{"commit":"no_receipt_acknowledged","durability":"unconfirmed","independent_human_proof":"unavailable"},"recovery":"Retry the identical command with the original operation UUID and payload; do not create a new decision."}},"retried":{"code":2,"result":{"schema_version":"1","outcome":"rejected","reason":"gate_not_ready","operation_id":"809d1b39-3ab9-424d-a3b5-204e43024b9b","request_digest":"sha256:a671304f7a11c438701c13d0d087fced0cf9b283560185599debaefa9e9cb253","binding":{"target_id":"sha256:943756bac7a88bb0d427a7b8b838c9e51b95e8907d0b95418ac72e25048b4c77","run_id":"command-test","gate":"UR","expected_revision_id":"ec3f5b19-5d08-4ac5-bc28-b5acb375cdd3","presentation_id":"d1f94ca6-ce46-4aca-87f6-7f589046d5cf"},"effect":null,"assurance":{"lane":"cooperative_local","reply_provenance":"caller_forwarded_deliberate_reply","independent_human_proof":"unavailable"},"current":{"available":true,"revision":3,"revision_id":"4e666b5b-2cd7-4aef-8848-252cc6ee7bfe","approval_status":"approved","lifecycle":"active","gate":"Brownfield Review","status":"open","missing_approval":"none","next_allowed_action":"Run Brownfield Review after G-00 before drafting PRD, or mark Brownfield Review not_applicable with evidence.","blocking_reason":"none"},"observations":{"commit":"no_receipt_acknowledged","durability":"unconfirmed","independent_human_proof":"unavailable"},"recovery":"Follow current.next_allowed_action. For a changed binding, prepare the current presentation and obtain a NEW deliberate reply; never rebind an earlier reply."}}},{"mode":"changed_payload","child_pid":10368,"winner":{"schema_version":"1","outcome":"accepted","reason":null,"operation_id":"4f4024b5-e126-429c-9cef-cf808f0abd61","request_digest":"sha256:9722564ef71f068ec49efcccc0ee5ce67592e8596b9c6b6d3a2b115b962c96e4","binding":{"target_id":"sha256:ae7a24ba31d0fcf565b2ffdf325a3b2a1a44f9c843992da9f7e0f0a3bfc10000","run_id":"command-test","gate":"UR","expected_revision_id":"4a0fb9e6-8ace-4503-913b-51e29db8c650","presentation_id":"70ea565d-2628-4a1e-abbb-632caac58c4e"},"effect":{"previous_revision_id":"4a0fb9e6-8ace-4503-913b-51e29db8c650","resulting_revision_id":"f5aeb8fa-a439-4ca9-a433-eeed61903fcd","revision":3,"gate":"UR","approval":"Approval: UR","artefact_digest":"sha256:316ee25501048fbea4206beee4a1d9d7d92981377a792f9e1c111270d8d753bb","presentation_digest":"sha256:6f328b72fec79642009675c623dfe375a6d7fc507473334963093e0f15ee3ffc","next_gate_after_approval":"Brownfield Review","allowed_after_approval":"Run Brownfield Review after G-00 before drafting PRD, or mark Brownfield Review not_applicable with evidence."},"assurance":{"lane":"cooperative_local","reply_provenance":"caller_forwarded_deliberate_reply","independent_human_proof":"unavailable"},"current":{"available":true,"revision":3,"revision_id":"f5aeb8fa-a439-4ca9-a433-eeed61903fcd","approval_status":"approved","lifecycle":"active","gate":"Brownfield Review","status":"open","missing_approval":"none","next_allowed_action":"Run Brownfield Review after G-00 before drafting PRD, or mark Brownfield Review not_applicable with evidence.","blocking_reason":"none"},"observations":{"commit":"canonical_receipt_observed","durability":"file_and_directory_sync_completed","independent_human_proof":"unavailable"},"recovery":null},"concurrent":{"code":2,"result":{"schema_version":"1","outcome":"retryable_failure","reason":"run_write_locked","operation_id":"4f4024b5-e126-429c-9cef-cf808f0abd61","request_digest":"sha256:e051979b003c41f8279333f1642bf56c258ebb80dad2134c699126806b1e0e37","binding":{"target_id":"sha256:ae7a24ba31d0fcf565b2ffdf325a3b2a1a44f9c843992da9f7e0f0a3bfc10000","run_id":"command-test","gate":"UR","expected_revision_id":"4a0fb9e6-8ace-4503-913b-51e29db8c650","presentation_id":"70ea565d-2628-4a1e-abbb-632caac58c4e"},"effect":null,"assurance":{"lane":"cooperative_local","reply_provenance":"caller_forwarded_deliberate_reply","independent_human_proof":"unavailable"},"current":{"available":true,"revision":2,"revision_id":"4a0fb9e6-8ace-4503-913b-51e29db8c650","approval_status":"missing","lifecycle":"active","gate":"UR","status":"open","missing_approval":"Approval: UR","next_allowed_action":"Fill the current UR control state, persist the UR draft, and request exact approval: Approval: UR.","blocking_reason":"none"},"observations":{"commit":"no_receipt_acknowledged","durability":"unconfirmed","independent_human_proof":"unavailable"},"recovery":"Retry the identical command with the original operation UUID and payload; do not create a new decision."}},"retried":{"code":2,"result":{"schema_version":"1","outcome":"rejected","reason":"operation_payload_conflict","operation_id":"4f4024b5-e126-429c-9cef-cf808f0abd61","request_digest":"sha256:e051979b003c41f8279333f1642bf56c258ebb80dad2134c699126806b1e0e37","binding":{"target_id":"sha256:ae7a24ba31d0fcf565b2ffdf325a3b2a1a44f9c843992da9f7e0f0a3bfc10000","run_id":"command-test","gate":"UR","expected_revision_id":"4a0fb9e6-8ace-4503-913b-51e29db8c650","presentation_id":"70ea565d-2628-4a1e-abbb-632caac58c4e"},"effect":null,"assurance":{"lane":"cooperative_local","reply_provenance":"caller_forwarded_deliberate_reply","independent_human_proof":"unavailable"},"current":{"available":true,"revision":3,"revision_id":"f5aeb8fa-a439-4ca9-a433-eeed61903fcd","approval_status":"approved","lifecycle":"active","gate":"Brownfield Review","status":"open","missing_approval":"none","next_allowed_action":"Run Brownfield Review after G-00 before drafting PRD, or mark Brownfield Review not_applicable with evidence.","blocking_reason":"none"},"observations":{"commit":"no_receipt_acknowledged","durability":"unconfirmed","independent_human_proof":"unavailable"},"recovery":null}}}]
2026-10-05T12:21:45.6475376Z PASS SCN-012 real child final-checkpoint artefact, no command effect
2026-10-05T12:21:45.6481014Z FRESHNESS_EVIDENCE {"kind":"artefact","child_pid":10526,"result":{"schema_version":"1","outcome":"recovery_required","reason":"canonical_state_unconfirmed","operation_id":"56c39769-f08d-4b63-9a4e-59dcc80f955c","request_digest":"sha256:e265652e20e1d4ef040932a62db86f949a59e7809e2b137145cb47dbae75a0c8","binding":{"target_id":"sha256:1f9a0c2a6767f19cf6b29e14a3bdac2abb46dfe78928ce734a3a00b4c0efb91f","run_id":"command-test","gate":"UR","expected_revision_id":"d873acd1-e4ee-4bfc-9904-af23553fe817","presentation_id":"0f012931-a90a-4401-9d0b-f23d641d023f"},"effect":null,"assurance":{"lane":"cooperative_local","reply_provenance":"caller_forwarded_deliberate_reply","independent_human_proof":"unavailable"},"current":{"available":false,"reason":"seal_invalid"},"observations":{"commit":"no_receipt_acknowledged","durability":"unconfirmed","independent_human_proof":"unavailable"},"recovery":"Inspect the canonical run and pending transaction before retrying; do not infer approval from this response."}}
2026-10-05T12:21:47.3118669Z PASS SCN-012 real child final-checkpoint presentation, no command effect
2026-10-05T12:21:47.3124598Z FRESHNESS_EVIDENCE {"kind":"presentation","child_pid":10569,"result":{"schema_version":"1","outcome":"rejected","reason":"stale_revision","operation_id":"4b8f6d5a-d4a6-4618-9751-51706563d803","request_digest":"sha256:b1d11d96fe019cb219c9502919da4e9e7bb1a509c5e931248ef9c00928b4e53a","binding":{"target_id":"sha256:374a1014830899e75573e50b2a49f017516983e10b374a723d0af65910420714","run_id":"command-test","gate":"UR","expected_revision_id":"89e6be56-6012-4b47-ad80-ca1cc9515804","presentation_id":"deec877b-26af-4e11-af28-d8c2da0a87db"},"effect":null,"assurance":{"lane":"cooperative_local","reply_provenance":"caller_forwarded_deliberate_reply","independent_human_proof":"unavailable"},"current":{"available":true,"revision":2,"revision_id":"89e6be56-6012-4b47-ad80-ca1cc9515804","approval_status":"missing","lifecycle":"active","gate":"UR","status":"open","missing_approval":"Approval: UR","next_allowed_action":"Fill the current UR control state, persist the UR draft, and request exact approval: Approval: UR.","blocking_reason":"none"},"observations":{"commit":"no_receipt_acknowledged","durability":"unconfirmed","independent_human_proof":"unavailable"},"recovery":"Prepare the current presentation and obtain a NEW deliberate reply; never rebind an earlier reply."}}
2026-10-05T12:21:48.9365006Z PASS SCN-012 real child final-checkpoint revision, no command effect
2026-10-05T12:21:48.9371899Z FRESHNESS_EVIDENCE {"kind":"revision","child_pid":10612,"result":{"schema_version":"1","outcome":"rejected","reason":"stale_revision","operation_id":"6415ffad-aaf6-45fd-abea-c0fa808323e3","request_digest":"sha256:220cccc0fb08f42fd9da2db3a25d30c75c58b42d8c223e929eaccc956f786d7b","binding":{"target_id":"sha256:0dbe4c2998f71d09a7762894f077af9de7b4df6167cfe7572d6d1849e971a8fb","run_id":"command-test","gate":"UR","expected_revision_id":"7827d7d2-28cc-411b-b572-38186e46aa8b","presentation_id":"fc031097-9b14-4827-836d-8e6948cfca36"},"effect":null,"assurance":{"lane":"cooperative_local","reply_provenance":"caller_forwarded_deliberate_reply","independent_human_proof":"unavailable"},"current":{"available":true,"revision":3,"revision_id":"7b256e15-cd5e-49be-8f3a-8db61754cba6","approval_status":"missing","lifecycle":"active","gate":"UR","status":"open","missing_approval":"Approval: UR","next_allowed_action":"Fill the current UR control state, persist the UR draft, and request exact approval: Approval: UR.","blocking_reason":"none"},"observations":{"commit":"no_receipt_acknowledged","durability":"unconfirmed","independent_human_proof":"unavailable"},"recovery":"Prepare the current presentation and obtain a NEW deliberate reply; never rebind an earlier reply."}}
2026-10-05T12:21:50.5622062Z PASS SCN-012 real child final-checkpoint gate_eligibility, no command effect
2026-10-05T12:21:50.5628400Z FRESHNESS_EVIDENCE {"kind":"gate_eligibility","child_pid":10656,"result":{"schema_version":"1","outcome":"rejected","reason":"stale_revision","operation_id":"4d6de32e-afeb-4eea-88ed-6047d7692d3b","request_digest":"sha256:1e339029328b870e035b74b1bb0d696aa941fa9c748cc6afa6f47e4979ee95df","binding":{"target_id":"sha256:1ab812a0c13277ff2a2894d131c12f4a17b14440131cea5950d9e1f17a108ebe","run_id":"command-test","gate":"UR","expected_revision_id":"c4663afc-5071-4006-ae1d-2a90e602eec1","presentation_id":"593e2a20-fcbc-4024-8f49-8ebcf912f209"},"effect":null,"assurance":{"lane":"cooperative_local","reply_provenance":"caller_forwarded_deliberate_reply","independent_human_proof":"unavailable"},"current":{"available":true,"revision":2,"revision_id":"c4663afc-5071-4006-ae1d-2a90e602eec1","approval_status":"missing","lifecycle":"completed","gate":"UR","status":"open","missing_approval":"Approval: UR","next_allowed_action":"Fill the current UR control state, persist the UR draft, and request exact approval: Approval: UR.","blocking_reason":"none"},"observations":{"commit":"no_receipt_acknowledged","durability":"unconfirmed","independent_human_proof":"unavailable"},"recovery":"Prepare the current presentation and obtain a NEW deliberate reply; never rebind an earlier reply."}}
2026-10-05T12:21:50.7019728Z 
2026-10-05T12:21:50.7020459Z > create-agdf@0.14.5 test:control-command-package
2026-10-05T12:21:50.7020996Z > node scripts/control-command-package-test.js
2026-10-05T12:21:50.7021239Z 
2026-10-05T12:21:50.7906881Z PASS package containment accepts POSIX/Windows dependencies and rejects sibling, parent and foreign-drive paths
2026-10-05T12:21:54.2159529Z PASS SCN-024/028 CLI modularization against the current source and documentation in isolated snapshot
2026-10-05T12:21:55.5386325Z PASS SCN-029/032 isolated package-build regression
2026-10-05T12:21:55.7560141Z PASS SCN-029/032 isolated copilot-profile regression
2026-10-05T12:21:57.0206252Z PASS SCN-029/032 isolated release-version-coherence regression
2026-10-05T12:21:58.5630102Z PASS SCN-029/032 isolated package-contents regression
2026-10-05T12:21:58.8752860Z PASS SCN-029/032 isolated local-validator regression
2026-10-05T12:22:01.0425508Z PASS SCN-029/032 isolated plugin-mcp-runtime regression
2026-10-05T12:22:04.2782296Z PASS SCN-029/032 isolated runtime-integrity-layout regression
2026-10-05T12:22:27.2374049Z PASS SCN-029/032 isolated runtime-integrity-negative regression
2026-10-05T12:22:28.8737497Z PASS SCN-005/006/027 package exports and 48 pure runtime dependency modules
2026-10-05T12:22:28.9567598Z PASS SCN-006 external import has only package-owned reads and no target/process/write/print/exit effects
2026-10-05T12:22:30.5929566Z SCN-001 PACKED_API_RESULT {"schema_version":"1","outcome":"accepted","reason":null,"operation_id":"7a7cd441-348b-47d6-ac5c-4747dc94fb87","request_digest":"sha256:3019e100b453baeb054bc31970084a027771fadd22f18da0d288dadc02d2c596","binding":{"target_id":"sha256:f8e43859753b932d24d8f6aee48b6d1ddd6cb7906f107cf9f60193dbbd12a11e","run_id":"external-consumer","gate":"UR","expected_revision_id":"9b03b10a-914c-4d74-a6c2-566d4339d5bc","presentation_id":"4b8c0adf-bdd3-437f-85b1-edf316456f06"},"effect":{"previous_revision_id":"9b03b10a-914c-4d74-a6c2-566d4339d5bc","resulting_revision_id":"cabb2f61-1989-4e7c-a39c-3b49738af39b","revision":3,"gate":"UR","approval":"Approval: UR","artefact_digest":"sha256:316ee25501048fbea4206beee4a1d9d7d92981377a792f9e1c111270d8d753bb","presentation_digest":"sha256:899888032c9fcb3abbc416186e80f7dce5574976c323d98bcc293372e29df3bd","next_gate_after_approval":"Brownfield Review","allowed_after_approval":"Run Brownfield Review after G-00 before drafting PRD, or mark Brownfield Review not_applicable with evidence."},"assurance":{"lane":"cooperative_local","reply_provenance":"caller_forwarded_deliberate_reply","independent_human_proof":"unavailable"},"current":{"available":true,"revision":3,"revision_id":"cabb2f61-1989-4e7c-a39c-3b49738af39b","approval_status":"approved","lifecycle":"active","gate":"Brownfield Review","status":"open","missing_approval":"none","next_allowed_action":"Run Brownfield Review after G-00 before drafting PRD, or mark Brownfield Review not_applicable with evidence.","blocking_reason":"none"},"observations":{"commit":"canonical_receipt_observed","durability":"file_and_directory_sync_completed","independent_human_proof":"unavailable"},"recovery":null}
2026-10-05T12:22:31.2983709Z PASS SCN-001/028/029 packed external CLI/API approve/replay/Git/locale parity
2026-10-05T12:22:31.3744570Z PASS SCN-029 missing packed locale resource fails without canonical mutation
2026-10-05T12:22:33.1272023Z SCN-032 RUNTIME_IDENTITY {"profile":"generated/plugins/agdf","version":"0.14.5","digest":"671e4edcc391fd96300526b923d5cda3ce0105d22c28e2b9c4906390673cd052","result":{"schema_version":"1","outcome":"accepted","reason":null,"operation_id":"95dbff81-fbae-4e31-b2a4-f616138f85ec","request_digest":"sha256:2d5abad35bb805a5f1543047e90f94615a16dbee4b4d6d6e64eb74791025a1ac","binding":{"target_id":"sha256:91be2234a90018388628ddcf808f06f654b6027709710b78783ccec1c54e7074","run_id":"generated-shared","gate":"UR","expected_revision_id":"00041ef0-24e8-4dfb-8d86-69bd3e7aab90","presentation_id":"728ca4ee-187d-4f41-9e4f-a96599550346"},"effect":{"previous_revision_id":"00041ef0-24e8-4dfb-8d86-69bd3e7aab90","resulting_revision_id":"79f19361-85a5-4aff-a32b-85702fdf6683","revision":3,"gate":"UR","approval":"Approval: UR","artefact_digest":"sha256:316ee25501048fbea4206beee4a1d9d7d92981377a792f9e1c111270d8d753bb","presentation_digest":"sha256:c97cf4626e7bf036560ad2f248f5827593392f9b5b964a575a1c41084d314a30","next_gate_after_approval":"Brownfield Review","allowed_after_approval":"Run Brownfield Review after G-00 before drafting PRD, or mark Brownfield Review not_applicable with evidence."},"assurance":{"lane":"cooperative_local","reply_provenance":"caller_forwarded_deliberate_reply","independent_human_proof":"unavailable"},"current":{"available":true,"revision":3,"revision_id":"79f19361-85a5-4aff-a32b-85702fdf6683","approval_status":"approved","lifecycle":"active","gate":"Brownfield Review","status":"open","missing_approval":"none","next_allowed_action":"Run Brownfield Review after G-00 before drafting PRD, or mark Brownfield Review not_applicable with evidence.","blocking_reason":"none"},"observations":{"commit":"canonical_receipt_observed","durability":"file_and_directory_sync_completed","independent_human_proof":"unavailable"},"recovery":null}}
2026-10-05T12:22:33.5109961Z PASS SCN-032 generated generated/plugins/agdf module/resource closure and missing resource fail closed
2026-10-05T12:22:35.2515802Z SCN-032 RUNTIME_IDENTITY {"profile":"generated/plugins/copilot/agdf","version":"0.14.5","digest":"c4c1db3ef284f53442ae3c55bea17c5a9be727072797e81b92d4ee2b8a5ceef3","result":{"schema_version":"1","outcome":"accepted","reason":null,"operation_id":"078cfdc5-7f51-4382-afc2-f0bbe113c8e0","request_digest":"sha256:649ef36125c760348b29aaa59cce8707af4d7f80283226042f803f1d14737ce2","binding":{"target_id":"sha256:bae5d70ddedf161da0dd0d93eaee5b44e6bf5bf6bb1556c0fe583a03bddf85d0","run_id":"generated-copilot","gate":"UR","expected_revision_id":"beedb9d1-1b1f-4c01-a93e-3def90dabe75","presentation_id":"80f1f13c-67ac-44e0-a137-c6161280240f"},"effect":{"previous_revision_id":"beedb9d1-1b1f-4c01-a93e-3def90dabe75","resulting_revision_id":"f2e11b47-a668-42d8-8ede-afe958b626cd","revision":3,"gate":"UR","approval":"Approval: UR","artefact_digest":"sha256:316ee25501048fbea4206beee4a1d9d7d92981377a792f9e1c111270d8d753bb","presentation_digest":"sha256:7d2aba904bde74bc5eda0ff0684f9c1aaf73084688130ef85a14ff90857ff686","next_gate_after_approval":"Brownfield Review","allowed_after_approval":"Run Brownfield Review after G-00 before drafting PRD, or mark Brownfield Review not_applicable with evidence."},"assurance":{"lane":"cooperative_local","reply_provenance":"caller_forwarded_deliberate_reply","independent_human_proof":"unavailable"},"current":{"available":true,"revision":3,"revision_id":"f2e11b47-a668-42d8-8ede-afe958b626cd","approval_status":"approved","lifecycle":"active","gate":"Brownfield Review","status":"open","missing_approval":"none","next_allowed_action":"Run Brownfield Review after G-00 before drafting PRD, or mark Brownfield Review not_applicable with evidence.","blocking_reason":"none"},"observations":{"commit":"canonical_receipt_observed","durability":"file_and_directory_sync_completed","independent_human_proof":"unavailable"},"recovery":null}}
2026-10-05T12:22:35.7409684Z PASS SCN-032 generated generated/plugins/copilot/agdf module/resource closure and missing resource fail closed
2026-10-05T12:22:41.0477230Z SCN-026 WORKFLOW_METRICS [{"lane":"legacy","boundary":"recorded_UR_to_inspected_approval","success_calls":3,"presentation_prepared":1,"presentations_visibly_shown":"unavailable","manual_corrections":0,"simulated_replies":1,"observed_human_decisions":"unavailable","retry_calls":1,"retry_outcome":"rejected","stale_calls":1,"stale_outcome":"rejected"},{"lane":"command","boundary":"recorded_UR_to_inspected_approval","success_calls":3,"presentation_prepared":1,"presentations_visibly_shown":"unavailable","manual_corrections":0,"simulated_replies":1,"observed_human_decisions":"unavailable","retry_calls":1,"retry_outcome":"already_applied","stale_calls":1,"stale_outcome":"rejected"}]
2026-10-05T12:22:41.0480821Z SCN-030/031 QUALIFICATION {"source":"passed","packed_external":"passed","generated_validator":"passed","native_platform":"linux/x64","native_linux":"unavailable","native_windows":"unavailable","new_installed_plugin":"not_installed","visible_host":"not_observed","independent_human_proof":"unavailable"}
2026-10-05T12:22:41.0483319Z PACKAGE_IDENTITY {"version":"0.14.5","tarball_sha256":"f8170aa0ba401f41cb30e0d0fb1dad6a71bdb6dc998bef66d545879d9cadddd4","command_schema_version":"1","receipt_schema_version":"1","approval_seal_legacy_version":"1","receipt_approval_seal_version":"2","files":761,"node":"v24.21.0","platform":"linux","arch":"x64"}
2026-10-05T12:22:41.0484578Z Control command package tests passed (761 real packed files).
2026-10-05T12:22:41.7765174Z 
2026-10-05T12:22:41.7767717Z > create-agdf@0.14.5 test:cli-gates
2026-10-05T12:22:41.7768369Z > node scripts/cli-gate-scenarios-test.js
2026-10-05T12:22:41.7768746Z 
2026-10-05T12:22:41.8357874Z [cli-gates] START new-ur
2026-10-05T12:22:44.1844633Z [cli-gates] PASS new-ur (2.3s)
2026-10-05T12:22:44.1845226Z [cli-gates] START duplicate-prd
2026-10-05T12:22:46.7393628Z [cli-gates] PASS duplicate-prd (2.6s)
2026-10-05T12:22:46.7394052Z [cli-gates] START bound-ur
2026-10-05T12:22:49.5655890Z [cli-gates] PASS bound-ur (2.8s)
2026-10-05T12:22:49.6950494Z 
2026-10-05T12:22:49.6951154Z > create-agdf@0.14.5 test:control-state
2026-10-05T12:22:49.6951763Z > node ../core/test/control-state-test.js
2026-10-05T12:22:49.6951981Z 
2026-10-05T12:22:55.0690338Z artefact recording/correction tests passed (210 assertions)
2026-10-05T12:23:10.2682432Z control-state tests passed
2026-10-05T12:23:10.2684423Z backlog status vocabulary tests passed
2026-10-05T12:23:10.4112826Z 
2026-10-05T12:23:10.4113784Z > create-agdf@0.14.5 test:run-step-transaction
2026-10-05T12:23:10.4114439Z > node ../core/test/run-step-transaction-test.js
2026-10-05T12:23:10.4114686Z 
2026-10-05T12:23:13.3329272Z Run-step transaction boundaries passed.
2026-10-05T12:23:13.4704091Z 
2026-10-05T12:23:13.4704796Z > create-agdf@0.14.5 test:run-recovery
2026-10-05T12:23:13.4705304Z > node scripts/run-recovery-test.js
2026-10-05T12:23:13.4705510Z 
2026-10-05T12:23:14.2311201Z run recovery tests passed
2026-10-05T12:23:14.3678560Z 
2026-10-05T12:23:14.3679223Z > create-agdf@0.14.5 test:run-lock
2026-10-05T12:23:14.3679720Z > node ../core/test/run-lock-test.js
2026-10-05T12:23:14.3679928Z 
2026-10-05T12:23:14.4308352Z Run lock owner recovery passed.
2026-10-05T12:23:14.5582038Z 
2026-10-05T12:23:14.5582732Z > create-agdf@0.14.5 test:prd-readiness
2026-10-05T12:23:14.5583400Z > node ../core/test/prd-readiness-test.js
2026-10-05T12:23:14.5583618Z 
2026-10-05T12:23:14.6211614Z PRD readiness tests passed
2026-10-05T12:23:14.7490498Z 
2026-10-05T12:23:14.7491298Z > create-agdf@0.14.5 test:run-revision
2026-10-05T12:23:14.7491792Z > node ../core/test/run-revision-test.js
2026-10-05T12:23:14.7492007Z 
2026-10-05T12:23:16.0949767Z run-revise tests passed
2026-10-05T12:23:16.2244206Z 
2026-10-05T12:23:16.2244955Z > create-agdf@0.14.5 test:late-source-revision
2026-10-05T12:23:16.2245955Z > node ../core/test/run-source-revisions-test.js && node scripts/late-source-revision-test.js && npm run test:late-source-revision-performance
2026-10-05T12:23:16.2246540Z 
2026-10-05T12:23:50.2225350Z {"suite":"source-revisions","scenarios":["SCN-001","SCN-003","SCN-004","SCN-005","SCN-007","SCN-008","SCN-011","SCN-012","SCN-013","SCN-014","SCN-018","SCN-009","SCN-010","SCN-015","SCN-017","SCN-019","SCN-020","SCN-016","SCN-021","SCN-006"],"fixture_authority":"synthetic_only"}
2026-10-05T12:24:07.8018339Z {"suite":"late-source-revision-cli","candidate":"/home/runner/work/ai-native-governance-delivery-framework/ai-native-governance-delivery-framework/dist/npm/create-agdf","cases":51,"fixture_authority":"synthetic_only"}
2026-10-05T12:24:07.9310152Z 
2026-10-05T12:24:07.9310929Z > create-agdf@0.14.5 test:late-source-revision-performance
2026-10-05T12:24:07.9311595Z > node scripts/late-source-revision-performance-test.js
2026-10-05T12:24:07.9312016Z 
2026-10-05T12:24:44.5091313Z {"scenario_id":"SCN-028","cycles":[{"cycle":1,"preview_ms":18.20499800000016,"apply_ms":69.41103800000019,"history_files":17,"history_bytes":35150},{"cycle":2,"preview_ms":19.976909999999407,"apply_ms":95.38286700000026,"history_files":34,"history_bytes":77036},{"cycle":3,"preview_ms":24.23886499999935,"apply_ms":122.26159000000007,"history_files":51,"history_bytes":125415},{"cycle":4,"preview_ms":30.07418400000097,"apply_ms":163.8944389999997,"history_files":68,"history_bytes":180287},{"cycle":5,"preview_ms":36.39569500000107,"apply_ms":194.66696299999967,"history_files":85,"history_bytes":241652},{"cycle":6,"preview_ms":45.04855800000041,"apply_ms":242.5461800000012,"history_files":102,"history_bytes":309510},{"cycle":7,"preview_ms":55.561987000000954,"apply_ms":303.40042099999846,"history_files":119,"history_bytes":383861},{"cycle":8,"preview_ms":63.69508499999938,"apply_ms":346.4010589999998,"history_files":136,"history_bytes":464705},{"cycle":9,"preview_ms":74.97591699999975,"apply_ms":396.3487160000004,"history_files":153,"history_bytes":552042},{"cycle":10,"preview_ms":87.80710899999758,"apply_ms":507.59854500000074,"history_files":170,"history_bytes":645872}],"unrelated_history_reads":0,"competition":{"elapsed_ms":762.0231669999994,"results":[{"code":0,"result":{"outcome":"reopened","authorizes":false,"run_id":"revision-performance","operation_id":"57e310a4-07ea-4c5d-aae5-e072ccc96bdf","gate":"TP","revision_id":"a21fb46f-2c0a-4efa-b224-7e068ea3dddb","revision":"63","impact":{"source_gate":"TP","retained":["UR","PRD","SD"],"superseded":["TP"],"invalidated_bindings":["3f36cb56-eec4-4671-87ac-034d7622eefb"],"analyses":[{"type":"Brownfield Review","disposition":"retain","path":".agdf/control/artefacts/revision-performance/BROWNFIELD_REVIEW.md","digest":"sha256:64ce92f3dbffa8b295dd5ae9ee82cb9384045b84977ec89d401c2d773b8c785f","reason":"Synthetic reviewed applicability assessment under unchanged or renewed UR"}],"invalidated_steps":["Brownfield Analysis","CD+Tests","CR"],"retained_work":"Code and test files are retained; fulfillment and evidence require the renewed TP.","next_gate":"TP","implementation_authority":false},"next_action":"Draft or refine the Task/Test Plan; do not implement before TP is approved."}},{"code":0,"result":{"schema_version":"1","outcome":"rejected","run_id":"revision-performance","reason":"run_write_locked","lock_path":"/tmp/agdf-revision-performance-LbRBab/.agdf/control/runs/revision-performance/RUN_STATE.md.lock","authorizes":false}}]}}
2026-10-05T12:24:44.6838857Z 
2026-10-05T12:24:44.6839578Z > create-agdf@0.14.5 test:intake-continuation
2026-10-05T12:24:44.6840078Z > node scripts/intake-continuation-test.js
2026-10-05T12:24:44.6840356Z 
2026-10-05T12:25:04.2658747Z intake continuation packaged-runtime E2E passed (new/resume, binding, rejection, read-only, recovery, route); runtime sha256:90628ade81f47b45dc20cce5819d7aaa5258851c75cc3c2b6f688e20f5e25aa5
2026-10-05T12:25:04.4099616Z 
2026-10-05T12:25:04.4100326Z > create-agdf@0.14.5 test:prd-definition
2026-10-05T12:25:04.4100879Z > node scripts/prd-definition-test.js
2026-10-05T12:25:04.4101089Z 
2026-10-05T12:25:27.6153588Z PRD packaged authoring/clarification/revision/binding/presentation/approval boundaries passed.
2026-10-05T12:25:27.7601138Z 
2026-10-05T12:25:27.7601684Z > create-agdf@0.14.5 test:sd-readiness
2026-10-05T12:25:27.7602245Z > node ../core/test/sd-readiness-test.js
2026-10-05T12:25:27.7602456Z 
2026-10-05T12:25:27.8147090Z SD declared-decision readiness: resolved/open/malformed/legacy boundaries passed.
2026-10-05T12:25:27.9448175Z 
2026-10-05T12:25:27.9448867Z > create-agdf@0.14.5 test:sd-definition
2026-10-05T12:25:27.9449386Z > node scripts/sd-definition-test.js
2026-10-05T12:25:27.9449589Z 
2026-10-05T12:25:43.9317560Z SD assembled authoring/source/readiness/revision/approval boundaries passed (synthetic fixtures).
2026-10-05T12:25:44.0638872Z 
2026-10-05T12:25:44.0639636Z > create-agdf@0.14.5 test:artifact-language
2026-10-05T12:25:44.0640392Z > node scripts/artifact-language-test.js
2026-10-05T12:25:44.0640756Z 
2026-10-05T12:25:46.6359166Z artifact language tests passed (config source, English defaults, dispatcher recovery)
2026-10-05T12:25:46.7848106Z 
2026-10-05T12:25:46.7848839Z > create-agdf@0.14.5 test:parent-reconciliation
2026-10-05T12:25:46.7849539Z > node ../core/test/parent-reconciliation-test.js
2026-10-05T12:25:46.7849785Z 
2026-10-05T12:25:47.5544050Z AGDF parent reconciliation tests passed
2026-10-05T12:25:47.7478822Z 
2026-10-05T12:25:47.7479624Z > create-agdf@0.14.5 test:interaction-presentation
2026-10-05T12:25:47.7480467Z > node ../core/test/interaction-presentation-test.js
2026-10-05T12:25:47.7480871Z 
2026-10-05T12:25:49.6198965Z interaction presentation tests passed
2026-10-05T12:25:49.8058156Z gate rationale and why tests passed
2026-10-05T12:25:49.9184850Z scope classification card tests passed
2026-10-05T12:25:50.0526982Z task target orientation tests passed
2026-10-05T12:25:50.1920041Z 
2026-10-05T12:25:50.1920873Z > create-agdf@0.14.5 test:operational-localization
2026-10-05T12:25:50.1921435Z > node scripts/operational-localization-test.js
2026-10-05T12:25:50.1921670Z 
2026-10-05T12:26:02.2729018Z operational localization tests passed
2026-10-05T12:26:02.4281560Z 
2026-10-05T12:26:02.4282302Z > create-agdf@0.14.5 test:verified-change
2026-10-05T12:26:02.4283240Z > node scripts/verified-change-test.js
2026-10-05T12:26:02.4283576Z 
2026-10-05T12:26:12.7182637Z Verified Change tests passed
2026-10-05T12:26:12.8526282Z 
2026-10-05T12:26:12.8527094Z > create-agdf@0.14.5 test:runtime-integrity-layout
2026-10-05T12:26:12.8527900Z > node scripts/runtime-integrity-layout-test.js
2026-10-05T12:26:12.8528295Z 
2026-10-05T12:26:16.0906865Z Runtime integrity layout tests passed
2026-10-05T12:26:16.2313528Z 
2026-10-05T12:26:16.2314347Z > create-agdf@0.14.5 test:runtime-integrity-negative
2026-10-05T12:26:16.2315051Z > node scripts/runtime-integrity-negative-test.js
2026-10-05T12:26:16.2315745Z 
2026-10-05T12:26:39.4750930Z Runtime integrity negative tests passed
2026-10-05T12:26:39.6361625Z 
2026-10-05T12:26:39.6362398Z > create-agdf@0.14.5 test:agent-skills-conformance
2026-10-05T12:26:39.6363486Z > node scripts/agent-skills-conformance-test.js
2026-10-05T12:26:39.6364103Z 
2026-10-05T12:26:40.2630096Z Agent Skills conformance tests passed (source, policy, metadata, resources, symlinks and 4 generated surfaces)
2026-10-05T12:26:40.3929854Z 
2026-10-05T12:26:40.3930587Z > create-agdf@0.14.5 test:skill-evals
2026-10-05T12:26:40.3931288Z > node scripts/skill-evals-test.js
2026-10-05T12:26:40.3931611Z 
2026-10-05T12:26:40.5223191Z AGDF skill eval tests passed
2026-10-05T12:26:40.6573411Z 
2026-10-05T12:26:40.6574154Z > create-agdf@0.14.5 eval:skills
2026-10-05T12:26:40.6574844Z > node ../../evals/scripts/run-skill-evals.js
2026-10-05T12:26:40.6575204Z 
2026-10-05T12:26:40.7633758Z AGDF skill evals: pass (102/102 cases; 13 skills; deterministic replay, not live host execution)
2026-10-05T12:26:40.8947037Z 
2026-10-05T12:26:40.8947618Z > create-agdf@0.14.5 test:proportionality
2026-10-05T12:26:40.8948139Z > node scripts/proportionality-benchmark-test.js
2026-10-05T12:26:40.8948380Z 
2026-10-05T12:26:42.8820992Z AGDF proportionality benchmark tests passed
2026-10-05T12:26:43.0170672Z 
2026-10-05T12:26:43.0171445Z > create-agdf@0.14.5 test:delivery-path-search
2026-10-05T12:26:43.0172217Z > node scripts/delivery-path-search-test.js
2026-10-05T12:26:43.0172579Z 
2026-10-05T12:26:43.5902685Z Delivery Path Search focused tests passed.
2026-10-05T12:26:43.8397419Z 
2026-10-05T12:26:43.8398191Z > create-agdf@0.14.5 test:delivery-path-search-unit
2026-10-05T12:26:43.8398828Z > node ../core/test/delivery-path-search-unit-test.js
2026-10-05T12:26:43.8399070Z 
2026-10-05T12:26:43.8838356Z Delivery Path Search unit tests passed.
2026-10-05T12:26:44.0108322Z 
2026-10-05T12:26:44.0109244Z > create-agdf@0.14.5 test:delivery-path-search-generator
2026-10-05T12:26:44.0110057Z > node scripts/delivery-path-search-generator-test.js
2026-10-05T12:26:44.0110491Z 
2026-10-05T12:26:44.1927501Z Delivery Path Search generator tests passed.
2026-10-05T12:26:44.3221965Z 
2026-10-05T12:26:44.3222652Z > create-agdf@0.14.5 test:opencode-hardening
2026-10-05T12:26:44.3223584Z > node scripts/opencode-hardening-test.js
2026-10-05T12:26:44.3223938Z 
2026-10-05T12:26:44.5537462Z OpenCode hardening tests passed.
2026-10-05T12:26:44.6268587Z [smoke 0.0s] CLI metadata and release guards
2026-10-05T12:26:44.7947836Z [smoke 0.2s] codex global
2026-10-05T12:26:46.1219085Z [smoke 1.5s] host installer scenarios
2026-10-05T12:26:46.5813804Z [smoke 2.0s] claude install
2026-10-05T12:26:47.9536827Z [smoke 3.3s] claude update
2026-10-05T12:26:49.3733642Z [smoke 4.7s] Claude installer scenarios
2026-10-05T12:26:51.1200179Z [smoke 6.5s] OpenCode global installation and validator
2026-10-05T12:26:53.4558087Z [smoke 8.8s] OpenCode installation and status scenarios
2026-10-05T12:26:54.8709622Z [smoke 10.2s] opencode global preservation
2026-10-05T12:26:57.6077499Z [smoke 13.0s] opencode global collision
2026-10-05T12:26:57.8959591Z [smoke 13.3s] opencode validator package collision
2026-10-05T12:27:01.6538796Z [smoke 17.0s] repository bootstrap scenarios
2026-10-05T12:27:02.0250201Z [smoke 17.4s] opencode agent migration
2026-10-05T12:27:02.2077182Z [smoke 17.6s] opencode existing config
2026-10-05T12:27:02.3863440Z [smoke 17.8s] configuration and locale scenarios
2026-10-05T12:27:02.5657622Z [smoke 17.9s] init
2026-10-05T12:27:03.2027140Z [smoke 18.6s] gate check status card
2026-10-05T12:27:03.8478406Z [smoke 19.2s] language explicit
2026-10-05T12:27:04.0498827Z [smoke 19.4s] language config update
2026-10-05T12:27:04.4163878Z [smoke 19.8s] language locale
2026-10-05T12:27:04.6191010Z [smoke 20.0s] localized status cards
2026-10-05T12:27:05.6062605Z [smoke 21.0s] status card tp transition
2026-10-05T12:27:06.6855228Z [smoke 22.1s] gate check implicit consent
2026-10-05T12:27:07.3219414Z [smoke 22.7s] late gate transition scenarios
2026-10-05T12:27:16.4518466Z [smoke 31.8s] QA and UAT gate scenarios
2026-10-05T12:27:17.1743905Z [smoke 32.5s] doctor qa status mismatch
2026-10-05T12:27:17.7471865Z [smoke 33.1s] doctor missing
2026-10-05T12:27:18.1661867Z [smoke 33.5s] gate check ur triage
2026-10-05T12:27:18.8090216Z [smoke 34.2s] gate-check presentation scenarios
2026-10-05T12:27:19.7099808Z [smoke 35.1s] Mode and slice decision scenarios
2026-10-05T12:27:20.6060423Z [smoke 36.0s] gate check or handoff
2026-10-05T12:27:21.5870491Z [smoke 37.0s] gate check mode slice incomplete
2026-10-05T12:27:22.2277136Z [smoke 37.6s] delivery map chain
2026-10-05T12:27:23.0715529Z [smoke 38.4s] delivery map and backlog scenarios
2026-10-05T12:27:23.6456730Z [smoke 39.0s] invalid compact backlog
2026-10-05T12:27:24.0238986Z [smoke 39.4s] completed only backlog
2026-10-05T12:27:24.4083243Z [smoke 39.8s] gate check missing ur artifact
2026-10-05T12:27:25.0501964Z [smoke 40.4s] missing artefact and package compatibility scenarios
2026-10-05T12:27:27.6176972Z [smoke 43.0s] generated host surface scenarios
2026-10-05T12:27:27.9454952Z create-agdf smoke test passed
2026-10-05T12:27:27.9814022Z AGDF routing render test passed for plugin-only Copilot skills
2026-10-05T12:27:27.9925942Z [verify-ci] wrapper-smoke
2026-10-05T12:27:28.0929840Z 
2026-10-05T12:27:28.0930483Z > @agdf/cli@0.14.5 smoke-test
2026-10-05T12:27:28.0930987Z > node ./scripts/smoke-test.js
2026-10-05T12:27:28.0931168Z 
2026-10-05T12:27:31.7355932Z agdf CLI smoke test passed
2026-10-05T12:27:31.7672707Z Post job cleanup.
2026-10-05T12:27:31.8837715Z Cache hit occurred on the primary key node-cache-Linux-x64-npm-4a8c1dfe21846cde5c46d2e00bf82bda80106e5dab88c6ef4b098e180c48c961, not saving cache.
2026-10-05T12:27:31.8994997Z Post job cleanup.
2026-10-05T12:27:31.9854016Z [command]/usr/bin/git version
2026-10-05T12:27:31.9900291Z git version 2.55.0
2026-10-05T12:27:31.9946097Z Temporarily overriding HOME='/home/runner/work/_temp/530a3f55-bbb1-4aac-9752-8740dd3bc42b' before making global git config changes
2026-10-05T12:27:31.9947717Z Adding repository directory to the temporary git global config as a safe directory
2026-10-05T12:27:31.9952455Z [command]/usr/bin/git config --global --add safe.directory /home/runner/work/ai-native-governance-delivery-framework/ai-native-governance-delivery-framework
2026-10-05T12:27:31.9988323Z Removing SSH command configuration
2026-10-05T12:27:31.9995642Z [command]/usr/bin/git config --local --name-only --get-regexp core\.sshCommand
2026-10-05T12:27:32.0036728Z [command]/usr/bin/git submodule foreach --recursive sh -c "git config --local --name-only --get-regexp 'core\.sshCommand' && git config --local --unset-all 'core.sshCommand' || :"
2026-10-05T12:27:32.0334373Z Removing HTTP extra header
2026-10-05T12:27:32.0335205Z [command]/usr/bin/git config --local --name-only --get-regexp http\.https\:\/\/github\.com\/\.extraheader
2026-10-05T12:27:32.0388356Z [command]/usr/bin/git submodule foreach --recursive sh -c "git config --local --name-only --get-regexp 'http\.https\:\/\/github\.com\/\.extraheader' && git config --local --unset-all 'http.https://github.com/.extraheader' || :"
2026-10-05T12:27:32.0677974Z Removing includeIf entries pointing to credentials config files
2026-10-05T12:27:32.0688248Z [command]/usr/bin/git config --local --name-only --get-regexp ^includeIf\.gitdir:
2026-10-05T12:27:32.0759235Z includeif.gitdir:/home/runner/work/ai-native-governance-delivery-framework/ai-native-governance-delivery-framework/.git.path
2026-10-05T12:27:32.0782791Z includeif.gitdir:/home/runner/work/ai-native-governance-delivery-framework/ai-native-governance-delivery-framework/.git/worktrees/*.path
2026-10-05T12:27:32.0795899Z includeif.gitdir:/github/workspace/.git.path
2026-10-05T12:27:32.0824037Z includeif.gitdir:/github/workspace/.git/worktrees/*.path
2026-10-05T12:27:32.0833240Z [command]/usr/bin/git config --local --get-all includeif.gitdir:/home/runner/work/ai-native-governance-delivery-framework/ai-native-governance-delivery-framework/.git.path
2026-10-05T12:27:32.0835237Z /home/runner/work/_temp/git-credentials-aca81afc-fb06-431a-93e4-48b7a25a1f51.config
2026-10-05T12:27:32.0839817Z [command]/usr/bin/git config --local --unset includeif.gitdir:/home/runner/work/ai-native-governance-delivery-framework/ai-native-governance-delivery-framework/.git.path \/home\/runner\/work\/_temp\/git\-credentials\-aca81afc\-fb06\-431a\-93e4\-48b7a25a1f51\.config
2026-10-05T12:27:32.0899168Z [command]/usr/bin/git config --local --get-all includeif.gitdir:/home/runner/work/ai-native-governance-delivery-framework/ai-native-governance-delivery-framework/.git/worktrees/*.path
2026-10-05T12:27:32.0921446Z /home/runner/work/_temp/git-credentials-aca81afc-fb06-431a-93e4-48b7a25a1f51.config
2026-10-05T12:27:32.0943880Z [command]/usr/bin/git config --local --unset includeif.gitdir:/home/runner/work/ai-native-governance-delivery-framework/ai-native-governance-delivery-framework/.git/worktrees/*.path \/home\/runner\/work\/_temp\/git\-credentials\-aca81afc\-fb06\-431a\-93e4\-48b7a25a1f51\.config
2026-10-05T12:27:32.0987648Z [command]/usr/bin/git config --local --get-all includeif.gitdir:/github/workspace/.git.path
2026-10-05T12:27:32.1022787Z /github/runner_temp/git-credentials-aca81afc-fb06-431a-93e4-48b7a25a1f51.config
2026-10-05T12:27:32.1056117Z [command]/usr/bin/git config --local --unset includeif.gitdir:/github/workspace/.git.path \/github\/runner_temp\/git\-credentials\-aca81afc\-fb06\-431a\-93e4\-48b7a25a1f51\.config
2026-10-05T12:27:32.1104532Z [command]/usr/bin/git config --local --get-all includeif.gitdir:/github/workspace/.git/worktrees/*.path
2026-10-05T12:27:32.1124212Z /github/runner_temp/git-credentials-aca81afc-fb06-431a-93e4-48b7a25a1f51.config
2026-10-05T12:27:32.1133250Z [command]/usr/bin/git config --local --unset includeif.gitdir:/github/workspace/.git/worktrees/*.path \/github\/runner_temp\/git\-credentials\-aca81afc\-fb06\-431a\-93e4\-48b7a25a1f51\.config
2026-10-05T12:27:32.1179432Z [command]/usr/bin/git submodule foreach --recursive git config --local --show-origin --name-only --get-regexp remote.origin.url
2026-10-05T12:27:32.1467077Z Removing credentials config '/home/runner/work/_temp/git-credentials-aca81afc-fb06-431a-93e4-48b7a25a1f51.config'
2026-10-05T12:27:32.1640234Z Cleaning up orphan processes
