2026-10-05T12:04:19.4844344Z Current runner version: '2.337.0'
2026-10-05T12:04:19.4865534Z ##[group]Runner Image Provisioner
2026-10-05T12:04:19.4866314Z Hosted Compute Agent
2026-10-05T12:04:19.4866701Z Version: 20260901.588
2026-10-05T12:04:19.4867137Z Commit: f88ec8081b781fac6c440065ac7ff9e710ce3d0b
2026-10-05T12:04:19.4867599Z Build Date: 2026-09-01T19:56:44Z
2026-10-05T12:04:19.4868027Z Worker ID: {a794c48f-d995-47c3-bdb0-09110f24d6dd}
2026-10-05T12:04:19.4868537Z Azure Region: centralus
2026-10-05T12:04:19.4868906Z ##[endgroup]
2026-10-05T12:04:19.4870020Z ##[group]Operating System
2026-10-05T12:04:19.4870683Z Ubuntu
2026-10-05T12:04:19.4871170Z 24.04.5
2026-10-05T12:04:19.4871807Z LTS
2026-10-05T12:04:19.4872324Z ##[endgroup]
2026-10-05T12:04:19.4872859Z ##[group]Runner Image
2026-10-05T12:04:19.4873694Z Image: ubuntu-24.04
2026-10-05T12:04:19.4874222Z Version: 20260927.320.1
2026-10-05T12:04:19.4875493Z Included Software: https://github.com/actions/runner-images/blob/ubuntu24/20260927.320/images/ubuntu/Ubuntu2404-Readme.md
2026-10-05T12:04:19.4876897Z Image Release: https://github.com/actions/runner-images/releases/tag/ubuntu24%2F20260927.320
2026-10-05T12:04:19.4877982Z ##[endgroup]
2026-10-05T12:04:19.4879058Z ##[group]GITHUB_TOKEN Permissions
2026-10-05T12:04:19.4881300Z Contents: read
2026-10-05T12:04:19.4881733Z Metadata: read
2026-10-05T12:04:19.4882177Z ##[endgroup]
2026-10-05T12:04:19.4884242Z Secret source: Actions
2026-10-05T12:04:19.4884945Z Cache mode: write
2026-10-05T12:04:19.4885633Z Prepare workflow directory
2026-10-05T12:04:19.5787957Z Prepare all required actions
2026-10-05T12:04:19.5836010Z Getting action download info
2026-10-05T12:04:19.8742344Z Download action repository 'actions/checkout@3d3c42e5aac5ba805825da76410c181273ba90b1' (SHA:3d3c42e5aac5ba805825da76410c181273ba90b1)
2026-10-05T12:04:20.2262712Z Download action repository 'actions/setup-node@820762786026740c76f36085b0efc47a31fe5020' (SHA:820762786026740c76f36085b0efc47a31fe5020)
2026-10-05T12:04:20.5629280Z Complete job name: verify (ubuntu-latest)
2026-10-05T12:04:20.6179829Z ##[group]Run actions/checkout@3d3c42e5aac5ba805825da76410c181273ba90b1
2026-10-05T12:04:20.6180448Z with:
2026-10-05T12:04:20.6180729Z   fetch-depth: 0
2026-10-05T12:04:20.6181098Z   repository: ArndtGold/ai-native-governance-delivery-framework
2026-10-05T12:04:20.6183675Z   token: ***
2026-10-05T12:04:20.6183956Z   ssh-strict: true
2026-10-05T12:04:20.6184255Z   ssh-user: git
2026-10-05T12:04:20.6184534Z   persist-credentials: true
2026-10-05T12:04:20.6184847Z   clean: true
2026-10-05T12:04:20.6185131Z   sparse-checkout-cone-mode: true
2026-10-05T12:04:20.6185464Z   fetch-tags: false
2026-10-05T12:04:20.6185757Z   show-progress: true
2026-10-05T12:04:20.6186043Z   lfs: false
2026-10-05T12:04:20.6186320Z   submodules: false
2026-10-05T12:04:20.6186612Z   set-safe-directory: true
2026-10-05T12:04:20.6186938Z   allow-unsafe-pr-checkout: false
2026-10-05T12:04:20.6187340Z ##[endgroup]
2026-10-05T12:04:20.6921872Z Syncing repository: ArndtGold/ai-native-governance-delivery-framework
2026-10-05T12:04:20.6924349Z ##[group]Getting Git version info
2026-10-05T12:04:20.6925472Z Working directory is '/home/runner/work/ai-native-governance-delivery-framework/ai-native-governance-delivery-framework'
2026-10-05T12:04:20.6927007Z [command]/usr/bin/git version
2026-10-05T12:04:20.6996211Z git version 2.55.0
2026-10-05T12:04:20.7004270Z ##[endgroup]
2026-10-05T12:04:20.7015236Z Temporarily overriding HOME='/home/runner/work/_temp/e23a8245-1424-477c-ab85-da63d5fb8994' before making global git config changes
2026-10-05T12:04:20.7016091Z Adding repository directory to the temporary git global config as a safe directory
2026-10-05T12:04:20.7018566Z [command]/usr/bin/git config --global --add safe.directory /home/runner/work/ai-native-governance-delivery-framework/ai-native-governance-delivery-framework
2026-10-05T12:04:20.7795242Z Deleting the contents of '/home/runner/work/ai-native-governance-delivery-framework/ai-native-governance-delivery-framework'
2026-10-05T12:04:20.7797792Z ##[group]Determining repository object format
2026-10-05T12:04:20.7799192Z ##[endgroup]
2026-10-05T12:04:20.7799935Z ##[group]Initializing the repository
2026-10-05T12:04:20.7803851Z [command]/usr/bin/git init /home/runner/work/ai-native-governance-delivery-framework/ai-native-governance-delivery-framework
2026-10-05T12:04:20.9003168Z hint: Using 'master' as the name for the initial branch. This default branch name
2026-10-05T12:04:20.9005707Z hint: will change to "main" in Git 3.0. To configure the initial branch name
2026-10-05T12:04:20.9007661Z hint: to use in all of your new repositories, which will suppress this warning,
2026-10-05T12:04:20.9008899Z hint: call:
2026-10-05T12:04:20.9009526Z hint:
2026-10-05T12:04:20.9010354Z hint: 	git config --global init.defaultBranch <name>
2026-10-05T12:04:20.9011281Z hint:
2026-10-05T12:04:20.9012414Z hint: Names commonly chosen instead of 'master' are 'main', 'trunk' and
2026-10-05T12:04:20.9014206Z hint: 'development'. The just-created branch can be renamed via this command:
2026-10-05T12:04:20.9015453Z hint:
2026-10-05T12:04:20.9015996Z hint: 	git branch -m <name>
2026-10-05T12:04:20.9016603Z hint:
2026-10-05T12:04:20.9017449Z hint: Disable this message with "git config set advice.defaultBranchName false"
2026-10-05T12:04:20.9019515Z Initialized empty Git repository in /home/runner/work/ai-native-governance-delivery-framework/ai-native-governance-delivery-framework/.git/
2026-10-05T12:04:20.9023244Z [command]/usr/bin/git remote add origin https://github.com/ArndtGold/ai-native-governance-delivery-framework
2026-10-05T12:04:20.9094329Z ##[endgroup]
2026-10-05T12:04:20.9095929Z ##[group]Disabling automatic garbage collection
2026-10-05T12:04:20.9101069Z [command]/usr/bin/git config --local gc.auto 0
2026-10-05T12:04:20.9192733Z ##[endgroup]
2026-10-05T12:04:20.9194785Z ##[group]Setting up auth
2026-10-05T12:04:20.9196405Z Removing SSH command configuration
2026-10-05T12:04:20.9199273Z [command]/usr/bin/git config --local --name-only --get-regexp core\.sshCommand
2026-10-05T12:04:20.9236107Z [command]/usr/bin/git submodule foreach --recursive sh -c "git config --local --name-only --get-regexp 'core\.sshCommand' && git config --local --unset-all 'core.sshCommand' || :"
2026-10-05T12:04:20.9558274Z Removing HTTP extra header
2026-10-05T12:04:20.9562788Z [command]/usr/bin/git config --local --name-only --get-regexp http\.https\:\/\/github\.com\/\.extraheader
2026-10-05T12:04:20.9597809Z [command]/usr/bin/git submodule foreach --recursive sh -c "git config --local --name-only --get-regexp 'http\.https\:\/\/github\.com\/\.extraheader' && git config --local --unset-all 'http.https://github.com/.extraheader' || :"
2026-10-05T12:04:20.9789987Z Removing includeIf entries pointing to credentials config files
2026-10-05T12:04:20.9793737Z [command]/usr/bin/git config --local --name-only --get-regexp ^includeIf\.gitdir:
2026-10-05T12:04:20.9826885Z [command]/usr/bin/git submodule foreach --recursive git config --local --show-origin --name-only --get-regexp remote.origin.url
2026-10-05T12:04:21.0028839Z [command]/usr/bin/git config --file /home/runner/work/_temp/git-credentials-347c19a5-53c8-4e16-a557-5c98f40224dc.config http.https://github.com/.extraheader AUTHORIZATION: basic ***
2026-10-05T12:04:21.0294171Z [command]/usr/bin/git config --local includeIf.gitdir:/home/runner/work/ai-native-governance-delivery-framework/ai-native-governance-delivery-framework/.git.path /home/runner/work/_temp/git-credentials-347c19a5-53c8-4e16-a557-5c98f40224dc.config
2026-10-05T12:04:21.0796608Z [command]/usr/bin/git config --local includeIf.gitdir:/home/runner/work/ai-native-governance-delivery-framework/ai-native-governance-delivery-framework/.git/worktrees/*.path /home/runner/work/_temp/git-credentials-347c19a5-53c8-4e16-a557-5c98f40224dc.config
2026-10-05T12:04:21.1706251Z [command]/usr/bin/git config --local includeIf.gitdir:/github/workspace/.git.path /github/runner_temp/git-credentials-347c19a5-53c8-4e16-a557-5c98f40224dc.config
2026-10-05T12:04:21.2203207Z [command]/usr/bin/git config --local includeIf.gitdir:/github/workspace/.git/worktrees/*.path /github/runner_temp/git-credentials-347c19a5-53c8-4e16-a557-5c98f40224dc.config
2026-10-05T12:04:21.2307917Z ##[endgroup]
2026-10-05T12:04:21.2309107Z ##[group]Fetching the repository
2026-10-05T12:04:21.2313791Z [command]/usr/bin/git -c protocol.version=2 fetch --no-tags --prune --no-recurse-submodules origin +refs/heads/*:refs/remotes/origin/* +refs/tags/*:refs/tags/*
2026-10-05T12:04:23.7426418Z From https://github.com/ArndtGold/ai-native-governance-delivery-framework
2026-10-05T12:04:23.7426970Z  * [new branch]      codex/host-compatibility-evidence -> origin/codex/host-compatibility-evidence
2026-10-05T12:04:23.7427462Z  * [new branch]      codex/qualify-late-source-revision-20261005 -> origin/codex/qualify-late-source-revision-20261005
2026-10-05T12:04:23.7428088Z  * [new branch]      feat/add-local-approval-command-with-atomic-replay-receipts -> origin/feat/add-local-approval-command-with-atomic-replay-receipts
2026-10-05T12:04:23.7428677Z  * [new branch]      feat/mcp-inspect-slice-1 -> origin/feat/mcp-inspect-slice-1
2026-10-05T12:04:23.7429049Z  * [new branch]      fix/windows-line-endings-and-npm -> origin/fix/windows-line-endings-and-npm
2026-10-05T12:04:23.7429373Z  * [new branch]      main                    -> origin/main
2026-10-05T12:04:23.7429736Z  * [new branch]      refactor/delivery-continuation-ownership -> origin/refactor/delivery-continuation-ownership
2026-10-05T12:04:23.7430203Z  * [new branch]      refactor/prd-definition-separation -> origin/refactor/prd-definition-separation
2026-10-05T12:04:23.7430611Z  * [new branch]      refactor/ur-definition-separation -> origin/refactor/ur-definition-separation
2026-10-05T12:04:23.7430990Z  * [new branch]      task-target-auto-recovery -> origin/task-target-auto-recovery
2026-10-05T12:04:23.7431314Z  * [new tag]         agdf-cli-v0.3.2         -> agdf-cli-v0.3.2
2026-10-05T12:04:23.7431616Z  * [new tag]         agdf-runtime-cli-v0.3.1 -> agdf-runtime-cli-v0.3.1
2026-10-05T12:04:23.7432089Z  * [new tag]         agdf-v0.10.0            -> agdf-v0.10.0
2026-10-05T12:04:23.7432342Z  * [new tag]         agdf-v0.10.1            -> agdf-v0.10.1
2026-10-05T12:04:23.7432603Z  * [new tag]         agdf-v0.10.2            -> agdf-v0.10.2
2026-10-05T12:04:23.7432842Z  * [new tag]         agdf-v0.10.3            -> agdf-v0.10.3
2026-10-05T12:04:23.7433072Z  * [new tag]         agdf-v0.11.0            -> agdf-v0.11.0
2026-10-05T12:04:23.7433550Z  * [new tag]         agdf-v0.11.1            -> agdf-v0.11.1
2026-10-05T12:04:23.7434002Z  * [new tag]         agdf-v0.11.2            -> agdf-v0.11.2
2026-10-05T12:04:23.7434270Z  * [new tag]         agdf-v0.11.3            -> agdf-v0.11.3
2026-10-05T12:04:23.7434586Z  * [new tag]         agdf-v0.11.4            -> agdf-v0.11.4
2026-10-05T12:04:23.7434811Z  * [new tag]         agdf-v0.12.0            -> agdf-v0.12.0
2026-10-05T12:04:23.7435047Z  * [new tag]         agdf-v0.13.0            -> agdf-v0.13.0
2026-10-05T12:04:23.7435272Z  * [new tag]         agdf-v0.13.1            -> agdf-v0.13.1
2026-10-05T12:04:23.7435548Z  * [new tag]         agdf-v0.13.2            -> agdf-v0.13.2
2026-10-05T12:04:23.7435770Z  * [new tag]         agdf-v0.13.3            -> agdf-v0.13.3
2026-10-05T12:04:23.7435991Z  * [new tag]         agdf-v0.13.4            -> agdf-v0.13.4
2026-10-05T12:04:23.7436211Z  * [new tag]         agdf-v0.13.5            -> agdf-v0.13.5
2026-10-05T12:04:23.7436540Z  * [new tag]         agdf-v0.13.6            -> agdf-v0.13.6
2026-10-05T12:04:23.7436996Z  * [new tag]         agdf-v0.13.7            -> agdf-v0.13.7
2026-10-05T12:04:23.7437219Z  * [new tag]         agdf-v0.13.8            -> agdf-v0.13.8
2026-10-05T12:04:23.7437440Z  * [new tag]         agdf-v0.14.0            -> agdf-v0.14.0
2026-10-05T12:04:23.7437674Z  * [new tag]         agdf-v0.14.1            -> agdf-v0.14.1
2026-10-05T12:04:23.7437974Z  * [new tag]         agdf-v0.14.2            -> agdf-v0.14.2
2026-10-05T12:04:23.7438202Z  * [new tag]         agdf-v0.14.3            -> agdf-v0.14.3
2026-10-05T12:04:23.7438446Z  * [new tag]         agdf-v0.14.4            -> agdf-v0.14.4
2026-10-05T12:04:23.7438783Z  * [new tag]         agdf-v0.14.5            -> agdf-v0.14.5
2026-10-05T12:04:23.7439007Z  * [new tag]         agdf-v0.3.0             -> agdf-v0.3.0
2026-10-05T12:04:23.7439236Z  * [new tag]         agdf-v0.3.3             -> agdf-v0.3.3
2026-10-05T12:04:23.7439482Z  * [new tag]         agdf-v0.3.4             -> agdf-v0.3.4
2026-10-05T12:04:23.7439703Z  * [new tag]         agdf-v0.3.5             -> agdf-v0.3.5
2026-10-05T12:04:23.7439923Z  * [new tag]         agdf-v0.4.0             -> agdf-v0.4.0
2026-10-05T12:04:23.7440141Z  * [new tag]         agdf-v0.4.1             -> agdf-v0.4.1
2026-10-05T12:04:23.7440362Z  * [new tag]         agdf-v0.4.2             -> agdf-v0.4.2
2026-10-05T12:04:23.7440577Z  * [new tag]         agdf-v0.4.3             -> agdf-v0.4.3
2026-10-05T12:04:23.7440793Z  * [new tag]         agdf-v0.4.4             -> agdf-v0.4.4
2026-10-05T12:04:23.7441047Z  * [new tag]         agdf-v0.4.5             -> agdf-v0.4.5
2026-10-05T12:04:23.7441340Z  * [new tag]         agdf-v0.4.6             -> agdf-v0.4.6
2026-10-05T12:04:23.7441640Z  * [new tag]         agdf-v0.4.7             -> agdf-v0.4.7
2026-10-05T12:04:23.7441875Z  * [new tag]         agdf-v0.4.8             -> agdf-v0.4.8
2026-10-05T12:04:23.7442093Z  * [new tag]         agdf-v0.4.9             -> agdf-v0.4.9
2026-10-05T12:04:23.7442319Z  * [new tag]         agdf-v0.5.0             -> agdf-v0.5.0
2026-10-05T12:04:23.7442547Z  * [new tag]         agdf-v0.6.0             -> agdf-v0.6.0
2026-10-05T12:04:23.7442766Z  * [new tag]         agdf-v0.6.1             -> agdf-v0.6.1
2026-10-05T12:04:23.7442997Z  * [new tag]         agdf-v0.6.2             -> agdf-v0.6.2
2026-10-05T12:04:23.7443219Z  * [new tag]         agdf-v0.6.4             -> agdf-v0.6.4
2026-10-05T12:04:23.7443616Z  * [new tag]         agdf-v0.6.5             -> agdf-v0.6.5
2026-10-05T12:04:23.7443963Z  * [new tag]         agdf-v0.6.6             -> agdf-v0.6.6
2026-10-05T12:04:23.7444426Z  * [new tag]         agdf-v0.6.7             -> agdf-v0.6.7
2026-10-05T12:04:23.7444713Z  * [new tag]         agdf-v0.6.8             -> agdf-v0.6.8
2026-10-05T12:04:23.7444983Z  * [new tag]         agdf-v0.6.9             -> agdf-v0.6.9
2026-10-05T12:04:23.7445212Z  * [new tag]         agdf-v0.7.0             -> agdf-v0.7.0
2026-10-05T12:04:23.7445437Z  * [new tag]         agdf-v0.7.1             -> agdf-v0.7.1
2026-10-05T12:04:23.7445668Z  * [new tag]         agdf-v0.7.2             -> agdf-v0.7.2
2026-10-05T12:04:23.7445890Z  * [new tag]         agdf-v0.7.3             -> agdf-v0.7.3
2026-10-05T12:04:23.7446148Z  * [new tag]         agdf-v0.8.0             -> agdf-v0.8.0
2026-10-05T12:04:23.7446374Z  * [new tag]         agdf-v0.8.1             -> agdf-v0.8.1
2026-10-05T12:04:23.7446599Z  * [new tag]         agdf-v0.8.2             -> agdf-v0.8.2
2026-10-05T12:04:23.7446830Z  * [new tag]         agdf-v0.8.3             -> agdf-v0.8.3
2026-10-05T12:04:23.7447073Z  * [new tag]         agdf-v0.8.4             -> agdf-v0.8.4
2026-10-05T12:04:23.7447312Z  * [new tag]         agdf-v0.8.5             -> agdf-v0.8.5
2026-10-05T12:04:23.7447544Z  * [new tag]         agdf-v0.8.6             -> agdf-v0.8.6
2026-10-05T12:04:23.7447770Z  * [new tag]         agdf-v0.8.7             -> agdf-v0.8.7
2026-10-05T12:04:23.7448002Z  * [new tag]         agdf-v0.8.8             -> agdf-v0.8.8
2026-10-05T12:04:23.7448227Z  * [new tag]         agdf-v0.8.9             -> agdf-v0.8.9
2026-10-05T12:04:23.7448467Z  * [new tag]         agdf-v0.9.0             -> agdf-v0.9.0
2026-10-05T12:04:23.7448706Z  * [new tag]         agdf-v0.9.1             -> agdf-v0.9.1
2026-10-05T12:04:23.7448931Z  * [new tag]         agdf-v0.9.2             -> agdf-v0.9.2
2026-10-05T12:04:23.7449163Z  * [new tag]         agdf-v0.9.3             -> agdf-v0.9.3
2026-10-05T12:04:23.7449389Z  * [new tag]         agdf-v0.9.4             -> agdf-v0.9.4
2026-10-05T12:04:23.7449618Z  * [new tag]         agdf-v0.9.5             -> agdf-v0.9.5
2026-10-05T12:04:23.7449877Z  * [new tag]         agdf-v0.9.6             -> agdf-v0.9.6
2026-10-05T12:04:23.7450199Z  * [new tag]         agdf-v0.9.7             -> agdf-v0.9.7
2026-10-05T12:04:23.7450427Z  * [new tag]         agdf-v0.9.8             -> agdf-v0.9.8
2026-10-05T12:04:23.7450650Z  * [new tag]         agdf-v0.9.9             -> agdf-v0.9.9
2026-10-05T12:04:23.7450909Z  * [new tag]         create-agdf-v0.1.0      -> create-agdf-v0.1.0
2026-10-05T12:04:23.7451196Z  * [new tag]         create-agdf-v0.1.1      -> create-agdf-v0.1.1
2026-10-05T12:04:23.7451472Z  * [new tag]         create-agdf-v0.1.2      -> create-agdf-v0.1.2
2026-10-05T12:04:23.7451731Z  * [new tag]         create-agdf-v0.1.3      -> create-agdf-v0.1.3
2026-10-05T12:04:23.7451981Z  * [new tag]         create-agdf-v0.1.4      -> create-agdf-v0.1.4
2026-10-05T12:04:23.7452230Z  * [new tag]         create-agdf-v0.1.5      -> create-agdf-v0.1.5
2026-10-05T12:04:23.7452489Z  * [new tag]         create-agdf-v0.1.6      -> create-agdf-v0.1.6
2026-10-05T12:04:23.7452762Z  * [new tag]         create-agdf-v0.1.7      -> create-agdf-v0.1.7
2026-10-05T12:04:23.7453046Z  * [new tag]         create-agdf-v0.1.8      -> create-agdf-v0.1.8
2026-10-05T12:04:23.7453316Z  * [new tag]         create-agdf-v0.1.9      -> create-agdf-v0.1.9
2026-10-05T12:04:23.7453737Z  * [new tag]         create-agdf-v0.2.0      -> create-agdf-v0.2.0
2026-10-05T12:04:23.7454015Z  * [new tag]         create-agdf-v0.2.1      -> create-agdf-v0.2.1
2026-10-05T12:04:23.7454271Z  * [new tag]         create-agdf-v0.2.2      -> create-agdf-v0.2.2
2026-10-05T12:04:23.7454525Z  * [new tag]         create-agdf-v0.2.3      -> create-agdf-v0.2.3
2026-10-05T12:04:23.7454792Z  * [new tag]         create-agdf-v0.2.4      -> create-agdf-v0.2.4
2026-10-05T12:04:23.7455055Z  * [new tag]         create-agdf-v0.2.5      -> create-agdf-v0.2.5
2026-10-05T12:04:23.7455323Z  * [new tag]         create-agdf-v0.2.6      -> create-agdf-v0.2.6
2026-10-05T12:04:23.7455682Z  * [new tag]         create-agdf-v0.2.7      -> create-agdf-v0.2.7
2026-10-05T12:04:23.7455965Z  * [new tag]         create-agdf-v0.2.8      -> create-agdf-v0.2.8
2026-10-05T12:04:23.7456219Z  * [new tag]         create-agdf-v0.2.9      -> create-agdf-v0.2.9
2026-10-05T12:04:23.7456484Z  * [new tag]         create-agdf-v0.3.0      -> create-agdf-v0.3.0
2026-10-05T12:04:23.7456751Z  * [new tag]         create-agdf-v0.3.1      -> create-agdf-v0.3.1
2026-10-05T12:04:23.7457008Z  * [new tag]         create-agdf-v0.3.2      -> create-agdf-v0.3.2
2026-10-05T12:04:23.7457896Z [command]/usr/bin/git branch --list --remote origin/codex/qualify-late-source-revision-20261005
2026-10-05T12:04:23.7471147Z   origin/codex/qualify-late-source-revision-20261005
2026-10-05T12:04:23.7478696Z [command]/usr/bin/git rev-parse refs/remotes/origin/codex/qualify-late-source-revision-20261005
2026-10-05T12:04:23.7501788Z e785c5ecb9c57fcab5f5a78ec8600c0734395e11
2026-10-05T12:04:23.7504749Z ##[endgroup]
2026-10-05T12:04:23.7505095Z ##[group]Determining the checkout info
2026-10-05T12:04:23.7505797Z ##[endgroup]
2026-10-05T12:04:23.7508593Z [command]/usr/bin/git sparse-checkout disable
2026-10-05T12:04:23.7598549Z [command]/usr/bin/git config --local --unset-all extensions.worktreeConfig
2026-10-05T12:04:23.7628430Z ##[group]Checking out the ref
2026-10-05T12:04:23.7631758Z [command]/usr/bin/git checkout --progress --force -B codex/qualify-late-source-revision-20261005 refs/remotes/origin/codex/qualify-late-source-revision-20261005
2026-10-05T12:04:24.0879822Z Switched to a new branch 'codex/qualify-late-source-revision-20261005'
2026-10-05T12:04:24.0883145Z branch 'codex/qualify-late-source-revision-20261005' set up to track 'origin/codex/qualify-late-source-revision-20261005'.
2026-10-05T12:04:24.0911880Z ##[endgroup]
2026-10-05T12:04:24.0958541Z [command]/usr/bin/git log -1 --format=%H
2026-10-05T12:04:24.0987042Z e785c5ecb9c57fcab5f5a78ec8600c0734395e11
2026-10-05T12:04:24.1319140Z ##[group]Run actions/setup-node@820762786026740c76f36085b0efc47a31fe5020
2026-10-05T12:04:24.1319369Z with:
2026-10-05T12:04:24.1319652Z   node-version: 22
2026-10-05T12:04:24.1319774Z   cache: npm
2026-10-05T12:04:24.1319957Z   cache-dependency-path: package-lock.json
pages/package-lock.json

2026-10-05T12:04:24.1320175Z   check-latest: false
2026-10-05T12:04:24.1321492Z   token: ***
2026-10-05T12:04:24.1321618Z   package-manager-cache: true
2026-10-05T12:04:24.1321763Z ##[endgroup]
2026-10-05T12:04:24.2201282Z Found in cache @ /opt/hostedtoolcache/node/22.23.3/x64
2026-10-05T12:04:24.2203927Z ##[group]Environment details
2026-10-05T12:04:24.5421552Z node: v22.23.3
2026-10-05T12:04:24.5421821Z npm: 10.9.9
2026-10-05T12:04:24.5421997Z yarn: 1.22.22
2026-10-05T12:04:24.5422793Z ##[endgroup]
2026-10-05T12:04:24.5433149Z [command]/opt/hostedtoolcache/node/22.23.3/x64/bin/npm config get cache
2026-10-05T12:04:24.6244414Z /home/runner/.npm
2026-10-05T12:04:24.7822274Z Cache hit for: node-cache-Linux-x64-npm-4a8c1dfe21846cde5c46d2e00bf82bda80106e5dab88c6ef4b098e180c48c961
2026-10-05T12:04:25.4408491Z Received 5799442 of 5799442 (100.0%), 10.5 MBs/sec
2026-10-05T12:04:25.4408799Z Cache Size: ~6 MB (5799442 B)
2026-10-05T12:04:25.4425426Z [command]/usr/bin/tar -xf /home/runner/work/_temp/f04b5aae-4921-45bb-82cc-c0a4635b3679/cache.tzst -P -C /home/runner/work/ai-native-governance-delivery-framework/ai-native-governance-delivery-framework --use-compress-program unzstd
2026-10-05T12:04:25.4565753Z Cache restored successfully
2026-10-05T12:04:25.4574011Z Cache restored from key: node-cache-Linux-x64-npm-4a8c1dfe21846cde5c46d2e00bf82bda80106e5dab88c6ef4b098e180c48c961
2026-10-05T12:04:25.4709123Z ##[group]Run node scripts/verify-ci.mjs --lane repository
2026-10-05T12:04:25.4709466Z [36;1mnode scripts/verify-ci.mjs --lane repository[0m
2026-10-05T12:04:25.4939953Z shell: /usr/bin/bash --noprofile --norc -e -o pipefail {0}
2026-10-05T12:04:25.4940193Z ##[endgroup]
2026-10-05T12:04:25.5253580Z [verify-ci] dependencies
2026-10-05T12:04:26.1860860Z 
2026-10-05T12:04:26.1861731Z added 9 packages, and audited 12 packages in 623ms
2026-10-05T12:04:26.1862060Z 
2026-10-05T12:04:26.1862232Z 3 packages are looking for funding
2026-10-05T12:04:26.1862559Z   run `npm fund` for details
2026-10-05T12:04:26.1866332Z 
2026-10-05T12:04:26.1866656Z found 0 vulnerabilities
2026-10-05T12:04:26.2192128Z [verify-ci] maintenance
2026-10-05T12:04:26.2805316Z 
2026-10-05T12:04:26.2806082Z > test:maintenance-contracts
2026-10-05T12:04:26.2807234Z > npm run test:verification && node scripts/node-support-test.mjs && node packages/cli/scripts/interaction-catalog-test.js && node packages/cli/scripts/payload-budget-test.js && node packages/cli/scripts/release-workflow-contract-test.js && node scripts/native-probes/release-evidence-test.mjs && node --test scripts/native-probes/codex-activation-matrix-test.mjs
2026-10-05T12:04:26.2807954Z 
2026-10-05T12:04:26.3434713Z 
2026-10-05T12:04:26.3435479Z > test:verification
2026-10-05T12:04:26.3438181Z > node --test scripts/verification-test.mjs
2026-10-05T12:04:26.3438409Z 
2026-10-05T12:04:26.3753690Z TAP version 13
2026-10-05T12:04:26.4047945Z # [verify-ci] prepare
2026-10-05T12:04:26.6377843Z # [verify-commit] Isolated Git index; Node 22.23.3, linux.
2026-10-05T12:04:26.7045298Z # Subtest: full plan preserves dependency ordering and mandatory package consumers in both lanes
2026-10-05T12:04:26.7047443Z ok 1 - full plan preserves dependency ordering and mandatory package consumers in both lanes
2026-10-05T12:04:26.7047980Z   ---
2026-10-05T12:04:26.7048227Z   duration_ms: 0.886059
2026-10-05T12:04:26.7048504Z   type: 'test'
2026-10-05T12:04:26.7048713Z   ...
2026-10-05T12:04:26.7050601Z # Subtest: a failed command stops before later commands and stages
2026-10-05T12:04:26.7051960Z ok 2 - a failed command stops before later commands and stages
2026-10-05T12:04:26.7052279Z   ---
2026-10-05T12:04:26.7052581Z   duration_ms: 0.843234
2026-10-05T12:04:26.7052820Z   type: 'test'
2026-10-05T12:04:26.7053007Z   ...
2026-10-05T12:04:26.7054188Z # Subtest: the real CLI executes under temporary path aliases and rejects an invalid stage
2026-10-05T12:04:26.7060405Z ok 3 - the real CLI executes under temporary path aliases and rejects an invalid stage
2026-10-05T12:04:26.7060829Z   ---
2026-10-05T12:04:26.7061025Z   duration_ms: 30.086648
2026-10-05T12:04:26.7061258Z   type: 'test'
2026-10-05T12:04:26.7061499Z   ...
2026-10-05T12:04:26.7061939Z # Subtest: snapshot uses staged blobs, excludes unstaged/untracked fixes and preserves source index
2026-10-05T12:04:26.7062593Z ok 4 - snapshot uses staged blobs, excludes unstaged/untracked fixes and preserves source index
2026-10-05T12:04:26.7062985Z   ---
2026-10-05T12:04:26.7063163Z   duration_ms: 268.204631
2026-10-05T12:04:26.7063542Z   type: 'test'
2026-10-05T12:04:26.7063712Z   ...
2026-10-05T12:04:26.7123813Z 1..4
2026-10-05T12:04:26.7124008Z # tests 4
2026-10-05T12:04:26.7124256Z # suites 0
2026-10-05T12:04:26.7124433Z # pass 4
2026-10-05T12:04:26.7133849Z # fail 0
2026-10-05T12:04:26.7149092Z # cancelled 0
2026-10-05T12:04:26.7149316Z # skipped 0
2026-10-05T12:04:26.7149511Z # todo 0
2026-10-05T12:04:26.7149727Z # duration_ms 344.712042
2026-10-05T12:04:26.9161033Z Node support: package minimum, CI matrix, pinned Actions and legacy-runtime rejection passed.
2026-10-05T12:04:27.0190307Z Interaction catalog: complete locales, recovery rendering, negative and immutable-state checks passed.
2026-10-05T12:04:27.0459534Z Payload budget review/report tests passed.
2026-10-05T12:04:27.1080865Z Coupled release workflow contract passed.
2026-10-05T12:04:27.4101963Z Evidence publication tests passed (create, update, path rejection, stale source; isolated Git remote and mocked GitHub).
2026-10-05T12:04:27.4780720Z Release gate: native matrix, publish dependency, credential/artifact boundaries and negative evidence tests passed.
2026-10-05T12:04:27.5111714Z TAP version 13
2026-10-05T12:04:27.5478415Z # Subtest: adaptive mode starts with ten cases and repeats only selected or deviant first runs
2026-10-05T12:04:27.5481207Z ok 1 - adaptive mode starts with ten cases and repeats only selected or deviant first runs
2026-10-05T12:04:27.5481814Z   ---
2026-10-05T12:04:27.5482035Z   duration_ms: 1.030265
2026-10-05T12:04:27.5482263Z   type: 'test'
2026-10-05T12:04:27.5482450Z   ...
2026-10-05T12:04:27.5482967Z # Subtest: the actual scheduler completes all first runs before conditional repeats
2026-10-05T12:04:27.5483810Z ok 2 - the actual scheduler completes all first runs before conditional repeats
2026-10-05T12:04:27.5484983Z   ---
2026-10-05T12:04:27.5485185Z   duration_ms: 5.725656
2026-10-05T12:04:27.5489622Z   type: 'test'
2026-10-05T12:04:27.5489935Z   ...
2026-10-05T12:04:27.5490325Z # Subtest: fixed mode and boundary IDs are validated before host setup
2026-10-05T12:04:27.5491228Z ok 3 - fixed mode and boundary IDs are validated before host setup
2026-10-05T12:04:27.5491755Z   ---
2026-10-05T12:04:27.5492142Z   duration_ms: 0.40036
2026-10-05T12:04:27.5492766Z   type: 'test'
2026-10-05T12:04:27.5493097Z   ...
2026-10-05T12:04:27.5493825Z # Subtest: expected target_unresolved remains a separate target-binding observation
2026-10-05T12:04:27.5494632Z ok 4 - expected target_unresolved remains a separate target-binding observation
2026-10-05T12:04:27.5495149Z   ---
2026-10-05T12:04:27.5495477Z   duration_ms: 0.128483
2026-10-05T12:04:27.5495831Z   type: 'test'
2026-10-05T12:04:27.5496145Z   ...
2026-10-05T12:04:27.5496677Z # Subtest: JSONL parsing separates cached input and counts completed search calls once
2026-10-05T12:04:27.5497442Z ok 5 - JSONL parsing separates cached input and counts completed search calls once
2026-10-05T12:04:27.5497965Z   ---
2026-10-05T12:04:27.5498286Z   duration_ms: 0.962233
2026-10-05T12:04:27.5498626Z   type: 'test'
2026-10-05T12:04:27.5503196Z   ...
2026-10-05T12:04:27.5506753Z # Subtest: unavailable usage or search telemetry remains unknown
2026-10-05T12:04:27.5507395Z ok 6 - unavailable usage or search telemetry remains unknown
2026-10-05T12:04:27.5507706Z   ---
2026-10-05T12:04:27.5507892Z   duration_ms: 0.109845
2026-10-05T12:04:27.5508096Z   type: 'test'
2026-10-05T12:04:27.5508217Z   ...
2026-10-05T12:04:27.5561020Z 1..6
2026-10-05T12:04:27.5561215Z # tests 6
2026-10-05T12:04:27.5574105Z # suites 0
2026-10-05T12:04:27.5578960Z # pass 6
2026-10-05T12:04:27.5579274Z # fail 0
2026-10-05T12:04:27.5579455Z # cancelled 0
2026-10-05T12:04:27.5579670Z # skipped 0
2026-10-05T12:04:27.5579893Z # todo 0
2026-10-05T12:04:27.5580085Z # duration_ms 53.078577
2026-10-05T12:04:27.5651597Z [verify-ci] shell
2026-10-05T12:04:27.5978860Z Shell syntax passed (5 tracked scripts).
2026-10-05T12:04:27.6008643Z [verify-ci] prepare
2026-10-05T12:04:27.6599095Z 
2026-10-05T12:04:27.6599915Z > build
2026-10-05T12:04:27.6600380Z > node scripts/sync-package-assets.js && node scripts/assemble-npm.mjs
2026-10-05T12:04:27.6600641Z 
2026-10-05T12:04:27.9714295Z [
2026-10-05T12:04:27.9714554Z   {
2026-10-05T12:04:27.9714735Z     "name": "create-agdf",
2026-10-05T12:04:27.9714928Z     "version": "0.14.5",
2026-10-05T12:04:27.9715316Z     "source": "/home/runner/work/ai-native-governance-delivery-framework/ai-native-governance-delivery-framework/packages/cli",
2026-10-05T12:04:27.9715908Z     "output": "/home/runner/work/ai-native-governance-delivery-framework/ai-native-governance-delivery-framework/dist/npm/create-agdf"
2026-10-05T12:04:27.9716249Z   },
2026-10-05T12:04:27.9716366Z   {
2026-10-05T12:04:27.9716486Z     "name": "@agdf/cli",
2026-10-05T12:04:27.9716628Z     "version": "0.14.5",
2026-10-05T12:04:27.9717250Z     "source": "/home/runner/work/ai-native-governance-delivery-framework/ai-native-governance-delivery-framework/packages/cli/distribution/agdf",
2026-10-05T12:04:27.9717872Z     "output": "/home/runner/work/ai-native-governance-delivery-framework/ai-native-governance-delivery-framework/dist/npm/agdf"
2026-10-05T12:04:27.9718228Z   },
2026-10-05T12:04:27.9718336Z   {
2026-10-05T12:04:27.9718489Z     "name": "@agdf/mcp-server",
2026-10-05T12:04:27.9718643Z     "version": "0.14.5",
2026-10-05T12:04:27.9719035Z     "source": "/home/runner/work/ai-native-governance-delivery-framework/ai-native-governance-delivery-framework/packages/mcp-server",
2026-10-05T12:04:27.9719647Z     "output": "/home/runner/work/ai-native-governance-delivery-framework/ai-native-governance-delivery-framework/dist/npm/agdf-mcp-server"
2026-10-05T12:04:27.9720017Z   }
2026-10-05T12:04:27.9720123Z ]
2026-10-05T12:04:28.0400098Z 
2026-10-05T12:04:28.0400578Z > create-agdf@0.14.5 release:prepare
2026-10-05T12:04:28.0401276Z > npm run sync-package-assets && npm run test:distribution-profile-history && npm run test:release-bump && npm run test:release-version-coherence && npm run test:public-plugin && npm run test:portable-plugin
2026-10-05T12:04:28.0401681Z 
2026-10-05T12:04:28.1162378Z 
2026-10-05T12:04:28.1163025Z > create-agdf@0.14.5 sync-package-assets
2026-10-05T12:04:28.1163325Z > node ../../scripts/sync-package-assets.js
2026-10-05T12:04:28.1163607Z 
2026-10-05T12:04:28.4747873Z 
2026-10-05T12:04:28.4748469Z > create-agdf@0.14.5 test:distribution-profile-history
2026-10-05T12:04:28.4748848Z > node scripts/distribution-profile-history-test.js
2026-10-05T12:04:28.4749039Z 
2026-10-05T12:04:28.5131552Z Distribution profile history passed (8 exact releases, malformed and closed-policy matrices)
2026-10-05T12:04:28.6002717Z 
2026-10-05T12:04:28.6003285Z > create-agdf@0.14.5 test:release-bump
2026-10-05T12:04:28.6003784Z > node scripts/release-bump-test.js
2026-10-05T12:04:28.6003916Z 
2026-10-05T12:04:28.7760775Z Release bump passed (20 transactional files; repair, forward, review, rollback and recovery)
2026-10-05T12:04:28.8721904Z 
2026-10-05T12:04:28.8722787Z > create-agdf@0.14.5 test:release-version-coherence
2026-10-05T12:04:28.8723099Z > node scripts/release-version-coherence-test.js
2026-10-05T12:04:28.8723241Z 
2026-10-05T12:04:29.7593618Z Release version coherence passed (50 surfaces at 0.14.5; 8 profile snapshots)
2026-10-05T12:04:29.8416638Z 
2026-10-05T12:04:29.8417308Z > create-agdf@0.14.5 test:public-plugin
2026-10-05T12:04:29.8417747Z > node scripts/public-plugin-test.js
2026-10-05T12:04:29.8417939Z 
2026-10-05T12:04:30.0394896Z Public plugin tests passed (60 inventoried candidate files; digest 416c48ca8fe420b133c90d0a967d9e834341c3b1578d8ca02e43db39b4b173e5)
2026-10-05T12:04:30.1258846Z 
2026-10-05T12:04:30.1259990Z > create-agdf@0.14.5 test:portable-plugin
2026-10-05T12:04:30.1260636Z > node scripts/portable-plugin-test.js
2026-10-05T12:04:30.1260950Z 
2026-10-05T12:04:30.5234054Z Portable plugin schema/profile/resource/selection/retry tests passed; digest 416c48ca8fe420b133c90d0a967d9e834341c3b1578d8ca02e43db39b4b173e5
2026-10-05T12:04:30.5390267Z [verify-ci] mcp-dependencies
2026-10-05T12:04:32.1156752Z 
2026-10-05T12:04:32.1157478Z added 15 packages, and audited 16 packages in 2s
2026-10-05T12:04:32.1157769Z 
2026-10-05T12:04:32.1157944Z 2 packages are looking for funding
2026-10-05T12:04:32.1158236Z   run `npm fund` for details
2026-10-05T12:04:32.1162827Z 
2026-10-05T12:04:32.1163132Z found 0 vulnerabilities
2026-10-05T12:04:32.1283678Z [verify-ci] runtime
2026-10-05T12:04:32.4528340Z [agdf-runtime-integrity] ok (mode=source; 13 skills and 16 control files checked)
2026-10-05T12:04:32.4586653Z [verify-ci] community
2026-10-05T12:04:32.5194285Z 
2026-10-05T12:04:32.5194843Z > test:community-health
2026-10-05T12:04:32.5195162Z > node scripts/community-health-test.mjs
2026-10-05T12:04:32.5195290Z 
2026-10-05T12:04:34.1858725Z community-health-test: pass (reviewed baseline + 29 negative contracts)
2026-10-05T12:04:34.2644570Z 
2026-10-05T12:04:34.2645197Z > check:community-health
2026-10-05T12:04:34.2645651Z > node scripts/check-community-health.mjs
2026-10-05T12:04:34.2646197Z 
2026-10-05T12:04:34.7979652Z community-health: pass (39 required files, 4 issue forms)
2026-10-05T12:04:34.8100028Z [verify-ci] host-compatibility
2026-10-05T12:04:34.8737464Z 
2026-10-05T12:04:34.8737993Z > test:host-compatibility
2026-10-05T12:04:34.8738603Z > node packages/cli/scripts/host-compatibility-test.js && node scripts/host-compatibility/test.mjs
2026-10-05T12:04:34.8738966Z 
2026-10-05T12:04:41.7974142Z {
2026-10-05T12:04:41.7974410Z   "evaluated": 56,
2026-10-05T12:04:41.7974669Z   "failed": []
2026-10-05T12:04:41.7974852Z }
2026-10-05T12:04:50.1510768Z Host compatibility evidence tests passed (65 named checks, recording failure and isolation controls).
2026-10-05T12:04:50.2288600Z 
2026-10-05T12:04:50.2289005Z > compatibility:check
2026-10-05T12:04:50.2289373Z > node scripts/host-compatibility/run.mjs check
2026-10-05T12:04:50.2289583Z 
2026-10-05T12:04:50.6766115Z {
2026-10-05T12:04:50.6766403Z   "status": "pass",
2026-10-05T12:04:50.6766572Z   "scenarios": {
2026-10-05T12:04:50.6766732Z     "evaluated": 56,
2026-10-05T12:04:50.6766874Z     "failed": 0
2026-10-05T12:04:50.6766999Z   },
2026-10-05T12:04:50.6767275Z   "source_fingerprint": "f254a29bb164c993ab3bcb4aad934726c0b20567aa6d3a4d0a5e405be80a33c4"
2026-10-05T12:04:50.6767541Z }
2026-10-05T12:04:50.6887189Z [verify-ci] built-runtime
2026-10-05T12:04:51.0067359Z [agdf-runtime-integrity] ok (mode=installed; 13 skills and 16 control files checked)
2026-10-05T12:04:51.0111799Z [verify-ci] cli-package
2026-10-05T12:04:51.0722413Z 
2026-10-05T12:04:51.0722939Z > create-agdf@0.14.5 test:package-contents
2026-10-05T12:04:51.0723228Z > node scripts/package-contents-test.js
2026-10-05T12:04:51.0723475Z 
2026-10-05T12:04:52.2044103Z Package contents tests passed (761 files; complete release-built plugin present)
2026-10-05T12:04:52.2129997Z [verify-ci] wrapper-package
2026-10-05T12:04:52.2748345Z 
2026-10-05T12:04:52.2748859Z > @agdf/cli@0.14.5 test:package
2026-10-05T12:04:52.2749131Z > node ./scripts/package-test.js
2026-10-05T12:04:52.2749269Z 
2026-10-05T12:04:52.4855349Z AGDF CLI package contents passed (5 files).
2026-10-05T12:04:52.4939333Z [verify-ci] transactions
2026-10-05T12:04:52.5547362Z 
2026-10-05T12:04:52.5547992Z > create-agdf@0.14.5 test:run-step-transaction
2026-10-05T12:04:52.5548303Z > node ../core/test/run-step-transaction-test.js
2026-10-05T12:04:52.5548444Z 
2026-10-05T12:04:55.0102275Z Run-step transaction boundaries passed.
2026-10-05T12:04:55.0834040Z 
2026-10-05T12:04:55.0834726Z > create-agdf@0.14.5 test:run-lock
2026-10-05T12:04:55.0835470Z > node ../core/test/run-lock-test.js
2026-10-05T12:04:55.0835647Z 
2026-10-05T12:04:55.1215627Z Run lock owner recovery passed.
2026-10-05T12:04:55.1303841Z [verify-ci] delivery-map
2026-10-05T12:04:56.1877899Z AGDF delivery-map: revise
2026-10-05T12:04:56.1878261Z Current gate: all-active
2026-10-05T12:04:56.1878597Z Next allowed action: Resolve per-run findings.
2026-10-05T12:04:56.1879054Z Quality outlook: Keep every active run independently actionable.
2026-10-05T12:04:56.1879494Z Relationships: 176/215 evidenced
2026-10-05T12:04:56.1879743Z Findings: 66
2026-10-05T12:04:56.1879860Z 
2026-10-05T12:04:56.1880001Z [warn] AGDF_MISSING_EVIDENCE_DECLARED
2026-10-05T12:04:56.1880730Z Final German context-only repo-less and repository-bound Copilot evidence
2026-10-05T12:04:56.1882143Z Next step: Restart Copilot, verify the complete German `qa-gate` `no_reliable_target` card immediately, then run the repository-bound path separately.
2026-10-05T12:04:56.1882629Z 
2026-10-05T12:04:56.1882790Z [warn] AGDF_MISSING_EVIDENCE_DECLARED
2026-10-05T12:04:56.1883060Z Direct Linux and native-Windows lifecycle behavior
2026-10-05T12:04:56.1883733Z Next step: Require separately authorized host evidence before cross-platform parity claims.
2026-10-05T12:04:56.1884059Z 
2026-10-05T12:04:56.1884193Z [warn] AGDF_MISSING_EVIDENCE_DECLARED
2026-10-05T12:04:56.1884491Z Gate-safe native Copilot input transport
2026-10-05T12:04:56.1885526Z Next step: Keep exact-text approval as the baseline until a later adapter preflight proves exact values and deliberate waiting.
2026-10-05T12:04:56.1885935Z 
2026-10-05T12:04:56.1886037Z [warn] AGDF_RISK_DECLARED
2026-10-05T12:04:56.1886441Z Copilot plugin installation or permissions are mistaken for AGDF gate approval.
2026-10-05T12:04:56.1887024Z Next step: Preserve `interaction.md` and exact approval revalidation as the sole authority.
2026-10-05T12:04:56.1887353Z 
2026-10-05T12:04:56.1887450Z [warn] AGDF_RISK_DECLARED
2026-10-05T12:04:56.1887835Z Retirement deletes or rewrites existing user-owned Copilot repository files.
2026-10-05T12:04:56.1888461Z Next step: Stop generating and supporting the projection without automatically deleting existing files.
2026-10-05T12:04:56.1888800Z 
2026-10-05T12:04:56.1888899Z [warn] AGDF_RISK_DECLARED
2026-10-05T12:04:56.1889254Z Repository or package evidence is overstated as loaded app behavior.
2026-10-05T12:04:56.1889829Z Next step: Maintain separate source, bundle, installed-root, fresh-session and human-UAT evidence.
2026-10-05T12:04:56.1890157Z 
2026-10-05T12:04:56.1890255Z [warn] AGDF_RISK_DECLARED
2026-10-05T12:04:56.1890642Z Native input or hook support drifts across the Copilot app, CLI and cloud agent.
2026-10-05T12:04:56.1891265Z Next step: Start with the supported common subset and gate stronger claims on direct capability evidence.
2026-10-05T12:04:56.1891604Z 
2026-10-05T12:04:56.1891700Z [warn] AGDF_RISK_DECLARED
2026-10-05T12:04:56.1892083Z A host working directory is mistaken for task-target or governance authority.
2026-10-05T12:04:56.1892829Z Next step: Require the code-owned target preflight before doctor, run selection or gate evaluation and expose `instruction_only` honestly.
2026-10-05T12:04:56.1893262Z 
2026-10-05T12:04:56.1893359Z [warn] AGDF_RISK_DECLARED
2026-10-05T12:04:56.1893961Z A host infers presentation language from English skill, runtime or UI text instead of the current conversation.
2026-10-05T12:04:56.1894974Z Next step: Keep current-conversation meaning in the semantic function description and binding grammar, project it into every executable skill and require fresh loaded-host evidence.
2026-10-05T12:04:56.1895538Z 
2026-10-05T12:04:56.1895633Z [warn] AGDF_RISK_DECLARED
2026-10-05T12:04:56.1895927Z Recommended setup is mistaken for implicit consent.
2026-10-05T12:04:56.1896465Z Next step: Require a deliberate interactive choice and explicit noninteractive `--with-mcp`.
2026-10-05T12:04:56.1896779Z 
2026-10-05T12:04:56.1896873Z [warn] AGDF_RISK_DECLARED
2026-10-05T12:04:56.1897201Z Partial failure is reported as complete installation.
2026-10-05T12:04:56.1897885Z Next step: Model plugin, hook, registration, discovery and restart as separate effective states.
2026-10-05T12:04:56.1898202Z 
2026-10-05T12:04:56.1898297Z [warn] AGDF_RISK_DECLARED
2026-10-05T12:04:56.1898635Z New orchestration duplicates installer or MCP lifecycle logic.
2026-10-05T12:04:56.1899139Z Next step: Brownfield Review must preserve existing owners and add only composition.
2026-10-05T12:04:56.1899429Z 
2026-10-05T12:04:56.1899527Z [warn] AGDF_RISK_DECLARED
2026-10-05T12:04:56.1899810Z Coupled removal deletes foreign or shared state.
2026-10-05T12:04:56.1900244Z Next step: Reuse exact ownership, provenance and reference-counted cleanup.
2026-10-05T12:04:56.1900508Z 
2026-10-05T12:04:56.1900600Z [warn] AGDF_RISK_DECLARED
2026-10-05T12:04:56.1900905Z Repository tests are presented as loaded-host support.
2026-10-05T12:04:56.1901308Z Next step: Retain separate direct host and UAT evidence lanes.
2026-10-05T12:04:56.1901533Z 
2026-10-05T12:04:56.1901626Z [warn] AGDF_RISK_DECLARED
2026-10-05T12:04:56.1901992Z A user-wide registration is mistaken for governance target authority.
2026-10-05T12:04:56.1902613Z Next step: Explain that user scope changes host discovery only; every dispatch still resolves one target and run.
2026-10-05T12:04:56.1902977Z 
2026-10-05T12:04:56.1903105Z [warn] AGDF_MISSING_EVIDENCE_DECLARED
2026-10-05T12:04:56.1903558Z Final file-level consumer map for non-submission metadata
2026-10-05T12:04:56.1904183Z Next step: Resolve in Solution Design before any exclusion beyond the proven submission classes.
2026-10-05T12:04:56.1904498Z 
2026-10-05T12:04:56.1904627Z [warn] AGDF_MISSING_EVIDENCE_DECLARED
2026-10-05T12:04:56.1904929Z Clean-client completeness after exclusions
2026-10-05T12:04:56.1905389Z Next step: Define deterministic installation and runtime probes in the Task/Test Plan.
2026-10-05T12:04:56.1905686Z 
2026-10-05T12:04:56.1905780Z [warn] AGDF_RISK_DECLARED
2026-10-05T12:04:56.1906108Z A runtime-required file is classified as development-only.
2026-10-05T12:04:56.1906587Z Next step: Require consumer and lifecycle evidence before exclusion; later execution must stop if that evidence is absent.
2026-10-05T12:04:56.1906837Z 
2026-10-05T12:04:56.1906898Z [warn] AGDF_RISK_DECLARED
2026-10-05T12:04:56.1907109Z Package cleanup creates a second hand-maintained inventory.
2026-10-05T12:04:56.1907411Z Next step: Reuse one semantic generated profile or deterministic allowlist owner.
2026-10-05T12:04:56.1907587Z 
2026-10-05T12:04:56.1907650Z [warn] AGDF_RISK_DECLARED
2026-10-05T12:04:56.1907844Z Local submission generation is accidentally removed.
2026-10-05T12:04:56.1908200Z Next step: Separate generation from publication; preserve canonical and generated review sources.
2026-10-05T12:04:56.1908405Z 
2026-10-05T12:04:56.1908468Z [warn] AGDF_RISK_DECLARED
2026-10-05T12:04:56.1908698Z Size reduction is optimized at the expense of supported-host completeness.
2026-10-05T12:04:56.1909173Z Next step: Treat runtime completeness as the invariant and size only as measured evidence; later execution must stop on any completeness regression.
2026-10-05T12:04:56.1909459Z 
2026-10-05T12:04:56.1909522Z [warn] AGDF_RISK_DECLARED
2026-10-05T12:04:56.1909719Z The Copilot QA scope is silently expanded or invalidated.
2026-10-05T12:04:56.1910083Z Next step: Keep the runs independent and retest package coexistence later without rewriting Copilot approvals.
2026-10-05T12:04:56.1910306Z 
2026-10-05T12:04:56.1910392Z [warn] AGDF_CONTEXT_GRAPH_GATE_EFFECT
2026-10-05T12:04:56.1910640Z Context Graph impact is update_existing_node with gate effect warning.
2026-10-05T12:04:56.1910939Z Next step: Clarify the Context Graph impact before advancing the gate.
2026-10-05T12:04:56.1911090Z 
2026-10-05T12:04:56.1911154Z [warn] AGDF_RISK_DECLARED
2026-10-05T12:04:56.1911376Z A keyword filter misclassifies advice or quoted implementation text.
2026-10-05T12:04:56.1911757Z Next step: Classify requested effect through one semantic contract and test adversarial cases.
2026-10-05T12:04:56.1912073Z 
2026-10-05T12:04:56.1912138Z [warn] AGDF_RISK_DECLARED
2026-10-05T12:04:56.1912344Z A second hook becomes a competing activation policy.
2026-10-05T12:04:56.1912722Z Next step: Keep activation semantics canonical and treat any mutation hook only as later defense in depth.
2026-10-05T12:04:56.1912937Z 
2026-10-05T12:04:56.1913003Z [warn] AGDF_RISK_DECLARED
2026-10-05T12:04:56.1913304Z Dispatcher compatibility is changed in place or confused with another run's completed/QA evidence.
2026-10-05T12:04:56.1914024Z Next step: Preserve dispatcher v1 by default; any necessary executable backstop requires explicit versioning and independent evidence.
2026-10-05T12:04:56.1914309Z 
2026-10-05T12:04:56.1914371Z [warn] AGDF_RISK_DECLARED
2026-10-05T12:04:56.1914589Z Ordinary read-only handling still emits an AGDF banner.
2026-10-05T12:04:56.1914889Z Next step: Require silent abstention and loaded-host transcript evidence.
2026-10-05T12:04:56.1915058Z 
2026-10-05T12:04:56.1915120Z [warn] AGDF_RISK_DECLARED
2026-10-05T12:04:56.1915344Z Explicit AGDF status or lifecycle requests stop working.
2026-10-05T12:04:56.1915700Z Next step: Preserve explicit-operation routes and test missing-control behavior by request class.
2026-10-05T12:04:56.1915926Z 
2026-10-05T12:04:56.1915988Z [warn] AGDF_RISK_DECLARED
2026-10-05T12:04:56.1916215Z Canonical init recovery overwrites user or conflicting partial state.
2026-10-05T12:04:56.1916809Z Next step: Strict valid-run parser, file/link constraints, content/identity snapshots and rollback tests fail closed; preserve this owner boundary.
2026-10-05T12:04:56.1917118Z 
2026-10-05T12:04:56.1917180Z [warn] AGDF_RISK_DECLARED
2026-10-05T12:04:56.1917442Z Full eager routing or repeated policy channels return in a future projection.
2026-10-05T12:04:56.1917910Z Next step: Preserve definition-owned byte budgets, kernel fingerprint, on-demand route and duplicate/conflict integrity checks.
2026-10-05T12:04:56.1918172Z 
2026-10-05T12:04:56.1918246Z [warn] AGDF_RISK_DECLARED
2026-10-05T12:04:56.1918562Z Source-composed Copilot or OpenCode profiles are falsely presented as live evaluation on those hosts.
2026-10-05T12:04:56.1919299Z Next step: Keep `profile_surface` and `evaluator_surface` independent, report `evidence_plane: source_composed`, and retain fresh-host evidence as a separate obligation. Treat any conflation as an implementation stop condition.
2026-10-05T12:04:56.1919784Z 
2026-10-05T12:04:56.1919847Z [warn] AGDF_RISK_DECLARED
2026-10-05T12:04:56.1920097Z Expected case outcomes leak into model-visible composed instructions.
2026-10-05T12:04:56.1920684Z Next step: Use only closed `composed_profile.instruction_skill` metadata and exclude both metadata and `expected` from model input. Treat any leakage as an implementation stop condition.
2026-10-05T12:04:56.1921061Z 
2026-10-05T12:04:56.1921146Z [warn] AGDF_CONTEXT_GRAPH_GATE_EFFECT
2026-10-05T12:04:56.1921406Z Context Graph impact is update_existing_node with gate effect warning.
2026-10-05T12:04:56.1921678Z Next step: Resolve Context Graph action: update.
2026-10-05T12:04:56.1921805Z 
2026-10-05T12:04:56.1921918Z [revise] AGDF_DELIVERY_RELATIONSHIP_CONFLICT
2026-10-05T12:04:56.1922132Z PRD must be traceable via derived_from UR.
2026-10-05T12:04:56.1922478Z Next step: Fill the Artefact Chain row with concrete evidence before treating the delivery map as complete.
2026-10-05T12:04:56.1922697Z 
2026-10-05T12:04:56.1922794Z [warn] AGDF_MISSING_EVIDENCE_DECLARED
2026-10-05T12:04:56.1922990Z Existing owner and protocol-impact inventory
2026-10-05T12:04:56.1923247Z Next step: Perform Brownfield Review only after UR approval.
2026-10-05T12:04:56.1923473Z 
2026-10-05T12:04:56.1923558Z [warn] AGDF_MISSING_EVIDENCE_DECLARED
2026-10-05T12:04:56.1923809Z Direct authenticated Codex host behavior for any future adapter
2026-10-05T12:04:56.1924155Z Next step: Keep as later UAT evidence; do not infer it from repository or protocol tests.
2026-10-05T12:04:56.1924359Z 
2026-10-05T12:04:56.1924426Z [warn] AGDF_RISK_DECLARED
2026-10-05T12:04:56.1924739Z Codex tool permissions are mistaken for AGDF gate approvals.
2026-10-05T12:04:56.1925118Z Next step: Preserve `interaction.md` as sole approval authority and require exact AGDF approval validation.
2026-10-05T12:04:56.1925351Z 
2026-10-05T12:04:56.1925416Z [warn] AGDF_RISK_DECLARED
2026-10-05T12:04:56.1925651Z Codex integration duplicates AGDF state, rendering or gate logic.
2026-10-05T12:04:56.1925991Z Next step: Brownfield Review must identify and reuse canonical owners before any design.
2026-10-05T12:04:56.1926198Z 
2026-10-05T12:04:56.1926264Z [warn] AGDF_RISK_DECLARED
2026-10-05T12:04:56.1926484Z Codex-specific integration weakens cross-host portability.
2026-10-05T12:04:56.1926850Z Next step: Keep host-specific transport behind shared AGDF contracts and test host-neutral semantics.
2026-10-05T12:04:56.1927076Z 
2026-10-05T12:04:56.1927142Z [warn] AGDF_RISK_DECLARED
2026-10-05T12:04:56.1927357Z Repository evidence is overstated as live-host behavior.
2026-10-05T12:04:56.1927691Z Next step: Maintain separate repository, protocol and authenticated-host evidence classes.
2026-10-05T12:04:56.1927908Z 
2026-10-05T12:04:56.1927992Z [warn] AGDF_MISSING_EVIDENCE_DECLARED
2026-10-05T12:04:56.1928253Z Direct fresh-session behavior for repository-disabled Copilot AGDF
2026-10-05T12:04:56.1928581Z Next step: Keep as later host evidence; do not infer from repository fixtures.
2026-10-05T12:04:56.1928791Z 
2026-10-05T12:04:56.1928853Z [warn] AGDF_RISK_DECLARED
2026-10-05T12:04:56.1929222Z A local opt-out overwrites unrelated Copilot settings.
2026-10-05T12:04:56.1929605Z Next step: Reuse atomic settings ownership, preserve unrelated keys and fail closed on invalid or unowned paths.
2026-10-05T12:04:56.1929851Z 
2026-10-05T12:04:56.1929912Z [warn] AGDF_RISK_DECLARED
2026-10-05T12:04:56.1930158Z Plugin-disabled is mistaken for all AGDF instructions disabled.
2026-10-05T12:04:56.1930463Z Next step: Document and separately verify plugin and instruction discovery.
2026-10-05T12:04:56.1930660Z 
2026-10-05T12:04:56.1930726Z [warn] AGDF_RISK_DECLARED
2026-10-05T12:04:56.1930916Z Unsupported host behavior is presented as parity.
2026-10-05T12:04:56.1931294Z Next step: Publish an explicit support matrix and separate repository, CLI and fresh-session evidence.
2026-10-05T12:04:56.1931534Z 
2026-10-05T12:04:56.1931615Z [warn] AGDF_MISSING_EVIDENCE_DECLARED
2026-10-05T12:04:56.1931825Z Private vulnerability reporting availability
2026-10-05T12:04:56.1932189Z Next step: Confirm the host capability during implementation; use the approved email fallback if unavailable.
2026-10-05T12:04:56.1932431Z 
2026-10-05T12:04:56.1932526Z [warn] AGDF_MISSING_EVIDENCE_DECLARED
2026-10-05T12:04:56.1932722Z Default-branch Community Profile recognition
2026-10-05T12:04:56.1933022Z Next step: Verify after repository files are delivered to the default branch.
2026-10-05T12:04:56.1933204Z 
2026-10-05T12:04:56.1933284Z [warn] AGDF_MISSING_EVIDENCE_DECLARED
2026-10-05T12:04:56.1933546Z Applied GitHub metadata and social preview
2026-10-05T12:04:56.1933864Z Next step: Verify through public or authenticated host observation after application.
2026-10-05T12:04:56.1934067Z 
2026-10-05T12:04:56.1934128Z [warn] AGDF_RISK_DECLARED
2026-10-05T12:04:56.1934377Z Public policy text could promise unsupported response behavior
2026-10-05T12:04:56.1934789Z Next step: Enforce the approved no-SLA and current-release-only boundaries through deterministic policy assertions.
2026-10-05T12:04:56.1935060Z 
2026-10-05T12:04:56.1935121Z [warn] AGDF_RISK_DECLARED
2026-10-05T12:04:56.1935456Z New files could duplicate existing Pages or runtime documentation instead of routing to canonical owners
2026-10-05T12:04:56.1935918Z Next step: Brownfield Review must identify canonical owners and link rather than copy where appropriate.
2026-10-05T12:04:56.1936149Z 
2026-10-05T12:04:56.1936211Z [warn] AGDF_RISK_DECLARED
2026-10-05T12:04:56.1936507Z Host metadata and repository files could drift because they have separate mutation paths
2026-10-05T12:04:56.1936950Z Next step: Define separate validation and delivery evidence for repository files and GitHub-hosted settings.
2026-10-05T12:04:56.1937281Z 
2026-10-05T12:04:56.1937376Z [warn] AGDF_MISSING_EVIDENCE_DECLARED
2026-10-05T12:04:56.1937761Z Verified automatic-mode outcome for each Codex, Claude Code and OpenCode combination on macOS, Linux and native Windows
2026-10-05T12:04:56.1938217Z Next step: Complete the remaining direct-host matrix without inferred parity.
2026-10-05T12:04:56.1938403Z 
2026-10-05T12:04:56.1938486Z [warn] AGDF_MISSING_EVIDENCE_DECLARED
2026-10-05T12:04:56.1938761Z Safe consent persistence and invalidation behavior for each supported host
2026-10-05T12:04:56.1939220Z Next step: Observe revised install/update choices, renewal and rollback through separately authorized host evidence.
2026-10-05T12:04:56.1939474Z 
2026-10-05T12:04:56.1939556Z [warn] AGDF_MISSING_EVIDENCE_DECLARED
2026-10-05T12:04:56.1939858Z Direct fresh-session behavior after enabled, declined, revoked and updated consent
2026-10-05T12:04:56.1940281Z Next step: Complete the declared host evidence before QA pass; do not infer it from repository tests.
2026-10-05T12:04:56.1940506Z 
2026-10-05T12:04:56.1940603Z [warn] AGDF_MISSING_EVIDENCE_DECLARED
2026-10-05T12:04:56.1940956Z Direct native-Windows evidence for installation, consent, status, revocation, update, rollback and fresh session
2026-10-05T12:04:56.1941492Z Next step: Require native-Windows execution before claiming Windows support; simulation remains supporting evidence only.
2026-10-05T12:04:56.1941759Z 
2026-10-05T12:04:56.1941917Z [warn] AGDF_RISK_DECLARED
2026-10-05T12:04:56.1942143Z Installation consent is mistaken for an AGDF gate approval.
2026-10-05T12:04:56.1942550Z Next step: Preserve `interaction.md` and `CG-NATIVE-INTERACTION-AUTHORITY` as the sole authority boundary.
2026-10-05T12:04:56.1942791Z 
2026-10-05T12:04:56.1942869Z [warn] AGDF_RISK_DECLARED
2026-10-05T12:04:56.1943105Z A broad or stale permission rule survives changed executable content.
2026-10-05T12:04:56.1943569Z Next step: Brownfield Review and later design must prove least-privilege scope and renewed-consent behavior.
2026-10-05T12:04:56.1943812Z 
2026-10-05T12:04:56.1943877Z [warn] AGDF_RISK_DECLARED
2026-10-05T12:04:56.1944105Z The installer silently mutates user or project configuration.
2026-10-05T12:04:56.1944545Z Next step: Require explicit consent, ownership checks, visible effects and reversible state through existing installer owners.
2026-10-05T12:04:56.1944818Z 
2026-10-05T12:04:56.1944881Z [warn] AGDF_RISK_DECLARED
2026-10-05T12:04:56.1945097Z One generic mechanism ignores material host differences.
2026-10-05T12:04:56.1945472Z Next step: Keep one semantic consent contract with thin host-specific adapters and honest unsupported outcomes.
2026-10-05T12:04:56.1945715Z 
2026-10-05T12:04:56.1945780Z [warn] AGDF_RISK_DECLARED
2026-10-05T12:04:56.1946028Z macOS or Linux evidence is generalized into an unsupported Windows claim.
2026-10-05T12:04:56.1946437Z Next step: Require an explicit host/OS matrix and direct native-Windows evidence for every claimed Windows path.
2026-10-05T12:04:56.1946686Z 
2026-10-05T12:04:56.1946750Z [warn] AGDF_RISK_DECLARED
2026-10-05T12:04:56.1947007Z Repository or installation evidence is overstated as effective host behavior.
2026-10-05T12:04:56.1947416Z Next step: Preserve separate repository, package, installed-host and fresh-session evidence planes.
2026-10-05T12:04:56.1947631Z 
2026-10-05T12:04:56.1947740Z [revise] AGDF_DELIVERY_RELATIONSHIP_MISSING
2026-10-05T12:04:56.1947957Z QA_REPORT must be traceable via tests TP.
2026-10-05T12:04:56.1948302Z Next step: Fill the Artefact Chain row with concrete evidence before treating the delivery map as complete.
2026-10-05T12:04:56.1964243Z 
2026-10-05T12:04:56.1964400Z [warn] AGDF_RISK_DECLARED
2026-10-05T12:04:56.1964714Z Native tool becomes a general shell bypass.
2026-10-05T12:04:56.1965317Z Next step: Strict schema, fixed runtime owner, no arbitrary executable/command/path and dedicated permission key.
2026-10-05T12:04:56.1965707Z 
2026-10-05T12:04:56.1965978Z [warn] AGDF_RISK_DECLARED
2026-10-05T12:04:56.1966281Z Tool permission is mistaken for AGDF approval.
2026-10-05T12:04:56.1966799Z Next step: Preserve exact `Approval: <Gate>` validation and non-authorizing tool result.
2026-10-05T12:04:56.1967084Z 
2026-10-05T12:04:56.1967168Z [warn] AGDF_RISK_DECLARED
2026-10-05T12:04:56.1967338Z Installer overwrites user policy.
2026-10-05T12:04:56.1967709Z Next step: Additive, consent-bound projection that preserves explicit user settings and provides manual mode.
2026-10-05T12:04:56.1967960Z 
2026-10-05T12:04:56.1968027Z [warn] AGDF_RISK_DECLARED
2026-10-05T12:04:56.1968233Z Repository evidence is overstated as host behavior.
2026-10-05T12:04:56.1968495Z Next step: Require separate direct loaded-host evidence.
2026-10-05T12:04:56.1968632Z 
2026-10-05T12:04:56.1968741Z [revise] AGDF_DELIVERY_RELATIONSHIP_MISSING
2026-10-05T12:04:56.1968942Z QA_REPORT must be traceable via tests TP.
2026-10-05T12:04:56.1969291Z Next step: Fill the Artefact Chain row with concrete evidence before treating the delivery map as complete.
2026-10-05T12:04:56.2015422Z [verify-ci] evals
2026-10-05T12:04:56.2612970Z 
2026-10-05T12:04:56.2613646Z > create-agdf@0.14.5 eval:skills
2026-10-05T12:04:56.2613945Z > node ../../evals/scripts/run-skill-evals.js
2026-10-05T12:04:56.2614074Z 
2026-10-05T12:04:56.3287691Z AGDF skill evals: pass (102/102 cases; 13 skills; deterministic replay, not live host execution)
2026-10-05T12:04:56.3372671Z [verify-ci] mcp-package
2026-10-05T12:04:56.3960531Z 
2026-10-05T12:04:56.3961239Z > @agdf/mcp-server@0.14.5 test:package
2026-10-05T12:04:56.3961497Z > node ./test/package.test.js
2026-10-05T12:04:56.3961601Z 
2026-10-05T12:04:56.6270059Z AGDF MCP package boundary tests passed.
2026-10-05T12:04:56.6358100Z [verify-ci] archives
2026-10-05T12:04:57.8352174Z [
2026-10-05T12:04:57.8352419Z   {
2026-10-05T12:04:57.8352667Z     "id": "create-agdf@0.14.5",
2026-10-05T12:04:57.8352966Z     "name": "create-agdf",
2026-10-05T12:04:57.8353201Z     "version": "0.14.5",
2026-10-05T12:04:57.8353558Z     "size": 1016482,
2026-10-05T12:04:57.8353775Z     "unpackedSize": 6141850,
2026-10-05T12:04:57.8354091Z     "shasum": "a2ae509c29b137b2266af928a0a0b93575ad819b",
2026-10-05T12:04:57.8354736Z     "integrity": "sha512-8PU24Em8ULwLgBN8nw5bu8kJq1U4TNhfzq0kqi4+qdJ7dd2F3CHMWXj7AaIcG+W5Iel/7AgOCsCDtCWJDbZNvw==",
2026-10-05T12:04:57.8355243Z     "filename": "create-agdf-0.14.5.tgz",
2026-10-05T12:04:57.8355406Z     "files": [
2026-10-05T12:04:57.8355529Z       {
2026-10-05T12:04:57.8355663Z         "path": "LICENSE",
2026-10-05T12:04:57.8355806Z         "size": 11357,
2026-10-05T12:04:57.8355938Z         "mode": 420
2026-10-05T12:04:57.8356061Z       },
2026-10-05T12:04:57.8356170Z       {
2026-10-05T12:04:57.8356286Z         "path": "NOTICE",
2026-10-05T12:04:57.8356424Z         "size": 422,
2026-10-05T12:04:57.8356549Z         "mode": 420
2026-10-05T12:04:57.8356669Z       },
2026-10-05T12:04:57.8356780Z       {
2026-10-05T12:04:57.8356898Z         "path": "README.md",
2026-10-05T12:04:57.8357046Z         "size": 57597,
2026-10-05T12:04:57.8357173Z         "mode": 420
2026-10-05T12:04:57.8357293Z       },
2026-10-05T12:04:57.8357401Z       {
2026-10-05T12:04:57.8357537Z         "path": "bin/agdf-validator.js",
2026-10-05T12:04:57.8357697Z         "size": 323,
2026-10-05T12:04:57.8357822Z         "mode": 420
2026-10-05T12:04:57.8357945Z       },
2026-10-05T12:04:57.8358052Z       {
2026-10-05T12:04:57.8358186Z         "path": "bin/create-agdf.js",
2026-10-05T12:04:57.8358338Z         "size": 430,
2026-10-05T12:04:57.8358470Z         "mode": 493
2026-10-05T12:04:57.8358590Z       },
2026-10-05T12:04:57.8358694Z       {
2026-10-05T12:04:57.8358842Z         "path": "generated/.agdf/control/README.md",
2026-10-05T12:04:57.8359016Z         "size": 7277,
2026-10-05T12:04:57.8359141Z         "mode": 420
2026-10-05T12:04:57.8359257Z       },
2026-10-05T12:04:57.8359365Z       {
2026-10-05T12:04:57.8359537Z         "path": "generated/.agdf/control/templates/AGDF_RUN.md",
2026-10-05T12:04:57.8360254Z         "size": 4174,
2026-10-05T12:04:57.8360474Z         "mode": 420
2026-10-05T12:04:57.8360655Z       },
2026-10-05T12:04:57.8360818Z       {
2026-10-05T12:04:57.8361127Z         "path": "generated/.agdf/control/templates/AGENT_QUALITY_CONTRACTS.json",
2026-10-05T12:04:57.8361465Z         "size": 5289,
2026-10-05T12:04:57.8361655Z         "mode": 420
2026-10-05T12:04:57.8361834Z       },
2026-10-05T12:04:57.8362001Z       {
2026-10-05T12:04:57.8362214Z         "path": "generated/.agdf/control/templates/artefacts/BROWNFIELD_REVIEW.md",
2026-10-05T12:04:57.8362432Z         "size": 4977,
2026-10-05T12:04:57.8362558Z         "mode": 420
2026-10-05T12:04:57.8362677Z       },
2026-10-05T12:04:57.8362783Z       {
2026-10-05T12:04:57.8362956Z         "path": "generated/.agdf/control/templates/artefacts/OR.md",
2026-10-05T12:04:57.8363150Z         "size": 2685,
2026-10-05T12:04:57.8363274Z         "mode": 420
2026-10-05T12:04:57.8363515Z       },
2026-10-05T12:04:57.8363682Z       {
2026-10-05T12:04:57.8363954Z         "path": "generated/.agdf/control/templates/artefacts/PRD.md",
2026-10-05T12:04:57.8364149Z         "size": 3100,
2026-10-05T12:04:57.8364275Z         "mode": 420
2026-10-05T12:04:57.8364395Z       },
2026-10-05T12:04:57.8364504Z       {
2026-10-05T12:04:57.8364691Z         "path": "generated/.agdf/control/templates/artefacts/QA_REPORT.md",
2026-10-05T12:04:57.8364899Z         "size": 601,
2026-10-05T12:04:57.8365024Z         "mode": 420
2026-10-05T12:04:57.8365142Z       },
2026-10-05T12:04:57.8365384Z       {
2026-10-05T12:04:57.8365556Z         "path": "generated/.agdf/control/templates/artefacts/SD.md",
2026-10-05T12:04:57.8365746Z         "size": 2562,
2026-10-05T12:04:57.8365870Z         "mode": 420
2026-10-05T12:04:57.8365988Z       },
2026-10-05T12:04:57.8366096Z       {
2026-10-05T12:04:57.8366261Z         "path": "generated/.agdf/control/templates/artefacts/TP.md",
2026-10-05T12:04:57.8366454Z         "size": 1351,
2026-10-05T12:04:57.8366576Z         "mode": 420
2026-10-05T12:04:57.8366697Z       },
2026-10-05T12:04:57.8366806Z       {
2026-10-05T12:04:57.8366972Z         "path": "generated/.agdf/control/templates/artefacts/UR.md",
2026-10-05T12:04:57.8367158Z         "size": 845,
2026-10-05T12:04:57.8367282Z         "mode": 420
2026-10-05T12:04:57.8367398Z       },
2026-10-05T12:04:57.8367505Z       {
2026-10-05T12:04:57.8367713Z         "path": "generated/.agdf/control/templates/artefacts/UX_INTENT_DEFINITION.md",
2026-10-05T12:04:57.8367940Z         "size": 1196,
2026-10-05T12:04:57.8368067Z         "mode": 420
2026-10-05T12:04:57.8368186Z       },
2026-10-05T12:04:57.8368296Z       {
2026-10-05T12:04:57.8368697Z         "path": "generated/.agdf/control/templates/artefacts/VERIFIED_CHANGE.md",
2026-10-05T12:04:57.8368911Z         "size": 1716,
2026-10-05T12:04:57.8369038Z         "mode": 420
2026-10-05T12:04:57.8369157Z       },
2026-10-05T12:04:57.8369265Z       {
2026-10-05T12:04:57.8369441Z         "path": "generated/.agdf/control/templates/CONTEXT_GRAPH.md",
2026-10-05T12:04:57.8369633Z         "size": 1551,
2026-10-05T12:04:57.8369756Z         "mode": 420
2026-10-05T12:04:57.8369875Z       },
2026-10-05T12:04:57.8369985Z       {
2026-10-05T12:04:57.8370159Z         "path": "generated/.agdf/control/templates/MASTER_BACKLOG.md",
2026-10-05T12:04:57.8370353Z         "size": 3436,
2026-10-05T12:04:57.8370479Z         "mode": 420
2026-10-05T12:04:57.8370597Z       },
2026-10-05T12:04:57.8370704Z       {
2026-10-05T12:04:57.8370876Z         "path": "generated/.agdf/control/templates/RUN_STATE.md",
2026-10-05T12:04:57.8371068Z         "size": 2090,
2026-10-05T12:04:57.8371193Z         "mode": 420
2026-10-05T12:04:57.8371310Z       },
2026-10-05T12:04:57.8371420Z       {
2026-10-05T12:04:57.8371588Z         "path": "generated/.agdf/control/templates/SOT_REGISTRY.md",
2026-10-05T12:04:57.8371776Z         "size": 905,
2026-10-05T12:04:57.8371901Z         "mode": 420
2026-10-05T12:04:57.8372020Z       },
2026-10-05T12:04:57.8372128Z       {
2026-10-05T12:04:57.8372294Z         "path": "generated/.agents/plugins/marketplace.json",
2026-10-05T12:04:57.8372585Z         "size": 362,
2026-10-05T12:04:57.8372711Z         "mode": 420
2026-10-05T12:04:57.8372827Z       },
2026-10-05T12:04:57.8372937Z       {
2026-10-05T12:04:57.8373100Z         "path": "generated/.opencode/agdf-agent-router.md",
2026-10-05T12:04:57.8373281Z         "size": 12295,
2026-10-05T12:04:57.8373654Z         "mode": 420
2026-10-05T12:04:57.8373773Z       },
2026-10-05T12:04:57.8373880Z       {
2026-10-05T12:04:57.8374060Z         "path": "generated/.opencode/agdf-interaction-locales.json",
2026-10-05T12:04:57.8374257Z         "size": 153294,
2026-10-05T12:04:57.8374386Z         "mode": 420
2026-10-05T12:04:57.8374502Z       },
2026-10-05T12:04:57.8374611Z       {
2026-10-05T12:04:57.8374782Z         "path": "generated/.opencode/agdf-runtime-contract.md",
2026-10-05T12:04:57.8374968Z         "size": 1977,
2026-10-05T12:04:57.8375100Z         "mode": 420
2026-10-05T12:04:57.8375215Z       },
2026-10-05T12:04:57.8375321Z       {
2026-10-05T12:04:57.8375468Z         "path": "generated/.opencode/AGDF.md",
2026-10-05T12:04:57.8375634Z         "size": 1496,
2026-10-05T12:04:57.8375760Z         "mode": 420
2026-10-05T12:04:57.8375881Z       },
2026-10-05T12:04:57.8375991Z       {
2026-10-05T12:04:57.8376150Z         "path": "generated/.opencode/contracts/closeout.md",
2026-10-05T12:04:57.8376331Z         "size": 4196,
2026-10-05T12:04:57.8376456Z         "mode": 420
2026-10-05T12:04:57.8376573Z       },
2026-10-05T12:04:57.8376679Z       {
2026-10-05T12:04:57.8376958Z         "path": "generated/.opencode/contracts/context-graph.md",
2026-10-05T12:04:57.8377145Z         "size": 2512,
2026-10-05T12:04:57.8377269Z         "mode": 420
2026-10-05T12:04:57.8377386Z       },
2026-10-05T12:04:57.8377493Z       {
2026-10-05T12:04:57.8377663Z         "path": "generated/.opencode/contracts/control-scaffold.md",
2026-10-05T12:04:57.8377855Z         "size": 11537,
2026-10-05T12:04:57.8377983Z         "mode": 420
2026-10-05T12:04:57.8378099Z       },
2026-10-05T12:04:57.8378208Z       {
2026-10-05T12:04:57.8378407Z         "path": "generated/.opencode/contracts/gate-artifact-preparation.md",
2026-10-05T12:04:57.8378623Z         "size": 5731,
2026-10-05T12:04:57.8378749Z         "mode": 420
2026-10-05T12:04:57.8378869Z       },
2026-10-05T12:04:57.8378974Z       {
2026-10-05T12:04:57.8379146Z         "path": "generated/.opencode/contracts/gate-transition.md",
2026-10-05T12:04:57.8379337Z         "size": 17966,
2026-10-05T12:04:57.8379467Z         "mode": 420
2026-10-05T12:04:57.8379589Z       },
2026-10-05T12:04:57.8379698Z       {
2026-10-05T12:04:57.8379863Z         "path": "generated/.opencode/contracts/interaction.md",
2026-10-05T12:04:57.8380046Z         "size": 46599,
2026-10-05T12:04:57.8380171Z         "mode": 420
2026-10-05T12:04:57.8380290Z       },
2026-10-05T12:04:57.8380396Z       {
2026-10-05T12:04:57.8380555Z         "path": "generated/.opencode/contracts/modes.md",
2026-10-05T12:04:57.8380733Z         "size": 12906,
2026-10-05T12:04:57.8380863Z         "mode": 420
2026-10-05T12:04:57.8380982Z       },
2026-10-05T12:04:57.8381091Z       {
2026-10-05T12:04:57.8381266Z         "path": "generated/.opencode/contracts/prd-definition.md",
2026-10-05T12:04:57.8381453Z         "size": 5034,
2026-10-05T12:04:57.8381575Z         "mode": 420
2026-10-05T12:04:57.8381695Z       },
2026-10-05T12:04:57.8381803Z       {
2026-10-05T12:04:57.8381959Z         "path": "generated/.opencode/contracts/quality.md",
2026-10-05T12:04:57.8382139Z         "size": 8692,
2026-10-05T12:04:57.8382273Z         "mode": 420
2026-10-05T12:04:57.8382392Z       },
2026-10-05T12:04:57.8382503Z       {
2026-10-05T12:04:57.8382680Z         "path": "generated/.opencode/contracts/request-activation.md",
2026-10-05T12:04:57.8382874Z         "size": 18822,
2026-10-05T12:04:57.8382999Z         "mode": 420
2026-10-05T12:04:57.8383119Z       },
2026-10-05T12:04:57.8383225Z       {
2026-10-05T12:04:57.8383543Z         "path": "generated/.opencode/contracts/sd-definition.md",
2026-10-05T12:04:57.8383833Z         "size": 4617,
2026-10-05T12:04:57.8383957Z         "mode": 420
2026-10-05T12:04:57.8384073Z       },
2026-10-05T12:04:57.8384180Z       {
2026-10-05T12:04:57.8384365Z         "path": "generated/.opencode/contracts/task-target-resolution.md",
2026-10-05T12:04:57.8384568Z         "size": 8919,
2026-10-05T12:04:57.8384693Z         "mode": 420
2026-10-05T12:04:57.8384813Z       },
2026-10-05T12:04:57.8384920Z       {
2026-10-05T12:04:57.8385087Z         "path": "generated/.opencode/contracts/ur-definition.md",
2026-10-05T12:04:57.8385278Z         "size": 3139,
2026-10-05T12:04:57.8385401Z         "mode": 420
2026-10-05T12:04:57.8385518Z       },
2026-10-05T12:04:57.8385624Z       {
2026-10-05T12:04:57.8385768Z         "path": "generated/.opencode/README.md",
2026-10-05T12:04:57.8385932Z         "size": 1835,
2026-10-05T12:04:57.8386055Z         "mode": 420
2026-10-05T12:04:57.8386175Z       },
2026-10-05T12:04:57.8386284Z       {
2026-10-05T12:04:57.8386479Z         "path": "generated/.opencode/skills/agdf-brownfield-analysis/SKILL.md",
2026-10-05T12:04:57.8386702Z         "size": 15484,
2026-10-05T12:04:57.8386828Z         "mode": 420
2026-10-05T12:04:57.8386946Z       },
2026-10-05T12:04:57.8387056Z       {
2026-10-05T12:04:57.8387272Z         "path": "generated/.opencode/skills/agdf-clean-implementation-review/SKILL.md",
2026-10-05T12:04:57.8387507Z         "size": 7516,
2026-10-05T12:04:57.8387630Z         "mode": 420
2026-10-05T12:04:57.8387749Z       },
2026-10-05T12:04:57.8387856Z       {
2026-10-05T12:04:57.8388184Z         "path": "generated/.opencode/skills/agdf-code-review/SKILL.md",
2026-10-05T12:04:57.8388384Z         "size": 7615,
2026-10-05T12:04:57.8388507Z         "mode": 420
2026-10-05T12:04:57.8388624Z       },
2026-10-05T12:04:57.8388731Z       {
2026-10-05T12:04:57.8388925Z         "path": "generated/.opencode/skills/agdf-delivery-closeout/SKILL.md",
2026-10-05T12:04:57.8389134Z         "size": 7177,
2026-10-05T12:04:57.8389260Z         "mode": 420
2026-10-05T12:04:57.8389381Z       },
2026-10-05T12:04:57.8389489Z       {
2026-10-05T12:04:57.8389686Z         "path": "generated/.opencode/skills/agdf-delivery-path-search/SKILL.md",
2026-10-05T12:04:57.8389904Z         "size": 8015,
2026-10-05T12:04:57.8390028Z         "mode": 420
2026-10-05T12:04:57.8390146Z       },
2026-10-05T12:04:57.8390254Z       {
2026-10-05T12:04:57.8390430Z         "path": "generated/.opencode/skills/agdf-gate-check/SKILL.md",
2026-10-05T12:04:57.8390624Z         "size": 5506,
2026-10-05T12:04:57.8390747Z         "mode": 420
2026-10-05T12:04:57.8390871Z       },
2026-10-05T12:04:57.8390978Z       {
2026-10-05T12:04:57.8391160Z         "path": "generated/.opencode/skills/agdf-prd-definition/SKILL.md",
2026-10-05T12:04:57.8391363Z         "size": 3827,
2026-10-05T12:04:57.8391486Z         "mode": 420
2026-10-05T12:04:57.8391603Z       },
2026-10-05T12:04:57.8391714Z       {
2026-10-05T12:04:57.8391885Z         "path": "generated/.opencode/skills/agdf-qa-gate/SKILL.md",
2026-10-05T12:04:57.8392072Z         "size": 10610,
2026-10-05T12:04:57.8392201Z         "mode": 420
2026-10-05T12:04:57.8392322Z       },
2026-10-05T12:04:57.8392429Z       {
2026-10-05T12:04:57.8392600Z         "path": "generated/.opencode/skills/agdf-release-or/SKILL.md",
2026-10-05T12:04:57.8392795Z         "size": 10019,
2026-10-05T12:04:57.8392921Z         "mode": 420
2026-10-05T12:04:57.8393039Z       },
2026-10-05T12:04:57.8393149Z       {
2026-10-05T12:04:57.8393584Z         "path": "generated/.opencode/skills/agdf-sd-definition/SKILL.md",
2026-10-05T12:04:57.8393792Z         "size": 3732,
2026-10-05T12:04:57.8393918Z         "mode": 420
2026-10-05T12:04:57.8394056Z       },
2026-10-05T12:04:57.8394166Z       {
2026-10-05T12:04:57.8394355Z         "path": "generated/.opencode/skills/agdf-task-plan-review/SKILL.md",
2026-10-05T12:04:57.8394561Z         "size": 8267,
2026-10-05T12:04:57.8394690Z         "mode": 420
2026-10-05T12:04:57.8394806Z       },
2026-10-05T12:04:57.8394912Z       {
2026-10-05T12:04:57.8395093Z         "path": "generated/.opencode/skills/agdf-ur-definition/SKILL.md",
2026-10-05T12:04:57.8395397Z         "size": 3710,
2026-10-05T12:04:57.8395519Z         "mode": 420
2026-10-05T12:04:57.8395635Z       },
2026-10-05T12:04:57.8395745Z       {
2026-10-05T12:04:57.8395938Z         "path": "generated/.opencode/skills/agdf-ux-intent-definition/SKILL.md",
2026-10-05T12:04:57.8396151Z         "size": 7296,
2026-10-05T12:04:57.8396278Z         "mode": 420
2026-10-05T12:04:57.8396396Z       },
2026-10-05T12:04:57.8396504Z       {
2026-10-05T12:04:57.8396645Z         "path": "generated/opencode.json",
2026-10-05T12:04:57.8396800Z         "size": 268,
2026-10-05T12:04:57.8396926Z         "mode": 420
2026-10-05T12:04:57.8397042Z       },
2026-10-05T12:04:57.8397152Z       {
2026-10-05T12:04:57.8397323Z         "path": "generated/plugins/agdf/.claude-plugin/plugin.json",
2026-10-05T12:04:57.8397515Z         "size": 1090,
2026-10-05T12:04:57.8397643Z         "mode": 420
2026-10-05T12:04:57.8397759Z       },
2026-10-05T12:04:57.8397867Z       {
2026-10-05T12:04:57.8398043Z         "path": "generated/plugins/agdf/.codex-plugin/plugin.json",
2026-10-05T12:04:57.8398232Z         "size": 2020,
2026-10-05T12:04:57.8398356Z         "mode": 420
2026-10-05T12:04:57.8398476Z       },
2026-10-05T12:04:57.8398582Z       {
2026-10-05T12:04:57.8398746Z         "path": "generated/plugins/agdf/assets/agdf-icon.svg",
2026-10-05T12:04:57.8398932Z         "size": 924,
2026-10-05T12:04:57.8399059Z         "mode": 420
2026-10-05T12:04:57.8399175Z       },
2026-10-05T12:04:57.8399377Z       {
2026-10-05T12:04:57.8399543Z         "path": "generated/plugins/agdf/assets/agdf-logo.svg",
2026-10-05T12:04:57.8399725Z         "size": 962,
2026-10-05T12:04:57.8399849Z         "mode": 420
2026-10-05T12:04:57.8399968Z       },
2026-10-05T12:04:57.8400076Z       {
2026-10-05T12:04:57.8400234Z         "path": "generated/plugins/agdf/control/README.md",
2026-10-05T12:04:57.8400410Z         "size": 7277,
2026-10-05T12:04:57.8400538Z         "mode": 420
2026-10-05T12:04:57.8400654Z       },
2026-10-05T12:04:57.8400766Z       {
2026-10-05T12:04:57.8400946Z         "path": "generated/plugins/agdf/control/templates/AGDF_RUN.md",
2026-10-05T12:04:57.8401144Z         "size": 4174,
2026-10-05T12:04:57.8401267Z         "mode": 420
2026-10-05T12:04:57.8401386Z       },
2026-10-05T12:04:57.8401493Z       {
2026-10-05T12:04:57.8401706Z         "path": "generated/plugins/agdf/control/templates/AGENT_QUALITY_CONTRACTS.json",
2026-10-05T12:04:57.8401936Z         "size": 5289,
2026-10-05T12:04:57.8402069Z         "mode": 420
2026-10-05T12:04:57.8402188Z       },
2026-10-05T12:04:57.8402295Z       {
2026-10-05T12:04:57.8402518Z         "path": "generated/plugins/agdf/control/templates/artefacts/BROWNFIELD_REVIEW.md",
2026-10-05T12:04:57.8402750Z         "size": 4977,
2026-10-05T12:04:57.8402876Z         "mode": 420
2026-10-05T12:04:57.8402995Z       },
2026-10-05T12:04:57.8403104Z       {
2026-10-05T12:04:57.8403288Z         "path": "generated/plugins/agdf/control/templates/artefacts/OR.md",
2026-10-05T12:04:57.8403623Z         "size": 2685,
2026-10-05T12:04:57.8403747Z         "mode": 420
2026-10-05T12:04:57.8403865Z       },
2026-10-05T12:04:57.8403974Z       {
2026-10-05T12:04:57.8404164Z         "path": "generated/plugins/agdf/control/templates/artefacts/PRD.md",
2026-10-05T12:04:57.8404370Z         "size": 3100,
2026-10-05T12:04:57.8404494Z         "mode": 420
2026-10-05T12:04:57.8404613Z       },
2026-10-05T12:04:57.8404718Z       {
2026-10-05T12:04:57.8404921Z         "path": "generated/plugins/agdf/control/templates/artefacts/QA_REPORT.md",
2026-10-05T12:04:57.8405140Z         "size": 601,
2026-10-05T12:04:57.8405265Z         "mode": 420
2026-10-05T12:04:57.8405382Z       },
2026-10-05T12:04:57.8405489Z       {
2026-10-05T12:04:57.8405675Z         "path": "generated/plugins/agdf/control/templates/artefacts/SD.md",
2026-10-05T12:04:57.8405878Z         "size": 2562,
2026-10-05T12:04:57.8406002Z         "mode": 420
2026-10-05T12:04:57.8406121Z       },
2026-10-05T12:04:57.8406227Z       {
2026-10-05T12:04:57.8406512Z         "path": "generated/plugins/agdf/control/templates/artefacts/TP.md",
2026-10-05T12:04:57.8406716Z         "size": 1351,
2026-10-05T12:04:57.8406839Z         "mode": 420
2026-10-05T12:04:57.8406956Z       },
2026-10-05T12:04:57.8407063Z       {
2026-10-05T12:04:57.8407338Z         "path": "generated/plugins/agdf/control/templates/artefacts/UR.md",
2026-10-05T12:04:57.8407586Z         "size": 845,
2026-10-05T12:04:57.8407710Z         "mode": 420
2026-10-05T12:04:57.8407831Z       },
2026-10-05T12:04:57.8407941Z       {
2026-10-05T12:04:57.8408165Z         "path": "generated/plugins/agdf/control/templates/artefacts/UX_INTENT_DEFINITION.md",
2026-10-05T12:04:57.8408406Z         "size": 1196,
2026-10-05T12:04:57.8408529Z         "mode": 420
2026-10-05T12:04:57.8408645Z       },
2026-10-05T12:04:57.8408754Z       {
2026-10-05T12:04:57.8408963Z         "path": "generated/plugins/agdf/control/templates/artefacts/VERIFIED_CHANGE.md",
2026-10-05T12:04:57.8409192Z         "size": 1716,
2026-10-05T12:04:57.8409318Z         "mode": 420
2026-10-05T12:04:57.8409440Z       },
2026-10-05T12:04:57.8409546Z       {
2026-10-05T12:04:57.8409734Z         "path": "generated/plugins/agdf/control/templates/CONTEXT_GRAPH.md",
2026-10-05T12:04:57.8409941Z         "size": 1551,
2026-10-05T12:04:57.8410064Z         "mode": 420
2026-10-05T12:04:57.8410182Z       },
2026-10-05T12:04:57.8410290Z       {
2026-10-05T12:04:57.8410479Z         "path": "generated/plugins/agdf/control/templates/MASTER_BACKLOG.md",
2026-10-05T12:04:57.8410783Z         "size": 3436,
2026-10-05T12:04:57.8410911Z         "mode": 420
2026-10-05T12:04:57.8411028Z       },
2026-10-05T12:04:57.8411136Z       {
2026-10-05T12:04:57.8411311Z         "path": "generated/plugins/agdf/control/templates/RUN_STATE.md",
2026-10-05T12:04:57.8411511Z         "size": 2090,
2026-10-05T12:04:57.8411634Z         "mode": 420
2026-10-05T12:04:57.8411750Z       },
2026-10-05T12:04:57.8411858Z       {
2026-10-05T12:04:57.8412043Z         "path": "generated/plugins/agdf/control/templates/SOT_REGISTRY.md",
2026-10-05T12:04:57.8412247Z         "size": 905,
2026-10-05T12:04:57.8412373Z         "mode": 420
2026-10-05T12:04:57.8412491Z       },
2026-10-05T12:04:57.8412599Z       {
2026-10-05T12:04:57.8412754Z         "path": "generated/plugins/agdf/hooks/hooks.json",
2026-10-05T12:04:57.8412936Z         "size": 680,
2026-10-05T12:04:57.8413062Z         "mode": 420
2026-10-05T12:04:57.8413178Z       },
2026-10-05T12:04:57.8413288Z       {
2026-10-05T12:04:57.8413620Z         "path": "generated/plugins/agdf/hooks/session-start.sh",
2026-10-05T12:04:57.8413810Z         "size": 400,
2026-10-05T12:04:57.8414031Z         "mode": 420
2026-10-05T12:04:57.8414154Z       },
2026-10-05T12:04:57.8414261Z       {
2026-10-05T12:04:57.8414404Z         "path": "generated/plugins/agdf/LICENSE",
2026-10-05T12:04:57.8414576Z         "size": 11357,
2026-10-05T12:04:57.8414703Z         "mode": 420
2026-10-05T12:04:57.8414820Z       },
2026-10-05T12:04:57.8414929Z       {
2026-10-05T12:04:57.8415126Z         "path": "generated/plugins/agdf/mcp.json",
2026-10-05T12:04:57.8415334Z         "size": 329,
2026-10-05T12:04:57.8415458Z         "mode": 420
2026-10-05T12:04:57.8415575Z       },
2026-10-05T12:04:57.8415683Z       {
2026-10-05T12:04:57.8415852Z         "path": "generated/plugins/agdf/mcp/agdf-mcp-launch.js",
2026-10-05T12:04:57.8416118Z         "size": 314,
2026-10-05T12:04:57.8416240Z         "mode": 420
2026-10-05T12:04:57.8416358Z       },
2026-10-05T12:04:57.8416465Z       {
2026-10-05T12:04:57.8416629Z         "path": "generated/plugins/agdf/mcp/claude.mcp.json",
2026-10-05T12:04:57.8416888Z         "size": 173,
2026-10-05T12:04:57.8417014Z         "mode": 420
2026-10-05T12:04:57.8417130Z       },
2026-10-05T12:04:57.8417242Z       {
2026-10-05T12:04:57.8417419Z         "path": "generated/plugins/agdf/mcp/sdk/expected-sdk.json",
2026-10-05T12:04:57.8417683Z         "size": 709,
2026-10-05T12:04:57.8417811Z         "mode": 420
2026-10-05T12:04:57.8417929Z       },
2026-10-05T12:04:57.8418044Z       {
2026-10-05T12:04:57.8418398Z         "path": "generated/plugins/agdf/mcp/sdk/package-lock.json",
2026-10-05T12:04:57.8418591Z         "size": 1485,
2026-10-05T12:04:57.8418724Z         "mode": 420
2026-10-05T12:04:57.8418842Z       },
2026-10-05T12:04:57.8418949Z       {
2026-10-05T12:04:57.8419179Z         "path": "generated/plugins/agdf/mcp/sdk/package.json",
2026-10-05T12:04:57.8419364Z         "size": 124,
2026-10-05T12:04:57.8419487Z         "mode": 420
2026-10-05T12:04:57.8419605Z       },
2026-10-05T12:04:57.8419715Z       {
2026-10-05T12:04:57.8419958Z         "path": "generated/plugins/agdf/mcp/server/bin/agdf-mcp.js",
2026-10-05T12:04:57.8420151Z         "size": 659,
2026-10-05T12:04:57.8420279Z         "mode": 493
2026-10-05T12:04:57.8420396Z       },
2026-10-05T12:04:57.8420501Z       {
2026-10-05T12:04:57.8420746Z         "path": "generated/plugins/agdf/mcp/server/NOTICE",
2026-10-05T12:04:57.8420929Z         "size": 521,
2026-10-05T12:04:57.8421051Z         "mode": 420
2026-10-05T12:04:57.8421172Z       },
2026-10-05T12:04:57.8421281Z       {
2026-10-05T12:04:57.8421520Z         "path": "generated/plugins/agdf/mcp/server/package.json",
2026-10-05T12:04:57.8421711Z         "size": 1747,
2026-10-05T12:04:57.8421838Z         "mode": 420
2026-10-05T12:04:57.8421956Z       },
2026-10-05T12:04:57.8422063Z       {
2026-10-05T12:04:57.8422295Z         "path": "generated/plugins/agdf/mcp/server/README.md",
2026-10-05T12:04:57.8422482Z         "size": 2391,
2026-10-05T12:04:57.8422608Z         "mode": 420
2026-10-05T12:04:57.8422820Z       },
2026-10-05T12:04:57.8422989Z       {
2026-10-05T12:04:57.8423155Z         "path": "generated/plugins/agdf/mcp/server/src/main.js",
2026-10-05T12:04:57.8423337Z         "size": 1210,
2026-10-05T12:04:57.8423649Z         "mode": 420
2026-10-05T12:04:57.8423767Z       },
2026-10-05T12:04:57.8423874Z       {
2026-10-05T12:04:57.8424042Z         "path": "generated/plugins/agdf/mcp/server/src/server.js",
2026-10-05T12:04:57.8424277Z         "size": 3144,
2026-10-05T12:04:57.8424430Z         "mode": 420
2026-10-05T12:04:57.8424549Z       },
2026-10-05T12:04:57.8424659Z       {
2026-10-05T12:04:57.8424834Z         "path": "generated/plugins/agdf/mcp/server/src/worker-entry.js",
2026-10-05T12:04:57.8425085Z         "size": 964,
2026-10-05T12:04:57.8425223Z         "mode": 420
2026-10-05T12:04:57.8425341Z       },
2026-10-05T12:04:57.8425448Z       {
2026-10-05T12:04:57.8425615Z         "path": "generated/plugins/agdf/mcp/server/src/worker.js",
2026-10-05T12:04:57.8425855Z         "size": 2610,
2026-10-05T12:04:57.8425999Z         "mode": 420
2026-10-05T12:04:57.8426116Z       },
2026-10-05T12:04:57.8426225Z       {
2026-10-05T12:04:57.8426398Z         "path": "generated/plugins/agdf/meta/agdf-agent-router.md",
2026-10-05T12:04:57.8426647Z         "size": 12317,
2026-10-05T12:04:57.8426788Z         "mode": 420
2026-10-05T12:04:57.8426905Z       },
2026-10-05T12:04:57.8427010Z       {
2026-10-05T12:04:57.8427180Z         "path": "generated/plugins/agdf/meta/agdf-constitution.md",
2026-10-05T12:04:57.8427428Z         "size": 8709,
2026-10-05T12:04:57.8427563Z         "mode": 420
2026-10-05T12:04:57.8427678Z       },
2026-10-05T12:04:57.8427787Z       {
2026-10-05T12:04:57.8427977Z         "path": "generated/plugins/agdf/meta/agdf-interaction-locales.json",
2026-10-05T12:04:57.8428253Z         "size": 153294,
2026-10-05T12:04:57.8428384Z         "mode": 420
2026-10-05T12:04:57.8428503Z       },
2026-10-05T12:04:57.8428608Z       {
2026-10-05T12:04:57.8428793Z         "path": "generated/plugins/agdf/meta/agdf-mcp-capability.json",
2026-10-05T12:04:57.8429058Z         "size": 3972,
2026-10-05T12:04:57.8429183Z         "mode": 420
2026-10-05T12:04:57.8429299Z       },
2026-10-05T12:04:57.8429410Z       {
2026-10-05T12:04:57.8429594Z         "path": "generated/plugins/agdf/meta/agdf-plugin.definition.json",
2026-10-05T12:04:57.8429872Z         "size": 18450,
2026-10-05T12:04:57.8430002Z         "mode": 420
2026-10-05T12:04:57.8430118Z       },
2026-10-05T12:04:57.8430226Z       {
2026-10-05T12:04:57.8430575Z         "path": "generated/plugins/agdf/meta/agdf-runtime-contract.md",
2026-10-05T12:04:57.8430773Z         "size": 1977,
2026-10-05T12:04:57.8430896Z         "mode": 420
2026-10-05T12:04:57.8431014Z       },
2026-10-05T12:04:57.8431125Z       {
2026-10-05T12:04:57.8431353Z         "path": "generated/plugins/agdf/meta/agdf-tenets.md",
2026-10-05T12:04:57.8431535Z         "size": 8945,
2026-10-05T12:04:57.8431661Z         "mode": 420
2026-10-05T12:04:57.8431777Z       },
2026-10-05T12:04:57.8431884Z       {
2026-10-05T12:04:57.8432150Z         "path": "generated/plugins/agdf/meta/agent-skills-conformance.json",
2026-10-05T12:04:57.8432360Z         "size": 1867,
2026-10-05T12:04:57.8432481Z         "mode": 420
2026-10-05T12:04:57.8432600Z       },
2026-10-05T12:04:57.8432706Z       {
2026-10-05T12:04:57.8432943Z         "path": "generated/plugins/agdf/meta/contracts/closeout.md",
2026-10-05T12:04:57.8433134Z         "size": 4196,
2026-10-05T12:04:57.8433262Z         "mode": 420
2026-10-05T12:04:57.8433533Z       },
2026-10-05T12:04:57.8433643Z       {
2026-10-05T12:04:57.8433827Z         "path": "generated/plugins/agdf/meta/contracts/context-graph.md",
2026-10-05T12:04:57.8434027Z         "size": 2512,
2026-10-05T12:04:57.8434152Z         "mode": 420
2026-10-05T12:04:57.8434340Z       },
2026-10-05T12:04:57.8434449Z       {
2026-10-05T12:04:57.8434637Z         "path": "generated/plugins/agdf/meta/contracts/control-scaffold.md",
2026-10-05T12:04:57.8434842Z         "size": 11537,
2026-10-05T12:04:57.8435116Z         "mode": 420
2026-10-05T12:04:57.8435237Z       },
2026-10-05T12:04:57.8435344Z       {
2026-10-05T12:04:57.8435559Z         "path": "generated/plugins/agdf/meta/contracts/gate-artifact-preparation.md",
2026-10-05T12:04:57.8435844Z         "size": 5731,
2026-10-05T12:04:57.8435977Z         "mode": 420
2026-10-05T12:04:57.8436096Z       },
2026-10-05T12:04:57.8436203Z       {
2026-10-05T12:04:57.8436387Z         "path": "generated/plugins/agdf/meta/contracts/gate-transition.md",
2026-10-05T12:04:57.8436668Z         "size": 17966,
2026-10-05T12:04:57.8436798Z         "mode": 420
2026-10-05T12:04:57.8436915Z       },
2026-10-05T12:04:57.8437024Z       {
2026-10-05T12:04:57.8437203Z         "path": "generated/plugins/agdf/meta/contracts/interaction.md",
2026-10-05T12:04:57.8437471Z         "size": 46617,
2026-10-05T12:04:57.8437599Z         "mode": 420
2026-10-05T12:04:57.8437719Z       },
2026-10-05T12:04:57.8437825Z       {
2026-10-05T12:04:57.8437997Z         "path": "generated/plugins/agdf/meta/contracts/modes.md",
2026-10-05T12:04:57.8438251Z         "size": 12906,
2026-10-05T12:04:57.8438377Z         "mode": 420
2026-10-05T12:04:57.8438494Z       },
2026-10-05T12:04:57.8438601Z       {
2026-10-05T12:04:57.8438788Z         "path": "generated/plugins/agdf/meta/contracts/prd-definition.md",
2026-10-05T12:04:57.8439063Z         "size": 5034,
2026-10-05T12:04:57.8439188Z         "mode": 420
2026-10-05T12:04:57.8439308Z       },
2026-10-05T12:04:57.8439414Z       {
2026-10-05T12:04:57.8439590Z         "path": "generated/plugins/agdf/meta/contracts/quality.md",
2026-10-05T12:04:57.8439858Z         "size": 8692,
2026-10-05T12:04:57.8439983Z         "mode": 420
2026-10-05T12:04:57.8440098Z       },
2026-10-05T12:04:57.8440205Z       {
2026-10-05T12:04:57.8440406Z         "path": "generated/plugins/agdf/meta/contracts/request-activation.md",
2026-10-05T12:04:57.8440686Z         "size": 18822,
2026-10-05T12:04:57.8440812Z         "mode": 420
2026-10-05T12:04:57.8440933Z       },
2026-10-05T12:04:57.8441040Z       {
2026-10-05T12:04:57.8441266Z         "path": "generated/plugins/agdf/meta/contracts/sd-definition.md",
2026-10-05T12:04:57.8441489Z         "size": 4617,
2026-10-05T12:04:57.8441615Z         "mode": 420
2026-10-05T12:04:57.8441764Z       },
2026-10-05T12:04:57.8441920Z       {
2026-10-05T12:04:57.8442235Z         "path": "generated/plugins/agdf/meta/contracts/task-target-resolution.md",
2026-10-05T12:04:57.8442476Z         "size": 8919,
2026-10-05T12:04:57.8442648Z         "mode": 420
2026-10-05T12:04:57.8442907Z       },
2026-10-05T12:04:57.8443032Z       {
2026-10-05T12:04:57.8443210Z         "path": "generated/plugins/agdf/meta/contracts/ur-definition.md",
2026-10-05T12:04:57.8443543Z         "size": 3139,
2026-10-05T12:04:57.8452670Z         "mode": 420
2026-10-05T12:04:57.8452807Z       },
2026-10-05T12:04:57.8452980Z       {
2026-10-05T12:04:57.8453192Z         "path": "generated/plugins/agdf/meta/copilot-payload-baseline.json",
2026-10-05T12:04:57.8453556Z         "size": 276,
2026-10-05T12:04:57.8453692Z         "mode": 420
2026-10-05T12:04:57.8453817Z       },
2026-10-05T12:04:57.8453926Z       {
2026-10-05T12:04:57.8454132Z         "path": "generated/plugins/agdf/meta/distribution-profile-history.json",
2026-10-05T12:04:57.8454360Z         "size": 4398,
2026-10-05T12:04:57.8454554Z         "mode": 420
2026-10-05T12:04:57.8454677Z       },
2026-10-05T12:04:57.8454787Z       {
2026-10-05T12:04:57.8455012Z         "path": "generated/plugins/agdf/meta/schemas/agent-plugins/1.0.0/mcp.schema.json",
2026-10-05T12:04:57.8455256Z         "size": 3408,
2026-10-05T12:04:57.8455386Z         "mode": 420
2026-10-05T12:04:57.8455508Z       },
2026-10-05T12:04:57.8455617Z       {
2026-10-05T12:04:57.8455913Z         "path": "generated/plugins/agdf/meta/schemas/agent-plugins/1.0.0/plugin.schema.json",
2026-10-05T12:04:57.8456158Z         "size": 1805,
2026-10-05T12:04:57.8456289Z         "mode": 420
2026-10-05T12:04:57.8456410Z       },
2026-10-05T12:04:57.8456524Z       {
2026-10-05T12:04:57.8456869Z         "path": "generated/plugins/agdf/meta/schemas/agent-plugins/1.0.0/provenance.json",
2026-10-05T12:04:57.8457104Z         "size": 539,
2026-10-05T12:04:57.8457232Z         "mode": 420
2026-10-05T12:04:57.8457347Z       },
2026-10-05T12:04:57.8457451Z       {
2026-10-05T12:04:57.8457601Z         "path": "generated/plugins/agdf/plugin.json",
2026-10-05T12:04:57.8457767Z         "size": 526,
2026-10-05T12:04:57.8457886Z         "mode": 420
2026-10-05T12:04:57.8458061Z       },
2026-10-05T12:04:57.8458178Z       {
2026-10-05T12:04:57.8458345Z         "path": "generated/plugins/agdf/runtime/agdf-local.js",
2026-10-05T12:04:57.8458529Z         "size": 843,
2026-10-05T12:04:57.8458650Z         "mode": 420
2026-10-05T12:04:57.8458764Z       },
2026-10-05T12:04:57.8458867Z       {
2026-10-05T12:04:57.8459044Z         "path": "generated/plugins/agdf/runtime/agdf-session-check.js",
2026-10-05T12:04:57.8459238Z         "size": 9303,
2026-10-05T12:04:57.8459359Z         "mode": 420
2026-10-05T12:04:57.8459475Z       },
2026-10-05T12:04:57.8459585Z       {
2026-10-05T12:04:57.8459790Z         "path": "generated/plugins/agdf/runtime/create-agdf/bin/agdf-validator.js",
2026-10-05T12:04:57.8460009Z         "size": 323,
2026-10-05T12:04:57.8460132Z         "mode": 420
2026-10-05T12:04:57.8460250Z       },
2026-10-05T12:04:57.8460356Z       {
2026-10-05T12:04:57.8460643Z         "path": "generated/plugins/agdf/runtime/create-agdf/generated/plugins/agdf/meta/agdf-interaction-locales.json",
2026-10-05T12:04:57.8460939Z         "size": 153294,
2026-10-05T12:04:57.8461070Z         "mode": 420
2026-10-05T12:04:57.8461189Z       },
2026-10-05T12:04:57.8461296Z       {
2026-10-05T12:04:57.8461571Z         "path": "generated/plugins/agdf/runtime/create-agdf/generated/plugins/agdf/meta/agdf-plugin.definition.json",
2026-10-05T12:04:57.8461927Z         "size": 18450,
2026-10-05T12:04:57.8462054Z         "mode": 420
2026-10-05T12:04:57.8462171Z       },
2026-10-05T12:04:57.8462280Z       {
2026-10-05T12:04:57.8462543Z         "path": "generated/plugins/agdf/runtime/create-agdf/generated/plugins/agdf/meta/contracts/closeout.md",
2026-10-05T12:04:57.8462811Z         "size": 4196,
2026-10-05T12:04:57.8462938Z         "mode": 420
2026-10-05T12:04:57.8463053Z       },
2026-10-05T12:04:57.8463159Z       {
2026-10-05T12:04:57.8463565Z         "path": "generated/plugins/agdf/runtime/create-agdf/generated/plugins/agdf/meta/contracts/context-graph.md",
2026-10-05T12:04:57.8463846Z         "size": 2512,
2026-10-05T12:04:57.8463968Z         "mode": 420
2026-10-05T12:04:57.8464182Z       },
2026-10-05T12:04:57.8464289Z       {
2026-10-05T12:04:57.8464566Z         "path": "generated/plugins/agdf/runtime/create-agdf/generated/plugins/agdf/meta/contracts/control-scaffold.md",
2026-10-05T12:04:57.8464850Z         "size": 11537,
2026-10-05T12:04:57.8464979Z         "mode": 420
2026-10-05T12:04:57.8465095Z       },
2026-10-05T12:04:57.8465200Z       {
2026-10-05T12:04:57.8465501Z         "path": "generated/plugins/agdf/runtime/create-agdf/generated/plugins/agdf/meta/contracts/gate-artifact-preparation.md",
2026-10-05T12:04:57.8465804Z         "size": 5731,
2026-10-05T12:04:57.8465927Z         "mode": 420
2026-10-05T12:04:57.8466046Z       },
2026-10-05T12:04:57.8466152Z       {
2026-10-05T12:04:57.8466425Z         "path": "generated/plugins/agdf/runtime/create-agdf/generated/plugins/agdf/meta/contracts/gate-transition.md",
2026-10-05T12:04:57.8466714Z         "size": 17966,
2026-10-05T12:04:57.8466839Z         "mode": 420
2026-10-05T12:04:57.8466955Z       },
2026-10-05T12:04:57.8467067Z       {
2026-10-05T12:04:57.8467333Z         "path": "generated/plugins/agdf/runtime/create-agdf/generated/plugins/agdf/meta/contracts/interaction.md",
2026-10-05T12:04:57.8467606Z         "size": 46617,
2026-10-05T12:04:57.8467736Z         "mode": 420
2026-10-05T12:04:57.8467855Z       },
2026-10-05T12:04:57.8467960Z       {
2026-10-05T12:04:57.8468210Z         "path": "generated/plugins/agdf/runtime/create-agdf/generated/plugins/agdf/meta/contracts/modes.md",
2026-10-05T12:04:57.8468563Z         "size": 12906,
2026-10-05T12:04:57.8468690Z         "mode": 420
2026-10-05T12:04:57.8468876Z       },
2026-10-05T12:04:57.8468987Z       {
2026-10-05T12:04:57.8469256Z         "path": "generated/plugins/agdf/runtime/create-agdf/generated/plugins/agdf/meta/contracts/prd-definition.md",
2026-10-05T12:04:57.8469536Z         "size": 5034,
2026-10-05T12:04:57.8469661Z         "mode": 420
2026-10-05T12:04:57.8469780Z       },
2026-10-05T12:04:57.8469888Z       {
2026-10-05T12:04:57.8470146Z         "path": "generated/plugins/agdf/runtime/create-agdf/generated/plugins/agdf/meta/contracts/quality.md",
2026-10-05T12:04:57.8470418Z         "size": 8692,
2026-10-05T12:04:57.8470542Z         "mode": 420
2026-10-05T12:04:57.8470658Z       },
2026-10-05T12:04:57.8470765Z       {
2026-10-05T12:04:57.8471047Z         "path": "generated/plugins/agdf/runtime/create-agdf/generated/plugins/agdf/meta/contracts/request-activation.md",
2026-10-05T12:04:57.8471333Z         "size": 18822,
2026-10-05T12:04:57.8471464Z         "mode": 420
2026-10-05T12:04:57.8471589Z       },
2026-10-05T12:04:57.8471694Z       {
2026-10-05T12:04:57.8471964Z         "path": "generated/plugins/agdf/runtime/create-agdf/generated/plugins/agdf/meta/contracts/sd-definition.md",
2026-10-05T12:04:57.8472239Z         "size": 4617,
2026-10-05T12:04:57.8472363Z         "mode": 420
2026-10-05T12:04:57.8472478Z       },
2026-10-05T12:04:57.8472587Z       {
2026-10-05T12:04:57.8472876Z         "path": "generated/plugins/agdf/runtime/create-agdf/generated/plugins/agdf/meta/contracts/task-target-resolution.md",
2026-10-05T12:04:57.8473173Z         "size": 8919,
2026-10-05T12:04:57.8473300Z         "mode": 420
2026-10-05T12:04:57.8473524Z       },
2026-10-05T12:04:57.8473633Z       {
2026-10-05T12:04:57.8473903Z         "path": "generated/plugins/agdf/runtime/create-agdf/generated/plugins/agdf/meta/contracts/ur-definition.md",
2026-10-05T12:04:57.8474181Z         "size": 3139,
2026-10-05T12:04:57.8474305Z         "mode": 420
2026-10-05T12:04:57.8474423Z       },
2026-10-05T12:04:57.8474532Z       {
2026-10-05T12:04:57.8474743Z         "path": "generated/plugins/agdf/runtime/create-agdf/lib/cli/command-registry.js",
2026-10-05T12:04:57.8474976Z         "size": 25352,
2026-10-05T12:04:57.8475100Z         "mode": 420
2026-10-05T12:04:57.8475219Z       },
2026-10-05T12:04:57.8475323Z       {
2026-10-05T12:04:57.8475532Z         "path": "generated/plugins/agdf/runtime/create-agdf/lib/cli/contract-command.js",
2026-10-05T12:04:57.8475763Z         "size": 1796,
2026-10-05T12:04:57.8475984Z         "mode": 420
2026-10-05T12:04:57.8476103Z       },
2026-10-05T12:04:57.8476209Z       {
2026-10-05T12:04:57.8476451Z         "path": "generated/plugins/agdf/runtime/create-agdf/lib/cli/control-maintenance-command.js",
2026-10-05T12:04:57.8476708Z         "size": 2514,
2026-10-05T12:04:57.8476831Z         "mode": 420
2026-10-05T12:04:57.8476946Z       },
2026-10-05T12:04:57.8477051Z       {
2026-10-05T12:04:57.8477299Z         "path": "generated/plugins/agdf/runtime/create-agdf/lib/cli/delivery-path-search-command.js",
2026-10-05T12:04:57.8477555Z         "size": 9065,
2026-10-05T12:04:57.8477677Z         "mode": 420
2026-10-05T12:04:57.8477795Z       },
2026-10-05T12:04:57.8477899Z       {
2026-10-05T12:04:57.8478100Z         "path": "generated/plugins/agdf/runtime/create-agdf/lib/cli/parse-args.js",
2026-10-05T12:04:57.8478318Z         "size": 13953,
2026-10-05T12:04:57.8478443Z         "mode": 420
2026-10-05T12:04:57.8478560Z       },
2026-10-05T12:04:57.8478667Z       {
2026-10-05T12:04:57.8478881Z         "path": "generated/plugins/agdf/runtime/create-agdf/lib/cli/runtime-context.js",
2026-10-05T12:04:57.8479109Z         "size": 2217,
2026-10-05T12:04:57.8479234Z         "mode": 420
2026-10-05T12:04:57.8479352Z       },
2026-10-05T12:04:57.8479457Z       {
2026-10-05T12:04:57.8479676Z         "path": "generated/plugins/agdf/runtime/create-agdf/lib/cli/validation-handlers.js",
2026-10-05T12:04:57.8479915Z         "size": 11734,
2026-10-05T12:04:57.8480039Z         "mode": 420
2026-10-05T12:04:57.8480277Z       },
2026-10-05T12:04:57.8480388Z       {
2026-10-05T12:04:57.8480588Z         "path": "generated/plugins/agdf/runtime/create-agdf/lib/control-command.js",
2026-10-05T12:04:57.8480806Z         "size": 413,
2026-10-05T12:04:57.8480936Z         "mode": 420
2026-10-05T12:04:57.8481052Z       },
2026-10-05T12:04:57.8481160Z       {
2026-10-05T12:04:57.8481408Z         "path": "generated/plugins/agdf/runtime/create-agdf/lib/control-evaluation/git-observation.js",
2026-10-05T12:04:57.8481672Z         "size": 641,
2026-10-05T12:04:57.8481797Z         "mode": 420
2026-10-05T12:04:57.8481916Z       },
2026-10-05T12:04:57.8482027Z       {
2026-10-05T12:04:57.8482349Z         "path": "generated/plugins/agdf/runtime/create-agdf/lib/control-maintenance/interaction.js",
2026-10-05T12:04:57.8482603Z         "size": 1279,
2026-10-05T12:04:57.8482727Z         "mode": 420
2026-10-05T12:04:57.8482845Z       },
2026-10-05T12:04:57.8482953Z       {
2026-10-05T12:04:57.8483186Z         "path": "generated/plugins/agdf/runtime/create-agdf/lib/control-maintenance/repair.js",
2026-10-05T12:04:57.8483567Z         "size": 421,
2026-10-05T12:04:57.8483691Z         "mode": 420
2026-10-05T12:04:57.8483813Z       },
2026-10-05T12:04:57.8483921Z       {
2026-10-05T12:04:57.8484150Z         "path": "generated/plugins/agdf/runtime/create-agdf/lib/control-maintenance/service.js",
2026-10-05T12:04:57.8484397Z         "size": 264,
2026-10-05T12:04:57.8484521Z         "mode": 420
2026-10-05T12:04:57.8484636Z       },
2026-10-05T12:04:57.8484748Z       {
2026-10-05T12:04:57.8484974Z         "path": "generated/plugins/agdf/runtime/create-agdf/lib/control-maintenance/startup.js",
2026-10-05T12:04:57.8485215Z         "size": 1683,
2026-10-05T12:04:57.8485340Z         "mode": 420
2026-10-05T12:04:57.8485458Z       },
2026-10-05T12:04:57.8485564Z       {
2026-10-05T12:04:57.8485788Z         "path": "generated/plugins/agdf/runtime/create-agdf/lib/control-state/run-recovery.js",
2026-10-05T12:04:57.8486032Z         "size": 526,
2026-10-05T12:04:57.8486156Z         "mode": 420
2026-10-05T12:04:57.8486274Z       },
2026-10-05T12:04:57.8486382Z       {
2026-10-05T12:04:57.8486634Z         "path": "generated/plugins/agdf/runtime/create-agdf/lib/delivery-path-search/evaluators/claude.js",
2026-10-05T12:04:57.8486897Z         "size": 1525,
2026-10-05T12:04:57.8487025Z         "mode": 420
2026-10-05T12:04:57.8487142Z       },
2026-10-05T12:04:57.8487248Z       {
2026-10-05T12:04:57.8487499Z         "path": "generated/plugins/agdf/runtime/create-agdf/lib/delivery-path-search/evaluators/codex.js",
2026-10-05T12:04:57.8487861Z         "size": 1919,
2026-10-05T12:04:57.8488051Z         "mode": 420
2026-10-05T12:04:57.8488170Z       },
2026-10-05T12:04:57.8488279Z       {
2026-10-05T12:04:57.8488535Z         "path": "generated/plugins/agdf/runtime/create-agdf/lib/delivery-path-search/evaluators/opencode.js",
2026-10-05T12:04:57.8488804Z         "size": 8924,
2026-10-05T12:04:57.8488930Z         "mode": 420
2026-10-05T12:04:57.8489045Z       },
2026-10-05T12:04:57.8489159Z       {
2026-10-05T12:04:57.8489414Z         "path": "generated/plugins/agdf/runtime/create-agdf/lib/delivery-path-search/evaluators/prompt.js",
2026-10-05T12:04:57.8489676Z         "size": 753,
2026-10-05T12:04:57.8489800Z         "mode": 420
2026-10-05T12:04:57.8489920Z       },
2026-10-05T12:04:57.8490026Z       {
2026-10-05T12:04:57.8490280Z         "path": "generated/plugins/agdf/runtime/create-agdf/lib/delivery-path-search/evaluators/protocol.js",
2026-10-05T12:04:57.8490552Z         "size": 470,
2026-10-05T12:04:57.8490675Z         "mode": 420
2026-10-05T12:04:57.8490791Z       },
2026-10-05T12:04:57.8490898Z       {
2026-10-05T12:04:57.8491150Z         "path": "generated/plugins/agdf/runtime/create-agdf/lib/delivery-path-search/generators/claude.js",
2026-10-05T12:04:57.8491409Z         "size": 2203,
2026-10-05T12:04:57.8491534Z         "mode": 420
2026-10-05T12:04:57.8491652Z       },
2026-10-05T12:04:57.8491759Z       {
2026-10-05T12:04:57.8492089Z         "path": "generated/plugins/agdf/runtime/create-agdf/lib/delivery-path-search/generators/codex.js",
2026-10-05T12:04:57.8492353Z         "size": 2187,
2026-10-05T12:04:57.8492481Z         "mode": 420
2026-10-05T12:04:57.8492599Z       },
2026-10-05T12:04:57.8492705Z       {
2026-10-05T12:04:57.8492964Z         "path": "generated/plugins/agdf/runtime/create-agdf/lib/delivery-path-search/generators/protocol.js",
2026-10-05T12:04:57.8493228Z         "size": 389,
2026-10-05T12:04:57.8493435Z         "mode": 420
2026-10-05T12:04:57.8493563Z       },
2026-10-05T12:04:57.8493670Z       {
2026-10-05T12:04:57.8493935Z         "path": "generated/plugins/agdf/runtime/create-agdf/lib/delivery-path-search/surfaces/capabilities.js",
2026-10-05T12:04:57.8494210Z         "size": 1161,
2026-10-05T12:04:57.8494335Z         "mode": 420
2026-10-05T12:04:57.8494451Z       },
2026-10-05T12:04:57.8494560Z       {
2026-10-05T12:04:57.8494833Z         "path": "generated/plugins/agdf/runtime/create-agdf/lib/delivery-path-search/transports/read-only-guard.js",
2026-10-05T12:04:57.8495119Z         "size": 1271,
2026-10-05T12:04:57.8495244Z         "mode": 420
2026-10-05T12:04:57.8495360Z       },
2026-10-05T12:04:57.8495466Z       {
2026-10-05T12:04:57.8495715Z         "path": "generated/plugins/agdf/runtime/create-agdf/lib/host-adapters/claude/session-command.js",
2026-10-05T12:04:57.8495976Z         "size": 165,
2026-10-05T12:04:57.8496098Z         "mode": 420
2026-10-05T12:04:57.8496215Z       },
2026-10-05T12:04:57.8496327Z       {
2026-10-05T12:04:57.8496574Z         "path": "generated/plugins/agdf/runtime/create-agdf/lib/host-adapters/codex/session-command.js",
2026-10-05T12:04:57.8496830Z         "size": 455,
2026-10-05T12:04:57.8496955Z         "mode": 420
2026-10-05T12:04:57.8497072Z       },
2026-10-05T12:04:57.8497179Z       {
2026-10-05T12:04:57.8497430Z         "path": "generated/plugins/agdf/runtime/create-agdf/lib/host-adapters/copilot/session-command.js",
2026-10-05T12:04:57.8497688Z         "size": 91,
2026-10-05T12:04:57.8497808Z         "mode": 420
2026-10-05T12:04:57.8497928Z       },
2026-10-05T12:04:57.8498037Z       {
2026-10-05T12:04:57.8498285Z         "path": "generated/plugins/agdf/runtime/create-agdf/lib/host-adapters/opencode/session-command.js",
2026-10-05T12:04:57.8498542Z         "size": 76,
2026-10-05T12:04:57.8498668Z         "mode": 420
2026-10-05T12:04:57.8498783Z       },
2026-10-05T12:04:57.8498889Z       {
2026-10-05T12:04:57.8499122Z         "path": "generated/plugins/agdf/runtime/create-agdf/lib/host-adapters/session-command.js",
2026-10-05T12:04:57.8499470Z         "size": 609,
2026-10-05T12:04:57.8499592Z         "mode": 420
2026-10-05T12:04:57.8499712Z       },
2026-10-05T12:04:57.8499819Z       {
2026-10-05T12:04:57.8500016Z         "path": "generated/plugins/agdf/runtime/create-agdf/lib/host-command.js",
2026-10-05T12:04:57.8500231Z         "size": 5591,
2026-10-05T12:04:57.8500355Z         "mode": 420
2026-10-05T12:04:57.8500473Z       },
2026-10-05T12:04:57.8500579Z       {
2026-10-05T12:04:57.8500801Z         "path": "generated/plugins/agdf/runtime/create-agdf/lib/mcp-dispatch-runtime.js",
2026-10-05T12:04:57.8501033Z         "size": 7671,
2026-10-05T12:04:57.8501156Z         "mode": 420
2026-10-05T12:04:57.8501273Z       },
2026-10-05T12:04:57.8501379Z       {
2026-10-05T12:04:57.8501592Z         "path": "generated/plugins/agdf/runtime/create-agdf/lib/mcp-lifecycle/package.js",
2026-10-05T12:04:57.8501824Z         "size": 16097,
2026-10-05T12:04:57.8501948Z         "mode": 420
2026-10-05T12:04:57.8502064Z       },
2026-10-05T12:04:57.8502175Z       {
2026-10-05T12:04:57.8502407Z         "path": "generated/plugins/agdf/runtime/create-agdf/lib/mcp-lifecycle/plugin-runtime.js",
2026-10-05T12:04:57.8502652Z         "size": 12833,
2026-10-05T12:04:57.8502778Z         "mode": 420
2026-10-05T12:04:57.8502898Z       },
2026-10-05T12:04:57.8503004Z       {
2026-10-05T12:04:57.8503205Z         "path": "generated/plugins/agdf/runtime/create-agdf/lib/npm-invocation.js",
2026-10-05T12:04:57.8503518Z         "size": 969,
2026-10-05T12:04:57.8503735Z         "mode": 420
2026-10-05T12:04:57.8503853Z       },
2026-10-05T12:04:57.8503959Z       {
2026-10-05T12:04:57.8504167Z         "path": "generated/plugins/agdf/runtime/create-agdf/lib/repository-context.js",
2026-10-05T12:04:57.8504394Z         "size": 3033,
2026-10-05T12:04:57.8504524Z         "mode": 420
2026-10-05T12:04:57.8504640Z       },
2026-10-05T12:04:57.8504751Z       {
2026-10-05T12:04:57.8504986Z         "path": "generated/plugins/agdf/runtime/create-agdf/lib/runtime-check-consent/contract.js",
2026-10-05T12:04:57.8505237Z         "size": 3925,
2026-10-05T12:04:57.8505363Z         "mode": 420
2026-10-05T12:04:57.8505478Z       },
2026-10-05T12:04:57.8505584Z       {
2026-10-05T12:04:57.8505822Z         "path": "generated/plugins/agdf/runtime/create-agdf/lib/runtime/control-command-service.js",
2026-10-05T12:04:57.8506073Z         "size": 607,
2026-10-05T12:04:57.8506195Z         "mode": 420
2026-10-05T12:04:57.8506311Z       },
2026-10-05T12:04:57.8506421Z       {
2026-10-05T12:04:57.8506645Z         "path": "generated/plugins/agdf/runtime/create-agdf/lib/runtime/control-context.js",
2026-10-05T12:04:57.8506878Z         "size": 904,
2026-10-05T12:04:57.8507002Z         "mode": 420
2026-10-05T12:04:57.8507117Z       },
2026-10-05T12:04:57.8507221Z       {
2026-10-05T12:04:57.8507431Z         "path": "generated/plugins/agdf/runtime/create-agdf/lib/runtime/git-history.js",
2026-10-05T12:04:57.8507656Z         "size": 510,
2026-10-05T12:04:57.8507780Z         "mode": 420
2026-10-05T12:04:57.8507900Z       },
2026-10-05T12:04:57.8508006Z       {
2026-10-05T12:04:57.8508216Z         "path": "generated/plugins/agdf/runtime/create-agdf/lib/runtime/git-originals.js",
2026-10-05T12:04:57.8508526Z         "size": 2213,
2026-10-05T12:04:57.8508674Z         "mode": 420
2026-10-05T12:04:57.8508790Z       },
2026-10-05T12:04:57.8508894Z       {
2026-10-05T12:04:57.8509111Z         "path": "generated/plugins/agdf/runtime/create-agdf/lib/runtime/local-validator.js",
2026-10-05T12:04:57.8509346Z         "size": 14029,
2026-10-05T12:04:57.8509470Z         "mode": 420
2026-10-05T12:04:57.8509588Z       },
2026-10-05T12:04:57.8509695Z       {
2026-10-05T12:04:57.8509917Z         "path": "generated/plugins/agdf/runtime/create-agdf/lib/runtime/plugin-provenance.js",
2026-10-05T12:04:57.8510158Z         "size": 57,
2026-10-05T12:04:57.8510276Z         "mode": 420
2026-10-05T12:04:57.8510390Z       },
2026-10-05T12:04:57.8510496Z       {
2026-10-05T12:04:57.8510718Z         "path": "generated/plugins/agdf/runtime/create-agdf/lib/runtime/runtime-probe.js",
2026-10-05T12:04:57.8511051Z         "size": 3045,
2026-10-05T12:04:57.8511174Z         "mode": 420
2026-10-05T12:04:57.8511292Z       },
2026-10-05T12:04:57.8511397Z       {
2026-10-05T12:04:57.8511631Z         "path": "generated/plugins/agdf/runtime/create-agdf/lib/runtime/validator-application.js",
2026-10-05T12:04:57.8511880Z         "size": 1823,
2026-10-05T12:04:57.8512002Z         "mode": 420
2026-10-05T12:04:57.8512117Z       },
2026-10-05T12:04:57.8512223Z       {
2026-10-05T12:04:57.8512439Z         "path": "generated/plugins/agdf/runtime/create-agdf/lib/skill-dispatch/binding.js",
2026-10-05T12:04:57.8512672Z         "size": 642,
2026-10-05T12:04:57.8512796Z         "mode": 420
2026-10-05T12:04:57.8512914Z       },
2026-10-05T12:04:57.8513019Z       {
2026-10-05T12:04:57.8513190Z         "path": "generated/plugins/agdf/runtime/create-agdf/NOTICE",
2026-10-05T12:04:57.8513489Z         "size": 422,
2026-10-05T12:04:57.8513611Z         "mode": 420
2026-10-05T12:04:57.8513731Z       },
2026-10-05T12:04:57.8513838Z       {
2026-10-05T12:04:57.8514020Z         "path": "generated/plugins/agdf/runtime/create-agdf/package.json",
2026-10-05T12:04:57.8514220Z         "size": 220,
2026-10-05T12:04:57.8514343Z         "mode": 420
2026-10-05T12:04:57.8514461Z       },
2026-10-05T12:04:57.8514567Z       {
2026-10-05T12:04:57.8514829Z         "path": "generated/plugins/agdf/runtime/create-agdf/runtime/core/lib/control-evaluation/delivery-map.js",
2026-10-05T12:04:57.8515199Z         "size": 13111,
2026-10-05T12:04:57.8515324Z         "mode": 420
2026-10-05T12:04:57.8515439Z       },
2026-10-05T12:04:57.8515548Z       {
2026-10-05T12:04:57.8515834Z         "path": "generated/plugins/agdf/runtime/create-agdf/runtime/core/lib/control-evaluation/delivery-relationships.js",
2026-10-05T12:04:57.8516128Z         "size": 1370,
2026-10-05T12:04:57.8516253Z         "mode": 420
2026-10-05T12:04:57.8516368Z       },
2026-10-05T12:04:57.8516473Z       {
2026-10-05T12:04:57.8516724Z         "path": "generated/plugins/agdf/runtime/create-agdf/runtime/core/lib/control-evaluation/doctor.js",
2026-10-05T12:04:57.8516988Z         "size": 14393,
2026-10-05T12:04:57.8517114Z         "mode": 420
2026-10-05T12:04:57.8517228Z       },
2026-10-05T12:04:57.8517333Z       {
2026-10-05T12:04:57.8517590Z         "path": "generated/plugins/agdf/runtime/create-agdf/runtime/core/lib/control-evaluation/gate-check.js",
2026-10-05T12:04:57.8517857Z         "size": 37366,
2026-10-05T12:04:57.8517982Z         "mode": 420
2026-10-05T12:04:57.8518103Z       },
2026-10-05T12:04:57.8518206Z       {
2026-10-05T12:04:57.8518468Z         "path": "generated/plugins/agdf/runtime/create-agdf/runtime/core/lib/control-evaluation/gate-policy.js",
2026-10-05T12:04:57.8518739Z         "size": 17824,
2026-10-05T12:04:57.8518863Z         "mode": 420
2026-10-05T12:04:57.8518981Z       },
2026-10-05T12:04:57.8519086Z       {
2026-10-05T12:04:57.8519366Z         "path": "generated/plugins/agdf/runtime/create-agdf/runtime/core/lib/control-evaluation/parent-reconciliation.js",
2026-10-05T12:04:57.8519661Z         "size": 10121,
2026-10-05T12:04:57.8519784Z         "mode": 420
2026-10-05T12:04:57.8519899Z       },
2026-10-05T12:04:57.8520002Z       {
2026-10-05T12:04:57.8520266Z         "path": "generated/plugins/agdf/runtime/create-agdf/runtime/core/lib/control-evaluation/prd-readiness.js",
2026-10-05T12:04:57.8520540Z         "size": 2268,
2026-10-05T12:04:57.8520663Z         "mode": 420
2026-10-05T12:04:57.8520803Z       },
2026-10-05T12:04:57.8520910Z       {
2026-10-05T12:04:57.8521174Z         "path": "generated/plugins/agdf/runtime/create-agdf/runtime/core/lib/control-evaluation/required-files.js",
2026-10-05T12:04:57.8521452Z         "size": 337,
2026-10-05T12:04:57.8521574Z         "mode": 420
2026-10-05T12:04:57.8521689Z       },
2026-10-05T12:04:57.8521794Z       {
2026-10-05T12:04:57.8522053Z         "path": "generated/plugins/agdf/runtime/create-agdf/runtime/core/lib/control-evaluation/run-state.js",
2026-10-05T12:04:57.8522418Z         "size": 11605,
2026-10-05T12:04:57.8522541Z         "mode": 420
2026-10-05T12:04:57.8522661Z       },
2026-10-05T12:04:57.8522766Z       {
2026-10-05T12:04:57.8523037Z         "path": "generated/plugins/agdf/runtime/create-agdf/runtime/core/lib/control-evaluation/run-step-policy.js",
2026-10-05T12:04:57.8523322Z         "size": 1382,
2026-10-05T12:04:57.8523545Z         "mode": 420
2026-10-05T12:04:57.8523661Z       },
2026-10-05T12:04:57.8523768Z       {
2026-10-05T12:04:57.8524034Z         "path": "generated/plugins/agdf/runtime/create-agdf/runtime/core/lib/control-evaluation/sd-readiness.js",
2026-10-05T12:04:57.8524307Z         "size": 2561,
2026-10-05T12:04:57.8524433Z         "mode": 420
2026-10-05T12:04:57.8524548Z       },
2026-10-05T12:04:57.8524652Z       {
2026-10-05T12:04:57.8524900Z         "path": "generated/plugins/agdf/runtime/create-agdf/runtime/core/lib/control-evaluation/shared.js",
2026-10-05T12:04:57.8525162Z         "size": 10972,
2026-10-05T12:04:57.8525286Z         "mode": 420
2026-10-05T12:04:57.8525407Z       },
2026-10-05T12:04:57.8525514Z       {
2026-10-05T12:04:57.8525797Z         "path": "generated/plugins/agdf/runtime/create-agdf/runtime/core/lib/control-evaluation/traceability-readiness.js",
2026-10-05T12:04:57.8526090Z         "size": 13831,
2026-10-05T12:04:57.8526215Z         "mode": 420
2026-10-05T12:04:57.8526331Z       },
2026-10-05T12:04:57.8526438Z       {
2026-10-05T12:04:57.8526787Z         "path": "generated/plugins/agdf/runtime/create-agdf/runtime/core/lib/control-evaluation/ur-readiness.js",
2026-10-05T12:04:57.8527059Z         "size": 2045,
2026-10-05T12:04:57.8527183Z         "mode": 420
2026-10-05T12:04:57.8527302Z       },
2026-10-05T12:04:57.8527408Z       {
2026-10-05T12:04:57.8527674Z         "path": "generated/plugins/agdf/runtime/create-agdf/runtime/core/lib/control-evaluation/verified-change.js",
2026-10-05T12:04:57.8527954Z         "size": 12119,
2026-10-05T12:04:57.8528078Z         "mode": 420
2026-10-05T12:04:57.8528194Z       },
2026-10-05T12:04:57.8528301Z       {
2026-10-05T12:04:57.8528548Z         "path": "generated/plugins/agdf/runtime/create-agdf/runtime/core/lib/control-inspect/contract.js",
2026-10-05T12:04:57.8528806Z         "size": 13500,
2026-10-05T12:04:57.8528931Z         "mode": 420
2026-10-05T12:04:57.8529048Z       },
2026-10-05T12:04:57.8529154Z       {
2026-10-05T12:04:57.8529404Z         "path": "generated/plugins/agdf/runtime/create-agdf/runtime/core/lib/control-inspect/selection.js",
2026-10-05T12:04:57.8529669Z         "size": 1788,
2026-10-05T12:04:57.8529797Z         "mode": 420
2026-10-05T12:04:57.8529913Z       },
2026-10-05T12:04:57.8530018Z       {
2026-10-05T12:04:57.8530266Z         "path": "generated/plugins/agdf/runtime/create-agdf/runtime/core/lib/control-inspect/service.js",
2026-10-05T12:04:57.8530521Z         "size": 12577,
2026-10-05T12:04:57.8530645Z         "mode": 420
2026-10-05T12:04:57.8530762Z       },
2026-10-05T12:04:57.8530866Z       {
2026-10-05T12:04:57.8531132Z         "path": "generated/plugins/agdf/runtime/create-agdf/runtime/core/lib/control-maintenance/compatibility.js",
2026-10-05T12:04:57.8531413Z         "size": 8412,
2026-10-05T12:04:57.8531537Z         "mode": 420
2026-10-05T12:04:57.8531655Z       },
2026-10-05T12:04:57.8531764Z       {
2026-10-05T12:04:57.8532020Z         "path": "generated/plugins/agdf/runtime/create-agdf/runtime/core/lib/control-maintenance/contract.js",
2026-10-05T12:04:57.8532289Z         "size": 2342,
2026-10-05T12:04:57.8532416Z         "mode": 420
2026-10-05T12:04:57.8532466Z       },
2026-10-05T12:04:57.8532518Z       {
2026-10-05T12:04:57.8532723Z         "path": "generated/plugins/agdf/runtime/create-agdf/runtime/core/lib/control-maintenance/interaction.js",
2026-10-05T12:04:57.8532775Z         "size": 3207,
2026-10-05T12:04:57.8532828Z         "mode": 420
2026-10-05T12:04:57.8532879Z       },
2026-10-05T12:04:57.8532926Z       {
2026-10-05T12:04:57.8533128Z         "path": "generated/plugins/agdf/runtime/create-agdf/runtime/core/lib/control-maintenance/migration.js",
2026-10-05T12:04:57.8533277Z         "size": 5383,
2026-10-05T12:04:57.8533330Z         "mode": 420
2026-10-05T12:04:57.8533469Z       },
2026-10-05T12:04:57.8533521Z       {
2026-10-05T12:04:57.8533730Z         "path": "generated/plugins/agdf/runtime/create-agdf/runtime/core/lib/control-maintenance/presentation.js",
2026-10-05T12:04:57.8533782Z         "size": 8246,
2026-10-05T12:04:57.8533835Z         "mode": 420
2026-10-05T12:04:57.8533885Z       },
2026-10-05T12:04:57.8533934Z       {
2026-10-05T12:04:57.8534129Z         "path": "generated/plugins/agdf/runtime/create-agdf/runtime/core/lib/control-maintenance/repair.js",
2026-10-05T12:04:57.8534187Z         "size": 13216,
2026-10-05T12:04:57.8534242Z         "mode": 420
2026-10-05T12:04:57.8534290Z       },
2026-10-05T12:04:57.8534340Z       {
2026-10-05T12:04:57.8534539Z         "path": "generated/plugins/agdf/runtime/create-agdf/runtime/core/lib/control-maintenance/service.js",
2026-10-05T12:04:57.8534595Z         "size": 2412,
2026-10-05T12:04:57.8534650Z         "mode": 420
2026-10-05T12:04:57.8534700Z       },
2026-10-05T12:04:57.8534750Z       {
2026-10-05T12:04:57.8534938Z         "path": "generated/plugins/agdf/runtime/create-agdf/runtime/core/lib/control-read-boundary.js",
2026-10-05T12:04:57.8534995Z         "size": 906,
2026-10-05T12:04:57.8535048Z         "mode": 420
2026-10-05T12:04:57.8535097Z       },
2026-10-05T12:04:57.8535147Z       {
2026-10-05T12:04:57.8535419Z         "path": "generated/plugins/agdf/runtime/create-agdf/runtime/core/lib/control-state/aggregate.js",
2026-10-05T12:04:57.8535474Z         "size": 503,
2026-10-05T12:04:57.8535525Z         "mode": 420
2026-10-05T12:04:57.8535575Z       },
2026-10-05T12:04:57.8535626Z       {
2026-10-05T12:04:57.8535853Z         "path": "generated/plugins/agdf/runtime/create-agdf/runtime/core/lib/control-state/approval-command-contract.js",
2026-10-05T12:04:57.8535907Z         "size": 3748,
2026-10-05T12:04:57.8535960Z         "mode": 420
2026-10-05T12:04:57.8536010Z       },
2026-10-05T12:04:57.8536060Z       {
2026-10-05T12:04:57.8536265Z         "path": "generated/plugins/agdf/runtime/create-agdf/runtime/core/lib/control-state/approval-command.js",
2026-10-05T12:04:57.8536320Z         "size": 8139,
2026-10-05T12:04:57.8536371Z         "mode": 420
2026-10-05T12:04:57.8536421Z       },
2026-10-05T12:04:57.8536470Z       {
2026-10-05T12:04:57.8536683Z         "path": "generated/plugins/agdf/runtime/create-agdf/runtime/core/lib/control-state/approval-operations.js",
2026-10-05T12:04:57.8536738Z         "size": 6088,
2026-10-05T12:04:57.8536793Z         "mode": 420
2026-10-05T12:04:57.8536843Z       },
2026-10-05T12:04:57.8536891Z       {
2026-10-05T12:04:57.8537110Z         "path": "generated/plugins/agdf/runtime/create-agdf/runtime/core/lib/control-state/artefact-binding-proof.js",
2026-10-05T12:04:57.8537164Z         "size": 4880,
2026-10-05T12:04:57.8537217Z         "mode": 420
2026-10-05T12:04:57.8537265Z       },
2026-10-05T12:04:57.8537316Z       {
2026-10-05T12:04:57.8537522Z         "path": "generated/plugins/agdf/runtime/create-agdf/runtime/core/lib/control-state/artefact-bindings.js",
2026-10-05T12:04:57.8537576Z         "size": 6925,
2026-10-05T12:04:57.8537629Z         "mode": 420
2026-10-05T12:04:57.8537679Z       },
2026-10-05T12:04:57.8537726Z       {
2026-10-05T12:04:57.8537926Z         "path": "generated/plugins/agdf/runtime/create-agdf/runtime/core/lib/control-state/contained-file.js",
2026-10-05T12:04:57.8537980Z         "size": 2204,
2026-10-05T12:04:57.8538032Z         "mode": 420
2026-10-05T12:04:57.8538082Z       },
2026-10-05T12:04:57.8538131Z       {
2026-10-05T12:04:57.8538349Z         "path": "generated/plugins/agdf/runtime/create-agdf/runtime/core/lib/control-state/control-configuration.js",
2026-10-05T12:04:57.8538400Z         "size": 1072,
2026-10-05T12:04:57.8538454Z         "mode": 420
2026-10-05T12:04:57.8538504Z       },
2026-10-05T12:04:57.8538553Z       {
2026-10-05T12:04:57.8538772Z         "path": "generated/plugins/agdf/runtime/create-agdf/runtime/core/lib/control-state/gate-approval-validator.js",
2026-10-05T12:04:57.8538909Z         "size": 1704,
2026-10-05T12:04:57.8538962Z         "mode": 420
2026-10-05T12:04:57.8539010Z       },
2026-10-05T12:04:57.8539060Z       {
2026-10-05T12:04:57.8539244Z         "path": "generated/plugins/agdf/runtime/create-agdf/runtime/core/lib/control-state/index.js",
2026-10-05T12:04:57.8539298Z         "size": 346,
2026-10-05T12:04:57.8539349Z         "mode": 420
2026-10-05T12:04:57.8539398Z       },
2026-10-05T12:04:57.8539448Z       {
2026-10-05T12:04:57.8539652Z         "path": "generated/plugins/agdf/runtime/create-agdf/runtime/core/lib/control-state/legacy-migration.js",
2026-10-05T12:04:57.8539707Z         "size": 3088,
2026-10-05T12:04:57.8539760Z         "mode": 420
2026-10-05T12:04:57.8539808Z       },
2026-10-05T12:04:57.8539860Z       {
2026-10-05T12:04:57.8540084Z         "path": "generated/plugins/agdf/runtime/create-agdf/runtime/core/lib/control-state/legacy-projection-reader.js",
2026-10-05T12:04:57.8540141Z         "size": 1984,
2026-10-05T12:04:57.8540193Z         "mode": 420
2026-10-05T12:04:57.8540243Z       },
2026-10-05T12:04:57.8540294Z       {
2026-10-05T12:04:57.8540508Z         "path": "generated/plugins/agdf/runtime/create-agdf/runtime/core/lib/control-state/run-artefact-recording.js",
2026-10-05T12:04:57.8540564Z         "size": 6620,
2026-10-05T12:04:57.8540617Z         "mode": 420
2026-10-05T12:04:57.8540667Z       },
2026-10-05T12:04:57.8540714Z       {
2026-10-05T12:04:57.8540968Z         "path": "generated/plugins/agdf/runtime/create-agdf/runtime/core/lib/control-state/run-identity.js",
2026-10-05T12:04:57.8541023Z         "size": 573,
2026-10-05T12:04:57.8541074Z         "mode": 420
2026-10-05T12:04:57.8541125Z       },
2026-10-05T12:04:57.8541176Z       {
2026-10-05T12:04:57.8541398Z         "path": "generated/plugins/agdf/runtime/create-agdf/runtime/core/lib/control-state/run-presentation-render.js",
2026-10-05T12:04:57.8541451Z         "size": 17579,
2026-10-05T12:04:57.8541505Z         "mode": 420
2026-10-05T12:04:57.8541560Z       },
2026-10-05T12:04:57.8541608Z       {
2026-10-05T12:04:57.8541813Z         "path": "generated/plugins/agdf/runtime/create-agdf/runtime/core/lib/control-state/run-presentation.js",
2026-10-05T12:04:57.8541867Z         "size": 6777,
2026-10-05T12:04:57.8541917Z         "mode": 420
2026-10-05T12:04:57.8541967Z       },
2026-10-05T12:04:57.8542017Z       {
2026-10-05T12:04:57.8542217Z         "path": "generated/plugins/agdf/runtime/create-agdf/runtime/core/lib/control-state/run-recording.js",
2026-10-05T12:04:57.8542270Z         "size": 10751,
2026-10-05T12:04:57.8542324Z         "mode": 420
2026-10-05T12:04:57.8542376Z       },
2026-10-05T12:04:57.8542425Z       {
2026-10-05T12:04:57.8542621Z         "path": "generated/plugins/agdf/runtime/create-agdf/runtime/core/lib/control-state/run-recovery.js",
2026-10-05T12:04:57.8542676Z         "size": 17891,
2026-10-05T12:04:57.8542731Z         "mode": 420
2026-10-05T12:04:57.8542778Z       },
2026-10-05T12:04:57.8542829Z       {
2026-10-05T12:04:57.8543064Z         "path": "generated/plugins/agdf/runtime/create-agdf/runtime/core/lib/control-state/run-relationship-correction.js",
2026-10-05T12:04:57.8543117Z         "size": 5721,
2026-10-05T12:04:57.8543171Z         "mode": 420
2026-10-05T12:04:57.8543223Z       },
2026-10-05T12:04:57.8543270Z       {
2026-10-05T12:04:57.8543711Z         "path": "generated/plugins/agdf/runtime/create-agdf/runtime/core/lib/control-state/run-revision-history.js",
2026-10-05T12:04:57.8543794Z         "size": 9598,
2026-10-05T12:04:57.8543881Z         "mode": 420
2026-10-05T12:04:57.8543953Z       },
2026-10-05T12:04:57.8544027Z       {
2026-10-05T12:04:57.8544354Z         "path": "generated/plugins/agdf/runtime/create-agdf/runtime/core/lib/control-state/run-revision.js",
2026-10-05T12:04:57.8544433Z         "size": 24412,
2026-10-05T12:04:57.8544516Z         "mode": 420
2026-10-05T12:04:57.8544591Z       },
2026-10-05T12:04:57.8544665Z       {
2026-10-05T12:04:57.8544988Z         "path": "generated/plugins/agdf/runtime/create-agdf/runtime/core/lib/control-state/run-seal.js",
2026-10-05T12:04:57.8545199Z         "size": 7838,
2026-10-05T12:04:57.8545284Z         "mode": 420
2026-10-05T12:04:57.8545360Z       },
2026-10-05T12:04:57.8545441Z       {
2026-10-05T12:04:57.8545817Z         "path": "generated/plugins/agdf/runtime/create-agdf/runtime/core/lib/control-state/run-source-revisions.js",
2026-10-05T12:04:57.8545902Z         "size": 9961,
2026-10-05T12:04:57.8545979Z         "mode": 420
2026-10-05T12:04:57.8546058Z       },
2026-10-05T12:04:57.8546135Z       {
2026-10-05T12:04:57.8546462Z         "path": "generated/plugins/agdf/runtime/create-agdf/runtime/core/lib/control-state/run-state-edits.js",
2026-10-05T12:04:57.8546545Z         "size": 6233,
2026-10-05T12:04:57.8546628Z         "mode": 420
2026-10-05T12:04:57.8546701Z       },
2026-10-05T12:04:57.8546781Z       {
2026-10-05T12:04:57.8547144Z         "path": "generated/plugins/agdf/runtime/create-agdf/runtime/core/lib/control-state/run-state-parser.js",
2026-10-05T12:04:57.8547233Z         "size": 12277,
2026-10-05T12:04:57.8547314Z         "mode": 420
2026-10-05T12:04:57.8547392Z       },
2026-10-05T12:04:57.8547470Z       {
2026-10-05T12:04:57.8547813Z         "path": "generated/plugins/agdf/runtime/create-agdf/runtime/core/lib/control-state/run-state-reader.js",
2026-10-05T12:04:57.8547901Z         "size": 1875,
2026-10-05T12:04:57.8547986Z         "mode": 420
2026-10-05T12:04:57.8548065Z       },
2026-10-05T12:04:57.8548142Z       {
2026-10-05T12:04:57.8548643Z         "path": "generated/plugins/agdf/runtime/create-agdf/runtime/core/lib/control-state/run-state-repository.js",
2026-10-05T12:04:57.8548728Z         "size": 6390,
2026-10-05T12:04:57.8548810Z         "mode": 420
2026-10-05T12:04:57.8548888Z       },
2026-10-05T12:04:57.8548966Z       {
2026-10-05T12:04:57.8549329Z         "path": "generated/plugins/agdf/runtime/create-agdf/runtime/core/lib/control-state/run-state-resolver.js",
2026-10-05T12:04:57.8549410Z         "size": 1371,
2026-10-05T12:04:57.8549500Z         "mode": 420
2026-10-05T12:04:57.8549579Z       },
2026-10-05T12:04:57.8549656Z       {
2026-10-05T12:04:57.8550025Z         "path": "generated/plugins/agdf/runtime/create-agdf/runtime/core/lib/control-state/run-state-writer.js",
2026-10-05T12:04:57.8550112Z         "size": 16219,
2026-10-05T12:04:57.8550197Z         "mode": 420
2026-10-05T12:04:57.8550272Z       },
2026-10-05T12:04:57.8550351Z       {
2026-10-05T12:04:57.8550714Z         "path": "generated/plugins/agdf/runtime/create-agdf/runtime/core/lib/control-state/run-step-pending.js",
2026-10-05T12:04:57.8550795Z         "size": 620,
2026-10-05T12:04:57.8550882Z         "mode": 420
2026-10-05T12:04:57.8550962Z       },
2026-10-05T12:04:57.8551040Z       {
2026-10-05T12:04:57.8551420Z         "path": "generated/plugins/agdf/runtime/create-agdf/runtime/core/lib/control-state/run-step-transaction.js",
2026-10-05T12:04:57.8551504Z         "size": 15958,
2026-10-05T12:04:57.8551587Z         "mode": 420
2026-10-05T12:04:57.8551670Z       },
2026-10-05T12:04:57.8551751Z       {
2026-10-05T12:04:57.8552083Z         "path": "generated/plugins/agdf/runtime/create-agdf/runtime/core/lib/control-state/run-steps.js",
2026-10-05T12:04:57.8552168Z         "size": 15588,
2026-10-05T12:04:57.8552256Z         "mode": 420
2026-10-05T12:04:57.8552336Z       },
2026-10-05T12:04:57.8552415Z       {
2026-10-05T12:04:57.8552785Z         "path": "generated/plugins/agdf/runtime/create-agdf/runtime/core/lib/control-state/run-store-inspection.js",
2026-10-05T12:04:57.8552875Z         "size": 2164,
2026-10-05T12:04:57.8552959Z         "mode": 420
2026-10-05T12:04:57.8553033Z       },
2026-10-05T12:04:57.8553112Z       {
2026-10-05T12:04:57.8553618Z         "path": "generated/plugins/agdf/runtime/create-agdf/runtime/core/lib/delivery-continuation/service.js",
2026-10-05T12:04:57.8553706Z         "size": 3947,
2026-10-05T12:04:57.8553788Z         "mode": 420
2026-10-05T12:04:57.8553867Z       },
2026-10-05T12:04:57.8553946Z       {
2026-10-05T12:04:57.8554466Z         "path": "generated/plugins/agdf/runtime/create-agdf/runtime/core/lib/delivery-path-search/candidate-policy.js",
2026-10-05T12:04:57.8554554Z         "size": 3919,
2026-10-05T12:04:57.8554639Z         "mode": 420
2026-10-05T12:04:57.8554717Z       },
2026-10-05T12:04:57.8554796Z       {
2026-10-05T12:04:57.8555156Z         "path": "generated/plugins/agdf/runtime/create-agdf/runtime/core/lib/delivery-path-search/contracts.js",
2026-10-05T12:04:57.8555244Z         "size": 15955,
2026-10-05T12:04:57.8555328Z         "mode": 420
2026-10-05T12:04:57.8555407Z       },
2026-10-05T12:04:57.8555484Z       {
2026-10-05T12:04:57.8555854Z         "path": "generated/plugins/agdf/runtime/create-agdf/runtime/core/lib/delivery-path-search/persistence.js",
2026-10-05T12:04:57.8555939Z         "size": 2521,
2026-10-05T12:04:57.8556024Z         "mode": 420
2026-10-05T12:04:57.8556103Z       },
2026-10-05T12:04:57.8556180Z       {
2026-10-05T12:04:57.8556538Z         "path": "generated/plugins/agdf/runtime/create-agdf/runtime/core/lib/delivery-path-search/scoring.js",
2026-10-05T12:04:57.8556630Z         "size": 824,
2026-10-05T12:04:57.8556712Z         "mode": 420
2026-10-05T12:04:57.8556791Z       },
2026-10-05T12:04:57.8556874Z       {
2026-10-05T12:04:57.8557254Z         "path": "generated/plugins/agdf/runtime/create-agdf/runtime/core/lib/delivery-path-search/search-engine.js",
2026-10-05T12:04:57.8557339Z         "size": 11244,
2026-10-05T12:04:57.8557425Z         "mode": 420
2026-10-05T12:04:57.8557504Z       },
2026-10-05T12:04:57.8557728Z       {
2026-10-05T12:04:57.8558106Z         "path": "generated/plugins/agdf/runtime/create-agdf/runtime/core/lib/delivery-path-search/state-adapter.js",
2026-10-05T12:04:57.8558192Z         "size": 4596,
2026-10-05T12:04:57.8558271Z         "mode": 420
2026-10-05T12:04:57.8558351Z       },
2026-10-05T12:04:57.8558428Z       {
2026-10-05T12:04:57.8558696Z         "path": "generated/plugins/agdf/runtime/create-agdf/runtime/core/lib/fs-swap.js",
2026-10-05T12:04:57.8558781Z         "size": 916,
2026-10-05T12:04:57.8558869Z         "mode": 420
2026-10-05T12:04:57.8558949Z       },
2026-10-05T12:04:57.8559025Z       {
2026-10-05T12:04:57.8559273Z         "path": "generated/plugins/agdf/runtime/create-agdf/runtime/core/lib/index.js",
2026-10-05T12:04:57.8559359Z         "size": 954,
2026-10-05T12:04:57.8559443Z         "mode": 420
2026-10-05T12:04:57.8559520Z       },
2026-10-05T12:04:57.8559599Z       {
2026-10-05T12:04:57.8559972Z         "path": "generated/plugins/agdf/runtime/create-agdf/runtime/core/lib/interaction-catalog-validation.js",
2026-10-05T12:04:57.8560058Z         "size": 1453,
2026-10-05T12:04:57.8560140Z         "mode": 420
2026-10-05T12:04:57.8560221Z       },
2026-10-05T12:04:57.8560301Z       {
2026-10-05T12:04:57.8560633Z         "path": "generated/plugins/agdf/runtime/create-agdf/runtime/core/lib/interaction-catalog.js",
2026-10-05T12:04:57.8560719Z         "size": 3628,
2026-10-05T12:04:57.8560807Z         "mode": 420
2026-10-05T12:04:57.8560883Z       },
2026-10-05T12:04:57.8560968Z       {
2026-10-05T12:04:57.8561318Z         "path": "generated/plugins/agdf/runtime/create-agdf/runtime/core/lib/interaction-presentation.js",
2026-10-05T12:04:57.8561405Z         "size": 65120,
2026-10-05T12:04:57.8561490Z         "mode": 420
2026-10-05T12:04:57.8561570Z       },
2026-10-05T12:04:57.8561650Z       {
2026-10-05T12:04:57.8561993Z         "path": "generated/plugins/agdf/runtime/create-agdf/runtime/core/lib/repository-context-reader.js",
2026-10-05T12:04:57.8562080Z         "size": 3135,
2026-10-05T12:04:57.8562171Z         "mode": 420
2026-10-05T12:04:57.8562249Z       },
2026-10-05T12:04:57.8562330Z       {
2026-10-05T12:04:57.8562643Z         "path": "generated/plugins/agdf/runtime/create-agdf/runtime/core/lib/resources/binding.js",
2026-10-05T12:04:57.8562729Z         "size": 303,
2026-10-05T12:04:57.8562808Z         "mode": 420
2026-10-05T12:04:57.8562886Z       },
2026-10-05T12:04:57.8562964Z       {
2026-10-05T12:04:57.8563269Z         "path": "generated/plugins/agdf/runtime/create-agdf/runtime/core/lib/resources/context.js",
2026-10-05T12:04:57.8563562Z         "size": 3469,
2026-10-05T12:04:57.8563643Z         "mode": 420
2026-10-05T12:04:57.8563716Z       },
2026-10-05T12:04:57.8563791Z       {
2026-10-05T12:04:57.8564104Z         "path": "generated/plugins/agdf/runtime/create-agdf/runtime/core/lib/resources/contracts.js",
2026-10-05T12:04:57.8564192Z         "size": 1513,
2026-10-05T12:04:57.8564277Z         "mode": 420
2026-10-05T12:04:57.8564356Z       },
2026-10-05T12:04:57.8564435Z       {
2026-10-05T12:04:57.8564823Z         "path": "generated/plugins/agdf/runtime/create-agdf/runtime/core/lib/runtime/distribution-profile-history.js",
2026-10-05T12:04:57.8564911Z         "size": 6077,
2026-10-05T12:04:57.8564994Z         "mode": 420
2026-10-05T12:04:57.8565073Z       },
2026-10-05T12:04:57.8565149Z       {
2026-10-05T12:04:57.8565497Z         "path": "generated/plugins/agdf/runtime/create-agdf/runtime/core/lib/runtime/plugin-provenance.js",
2026-10-05T12:04:57.8565589Z         "size": 20490,
2026-10-05T12:04:57.8565670Z         "mode": 420
2026-10-05T12:04:57.8565750Z       },
2026-10-05T12:04:57.8565836Z       {
2026-10-05T12:04:57.8566220Z         "path": "generated/plugins/agdf/runtime/create-agdf/runtime/core/lib/skill-dispatch/binding.js",
2026-10-05T12:04:57.8566373Z         "size": 3647,
2026-10-05T12:04:57.8566514Z         "mode": 420
2026-10-05T12:04:57.8566650Z       },
2026-10-05T12:04:57.8566842Z       {
2026-10-05T12:04:57.8567385Z         "path": "generated/plugins/agdf/runtime/create-agdf/runtime/core/lib/skill-dispatch/contract.js",
2026-10-05T12:04:57.8567502Z         "size": 27887,
2026-10-05T12:04:57.8567686Z         "mode": 420
2026-10-05T12:04:57.8567812Z       },
2026-10-05T12:04:57.8567970Z       {
2026-10-05T12:04:57.8568419Z         "path": "generated/plugins/agdf/runtime/create-agdf/runtime/core/lib/skill-dispatch/delivery-intake.js",
2026-10-05T12:04:57.8568567Z         "size": 4635,
2026-10-05T12:04:57.8568711Z         "mode": 420
2026-10-05T12:04:57.8568807Z       },
2026-10-05T12:04:57.8568999Z       {
2026-10-05T12:04:57.8569448Z         "path": "generated/plugins/agdf/runtime/create-agdf/runtime/core/lib/skill-dispatch/delivery-run-assignment.js",
2026-10-05T12:04:57.8569597Z         "size": 4578,
2026-10-05T12:04:57.8569741Z         "mode": 420
2026-10-05T12:04:57.8569914Z       },
2026-10-05T12:04:57.8570069Z       {
2026-10-05T12:04:57.8570456Z         "path": "generated/plugins/agdf/runtime/create-agdf/runtime/core/lib/skill-dispatch/prd-definition.js",
2026-10-05T12:04:57.8570610Z         "size": 2845,
2026-10-05T12:04:57.8570738Z         "mode": 420
2026-10-05T12:04:57.8577977Z       },
2026-10-05T12:04:57.8578120Z       {
2026-10-05T12:04:57.8578517Z         "path": "generated/plugins/agdf/runtime/create-agdf/runtime/core/lib/skill-dispatch/sd-definition.js",
2026-10-05T12:04:57.8578607Z         "size": 2900,
2026-10-05T12:04:57.8578689Z         "mode": 420
2026-10-05T12:04:57.8578771Z       },
2026-10-05T12:04:57.8578850Z       {
2026-10-05T12:04:57.8579192Z         "path": "generated/plugins/agdf/runtime/create-agdf/runtime/core/lib/skill-dispatch/service.js",
2026-10-05T12:04:57.8579286Z         "size": 40882,
2026-10-05T12:04:57.8579373Z         "mode": 420
2026-10-05T12:04:57.8579454Z       },
2026-10-05T12:04:57.8579531Z       {
2026-10-05T12:04:57.8579867Z         "path": "generated/plugins/agdf/runtime/create-agdf/runtime/core/lib/task-target-resolution.js",
2026-10-05T12:04:57.8579946Z         "size": 8096,
2026-10-05T12:04:57.8580005Z         "mode": 420
2026-10-05T12:04:57.8580059Z       },
2026-10-05T12:04:57.8580111Z       {
2026-10-05T12:04:57.8580265Z         "path": "generated/plugins/agdf/runtime/runtime-manifest.json",
2026-10-05T12:04:57.8580354Z         "size": 236,
2026-10-05T12:04:57.8580435Z         "mode": 420
2026-10-05T12:04:57.8580515Z       },
2026-10-05T12:04:57.8580587Z       {
2026-10-05T12:04:57.8580832Z         "path": "generated/plugins/agdf/scripts/agent-skills-conformance.mjs",
2026-10-05T12:04:57.8581090Z         "size": 24427,
2026-10-05T12:04:57.8581173Z         "mode": 420
2026-10-05T12:04:57.8581254Z       },
2026-10-05T12:04:57.8581334Z       {
2026-10-05T12:04:57.8581553Z         "path": "generated/plugins/agdf/scripts/check-runtime-integrity.mjs",
2026-10-05T12:04:57.8581637Z         "size": 130053,
2026-10-05T12:04:57.8581720Z         "mode": 420
2026-10-05T12:04:57.8581801Z       },
2026-10-05T12:04:57.8581877Z       {
2026-10-05T12:04:57.8582101Z         "path": "generated/plugins/agdf/scripts/instruction-footprint.mjs",
2026-10-05T12:04:57.8582161Z         "size": 41754,
2026-10-05T12:04:57.8582213Z         "mode": 420
2026-10-05T12:04:57.8582265Z       },
2026-10-05T12:04:57.8582318Z       {
2026-10-05T12:04:57.8582460Z         "path": "generated/plugins/agdf/skills/brownfield-analysis/help.md",
2026-10-05T12:04:57.8582515Z         "size": 497,
2026-10-05T12:04:57.8582570Z         "mode": 420
2026-10-05T12:04:57.8582622Z       },
2026-10-05T12:04:57.8582671Z       {
2026-10-05T12:04:57.8582814Z         "path": "generated/plugins/agdf/skills/brownfield-analysis/SKILL.md",
2026-10-05T12:04:57.8582878Z         "size": 15519,
2026-10-05T12:04:57.8582931Z         "mode": 420
2026-10-05T12:04:57.8582984Z       },
2026-10-05T12:04:57.8583037Z       {
2026-10-05T12:04:57.8583194Z         "path": "generated/plugins/agdf/skills/clean-implementation-review/help.md",
2026-10-05T12:04:57.8583247Z         "size": 520,
2026-10-05T12:04:57.8583300Z         "mode": 420
2026-10-05T12:04:57.8583487Z       },
2026-10-05T12:04:57.8583655Z       {
2026-10-05T12:04:57.8583810Z         "path": "generated/plugins/agdf/skills/clean-implementation-review/SKILL.md",
2026-10-05T12:04:57.8583864Z         "size": 7536,
2026-10-05T12:04:57.8583917Z         "mode": 420
2026-10-05T12:04:57.8583967Z       },
2026-10-05T12:04:57.8584015Z       {
2026-10-05T12:04:57.8584136Z         "path": "generated/plugins/agdf/skills/code-review/help.md",
2026-10-05T12:04:57.8584190Z         "size": 407,
2026-10-05T12:04:57.8584242Z         "mode": 420
2026-10-05T12:04:57.8584295Z       },
2026-10-05T12:04:57.8584345Z       {
2026-10-05T12:04:57.8584464Z         "path": "generated/plugins/agdf/skills/code-review/SKILL.md",
2026-10-05T12:04:57.8584517Z         "size": 7635,
2026-10-05T12:04:57.8584569Z         "mode": 420
2026-10-05T12:04:57.8584619Z       },
2026-10-05T12:04:57.8584666Z       {
2026-10-05T12:04:57.8584794Z         "path": "generated/plugins/agdf/skills/delivery-closeout/help.md",
2026-10-05T12:04:57.8584847Z         "size": 416,
2026-10-05T12:04:57.8584901Z         "mode": 420
2026-10-05T12:04:57.8584951Z       },
2026-10-05T12:04:57.8584999Z       {
2026-10-05T12:04:57.8585126Z         "path": "generated/plugins/agdf/skills/delivery-closeout/SKILL.md",
2026-10-05T12:04:57.8585178Z         "size": 7197,
2026-10-05T12:04:57.8585231Z         "mode": 420
2026-10-05T12:04:57.8585280Z       },
2026-10-05T12:04:57.8585328Z       {
2026-10-05T12:04:57.8585462Z         "path": "generated/plugins/agdf/skills/delivery-path-search/help.md",
2026-10-05T12:04:57.8585518Z         "size": 555,
2026-10-05T12:04:57.8585569Z         "mode": 420
2026-10-05T12:04:57.8585621Z       },
2026-10-05T12:04:57.8585670Z       {
2026-10-05T12:04:57.8585808Z         "path": "generated/plugins/agdf/skills/delivery-path-search/SKILL.md",
2026-10-05T12:04:57.8585861Z         "size": 8035,
2026-10-05T12:04:57.8585915Z         "mode": 420
2026-10-05T12:04:57.8585966Z       },
2026-10-05T12:04:57.8586015Z       {
2026-10-05T12:04:57.8586132Z         "path": "generated/plugins/agdf/skills/gate-check/help.md",
2026-10-05T12:04:57.8586186Z         "size": 430,
2026-10-05T12:04:57.8586236Z         "mode": 420
2026-10-05T12:04:57.8586287Z       },
2026-10-05T12:04:57.8586336Z       {
2026-10-05T12:04:57.8586451Z         "path": "generated/plugins/agdf/skills/gate-check/SKILL.md",
2026-10-05T12:04:57.8586504Z         "size": 5536,
2026-10-05T12:04:57.8586557Z         "mode": 420
2026-10-05T12:04:57.8586607Z       },
2026-10-05T12:04:57.8586654Z       {
2026-10-05T12:04:57.8586865Z         "path": "generated/plugins/agdf/skills/prd-definition/help.md",
2026-10-05T12:04:57.8586921Z         "size": 551,
2026-10-05T12:04:57.8586972Z         "mode": 420
2026-10-05T12:04:57.8587023Z       },
2026-10-05T12:04:57.8587074Z       {
2026-10-05T12:04:57.8587196Z         "path": "generated/plugins/agdf/skills/prd-definition/SKILL.md",
2026-10-05T12:04:57.8587248Z         "size": 3842,
2026-10-05T12:04:57.8587302Z         "mode": 420
2026-10-05T12:04:57.8587354Z       },
2026-10-05T12:04:57.8587402Z       {
2026-10-05T12:04:57.8587516Z         "path": "generated/plugins/agdf/skills/qa-gate/help.md",
2026-10-05T12:04:57.8587574Z         "size": 385,
2026-10-05T12:04:57.8587628Z         "mode": 420
2026-10-05T12:04:57.8587676Z       },
2026-10-05T12:04:57.8587726Z       {
2026-10-05T12:04:57.8587838Z         "path": "generated/plugins/agdf/skills/qa-gate/SKILL.md",
2026-10-05T12:04:57.8587892Z         "size": 10640,
2026-10-05T12:04:57.8587946Z         "mode": 420
2026-10-05T12:04:57.8587997Z       },
2026-10-05T12:04:57.8588048Z       {
2026-10-05T12:04:57.8588163Z         "path": "generated/plugins/agdf/skills/release-or/help.md",
2026-10-05T12:04:57.8588219Z         "size": 447,
2026-10-05T12:04:57.8588273Z         "mode": 420
2026-10-05T12:04:57.8588322Z       },
2026-10-05T12:04:57.8588372Z       {
2026-10-05T12:04:57.8588485Z         "path": "generated/plugins/agdf/skills/release-or/SKILL.md",
2026-10-05T12:04:57.8588538Z         "size": 10049,
2026-10-05T12:04:57.8588593Z         "mode": 420
2026-10-05T12:04:57.8588705Z       },
2026-10-05T12:04:57.8588754Z       {
2026-10-05T12:04:57.8588873Z         "path": "generated/plugins/agdf/skills/sd-definition/help.md",
2026-10-05T12:04:57.8588927Z         "size": 531,
2026-10-05T12:04:57.8588981Z         "mode": 420
2026-10-05T12:04:57.8589029Z       },
2026-10-05T12:04:57.8589080Z       {
2026-10-05T12:04:57.8589200Z         "path": "generated/plugins/agdf/skills/sd-definition/SKILL.md",
2026-10-05T12:04:57.8589253Z         "size": 3747,
2026-10-05T12:04:57.8589310Z         "mode": 420
2026-10-05T12:04:57.8589361Z       },
2026-10-05T12:04:57.8589409Z       {
2026-10-05T12:04:57.8589535Z         "path": "generated/plugins/agdf/skills/task-plan-review/help.md",
2026-10-05T12:04:57.8589589Z         "size": 457,
2026-10-05T12:04:57.8589643Z         "mode": 420
2026-10-05T12:04:57.8589691Z       },
2026-10-05T12:04:57.8589741Z       {
2026-10-05T12:04:57.8589867Z         "path": "generated/plugins/agdf/skills/task-plan-review/SKILL.md",
2026-10-05T12:04:57.8589922Z         "size": 8292,
2026-10-05T12:04:57.8589977Z         "mode": 420
2026-10-05T12:04:57.8590027Z       },
2026-10-05T12:04:57.8590075Z       {
2026-10-05T12:04:57.8590193Z         "path": "generated/plugins/agdf/skills/ur-definition/help.md",
2026-10-05T12:04:57.8590247Z         "size": 524,
2026-10-05T12:04:57.8590300Z         "mode": 420
2026-10-05T12:04:57.8590348Z       },
2026-10-05T12:04:57.8590398Z       {
2026-10-05T12:04:57.8590516Z         "path": "generated/plugins/agdf/skills/ur-definition/SKILL.md",
2026-10-05T12:04:57.8590570Z         "size": 3720,
2026-10-05T12:04:57.8590624Z         "mode": 420
2026-10-05T12:04:57.8590674Z       },
2026-10-05T12:04:57.8590722Z       {
2026-10-05T12:04:57.8590855Z         "path": "generated/plugins/agdf/skills/ux-intent-definition/help.md",
2026-10-05T12:04:57.8590910Z         "size": 540,
2026-10-05T12:04:57.8590963Z         "mode": 420
2026-10-05T12:04:57.8591012Z       },
2026-10-05T12:04:57.8591061Z       {
2026-10-05T12:04:57.8591198Z         "path": "generated/plugins/agdf/skills/ux-intent-definition/SKILL.md",
2026-10-05T12:04:57.8591251Z         "size": 7311,
2026-10-05T12:04:57.8591305Z         "mode": 420
2026-10-05T12:04:57.8591356Z       },
2026-10-05T12:04:57.8591406Z       {
2026-10-05T12:04:57.8591535Z         "path": "generated/plugins/agdf/submission/openai/availability.md",
2026-10-05T12:04:57.8591589Z         "size": 763,
2026-10-05T12:04:57.8591642Z         "mode": 420
2026-10-05T12:04:57.8591690Z       },
2026-10-05T12:04:57.8591836Z       {
2026-10-05T12:04:57.8591988Z         "path": "generated/plugins/agdf/submission/openai/capability-matrix.json",
2026-10-05T12:04:57.8592041Z         "size": 2107,
2026-10-05T12:04:57.8592094Z         "mode": 420
2026-10-05T12:04:57.8592144Z       },
2026-10-05T12:04:57.8592195Z       {
2026-10-05T12:04:57.8592323Z         "path": "generated/plugins/agdf/submission/openai/release-notes.md",
2026-10-05T12:04:57.8592378Z         "size": 2461,
2026-10-05T12:04:57.8592431Z         "mode": 420
2026-10-05T12:04:57.8592481Z       },
2026-10-05T12:04:57.8592532Z       {
2026-10-05T12:04:57.8592674Z         "path": "generated/plugins/agdf/submission/openai/reviewer-cases.json",
2026-10-05T12:04:57.8592726Z         "size": 6324,
2026-10-05T12:04:57.8592781Z         "mode": 420
2026-10-05T12:04:57.8592832Z       },
2026-10-05T12:04:57.8592882Z       {
2026-10-05T12:04:57.8593017Z         "path": "generated/plugins/copilot/agdf/.agdf-payload-inventory.json",
2026-10-05T12:04:57.8593073Z         "size": 83835,
2026-10-05T12:04:57.8593132Z         "mode": 420
2026-10-05T12:04:57.8593180Z       },
2026-10-05T12:04:57.8593230Z       {
2026-10-05T12:04:57.8593525Z         "path": "generated/plugins/copilot/agdf/com.github.copilot/hooks/hooks.json",
2026-10-05T12:04:57.8593581Z         "size": 273,
2026-10-05T12:04:57.8593633Z         "mode": 420
2026-10-05T12:04:57.8593684Z       },
2026-10-05T12:04:57.8593734Z       {
2026-10-05T12:04:57.8593834Z         "path": "generated/plugins/copilot/agdf/LICENSE",
2026-10-05T12:04:57.8594055Z         "size": 11357,
2026-10-05T12:04:57.8594110Z         "mode": 420
2026-10-05T12:04:57.8594159Z       },
2026-10-05T12:04:57.8594210Z       {
2026-10-05T12:04:57.8594311Z         "path": "generated/plugins/copilot/agdf/mcp.json",
2026-10-05T12:04:57.8594366Z         "size": 322,
2026-10-05T12:04:57.8594418Z         "mode": 420
2026-10-05T12:04:57.8594467Z       },
2026-10-05T12:04:57.8594519Z       {
2026-10-05T12:04:57.8594641Z         "path": "generated/plugins/copilot/agdf/mcp/agdf-mcp-launch.js",
2026-10-05T12:04:57.8594700Z         "size": 314,
2026-10-05T12:04:57.8594754Z         "mode": 420
2026-10-05T12:04:57.8594802Z       },
2026-10-05T12:04:57.8594852Z       {
2026-10-05T12:04:57.8594984Z         "path": "generated/plugins/copilot/agdf/mcp/sdk/expected-sdk.json",
2026-10-05T12:04:57.8595039Z         "size": 709,
2026-10-05T12:04:57.8595089Z         "mode": 420
2026-10-05T12:04:57.8595139Z       },
2026-10-05T12:04:57.8595191Z       {
2026-10-05T12:04:57.8595320Z         "path": "generated/plugins/copilot/agdf/mcp/sdk/package-lock.json",
2026-10-05T12:04:57.8595376Z         "size": 1485,
2026-10-05T12:04:57.8595429Z         "mode": 420
2026-10-05T12:04:57.8595477Z       },
2026-10-05T12:04:57.8595527Z       {
2026-10-05T12:04:57.8595646Z         "path": "generated/plugins/copilot/agdf/mcp/sdk/package.json",
2026-10-05T12:04:57.8595700Z         "size": 124,
2026-10-05T12:04:57.8595751Z         "mode": 420
2026-10-05T12:04:57.8595800Z       },
2026-10-05T12:04:57.8595850Z       {
2026-10-05T12:04:57.8595980Z         "path": "generated/plugins/copilot/agdf/mcp/server/bin/agdf-mcp.js",
2026-10-05T12:04:57.8596034Z         "size": 659,
2026-10-05T12:04:57.8596087Z         "mode": 493
2026-10-05T12:04:57.8596135Z       },
2026-10-05T12:04:57.8596184Z       {
2026-10-05T12:04:57.8596297Z         "path": "generated/plugins/copilot/agdf/mcp/server/NOTICE",
2026-10-05T12:04:57.8596352Z         "size": 521,
2026-10-05T12:04:57.8596402Z         "mode": 420
2026-10-05T12:04:57.8596451Z       },
2026-10-05T12:04:57.8596504Z       {
2026-10-05T12:04:57.8596626Z         "path": "generated/plugins/copilot/agdf/mcp/server/package.json",
2026-10-05T12:04:57.8596682Z         "size": 1747,
2026-10-05T12:04:57.8596735Z         "mode": 420
2026-10-05T12:04:57.8596786Z       },
2026-10-05T12:04:57.8596834Z       {
2026-10-05T12:04:57.8596951Z         "path": "generated/plugins/copilot/agdf/mcp/server/README.md",
2026-10-05T12:04:57.8597006Z         "size": 2391,
2026-10-05T12:04:57.8597056Z         "mode": 420
2026-10-05T12:04:57.8597192Z       },
2026-10-05T12:04:57.8597242Z       {
2026-10-05T12:04:57.8597361Z         "path": "generated/plugins/copilot/agdf/mcp/server/src/main.js",
2026-10-05T12:04:57.8597417Z         "size": 1210,
2026-10-05T12:04:57.8597471Z         "mode": 420
2026-10-05T12:04:57.8597521Z       },
2026-10-05T12:04:57.8597569Z       {
2026-10-05T12:04:57.8597692Z         "path": "generated/plugins/copilot/agdf/mcp/server/src/server.js",
2026-10-05T12:04:57.8597748Z         "size": 3144,
2026-10-05T12:04:57.8597802Z         "mode": 420
2026-10-05T12:04:57.8597852Z       },
2026-10-05T12:04:57.8597904Z       {
2026-10-05T12:04:57.8598042Z         "path": "generated/plugins/copilot/agdf/mcp/server/src/worker-entry.js",
2026-10-05T12:04:57.8598096Z         "size": 964,
2026-10-05T12:04:57.8598150Z         "mode": 420
2026-10-05T12:04:57.8598200Z       },
2026-10-05T12:04:57.8598248Z       {
2026-10-05T12:04:57.8598372Z         "path": "generated/plugins/copilot/agdf/mcp/server/src/worker.js",
2026-10-05T12:04:57.8598430Z         "size": 2610,
2026-10-05T12:04:57.8598481Z         "mode": 420
2026-10-05T12:04:57.8598531Z       },
2026-10-05T12:04:57.8598582Z       {
2026-10-05T12:04:57.8598709Z         "path": "generated/plugins/copilot/agdf/meta/agdf-agent-router.md",
2026-10-05T12:04:57.8598765Z         "size": 12317,
2026-10-05T12:04:57.8598820Z         "mode": 420
2026-10-05T12:04:57.8598872Z       },
2026-10-05T12:04:57.8598921Z       {
2026-10-05T12:04:57.8599105Z         "path": "generated/plugins/copilot/agdf/meta/agdf-constitution.md",
2026-10-05T12:04:57.8599162Z         "size": 8709,
2026-10-05T12:04:57.8599213Z         "mode": 420
2026-10-05T12:04:57.8599264Z       },
2026-10-05T12:04:57.8599313Z       {
2026-10-05T12:04:57.8599460Z         "path": "generated/plugins/copilot/agdf/meta/agdf-plugin.definition.json",
2026-10-05T12:04:57.8599514Z         "size": 18450,
2026-10-05T12:04:57.8599567Z         "mode": 420
2026-10-05T12:04:57.8599618Z       },
2026-10-05T12:04:57.8599665Z       {
2026-10-05T12:04:57.8599810Z         "path": "generated/plugins/copilot/agdf/meta/agdf-runtime-contract.md",
2026-10-05T12:04:57.8599866Z         "size": 1977,
2026-10-05T12:04:57.8599917Z         "mode": 420
2026-10-05T12:04:57.8599968Z       },
2026-10-05T12:04:57.8600019Z       {
2026-10-05T12:04:57.8600183Z         "path": "generated/plugins/copilot/agdf/meta/distribution-profile-history.json",
2026-10-05T12:04:57.8600236Z         "size": 4398,
2026-10-05T12:04:57.8600289Z         "mode": 420
2026-10-05T12:04:57.8600343Z       },
2026-10-05T12:04:57.8600392Z       {
2026-10-05T12:04:57.8600503Z         "path": "generated/plugins/copilot/agdf/plugin.json",
2026-10-05T12:04:57.8600558Z         "size": 526,
2026-10-05T12:04:57.8600608Z         "mode": 420
2026-10-05T12:04:57.8600659Z       },
2026-10-05T12:04:57.8600709Z       {
2026-10-05T12:04:57.8600831Z         "path": "generated/plugins/copilot/agdf/runtime/agdf-local.js",
2026-10-05T12:04:57.8600883Z         "size": 843,
2026-10-05T12:04:57.8600936Z         "mode": 420
2026-10-05T12:04:57.8600988Z       },
2026-10-05T12:04:57.8601036Z       {
2026-10-05T12:04:57.8601175Z         "path": "generated/plugins/copilot/agdf/runtime/agdf-session-check.js",
2026-10-05T12:04:57.8601229Z         "size": 9303,
2026-10-05T12:04:57.8601280Z         "mode": 420
2026-10-05T12:04:57.8601330Z       },
2026-10-05T12:04:57.8601381Z       {
2026-10-05T12:04:57.8601546Z         "path": "generated/plugins/copilot/agdf/runtime/create-agdf/bin/agdf-validator.js",
2026-10-05T12:04:57.8601601Z         "size": 323,
2026-10-05T12:04:57.8601655Z         "mode": 420
2026-10-05T12:04:57.8601707Z       },
2026-10-05T12:04:57.8601755Z       {
2026-10-05T12:04:57.8602006Z         "path": "generated/plugins/copilot/agdf/runtime/create-agdf/generated/plugins/agdf/meta/agdf-interaction-locales.json",
2026-10-05T12:04:57.8602064Z         "size": 153294,
2026-10-05T12:04:57.8602117Z         "mode": 420
2026-10-05T12:04:57.8602164Z       },
2026-10-05T12:04:57.8602214Z       {
2026-10-05T12:04:57.8602522Z         "path": "generated/plugins/copilot/agdf/runtime/create-agdf/generated/plugins/agdf/meta/agdf-plugin.definition.json",
2026-10-05T12:04:57.8602577Z         "size": 18450,
2026-10-05T12:04:57.8602630Z         "mode": 420
2026-10-05T12:04:57.8602681Z       },
2026-10-05T12:04:57.8602730Z       {
2026-10-05T12:04:57.8602953Z         "path": "generated/plugins/copilot/agdf/runtime/create-agdf/generated/plugins/agdf/meta/contracts/closeout.md",
2026-10-05T12:04:57.8603008Z         "size": 4196,
2026-10-05T12:04:57.8603066Z         "mode": 420
2026-10-05T12:04:57.8603116Z       },
2026-10-05T12:04:57.8603163Z       {
2026-10-05T12:04:57.8603529Z         "path": "generated/plugins/copilot/agdf/runtime/create-agdf/generated/plugins/agdf/meta/contracts/context-graph.md",
2026-10-05T12:04:57.8603586Z         "size": 2512,
2026-10-05T12:04:57.8603640Z         "mode": 420
2026-10-05T12:04:57.8603688Z       },
2026-10-05T12:04:57.8603738Z       {
2026-10-05T12:04:57.8603980Z         "path": "generated/plugins/copilot/agdf/runtime/create-agdf/generated/plugins/agdf/meta/contracts/control-scaffold.md",
2026-10-05T12:04:57.8604039Z         "size": 11537,
2026-10-05T12:04:57.8604090Z         "mode": 420
2026-10-05T12:04:57.8604141Z       },
2026-10-05T12:04:57.8604192Z       {
2026-10-05T12:04:57.8604453Z         "path": "generated/plugins/copilot/agdf/runtime/create-agdf/generated/plugins/agdf/meta/contracts/gate-artifact-preparation.md",
2026-10-05T12:04:57.8604509Z         "size": 5731,
2026-10-05T12:04:57.8604651Z         "mode": 420
2026-10-05T12:04:57.8604700Z       },
2026-10-05T12:04:57.8604750Z       {
2026-10-05T12:04:57.8604986Z         "path": "generated/plugins/copilot/agdf/runtime/create-agdf/generated/plugins/agdf/meta/contracts/gate-transition.md",
2026-10-05T12:04:57.8605041Z         "size": 17966,
2026-10-05T12:04:57.8605092Z         "mode": 420
2026-10-05T12:04:57.8605143Z       },
2026-10-05T12:04:57.8605194Z       {
2026-10-05T12:04:57.8605420Z         "path": "generated/plugins/copilot/agdf/runtime/create-agdf/generated/plugins/agdf/meta/contracts/interaction.md",
2026-10-05T12:04:57.8605477Z         "size": 46617,
2026-10-05T12:04:57.8605532Z         "mode": 420
2026-10-05T12:04:57.8605584Z       },
2026-10-05T12:04:57.8605632Z       {
2026-10-05T12:04:57.8605847Z         "path": "generated/plugins/copilot/agdf/runtime/create-agdf/generated/plugins/agdf/meta/contracts/modes.md",
2026-10-05T12:04:57.8605902Z         "size": 12906,
2026-10-05T12:04:57.8605955Z         "mode": 420
2026-10-05T12:04:57.8606009Z       },
2026-10-05T12:04:57.8606063Z       {
2026-10-05T12:04:57.8606297Z         "path": "generated/plugins/copilot/agdf/runtime/create-agdf/generated/plugins/agdf/meta/contracts/prd-definition.md",
2026-10-05T12:04:57.8606349Z         "size": 5034,
2026-10-05T12:04:57.8606402Z         "mode": 420
2026-10-05T12:04:57.8606452Z       },
2026-10-05T12:04:57.8606499Z       {
2026-10-05T12:04:57.8606721Z         "path": "generated/plugins/copilot/agdf/runtime/create-agdf/generated/plugins/agdf/meta/contracts/quality.md",
2026-10-05T12:04:57.8606779Z         "size": 8692,
2026-10-05T12:04:57.8606832Z         "mode": 420
2026-10-05T12:04:57.8606880Z       },
2026-10-05T12:04:57.8606931Z       {
2026-10-05T12:04:57.8607177Z         "path": "generated/plugins/copilot/agdf/runtime/create-agdf/generated/plugins/agdf/meta/contracts/request-activation.md",
2026-10-05T12:04:57.8607230Z         "size": 18822,
2026-10-05T12:04:57.8607283Z         "mode": 420
2026-10-05T12:04:57.8607334Z       },
2026-10-05T12:04:57.8607381Z       {
2026-10-05T12:04:57.8607617Z         "path": "generated/plugins/copilot/agdf/runtime/create-agdf/generated/plugins/agdf/meta/contracts/sd-definition.md",
2026-10-05T12:04:57.8607673Z         "size": 4617,
2026-10-05T12:04:57.8607726Z         "mode": 420
2026-10-05T12:04:57.8607775Z       },
2026-10-05T12:04:57.8607825Z       {
2026-10-05T12:04:57.8608081Z         "path": "generated/plugins/copilot/agdf/runtime/create-agdf/generated/plugins/agdf/meta/contracts/task-target-resolution.md",
2026-10-05T12:04:57.8608217Z         "size": 8919,
2026-10-05T12:04:57.8608271Z         "mode": 420
2026-10-05T12:04:57.8608322Z       },
2026-10-05T12:04:57.8608372Z       {
2026-10-05T12:04:57.8608603Z         "path": "generated/plugins/copilot/agdf/runtime/create-agdf/generated/plugins/agdf/meta/contracts/ur-definition.md",
2026-10-05T12:04:57.8608658Z         "size": 3139,
2026-10-05T12:04:57.8608711Z         "mode": 420
2026-10-05T12:04:57.8608759Z       },
2026-10-05T12:04:57.8608807Z       {
2026-10-05T12:04:57.8608987Z         "path": "generated/plugins/copilot/agdf/runtime/create-agdf/lib/cli/command-registry.js",
2026-10-05T12:04:57.8609044Z         "size": 25352,
2026-10-05T12:04:57.8609095Z         "mode": 420
2026-10-05T12:04:57.8609146Z       },
2026-10-05T12:04:57.8609198Z       {
2026-10-05T12:04:57.8609371Z         "path": "generated/plugins/copilot/agdf/runtime/create-agdf/lib/cli/contract-command.js",
2026-10-05T12:04:57.8609427Z         "size": 1796,
2026-10-05T12:04:57.8609481Z         "mode": 420
2026-10-05T12:04:57.8609533Z       },
2026-10-05T12:04:57.8609584Z       {
2026-10-05T12:04:57.8609793Z         "path": "generated/plugins/copilot/agdf/runtime/create-agdf/lib/cli/control-maintenance-command.js",
2026-10-05T12:04:57.8609850Z         "size": 2514,
2026-10-05T12:04:57.8609901Z         "mode": 420
2026-10-05T12:04:57.8609951Z       },
2026-10-05T12:04:57.8610002Z       {
2026-10-05T12:04:57.8610264Z         "path": "generated/plugins/copilot/agdf/runtime/create-agdf/lib/cli/delivery-path-search-command.js",
2026-10-05T12:04:57.8610320Z         "size": 9065,
2026-10-05T12:04:57.8610375Z         "mode": 420
2026-10-05T12:04:57.8610427Z       },
2026-10-05T12:04:57.8610477Z       {
2026-10-05T12:04:57.8610645Z         "path": "generated/plugins/copilot/agdf/runtime/create-agdf/lib/cli/parse-args.js",
2026-10-05T12:04:57.8610702Z         "size": 13953,
2026-10-05T12:04:57.8610754Z         "mode": 420
2026-10-05T12:04:57.8610806Z       },
2026-10-05T12:04:57.8610857Z       {
2026-10-05T12:04:57.8611034Z         "path": "generated/plugins/copilot/agdf/runtime/create-agdf/lib/cli/runtime-context.js",
2026-10-05T12:04:57.8611089Z         "size": 2217,
2026-10-05T12:04:57.8611146Z         "mode": 420
2026-10-05T12:04:57.8611199Z       },
2026-10-05T12:04:57.8611247Z       {
2026-10-05T12:04:57.8611431Z         "path": "generated/plugins/copilot/agdf/runtime/create-agdf/lib/cli/validation-handlers.js",
2026-10-05T12:04:57.8611488Z         "size": 11734,
2026-10-05T12:04:57.8611541Z         "mode": 420
2026-10-05T12:04:57.8611596Z       },
2026-10-05T12:04:57.8611648Z       {
2026-10-05T12:04:57.8611813Z         "path": "generated/plugins/copilot/agdf/runtime/create-agdf/lib/control-command.js",
2026-10-05T12:04:57.8611866Z         "size": 413,
2026-10-05T12:04:57.8611919Z         "mode": 420
2026-10-05T12:04:57.8611969Z       },
2026-10-05T12:04:57.8612018Z       {
2026-10-05T12:04:57.8612227Z         "path": "generated/plugins/copilot/agdf/runtime/create-agdf/lib/control-evaluation/git-observation.js",
2026-10-05T12:04:57.8612284Z         "size": 641,
2026-10-05T12:04:57.8612337Z         "mode": 420
2026-10-05T12:04:57.8612386Z       },
2026-10-05T12:04:57.8612435Z       {
2026-10-05T12:04:57.8612636Z         "path": "generated/plugins/copilot/agdf/runtime/create-agdf/lib/control-maintenance/interaction.js",
2026-10-05T12:04:57.8612688Z         "size": 1279,
2026-10-05T12:04:57.8612743Z         "mode": 420
2026-10-05T12:04:57.8612793Z       },
2026-10-05T12:04:57.8612841Z       {
2026-10-05T12:04:57.8613037Z         "path": "generated/plugins/copilot/agdf/runtime/create-agdf/lib/control-maintenance/repair.js",
2026-10-05T12:04:57.8613092Z         "size": 421,
2026-10-05T12:04:57.8613146Z         "mode": 420
2026-10-05T12:04:57.8613195Z       },
2026-10-05T12:04:57.8613245Z       {
2026-10-05T12:04:57.8613562Z         "path": "generated/plugins/copilot/agdf/runtime/create-agdf/lib/control-maintenance/service.js",
2026-10-05T12:04:57.8613615Z         "size": 264,
2026-10-05T12:04:57.8613671Z         "mode": 420
2026-10-05T12:04:57.8613817Z       },
2026-10-05T12:04:57.8613867Z       {
2026-10-05T12:04:57.8614055Z         "path": "generated/plugins/copilot/agdf/runtime/create-agdf/lib/control-maintenance/startup.js",
2026-10-05T12:04:57.8614111Z         "size": 1683,
2026-10-05T12:04:57.8614164Z         "mode": 420
2026-10-05T12:04:57.8614213Z       },
2026-10-05T12:04:57.8614264Z       {
2026-10-05T12:04:57.8614451Z         "path": "generated/plugins/copilot/agdf/runtime/create-agdf/lib/control-state/run-recovery.js",
2026-10-05T12:04:57.8614505Z         "size": 526,
2026-10-05T12:04:57.8614560Z         "mode": 420
2026-10-05T12:04:57.8614611Z       },
2026-10-05T12:04:57.8614661Z       {
2026-10-05T12:04:57.8614876Z         "path": "generated/plugins/copilot/agdf/runtime/create-agdf/lib/delivery-path-search/evaluators/claude.js",
2026-10-05T12:04:57.8614932Z         "size": 1525,
2026-10-05T12:04:57.8614985Z         "mode": 420
2026-10-05T12:04:57.8615034Z       },
2026-10-05T12:04:57.8615084Z       {
2026-10-05T12:04:57.8615301Z         "path": "generated/plugins/copilot/agdf/runtime/create-agdf/lib/delivery-path-search/evaluators/codex.js",
2026-10-05T12:04:57.8615356Z         "size": 1919,
2026-10-05T12:04:57.8615407Z         "mode": 420
2026-10-05T12:04:57.8615457Z       },
2026-10-05T12:04:57.8615508Z       {
2026-10-05T12:04:57.8615727Z         "path": "generated/plugins/copilot/agdf/runtime/create-agdf/lib/delivery-path-search/evaluators/opencode.js",
2026-10-05T12:04:57.8615783Z         "size": 8924,
2026-10-05T12:04:57.8615916Z         "mode": 420
2026-10-05T12:04:57.8615968Z       },
2026-10-05T12:04:57.8616016Z       {
2026-10-05T12:04:57.8616230Z         "path": "generated/plugins/copilot/agdf/runtime/create-agdf/lib/delivery-path-search/evaluators/prompt.js",
2026-10-05T12:04:57.8616285Z         "size": 753,
2026-10-05T12:04:57.8616336Z         "mode": 420
2026-10-05T12:04:57.8616388Z       },
2026-10-05T12:04:57.8616440Z       {
2026-10-05T12:04:57.8616654Z         "path": "generated/plugins/copilot/agdf/runtime/create-agdf/lib/delivery-path-search/evaluators/protocol.js",
2026-10-05T12:04:57.8616712Z         "size": 470,
2026-10-05T12:04:57.8616764Z         "mode": 420
2026-10-05T12:04:57.8616815Z       },
2026-10-05T12:04:57.8616864Z       {
2026-10-05T12:04:57.8617077Z         "path": "generated/plugins/copilot/agdf/runtime/create-agdf/lib/delivery-path-search/generators/claude.js",
2026-10-05T12:04:57.8617132Z         "size": 2203,
2026-10-05T12:04:57.8617183Z         "mode": 420
2026-10-05T12:04:57.8617237Z       },
2026-10-05T12:04:57.8617288Z       {
2026-10-05T12:04:57.8617497Z         "path": "generated/plugins/copilot/agdf/runtime/create-agdf/lib/delivery-path-search/generators/codex.js",
2026-10-05T12:04:57.8617550Z         "size": 2187,
2026-10-05T12:04:57.8617604Z         "mode": 420
2026-10-05T12:04:57.8617655Z       },
2026-10-05T12:04:57.8617703Z       {
2026-10-05T12:04:57.8617922Z         "path": "generated/plugins/copilot/agdf/runtime/create-agdf/lib/delivery-path-search/generators/protocol.js",
2026-10-05T12:04:57.8617978Z         "size": 389,
2026-10-05T12:04:57.8618032Z         "mode": 420
2026-10-05T12:04:57.8618080Z       },
2026-10-05T12:04:57.8618130Z       {
2026-10-05T12:04:57.8618358Z         "path": "generated/plugins/copilot/agdf/runtime/create-agdf/lib/delivery-path-search/surfaces/capabilities.js",
2026-10-05T12:04:57.8618410Z         "size": 1161,
2026-10-05T12:04:57.8618464Z         "mode": 420
2026-10-05T12:04:57.8618514Z       },
2026-10-05T12:04:57.8618561Z       {
2026-10-05T12:04:57.8618804Z         "path": "generated/plugins/copilot/agdf/runtime/create-agdf/lib/delivery-path-search/transports/read-only-guard.js",
2026-10-05T12:04:57.8618858Z         "size": 1271,
2026-10-05T12:04:57.8618911Z         "mode": 420
2026-10-05T12:04:57.8618959Z       },
2026-10-05T12:04:57.8619010Z       {
2026-10-05T12:04:57.8619220Z         "path": "generated/plugins/copilot/agdf/runtime/create-agdf/lib/host-adapters/claude/session-command.js",
2026-10-05T12:04:57.8619273Z         "size": 165,
2026-10-05T12:04:57.8619387Z         "mode": 420
2026-10-05T12:04:57.8619439Z       },
2026-10-05T12:04:57.8619490Z       {
2026-10-05T12:04:57.8619696Z         "path": "generated/plugins/copilot/agdf/runtime/create-agdf/lib/host-adapters/codex/session-command.js",
2026-10-05T12:04:57.8619751Z         "size": 455,
2026-10-05T12:04:57.8619806Z         "mode": 420
2026-10-05T12:04:57.8619855Z       },
2026-10-05T12:04:57.8619908Z       {
2026-10-05T12:04:57.8620119Z         "path": "generated/plugins/copilot/agdf/runtime/create-agdf/lib/host-adapters/copilot/session-command.js",
2026-10-05T12:04:57.8620173Z         "size": 91,
2026-10-05T12:04:57.8620224Z         "mode": 420
2026-10-05T12:04:57.8620275Z       },
2026-10-05T12:04:57.8620326Z       {
2026-10-05T12:04:57.8620534Z         "path": "generated/plugins/copilot/agdf/runtime/create-agdf/lib/host-adapters/opencode/session-command.js",
2026-10-05T12:04:57.8620589Z         "size": 76,
2026-10-05T12:04:57.8620643Z         "mode": 420
2026-10-05T12:04:57.8620696Z       },
2026-10-05T12:04:57.8620773Z       {
2026-10-05T12:04:57.8620970Z         "path": "generated/plugins/copilot/agdf/runtime/create-agdf/lib/host-adapters/session-command.js",
2026-10-05T12:04:57.8621026Z         "size": 609,
2026-10-05T12:04:57.8621077Z         "mode": 420
2026-10-05T12:04:57.8621128Z       },
2026-10-05T12:04:57.8621178Z       {
2026-10-05T12:04:57.8621338Z         "path": "generated/plugins/copilot/agdf/runtime/create-agdf/lib/host-command.js",
2026-10-05T12:04:57.8621454Z         "size": 5591,
2026-10-05T12:04:57.8621508Z         "mode": 420
2026-10-05T12:04:57.8621559Z       },
2026-10-05T12:04:57.8621606Z       {
2026-10-05T12:04:57.8621784Z         "path": "generated/plugins/copilot/agdf/runtime/create-agdf/lib/mcp-dispatch-runtime.js",
2026-10-05T12:04:57.8621840Z         "size": 7671,
2026-10-05T12:04:57.8621890Z         "mode": 420
2026-10-05T12:04:57.8621939Z       },
2026-10-05T12:04:57.8621989Z       {
2026-10-05T12:04:57.8622165Z         "path": "generated/plugins/copilot/agdf/runtime/create-agdf/lib/mcp-lifecycle/package.js",
2026-10-05T12:04:57.8622219Z         "size": 16097,
2026-10-05T12:04:57.8622273Z         "mode": 420
2026-10-05T12:04:57.8622324Z       },
2026-10-05T12:04:57.8622371Z       {
2026-10-05T12:04:57.8622568Z         "path": "generated/plugins/copilot/agdf/runtime/create-agdf/lib/mcp-lifecycle/plugin-runtime.js",
2026-10-05T12:04:57.8622623Z         "size": 12833,
2026-10-05T12:04:57.8622675Z         "mode": 420
2026-10-05T12:04:57.8622725Z       },
2026-10-05T12:04:57.8622777Z       {
2026-10-05T12:04:57.8622942Z         "path": "generated/plugins/copilot/agdf/runtime/create-agdf/lib/npm-invocation.js",
2026-10-05T12:04:57.8622994Z         "size": 969,
2026-10-05T12:04:57.8623048Z         "mode": 420
2026-10-05T12:04:57.8623098Z       },
2026-10-05T12:04:57.8623147Z       {
2026-10-05T12:04:57.8623320Z         "path": "generated/plugins/copilot/agdf/runtime/create-agdf/lib/repository-context.js",
2026-10-05T12:04:57.8623520Z         "size": 3033,
2026-10-05T12:04:57.8623614Z         "mode": 420
2026-10-05T12:04:57.8623689Z       },
2026-10-05T12:04:57.8623740Z       {
2026-10-05T12:04:57.8623943Z         "path": "generated/plugins/copilot/agdf/runtime/create-agdf/lib/runtime-check-consent/contract.js",
2026-10-05T12:04:57.8623995Z         "size": 3925,
2026-10-05T12:04:57.8624049Z         "mode": 420
2026-10-05T12:04:57.8624099Z       },
2026-10-05T12:04:57.8624146Z       {
2026-10-05T12:04:57.8624351Z         "path": "generated/plugins/copilot/agdf/runtime/create-agdf/lib/runtime/control-command-service.js",
2026-10-05T12:04:57.8624405Z         "size": 607,
2026-10-05T12:04:57.8624457Z         "mode": 420
2026-10-05T12:04:57.8624505Z       },
2026-10-05T12:04:57.8624560Z       {
2026-10-05T12:04:57.8624740Z         "path": "generated/plugins/copilot/agdf/runtime/create-agdf/lib/runtime/control-context.js",
2026-10-05T12:04:57.8624794Z         "size": 904,
2026-10-05T12:04:57.8624846Z         "mode": 420
2026-10-05T12:04:57.8624895Z       },
2026-10-05T12:04:57.8625098Z       {
2026-10-05T12:04:57.8625288Z         "path": "generated/plugins/copilot/agdf/runtime/create-agdf/lib/runtime/git-history.js",
2026-10-05T12:04:57.8625341Z         "size": 510,
2026-10-05T12:04:57.8625393Z         "mode": 420
2026-10-05T12:04:57.8625443Z       },
2026-10-05T12:04:57.8625492Z       {
2026-10-05T12:04:57.8625664Z         "path": "generated/plugins/copilot/agdf/runtime/create-agdf/lib/runtime/git-originals.js",
2026-10-05T12:04:57.8625721Z         "size": 2213,
2026-10-05T12:04:57.8625776Z         "mode": 420
2026-10-05T12:04:57.8625824Z       },
2026-10-05T12:04:57.8625873Z       {
2026-10-05T12:04:57.8626054Z         "path": "generated/plugins/copilot/agdf/runtime/create-agdf/lib/runtime/local-validator.js",
2026-10-05T12:04:57.8626110Z         "size": 14029,
2026-10-05T12:04:57.8626161Z         "mode": 420
2026-10-05T12:04:57.8626211Z       },
2026-10-05T12:04:57.8626260Z       {
2026-10-05T12:04:57.8626447Z         "path": "generated/plugins/copilot/agdf/runtime/create-agdf/lib/runtime/plugin-provenance.js",
2026-10-05T12:04:57.8626504Z         "size": 57,
2026-10-05T12:04:57.8626557Z         "mode": 420
2026-10-05T12:04:57.8626609Z       },
2026-10-05T12:04:57.8626657Z       {
2026-10-05T12:04:57.8626835Z         "path": "generated/plugins/copilot/agdf/runtime/create-agdf/lib/runtime/runtime-probe.js",
2026-10-05T12:04:57.8626891Z         "size": 3045,
2026-10-05T12:04:57.8626941Z         "mode": 420
2026-10-05T12:04:57.8626992Z       },
2026-10-05T12:04:57.8627042Z       {
2026-10-05T12:04:57.8627325Z         "path": "generated/plugins/copilot/agdf/runtime/create-agdf/lib/runtime/validator-application.js",
2026-10-05T12:04:57.8627380Z         "size": 1823,
2026-10-05T12:04:57.8627433Z         "mode": 420
2026-10-05T12:04:57.8627484Z       },
2026-10-05T12:04:57.8627532Z       {
2026-10-05T12:04:57.8627710Z         "path": "generated/plugins/copilot/agdf/runtime/create-agdf/lib/skill-dispatch/binding.js",
2026-10-05T12:04:57.8627764Z         "size": 642,
2026-10-05T12:04:57.8627819Z         "mode": 420
2026-10-05T12:04:57.8627870Z       },
2026-10-05T12:04:57.8627921Z       {
2026-10-05T12:04:57.8628054Z         "path": "generated/plugins/copilot/agdf/runtime/create-agdf/NOTICE",
2026-10-05T12:04:57.8628107Z         "size": 422,
2026-10-05T12:04:57.8628159Z         "mode": 420
2026-10-05T12:04:57.8628209Z       },
2026-10-05T12:04:57.8628256Z       {
2026-10-05T12:04:57.8628401Z         "path": "generated/plugins/copilot/agdf/runtime/create-agdf/package.json",
2026-10-05T12:04:57.8628459Z         "size": 220,
2026-10-05T12:04:57.8628512Z         "mode": 420
2026-10-05T12:04:57.8628561Z       },
2026-10-05T12:04:57.8628615Z       {
2026-10-05T12:04:57.8628847Z         "path": "generated/plugins/copilot/agdf/runtime/create-agdf/runtime/core/lib/control-evaluation/delivery-map.js",
2026-10-05T12:04:57.8628901Z         "size": 13111,
2026-10-05T12:04:57.8628953Z         "mode": 420
2026-10-05T12:04:57.8629004Z       },
2026-10-05T12:04:57.8629052Z       {
2026-10-05T12:04:57.8629310Z         "path": "generated/plugins/copilot/agdf/runtime/create-agdf/runtime/core/lib/control-evaluation/delivery-relationships.js",
2026-10-05T12:04:57.8629366Z         "size": 1370,
2026-10-05T12:04:57.8629419Z         "mode": 420
2026-10-05T12:04:57.8629467Z       },
2026-10-05T12:04:57.8629517Z       {
2026-10-05T12:04:57.8629729Z         "path": "generated/plugins/copilot/agdf/runtime/create-agdf/runtime/core/lib/control-evaluation/doctor.js",
2026-10-05T12:04:57.8629782Z         "size": 14393,
2026-10-05T12:04:57.8629838Z         "mode": 420
2026-10-05T12:04:57.8629888Z       },
2026-10-05T12:04:57.8629939Z       {
2026-10-05T12:04:57.8630158Z         "path": "generated/plugins/copilot/agdf/runtime/create-agdf/runtime/core/lib/control-evaluation/gate-check.js",
2026-10-05T12:04:57.8630214Z         "size": 37366,
2026-10-05T12:04:57.8630267Z         "mode": 420
2026-10-05T12:04:57.8630317Z       },
2026-10-05T12:04:57.8630367Z       {
2026-10-05T12:04:57.8630593Z         "path": "generated/plugins/copilot/agdf/runtime/create-agdf/runtime/core/lib/control-evaluation/gate-policy.js",
2026-10-05T12:04:57.8630711Z         "size": 17824,
2026-10-05T12:04:57.8630763Z         "mode": 420
2026-10-05T12:04:57.8630814Z       },
2026-10-05T12:04:57.8630865Z       {
2026-10-05T12:04:57.8631116Z         "path": "generated/plugins/copilot/agdf/runtime/create-agdf/runtime/core/lib/control-evaluation/parent-reconciliation.js",
2026-10-05T12:04:57.8631172Z         "size": 10121,
2026-10-05T12:04:57.8631226Z         "mode": 420
2026-10-05T12:04:57.8631277Z       },
2026-10-05T12:04:57.8631328Z       {
2026-10-05T12:04:57.8631560Z         "path": "generated/plugins/copilot/agdf/runtime/create-agdf/runtime/core/lib/control-evaluation/prd-readiness.js",
2026-10-05T12:04:57.8631616Z         "size": 2268,
2026-10-05T12:04:57.8631667Z         "mode": 420
2026-10-05T12:04:57.8631718Z       },
2026-10-05T12:04:57.8631769Z       {
2026-10-05T12:04:57.8632000Z         "path": "generated/plugins/copilot/agdf/runtime/create-agdf/runtime/core/lib/control-evaluation/required-files.js",
2026-10-05T12:04:57.8632058Z         "size": 337,
2026-10-05T12:04:57.8632111Z         "mode": 420
2026-10-05T12:04:57.8632161Z       },
2026-10-05T12:04:57.8632210Z       {
2026-10-05T12:04:57.8632433Z         "path": "generated/plugins/copilot/agdf/runtime/create-agdf/runtime/core/lib/control-evaluation/run-state.js",
2026-10-05T12:04:57.8632489Z         "size": 11605,
2026-10-05T12:04:57.8632540Z         "mode": 420
2026-10-05T12:04:57.8632590Z       },
2026-10-05T12:04:57.8632699Z       {
2026-10-05T12:04:57.8632939Z         "path": "generated/plugins/copilot/agdf/runtime/create-agdf/runtime/core/lib/control-evaluation/run-step-policy.js",
2026-10-05T12:04:57.8632992Z         "size": 1382,
2026-10-05T12:04:57.8633048Z         "mode": 420
2026-10-05T12:04:57.8633099Z       },
2026-10-05T12:04:57.8633147Z       {
2026-10-05T12:04:57.8633520Z         "path": "generated/plugins/copilot/agdf/runtime/create-agdf/runtime/core/lib/control-evaluation/sd-readiness.js",
2026-10-05T12:04:57.8633587Z         "size": 2561,
2026-10-05T12:04:57.8633640Z         "mode": 420
2026-10-05T12:04:57.8633688Z       },
2026-10-05T12:04:57.8633737Z       {
2026-10-05T12:04:57.8633950Z         "path": "generated/plugins/copilot/agdf/runtime/create-agdf/runtime/core/lib/control-evaluation/shared.js",
2026-10-05T12:04:57.8634003Z         "size": 10972,
2026-10-05T12:04:57.8634058Z         "mode": 420
2026-10-05T12:04:57.8634110Z       },
2026-10-05T12:04:57.8634158Z       {
2026-10-05T12:04:57.8634412Z         "path": "generated/plugins/copilot/agdf/runtime/create-agdf/runtime/core/lib/control-evaluation/traceability-readiness.js",
2026-10-05T12:04:57.8634470Z         "size": 13831,
2026-10-05T12:04:57.8634525Z         "mode": 420
2026-10-05T12:04:57.8634572Z       },
2026-10-05T12:04:57.8634622Z       {
2026-10-05T12:04:57.8634852Z         "path": "generated/plugins/copilot/agdf/runtime/create-agdf/runtime/core/lib/control-evaluation/ur-readiness.js",
2026-10-05T12:04:57.8634908Z         "size": 2045,
2026-10-05T12:04:57.8634961Z         "mode": 420
2026-10-05T12:04:57.8635012Z       },
2026-10-05T12:04:57.8635063Z       {
2026-10-05T12:04:57.8635294Z         "path": "generated/plugins/copilot/agdf/runtime/create-agdf/runtime/core/lib/control-evaluation/verified-change.js",
2026-10-05T12:04:57.8635351Z         "size": 12119,
2026-10-05T12:04:57.8635404Z         "mode": 420
2026-10-05T12:04:57.8635453Z       },
2026-10-05T12:04:57.8635502Z       {
2026-10-05T12:04:57.8635717Z         "path": "generated/plugins/copilot/agdf/runtime/create-agdf/runtime/core/lib/control-inspect/contract.js",
2026-10-05T12:04:57.8635772Z         "size": 13500,
2026-10-05T12:04:57.8635823Z         "mode": 420
2026-10-05T12:04:57.8635879Z       },
2026-10-05T12:04:57.8635929Z       {
2026-10-05T12:04:57.8636140Z         "path": "generated/plugins/copilot/agdf/runtime/create-agdf/runtime/core/lib/control-inspect/selection.js",
2026-10-05T12:04:57.8636194Z         "size": 1788,
2026-10-05T12:04:57.8636375Z         "mode": 420
2026-10-05T12:04:57.8636425Z       },
2026-10-05T12:04:57.8636473Z       {
2026-10-05T12:04:57.8636682Z         "path": "generated/plugins/copilot/agdf/runtime/create-agdf/runtime/core/lib/control-inspect/service.js",
2026-10-05T12:04:57.8636737Z         "size": 12577,
2026-10-05T12:04:57.8636788Z         "mode": 420
2026-10-05T12:04:57.8636839Z       },
2026-10-05T12:04:57.8636890Z       {
2026-10-05T12:04:57.8637122Z         "path": "generated/plugins/copilot/agdf/runtime/create-agdf/runtime/core/lib/control-maintenance/compatibility.js",
2026-10-05T12:04:57.8637177Z         "size": 8412,
2026-10-05T12:04:57.8637230Z         "mode": 420
2026-10-05T12:04:57.8637280Z       },
2026-10-05T12:04:57.8637327Z       {
2026-10-05T12:04:57.8637546Z         "path": "generated/plugins/copilot/agdf/runtime/create-agdf/runtime/core/lib/control-maintenance/contract.js",
2026-10-05T12:04:57.8637602Z         "size": 2342,
2026-10-05T12:04:57.8637653Z         "mode": 420
2026-10-05T12:04:57.8637704Z       },
2026-10-05T12:04:57.8637759Z       {
2026-10-05T12:04:57.8637984Z         "path": "generated/plugins/copilot/agdf/runtime/create-agdf/runtime/core/lib/control-maintenance/interaction.js",
2026-10-05T12:04:57.8638037Z         "size": 3207,
2026-10-05T12:04:57.8638090Z         "mode": 420
2026-10-05T12:04:57.8638141Z       },
2026-10-05T12:04:57.8638188Z       {
2026-10-05T12:04:57.8638411Z         "path": "generated/plugins/copilot/agdf/runtime/create-agdf/runtime/core/lib/control-maintenance/migration.js",
2026-10-05T12:04:57.8638553Z         "size": 5383,
2026-10-05T12:04:57.8638607Z         "mode": 420
2026-10-05T12:04:57.8638656Z       },
2026-10-05T12:04:57.8638706Z       {
2026-10-05T12:04:57.8638935Z         "path": "generated/plugins/copilot/agdf/runtime/create-agdf/runtime/core/lib/control-maintenance/presentation.js",
2026-10-05T12:04:57.8638987Z         "size": 8246,
2026-10-05T12:04:57.8639041Z         "mode": 420
2026-10-05T12:04:57.8639092Z       },
2026-10-05T12:04:57.8639139Z       {
2026-10-05T12:04:57.8639356Z         "path": "generated/plugins/copilot/agdf/runtime/create-agdf/runtime/core/lib/control-maintenance/repair.js",
2026-10-05T12:04:57.8639412Z         "size": 13216,
2026-10-05T12:04:57.8639466Z         "mode": 420
2026-10-05T12:04:57.8639515Z       },
2026-10-05T12:04:57.8639565Z       {
2026-10-05T12:04:57.8639781Z         "path": "generated/plugins/copilot/agdf/runtime/create-agdf/runtime/core/lib/control-maintenance/service.js",
2026-10-05T12:04:57.8639835Z         "size": 2412,
2026-10-05T12:04:57.8639888Z         "mode": 420
2026-10-05T12:04:57.8639939Z       },
2026-10-05T12:04:57.8639989Z       {
2026-10-05T12:04:57.8640194Z         "path": "generated/plugins/copilot/agdf/runtime/create-agdf/runtime/core/lib/control-read-boundary.js",
2026-10-05T12:04:57.8640250Z         "size": 906,
2026-10-05T12:04:57.8640305Z         "mode": 420
2026-10-05T12:04:57.8640354Z       },
2026-10-05T12:04:57.8640404Z       {
2026-10-05T12:04:57.8640610Z         "path": "generated/plugins/copilot/agdf/runtime/create-agdf/runtime/core/lib/control-state/aggregate.js",
2026-10-05T12:04:57.8640667Z         "size": 503,
2026-10-05T12:04:57.8640717Z         "mode": 420
2026-10-05T12:04:57.8640768Z       },
2026-10-05T12:04:57.8640819Z       {
2026-10-05T12:04:57.8641062Z         "path": "generated/plugins/copilot/agdf/runtime/create-agdf/runtime/core/lib/control-state/approval-command-contract.js",
2026-10-05T12:04:57.8641117Z         "size": 3748,
2026-10-05T12:04:57.8641170Z         "mode": 420
2026-10-05T12:04:57.8641223Z       },
2026-10-05T12:04:57.8641271Z       {
2026-10-05T12:04:57.8641496Z         "path": "generated/plugins/copilot/agdf/runtime/create-agdf/runtime/core/lib/control-state/approval-command.js",
2026-10-05T12:04:57.8641554Z         "size": 8139,
2026-10-05T12:04:57.8641605Z         "mode": 420
2026-10-05T12:04:57.8641655Z       },
2026-10-05T12:04:57.8641706Z       {
2026-10-05T12:04:57.8641940Z         "path": "generated/plugins/copilot/agdf/runtime/create-agdf/runtime/core/lib/control-state/approval-operations.js",
2026-10-05T12:04:57.8642054Z         "size": 6088,
2026-10-05T12:04:57.8642106Z         "mode": 420
2026-10-05T12:04:57.8642156Z       },
2026-10-05T12:04:57.8642204Z       {
2026-10-05T12:04:57.8642444Z         "path": "generated/plugins/copilot/agdf/runtime/create-agdf/runtime/core/lib/control-state/artefact-binding-proof.js",
2026-10-05T12:04:57.8642500Z         "size": 4880,
2026-10-05T12:04:57.8642551Z         "mode": 420
2026-10-05T12:04:57.8642601Z       },
2026-10-05T12:04:57.8642653Z       {
2026-10-05T12:04:57.8642879Z         "path": "generated/plugins/copilot/agdf/runtime/create-agdf/runtime/core/lib/control-state/artefact-bindings.js",
2026-10-05T12:04:57.8642932Z         "size": 6925,
2026-10-05T12:04:57.8642984Z         "mode": 420
2026-10-05T12:04:57.8643034Z       },
2026-10-05T12:04:57.8643082Z       {
2026-10-05T12:04:57.8643300Z         "path": "generated/plugins/copilot/agdf/runtime/create-agdf/runtime/core/lib/control-state/contained-file.js",
2026-10-05T12:04:57.8643356Z         "size": 2204,
2026-10-05T12:04:57.8643492Z         "mode": 420
2026-10-05T12:04:57.8643541Z       },
2026-10-05T12:04:57.8643592Z       {
2026-10-05T12:04:57.8643826Z         "path": "generated/plugins/copilot/agdf/runtime/create-agdf/runtime/core/lib/control-state/control-configuration.js",
2026-10-05T12:04:57.8643878Z         "size": 1072,
2026-10-05T12:04:57.8643931Z         "mode": 420
2026-10-05T12:04:57.8643981Z       },
2026-10-05T12:04:57.8644031Z       {
2026-10-05T12:04:57.8644354Z         "path": "generated/plugins/copilot/agdf/runtime/create-agdf/runtime/core/lib/control-state/gate-approval-validator.js",
2026-10-05T12:04:57.8644409Z         "size": 1704,
2026-10-05T12:04:57.8644461Z         "mode": 420
2026-10-05T12:04:57.8644509Z       },
2026-10-05T12:04:57.8644560Z       {
2026-10-05T12:04:57.8644761Z         "path": "generated/plugins/copilot/agdf/runtime/create-agdf/runtime/core/lib/control-state/index.js",
2026-10-05T12:04:57.8644815Z         "size": 346,
2026-10-05T12:04:57.8644870Z         "mode": 420
2026-10-05T12:04:57.8644922Z       },
2026-10-05T12:04:57.8644972Z       {
2026-10-05T12:04:57.8645192Z         "path": "generated/plugins/copilot/agdf/runtime/create-agdf/runtime/core/lib/control-state/legacy-migration.js",
2026-10-05T12:04:57.8645247Z         "size": 3088,
2026-10-05T12:04:57.8645300Z         "mode": 420
2026-10-05T12:04:57.8645349Z       },
2026-10-05T12:04:57.8645399Z       {
2026-10-05T12:04:58.1911419Z         "path": "generated/plugins/copilot/agdf/runtime/create-agdf/runtime/core/lib/control-state/legacy-projection-reader.js",
2026-10-05T12:04:58.1911978Z         "size": 1984,
2026-10-05T12:04:58.1912181Z         "mode": 420
2026-10-05T12:04:58.1912343Z       },
2026-10-05T12:04:58.1912503Z       {
2026-10-05T12:04:58.1912971Z         "path": "generated/plugins/copilot/agdf/runtime/create-agdf/runtime/core/lib/control-state/run-artefact-recording.js",
2026-10-05T12:04:58.1913665Z         "size": 6620,
2026-10-05T12:04:58.1913863Z         "mode": 420
2026-10-05T12:04:58.1914050Z       },
2026-10-05T12:04:58.1914210Z       {
2026-10-05T12:04:58.1914633Z         "path": "generated/plugins/copilot/agdf/runtime/create-agdf/runtime/core/lib/control-state/run-identity.js",
2026-10-05T12:04:58.1914990Z         "size": 573,
2026-10-05T12:04:58.1915177Z         "mode": 420
2026-10-05T12:04:58.1915355Z       },
2026-10-05T12:04:58.1915516Z       {
2026-10-05T12:04:58.1916043Z         "path": "generated/plugins/copilot/agdf/runtime/create-agdf/runtime/core/lib/control-state/run-presentation-render.js",
2026-10-05T12:04:58.1916541Z         "size": 17579,
2026-10-05T12:04:58.1916730Z         "mode": 420
2026-10-05T12:04:58.1916898Z       },
2026-10-05T12:04:58.1917069Z       {
2026-10-05T12:04:58.1917511Z         "path": "generated/plugins/copilot/agdf/runtime/create-agdf/runtime/core/lib/control-state/run-presentation.js",
2026-10-05T12:04:58.1917983Z         "size": 6777,
2026-10-05T12:04:58.1918165Z         "mode": 420
2026-10-05T12:04:58.1918342Z       },
2026-10-05T12:04:58.1918721Z       {
2026-10-05T12:04:58.1919006Z         "path": "generated/plugins/copilot/agdf/runtime/create-agdf/runtime/core/lib/control-state/run-recording.js",
2026-10-05T12:04:58.1919297Z         "size": 10751,
2026-10-05T12:04:58.1919438Z         "mode": 420
2026-10-05T12:04:58.1919553Z       },
2026-10-05T12:04:58.1919671Z       {
2026-10-05T12:04:58.1919953Z         "path": "generated/plugins/copilot/agdf/runtime/create-agdf/runtime/core/lib/control-state/run-recovery.js",
2026-10-05T12:04:58.1920259Z         "size": 17891,
2026-10-05T12:04:58.1920384Z         "mode": 420
2026-10-05T12:04:58.1920515Z       },
2026-10-05T12:04:58.1920623Z       {
2026-10-05T12:04:58.1920948Z         "path": "generated/plugins/copilot/agdf/runtime/create-agdf/runtime/core/lib/control-state/run-relationship-correction.js",
2026-10-05T12:04:58.1921271Z         "size": 5721,
2026-10-05T12:04:58.1921395Z         "mode": 420
2026-10-05T12:04:58.1921526Z       },
2026-10-05T12:04:58.1921643Z       {
2026-10-05T12:04:58.1921946Z         "path": "generated/plugins/copilot/agdf/runtime/create-agdf/runtime/core/lib/control-state/run-revision-history.js",
2026-10-05T12:04:58.1922261Z         "size": 9598,
2026-10-05T12:04:58.1922384Z         "mode": 420
2026-10-05T12:04:58.1922500Z       },
2026-10-05T12:04:58.1922617Z       {
2026-10-05T12:04:58.1922902Z         "path": "generated/plugins/copilot/agdf/runtime/create-agdf/runtime/core/lib/control-state/run-revision.js",
2026-10-05T12:04:58.1923187Z         "size": 24412,
2026-10-05T12:04:58.1923944Z         "mode": 420
2026-10-05T12:04:58.1924133Z       },
2026-10-05T12:04:58.1924240Z       {
2026-10-05T12:04:58.1924526Z         "path": "generated/plugins/copilot/agdf/runtime/create-agdf/runtime/core/lib/control-state/run-seal.js",
2026-10-05T12:04:58.1924806Z         "size": 7838,
2026-10-05T12:04:58.1924945Z         "mode": 420
2026-10-05T12:04:58.1925070Z       },
2026-10-05T12:04:58.1925174Z       {
2026-10-05T12:04:58.1925484Z         "path": "generated/plugins/copilot/agdf/runtime/create-agdf/runtime/core/lib/control-state/run-source-revisions.js",
2026-10-05T12:04:58.1925794Z         "size": 9961,
2026-10-05T12:04:58.1925915Z         "mode": 420
2026-10-05T12:04:58.1926029Z       },
2026-10-05T12:04:58.1926136Z       {
2026-10-05T12:04:58.1926432Z         "path": "generated/plugins/copilot/agdf/runtime/create-agdf/runtime/core/lib/control-state/run-state-edits.js",
2026-10-05T12:04:58.1926711Z         "size": 6233,
2026-10-05T12:04:58.1926834Z         "mode": 420
2026-10-05T12:04:58.1926966Z       },
2026-10-05T12:04:58.1927073Z       {
2026-10-05T12:04:58.1927346Z         "path": "generated/plugins/copilot/agdf/runtime/create-agdf/runtime/core/lib/control-state/run-state-parser.js",
2026-10-05T12:04:58.1927785Z         "size": 12277,
2026-10-05T12:04:58.1927966Z         "mode": 420
2026-10-05T12:04:58.1928141Z       },
2026-10-05T12:04:58.1928299Z       {
2026-10-05T12:04:58.1928775Z         "path": "generated/plugins/copilot/agdf/runtime/create-agdf/runtime/core/lib/control-state/run-state-reader.js",
2026-10-05T12:04:58.1929313Z         "size": 1875,
2026-10-05T12:04:58.1929485Z         "mode": 420
2026-10-05T12:04:58.1929619Z       },
2026-10-05T12:04:58.1929722Z       {
2026-10-05T12:04:58.1930029Z         "path": "generated/plugins/copilot/agdf/runtime/create-agdf/runtime/core/lib/control-state/run-state-repository.js",
2026-10-05T12:04:58.1930317Z         "size": 6390,
2026-10-05T12:04:58.1930437Z         "mode": 420
2026-10-05T12:04:58.1930553Z       },
2026-10-05T12:04:58.1930665Z       {
2026-10-05T12:04:58.1930938Z         "path": "generated/plugins/copilot/agdf/runtime/create-agdf/runtime/core/lib/control-state/run-state-resolver.js",
2026-10-05T12:04:58.1931221Z         "size": 1371,
2026-10-05T12:04:58.1931342Z         "mode": 420
2026-10-05T12:04:58.1931454Z       },
2026-10-05T12:04:58.1931565Z       {
2026-10-05T12:04:58.1931835Z         "path": "generated/plugins/copilot/agdf/runtime/create-agdf/runtime/core/lib/control-state/run-state-writer.js",
2026-10-05T12:04:58.1932254Z         "size": 16219,
2026-10-05T12:04:58.1932383Z         "mode": 420
2026-10-05T12:04:58.1932499Z       },
2026-10-05T12:04:58.1932610Z       {
2026-10-05T12:04:58.1932880Z         "path": "generated/plugins/copilot/agdf/runtime/create-agdf/runtime/core/lib/control-state/run-step-pending.js",
2026-10-05T12:04:58.1933164Z         "size": 620,
2026-10-05T12:04:58.1933286Z         "mode": 420
2026-10-05T12:04:58.1933554Z       },
2026-10-05T12:04:58.1933663Z       {
2026-10-05T12:04:58.1933946Z         "path": "generated/plugins/copilot/agdf/runtime/create-agdf/runtime/core/lib/control-state/run-step-transaction.js",
2026-10-05T12:04:58.1934230Z         "size": 15958,
2026-10-05T12:04:58.1934356Z         "mode": 420
2026-10-05T12:04:58.1934470Z       },
2026-10-05T12:04:58.1934576Z       {
2026-10-05T12:04:58.1934832Z         "path": "generated/plugins/copilot/agdf/runtime/create-agdf/runtime/core/lib/control-state/run-steps.js",
2026-10-05T12:04:58.1935094Z         "size": 15588,
2026-10-05T12:04:58.1935219Z         "mode": 420
2026-10-05T12:04:58.1935334Z       },
2026-10-05T12:04:58.1935438Z       {
2026-10-05T12:04:58.1935712Z         "path": "generated/plugins/copilot/agdf/runtime/create-agdf/runtime/core/lib/control-state/run-store-inspection.js",
2026-10-05T12:04:58.1935996Z         "size": 2164,
2026-10-05T12:04:58.1936116Z         "mode": 420
2026-10-05T12:04:58.1936230Z       },
2026-10-05T12:04:58.1936333Z       {
2026-10-05T12:04:58.1936703Z         "path": "generated/plugins/copilot/agdf/runtime/create-agdf/runtime/core/lib/delivery-continuation/service.js",
2026-10-05T12:04:58.1936981Z         "size": 3947,
2026-10-05T12:04:58.1937100Z         "mode": 420
2026-10-05T12:04:58.1937214Z       },
2026-10-05T12:04:58.1937317Z       {
2026-10-05T12:04:58.1937604Z         "path": "generated/plugins/copilot/agdf/runtime/create-agdf/runtime/core/lib/delivery-path-search/candidate-policy.js",
2026-10-05T12:04:58.1937903Z         "size": 3919,
2026-10-05T12:04:58.1938026Z         "mode": 420
2026-10-05T12:04:58.1938141Z       },
2026-10-05T12:04:58.1938247Z       {
2026-10-05T12:04:58.1938516Z         "path": "generated/plugins/copilot/agdf/runtime/create-agdf/runtime/core/lib/delivery-path-search/contracts.js",
2026-10-05T12:04:58.1938793Z         "size": 15955,
2026-10-05T12:04:58.1938916Z         "mode": 420
2026-10-05T12:04:58.1939029Z       },
2026-10-05T12:04:58.1939132Z       {
2026-10-05T12:04:58.1939409Z         "path": "generated/plugins/copilot/agdf/runtime/create-agdf/runtime/core/lib/delivery-path-search/persistence.js",
2026-10-05T12:04:58.1939695Z         "size": 2521,
2026-10-05T12:04:58.1939817Z         "mode": 420
2026-10-05T12:04:58.1939932Z       },
2026-10-05T12:04:58.1940038Z       {
2026-10-05T12:04:58.1940305Z         "path": "generated/plugins/copilot/agdf/runtime/create-agdf/runtime/core/lib/delivery-path-search/scoring.js",
2026-10-05T12:04:58.1940580Z         "size": 824,
2026-10-05T12:04:58.1940702Z         "mode": 420
2026-10-05T12:04:58.1940815Z       },
2026-10-05T12:04:58.1940922Z       {
2026-10-05T12:04:58.1941200Z         "path": "generated/plugins/copilot/agdf/runtime/create-agdf/runtime/core/lib/delivery-path-search/search-engine.js",
2026-10-05T12:04:58.1941486Z         "size": 11244,
2026-10-05T12:04:58.1941608Z         "mode": 420
2026-10-05T12:04:58.1941720Z       },
2026-10-05T12:04:58.1941826Z       {
2026-10-05T12:04:58.1942100Z         "path": "generated/plugins/copilot/agdf/runtime/create-agdf/runtime/core/lib/delivery-path-search/state-adapter.js",
2026-10-05T12:04:58.1942387Z         "size": 4596,
2026-10-05T12:04:58.1942510Z         "mode": 420
2026-10-05T12:04:58.1942623Z       },
2026-10-05T12:04:58.1942729Z       {
2026-10-05T12:04:58.1942957Z         "path": "generated/plugins/copilot/agdf/runtime/create-agdf/runtime/core/lib/fs-swap.js",
2026-10-05T12:04:58.1943195Z         "size": 916,
2026-10-05T12:04:58.1943315Z         "mode": 420
2026-10-05T12:04:58.1943563Z       },
2026-10-05T12:04:58.1943668Z       {
2026-10-05T12:04:58.1943989Z         "path": "generated/plugins/copilot/agdf/runtime/create-agdf/runtime/core/lib/index.js",
2026-10-05T12:04:58.1944248Z         "size": 954,
2026-10-05T12:04:58.1944369Z         "mode": 420
2026-10-05T12:04:58.1944481Z       },
2026-10-05T12:04:58.1944585Z       {
2026-10-05T12:04:58.1944861Z         "path": "generated/plugins/copilot/agdf/runtime/create-agdf/runtime/core/lib/interaction-catalog-validation.js",
2026-10-05T12:04:58.1945144Z         "size": 1453,
2026-10-05T12:04:58.1945264Z         "mode": 420
2026-10-05T12:04:58.1945384Z       },
2026-10-05T12:04:58.1945488Z       {
2026-10-05T12:04:58.1945736Z         "path": "generated/plugins/copilot/agdf/runtime/create-agdf/runtime/core/lib/interaction-catalog.js",
2026-10-05T12:04:58.1945999Z         "size": 3628,
2026-10-05T12:04:58.1946120Z         "mode": 420
2026-10-05T12:04:58.1946233Z       },
2026-10-05T12:04:58.1946338Z       {
2026-10-05T12:04:58.1946595Z         "path": "generated/plugins/copilot/agdf/runtime/create-agdf/runtime/core/lib/interaction-presentation.js",
2026-10-05T12:04:58.1946868Z         "size": 65120,
2026-10-05T12:04:58.1946991Z         "mode": 420
2026-10-05T12:04:58.1947124Z       },
2026-10-05T12:04:58.1947228Z       {
2026-10-05T12:04:58.1947491Z         "path": "generated/plugins/copilot/agdf/runtime/create-agdf/runtime/core/lib/repository-context-reader.js",
2026-10-05T12:04:58.1947786Z         "size": 3135,
2026-10-05T12:04:58.1947908Z         "mode": 420
2026-10-05T12:04:58.1948021Z       },
2026-10-05T12:04:58.1948128Z       {
2026-10-05T12:04:58.1948463Z         "path": "generated/plugins/copilot/agdf/runtime/create-agdf/runtime/core/lib/resources/binding.js",
2026-10-05T12:04:58.1948719Z         "size": 296,
2026-10-05T12:04:58.1948841Z         "mode": 420
2026-10-05T12:04:58.1948956Z       },
2026-10-05T12:04:58.1949059Z       {
2026-10-05T12:04:58.1949454Z         "path": "generated/plugins/copilot/agdf/runtime/create-agdf/runtime/core/lib/resources/context.js",
2026-10-05T12:04:58.1949779Z         "size": 3469,
2026-10-05T12:04:58.1958423Z         "mode": 420
2026-10-05T12:04:58.1958550Z       },
2026-10-05T12:04:58.1958659Z       {
2026-10-05T12:04:58.1958947Z         "path": "generated/plugins/copilot/agdf/runtime/create-agdf/runtime/core/lib/resources/contracts.js",
2026-10-05T12:04:58.1959278Z         "size": 1513,
2026-10-05T12:04:58.1959448Z         "mode": 420
2026-10-05T12:04:58.1959569Z       },
2026-10-05T12:04:58.1959680Z       {
2026-10-05T12:04:58.1959977Z         "path": "generated/plugins/copilot/agdf/runtime/create-agdf/runtime/core/lib/runtime/distribution-profile-history.js",
2026-10-05T12:04:58.1960276Z         "size": 6077,
2026-10-05T12:04:58.1960404Z         "mode": 420
2026-10-05T12:04:58.1960520Z       },
2026-10-05T12:04:58.1960625Z       {
2026-10-05T12:04:58.1960893Z         "path": "generated/plugins/copilot/agdf/runtime/create-agdf/runtime/core/lib/runtime/plugin-provenance.js",
2026-10-05T12:04:58.1961166Z         "size": 20490,
2026-10-05T12:04:58.1961293Z         "mode": 420
2026-10-05T12:04:58.1961417Z       },
2026-10-05T12:04:58.1961523Z       {
2026-10-05T12:04:58.1961779Z         "path": "generated/plugins/copilot/agdf/runtime/create-agdf/runtime/core/lib/skill-dispatch/binding.js",
2026-10-05T12:04:58.1962050Z         "size": 3647,
2026-10-05T12:04:58.1962173Z         "mode": 420
2026-10-05T12:04:58.1962289Z       },
2026-10-05T12:04:58.1962395Z       {
2026-10-05T12:04:58.1962654Z         "path": "generated/plugins/copilot/agdf/runtime/create-agdf/runtime/core/lib/skill-dispatch/contract.js",
2026-10-05T12:04:58.1962926Z         "size": 27887,
2026-10-05T12:04:58.1963054Z         "mode": 420
2026-10-05T12:04:58.1963166Z       },
2026-10-05T12:04:58.1963273Z       {
2026-10-05T12:04:58.1963706Z         "path": "generated/plugins/copilot/agdf/runtime/create-agdf/runtime/core/lib/skill-dispatch/delivery-intake.js",
2026-10-05T12:04:58.1963985Z         "size": 4635,
2026-10-05T12:04:58.1964107Z         "mode": 420
2026-10-05T12:04:58.1964225Z       },
2026-10-05T12:04:58.1964328Z       {
2026-10-05T12:04:58.1964755Z         "path": "generated/plugins/copilot/agdf/runtime/create-agdf/runtime/core/lib/skill-dispatch/delivery-run-assignment.js",
2026-10-05T12:04:58.1965052Z         "size": 4578,
2026-10-05T12:04:58.1965172Z         "mode": 420
2026-10-05T12:04:58.1965288Z       },
2026-10-05T12:04:58.1965393Z       {
2026-10-05T12:04:58.1965661Z         "path": "generated/plugins/copilot/agdf/runtime/create-agdf/runtime/core/lib/skill-dispatch/prd-definition.js",
2026-10-05T12:04:58.1965941Z         "size": 2845,
2026-10-05T12:04:58.1966060Z         "mode": 420
2026-10-05T12:04:58.1966176Z       },
2026-10-05T12:04:58.1966278Z       {
2026-10-05T12:04:58.1966540Z         "path": "generated/plugins/copilot/agdf/runtime/create-agdf/runtime/core/lib/skill-dispatch/sd-definition.js",
2026-10-05T12:04:58.1966815Z         "size": 2900,
2026-10-05T12:04:58.1966936Z         "mode": 420
2026-10-05T12:04:58.1967049Z       },
2026-10-05T12:04:58.1967155Z       {
2026-10-05T12:04:58.1967405Z         "path": "generated/plugins/copilot/agdf/runtime/create-agdf/runtime/core/lib/skill-dispatch/service.js",
2026-10-05T12:04:58.1967673Z         "size": 40882,
2026-10-05T12:04:58.1967798Z         "mode": 420
2026-10-05T12:04:58.1967914Z       },
2026-10-05T12:04:58.1968017Z       {
2026-10-05T12:04:58.1968274Z         "path": "generated/plugins/copilot/agdf/runtime/create-agdf/runtime/core/lib/task-target-resolution.js",
2026-10-05T12:04:58.1968539Z         "size": 8096,
2026-10-05T12:04:58.1968658Z         "mode": 420
2026-10-05T12:04:58.1968858Z       },
2026-10-05T12:04:58.1968965Z       {
2026-10-05T12:04:58.1969156Z         "path": "generated/plugins/copilot/agdf/runtime/runtime-manifest.json",
2026-10-05T12:04:58.1969363Z         "size": 236,
2026-10-05T12:04:58.1969489Z         "mode": 420
2026-10-05T12:04:58.1969602Z       },
2026-10-05T12:04:58.1969707Z       {
2026-10-05T12:04:58.1969921Z         "path": "generated/plugins/copilot/agdf/skills/agdf-brownfield-analysis/SKILL.md",
2026-10-05T12:04:58.1970152Z         "size": 15460,
2026-10-05T12:04:58.1970275Z         "mode": 420
2026-10-05T12:04:58.1970388Z       },
2026-10-05T12:04:58.1970493Z       {
2026-10-05T12:04:58.1970723Z         "path": "generated/plugins/copilot/agdf/skills/agdf-clean-implementation-review/SKILL.md",
2026-10-05T12:04:58.1970971Z         "size": 7501,
2026-10-05T12:04:58.1971098Z         "mode": 420
2026-10-05T12:04:58.1971214Z       },
2026-10-05T12:04:58.1971317Z       {
2026-10-05T12:04:58.1971514Z         "path": "generated/plugins/copilot/agdf/skills/agdf-code-review/SKILL.md",
2026-10-05T12:04:58.1971726Z         "size": 7600,
2026-10-05T12:04:58.1971845Z         "mode": 420
2026-10-05T12:04:58.1971959Z       },
2026-10-05T12:04:58.1972062Z       {
2026-10-05T12:04:58.1972271Z         "path": "generated/plugins/copilot/agdf/skills/agdf-delivery-closeout/SKILL.md",
2026-10-05T12:04:58.1972498Z         "size": 7162,
2026-10-05T12:04:58.1972617Z         "mode": 420
2026-10-05T12:04:58.1972729Z       },
2026-10-05T12:04:58.1972835Z       {
2026-10-05T12:04:58.1973051Z         "path": "generated/plugins/copilot/agdf/skills/agdf-delivery-path-search/SKILL.md",
2026-10-05T12:04:58.1973279Z         "size": 8000,
2026-10-05T12:04:58.1973556Z         "mode": 420
2026-10-05T12:04:58.1973673Z       },
2026-10-05T12:04:58.1973783Z       {
2026-10-05T12:04:58.1973975Z         "path": "generated/plugins/copilot/agdf/skills/agdf-gate-check/SKILL.md",
2026-10-05T12:04:58.1974187Z         "size": 5485,
2026-10-05T12:04:58.1974309Z         "mode": 420
2026-10-05T12:04:58.1974425Z       },
2026-10-05T12:04:58.1974531Z       {
2026-10-05T12:04:58.1974738Z         "path": "generated/plugins/copilot/agdf/skills/agdf-interaction-locales.json",
2026-10-05T12:04:58.1974960Z         "size": 153294,
2026-10-05T12:04:58.1975086Z         "mode": 420
2026-10-05T12:04:58.1975204Z       },
2026-10-05T12:04:58.1975311Z       {
2026-10-05T12:04:58.1975510Z         "path": "generated/plugins/copilot/agdf/skills/agdf-prd-definition/SKILL.md",
2026-10-05T12:04:58.1975830Z         "size": 3815,
2026-10-05T12:04:58.1975949Z         "mode": 420
2026-10-05T12:04:58.1976062Z       },
2026-10-05T12:04:58.1976165Z       {
2026-10-05T12:04:58.1976354Z         "path": "generated/plugins/copilot/agdf/skills/agdf-qa-gate/SKILL.md",
2026-10-05T12:04:58.1976562Z         "size": 10589,
2026-10-05T12:04:58.1976683Z         "mode": 420
2026-10-05T12:04:58.1976800Z       },
2026-10-05T12:04:58.1976902Z       {
2026-10-05T12:04:58.1977094Z         "path": "generated/plugins/copilot/agdf/skills/agdf-release-or/SKILL.md",
2026-10-05T12:04:58.1977302Z         "size": 9998,
2026-10-05T12:04:58.1977422Z         "mode": 420
2026-10-05T12:04:58.1977535Z       },
2026-10-05T12:04:58.1977642Z       {
2026-10-05T12:04:58.1977831Z         "path": "generated/plugins/copilot/agdf/skills/agdf-runtime-contract.md",
2026-10-05T12:04:58.1978038Z         "size": 1977,
2026-10-05T12:04:58.1978158Z         "mode": 420
2026-10-05T12:04:58.1978274Z       },
2026-10-05T12:04:58.1978378Z       {
2026-10-05T12:04:58.1978580Z         "path": "generated/plugins/copilot/agdf/skills/agdf-sd-definition/SKILL.md",
2026-10-05T12:04:58.1978795Z         "size": 3720,
2026-10-05T12:04:58.1978914Z         "mode": 420
2026-10-05T12:04:58.1979027Z       },
2026-10-05T12:04:58.1979134Z       {
2026-10-05T12:04:58.1979336Z         "path": "generated/plugins/copilot/agdf/skills/agdf-task-plan-review/SKILL.md",
2026-10-05T12:04:58.1979557Z         "size": 8249,
2026-10-05T12:04:58.1979681Z         "mode": 420
2026-10-05T12:04:58.1979795Z       },
2026-10-05T12:04:58.1980030Z       {
2026-10-05T12:04:58.1980227Z         "path": "generated/plugins/copilot/agdf/skills/agdf-ur-definition/SKILL.md",
2026-10-05T12:04:58.1980441Z         "size": 3701,
2026-10-05T12:04:58.1980561Z         "mode": 420
2026-10-05T12:04:58.1980674Z       },
2026-10-05T12:04:58.1980781Z       {
2026-10-05T12:04:58.1980993Z         "path": "generated/plugins/copilot/agdf/skills/agdf-ux-intent-definition/SKILL.md",
2026-10-05T12:04:58.1981221Z         "size": 7284,
2026-10-05T12:04:58.1981348Z         "mode": 420
2026-10-05T12:04:58.1981461Z       },
2026-10-05T12:04:58.1981564Z       {
2026-10-05T12:04:58.1981749Z         "path": "generated/plugins/copilot/agdf/skills/contracts/closeout.md",
2026-10-05T12:04:58.1981953Z         "size": 4196,
2026-10-05T12:04:58.1982073Z         "mode": 420
2026-10-05T12:04:58.1982186Z       },
2026-10-05T12:04:58.1982295Z       {
2026-10-05T12:04:58.1982492Z         "path": "generated/plugins/copilot/agdf/skills/contracts/context-graph.md",
2026-10-05T12:04:58.1982707Z         "size": 2512,
2026-10-05T12:04:58.1982834Z         "mode": 420
2026-10-05T12:04:58.1982947Z       },
2026-10-05T12:04:58.1983051Z       {
2026-10-05T12:04:58.1983253Z         "path": "generated/plugins/copilot/agdf/skills/contracts/control-scaffold.md",
2026-10-05T12:04:58.1983599Z         "size": 11537,
2026-10-05T12:04:58.1983721Z         "mode": 420
2026-10-05T12:04:58.1983834Z       },
2026-10-05T12:04:58.1983940Z       {
2026-10-05T12:04:58.1984168Z         "path": "generated/plugins/copilot/agdf/skills/contracts/gate-artifact-preparation.md",
2026-10-05T12:04:58.1984411Z         "size": 5731,
2026-10-05T12:04:58.1984534Z         "mode": 420
2026-10-05T12:04:58.1984646Z       },
2026-10-05T12:04:58.1984749Z       {
2026-10-05T12:04:58.1984947Z         "path": "generated/plugins/copilot/agdf/skills/contracts/gate-transition.md",
2026-10-05T12:04:58.1985162Z         "size": 17966,
2026-10-05T12:04:58.1985283Z         "mode": 420
2026-10-05T12:04:58.1985401Z       },
2026-10-05T12:04:58.1985508Z       {
2026-10-05T12:04:58.1985697Z         "path": "generated/plugins/copilot/agdf/skills/contracts/interaction.md",
2026-10-05T12:04:58.1985905Z         "size": 46599,
2026-10-05T12:04:58.1986030Z         "mode": 420
2026-10-05T12:04:58.1986143Z       },
2026-10-05T12:04:58.1986246Z       {
2026-10-05T12:04:58.1986429Z         "path": "generated/plugins/copilot/agdf/skills/contracts/modes.md",
2026-10-05T12:04:58.1986627Z         "size": 12906,
2026-10-05T12:04:58.1986848Z         "mode": 420
2026-10-05T12:04:58.1986964Z       },
2026-10-05T12:04:58.1987067Z       {
2026-10-05T12:04:58.1987265Z         "path": "generated/plugins/copilot/agdf/skills/contracts/prd-definition.md",
2026-10-05T12:04:58.1987481Z         "size": 5034,
2026-10-05T12:04:58.1987604Z         "mode": 420
2026-10-05T12:04:58.1987719Z       },
2026-10-05T12:04:58.1987823Z       {
2026-10-05T12:04:58.1988010Z         "path": "generated/plugins/copilot/agdf/skills/contracts/quality.md",
2026-10-05T12:04:58.1988214Z         "size": 8692,
2026-10-05T12:04:58.1988335Z         "mode": 420
2026-10-05T12:04:58.1988451Z       },
2026-10-05T12:04:58.1988554Z       {
2026-10-05T12:04:58.1988757Z         "path": "generated/plugins/copilot/agdf/skills/contracts/request-activation.md",
2026-10-05T12:04:58.1988983Z         "size": 18822,
2026-10-05T12:04:58.1989105Z         "mode": 420
2026-10-05T12:04:58.1989218Z       },
2026-10-05T12:04:58.1989322Z       {
2026-10-05T12:04:58.1989517Z         "path": "generated/plugins/copilot/agdf/skills/contracts/sd-definition.md",
2026-10-05T12:04:58.1989733Z         "size": 4617,
2026-10-05T12:04:58.1989853Z         "mode": 420
2026-10-05T12:04:58.1989971Z       },
2026-10-05T12:04:58.1990073Z       {
2026-10-05T12:04:58.1990288Z         "path": "generated/plugins/copilot/agdf/skills/contracts/task-target-resolution.md",
2026-10-05T12:04:58.1990519Z         "size": 8919,
2026-10-05T12:04:58.1990640Z         "mode": 420
2026-10-05T12:04:58.1990754Z       },
2026-10-05T12:04:58.1990861Z       {
2026-10-05T12:04:58.1991153Z         "path": "generated/plugins/copilot/agdf/skills/contracts/ur-definition.md",
2026-10-05T12:04:58.1991363Z         "size": 3139,
2026-10-05T12:04:58.1991482Z         "mode": 420
2026-10-05T12:04:58.1991624Z       },
2026-10-05T12:04:58.1991726Z       {
2026-10-05T12:04:58.1991912Z         "path": "generated/submissions/openai/agdf/.codex-plugin/plugin.json",
2026-10-05T12:04:58.1992117Z         "size": 1889,
2026-10-05T12:04:58.1992237Z         "mode": 420
2026-10-05T12:04:58.1992353Z       },
2026-10-05T12:04:58.1992461Z       {
2026-10-05T12:04:58.1992636Z         "path": "generated/submissions/openai/agdf/assets/agdf-icon.svg",
2026-10-05T12:04:58.1992832Z         "size": 924,
2026-10-05T12:04:58.1992953Z         "mode": 420
2026-10-05T12:04:58.1993070Z       },
2026-10-05T12:04:58.1993173Z       {
2026-10-05T12:04:58.1993346Z         "path": "generated/submissions/openai/agdf/assets/agdf-logo.svg",
2026-10-05T12:04:58.1993698Z         "size": 962,
2026-10-05T12:04:58.1993822Z         "mode": 420
2026-10-05T12:04:58.1993939Z       },
2026-10-05T12:04:58.1994047Z       {
2026-10-05T12:04:58.1994233Z         "path": "generated/submissions/openai/agdf/meta/agdf-agent-router.md",
2026-10-05T12:04:58.1994438Z         "size": 12317,
2026-10-05T12:04:58.1994562Z         "mode": 420
2026-10-05T12:04:58.1994676Z       },
2026-10-05T12:04:58.1994779Z       {
2026-10-05T12:04:58.1994966Z         "path": "generated/submissions/openai/agdf/meta/agdf-constitution.md",
2026-10-05T12:04:58.1995175Z         "size": 8709,
2026-10-05T12:04:58.1995296Z         "mode": 420
2026-10-05T12:04:58.1995407Z       },
2026-10-05T12:04:58.1995511Z       {
2026-10-05T12:04:58.1995717Z         "path": "generated/submissions/openai/agdf/meta/agdf-interaction-locales.json",
2026-10-05T12:04:58.1995941Z         "size": 153294,
2026-10-05T12:04:58.1996070Z         "mode": 420
2026-10-05T12:04:58.1996186Z       },
2026-10-05T12:04:58.1996289Z       {
2026-10-05T12:04:58.1996492Z         "path": "generated/submissions/openai/agdf/meta/agdf-plugin.definition.json",
2026-10-05T12:04:58.1996713Z         "size": 18450,
2026-10-05T12:04:58.1996834Z         "mode": 420
2026-10-05T12:04:58.1996947Z       },
2026-10-05T12:04:58.1997053Z       {
2026-10-05T12:04:58.1997246Z         "path": "generated/submissions/openai/agdf/meta/agdf-runtime-contract.md",
2026-10-05T12:04:58.1997454Z         "size": 1977,
2026-10-05T12:04:58.1997577Z         "mode": 420
2026-10-05T12:04:58.1997688Z       },
2026-10-05T12:04:58.1997892Z       {
2026-10-05T12:04:58.1998066Z         "path": "generated/submissions/openai/agdf/meta/agdf-tenets.md",
2026-10-05T12:04:58.1998262Z         "size": 8945,
2026-10-05T12:04:58.1998381Z         "mode": 420
2026-10-05T12:04:58.1998495Z       },
2026-10-05T12:04:58.1998645Z       {
2026-10-05T12:04:58.1998936Z         "path": "generated/submissions/openai/agdf/meta/agent-skills-conformance.json",
2026-10-05T12:04:58.1999158Z         "size": 1867,
2026-10-05T12:04:58.1999283Z         "mode": 420
2026-10-05T12:04:58.1999400Z       },
2026-10-05T12:04:58.1999505Z       {
2026-10-05T12:04:58.1999697Z         "path": "generated/submissions/openai/agdf/meta/contracts/closeout.md",
2026-10-05T12:04:58.1999901Z         "size": 4196,
2026-10-05T12:04:58.2000025Z         "mode": 420
2026-10-05T12:04:58.2000138Z       },
2026-10-05T12:04:58.2000245Z       {
2026-10-05T12:04:58.2000443Z         "path": "generated/submissions/openai/agdf/meta/contracts/context-graph.md",
2026-10-05T12:04:58.2000654Z         "size": 2512,
2026-10-05T12:04:58.2000784Z         "mode": 420
2026-10-05T12:04:58.2000897Z       },
2026-10-05T12:04:58.2001002Z       {
2026-10-05T12:04:58.2001208Z         "path": "generated/submissions/openai/agdf/meta/contracts/control-scaffold.md",
2026-10-05T12:04:58.2001428Z         "size": 11537,
2026-10-05T12:04:58.2001548Z         "mode": 420
2026-10-05T12:04:58.2001664Z       },
2026-10-05T12:04:58.2001767Z       {
2026-10-05T12:04:58.2002090Z         "path": "generated/submissions/openai/agdf/meta/contracts/gate-artifact-preparation.md",
2026-10-05T12:04:58.2002331Z         "size": 5731,
2026-10-05T12:04:58.2002455Z         "mode": 420
2026-10-05T12:04:58.2002568Z       },
2026-10-05T12:04:58.2002671Z       {
2026-10-05T12:04:58.2002872Z         "path": "generated/submissions/openai/agdf/meta/contracts/gate-transition.md",
2026-10-05T12:04:58.2003092Z         "size": 17966,
2026-10-05T12:04:58.2003213Z         "mode": 420
2026-10-05T12:04:58.2003329Z       },
2026-10-05T12:04:58.2003560Z       {
2026-10-05T12:04:58.2003757Z         "path": "generated/submissions/openai/agdf/meta/contracts/interaction.md",
2026-10-05T12:04:58.2003969Z         "size": 46617,
2026-10-05T12:04:58.2004091Z         "mode": 420
2026-10-05T12:04:58.2004207Z       },
2026-10-05T12:04:58.2004309Z       {
2026-10-05T12:04:58.2004495Z         "path": "generated/submissions/openai/agdf/meta/contracts/modes.md",
2026-10-05T12:04:58.2004692Z         "size": 12906,
2026-10-05T12:04:58.2004814Z         "mode": 420
2026-10-05T12:04:58.2004930Z       },
2026-10-05T12:04:58.2005038Z       {
2026-10-05T12:04:58.2005237Z         "path": "generated/submissions/openai/agdf/meta/contracts/prd-definition.md",
2026-10-05T12:04:58.2005454Z         "size": 5034,
2026-10-05T12:04:58.2005574Z         "mode": 420
2026-10-05T12:04:58.2005686Z       },
2026-10-05T12:04:58.2005790Z       {
2026-10-05T12:04:58.2005986Z         "path": "generated/submissions/openai/agdf/meta/contracts/quality.md",
2026-10-05T12:04:58.2006193Z         "size": 8692,
2026-10-05T12:04:58.2006317Z         "mode": 420
2026-10-05T12:04:58.2006502Z       },
2026-10-05T12:04:58.2006669Z       {
2026-10-05T12:04:58.2006953Z         "path": "generated/submissions/openai/agdf/meta/contracts/request-activation.md",
2026-10-05T12:04:58.2007176Z         "size": 18822,
2026-10-05T12:04:58.2007318Z         "mode": 420
2026-10-05T12:04:58.2007488Z       },
2026-10-05T12:04:58.2007592Z       {
2026-10-05T12:04:58.2007786Z         "path": "generated/submissions/openai/agdf/meta/contracts/sd-definition.md",
2026-10-05T12:04:58.2008006Z         "size": 4617,
2026-10-05T12:04:58.2008175Z         "mode": 420
2026-10-05T12:04:58.2008313Z       },
2026-10-05T12:04:58.2008420Z       {
2026-10-05T12:04:58.2008636Z         "path": "generated/submissions/openai/agdf/meta/contracts/task-target-resolution.md",
2026-10-05T12:04:58.2008867Z         "size": 8919,
2026-10-05T12:04:58.2009060Z         "mode": 420
2026-10-05T12:04:58.2009175Z       },
2026-10-05T12:04:58.2009279Z       {
2026-10-05T12:04:58.2009577Z         "path": "generated/submissions/openai/agdf/meta/contracts/ur-definition.md",
2026-10-05T12:04:58.2009862Z         "size": 3139,
2026-10-05T12:04:58.2009985Z         "mode": 420
2026-10-05T12:04:58.2010098Z       },
2026-10-05T12:04:58.2010207Z       {
2026-10-05T12:04:58.2010412Z         "path": "generated/submissions/openai/agdf/meta/copilot-payload-baseline.json",
2026-10-05T12:04:58.2010712Z         "size": 276,
2026-10-05T12:04:58.2010764Z         "mode": 420
2026-10-05T12:04:58.2010813Z       },
2026-10-05T12:04:58.2010862Z       {
2026-10-05T12:04:58.2011025Z         "path": "generated/submissions/openai/agdf/meta/distribution-profile-history.json",
2026-10-05T12:04:58.2011078Z         "size": 4398,
2026-10-05T12:04:58.2011129Z         "mode": 420
2026-10-05T12:04:58.2011176Z       },
2026-10-05T12:04:58.2011246Z       {
2026-10-05T12:04:58.2011479Z         "path": "generated/submissions/openai/agdf/meta/schemas/agent-plugins/1.0.0/mcp.schema.json",
2026-10-05T12:04:58.2011530Z         "size": 3408,
2026-10-05T12:04:58.2011585Z         "mode": 420
2026-10-05T12:04:58.2011634Z       },
2026-10-05T12:04:58.2011683Z       {
2026-10-05T12:04:58.2011865Z         "path": "generated/submissions/openai/agdf/meta/schemas/agent-plugins/1.0.0/plugin.schema.json",
2026-10-05T12:04:58.2011919Z         "size": 1805,
2026-10-05T12:04:58.2011973Z         "mode": 420
2026-10-05T12:04:58.2012051Z       },
2026-10-05T12:04:58.2012135Z       {
2026-10-05T12:04:58.2012420Z         "path": "generated/submissions/openai/agdf/meta/schemas/agent-plugins/1.0.0/provenance.json",
2026-10-05T12:04:58.2012475Z         "size": 539,
2026-10-05T12:04:58.2012524Z         "mode": 420
2026-10-05T12:04:58.2012572Z       },
2026-10-05T12:04:58.2012623Z       {
2026-10-05T12:04:58.2012730Z         "path": "generated/submissions/openai/agdf/plugin.json",
2026-10-05T12:04:58.2012790Z         "size": 2104,
2026-10-05T12:04:58.2012890Z         "mode": 420
2026-10-05T12:04:58.2012945Z       },
2026-10-05T12:04:58.2012994Z       {
2026-10-05T12:04:58.2013149Z         "path": "generated/submissions/openai/agdf/skills/brownfield-analysis/help.md",
2026-10-05T12:04:58.2013202Z         "size": 497,
2026-10-05T12:04:58.2013250Z         "mode": 420
2026-10-05T12:04:58.2013299Z       },
2026-10-05T12:04:58.2013347Z       {
2026-10-05T12:04:58.2013804Z         "path": "generated/submissions/openai/agdf/skills/brownfield-analysis/SKILL.md",
2026-10-05T12:04:58.2013885Z         "size": 15519,
2026-10-05T12:04:58.2013970Z         "mode": 420
2026-10-05T12:04:58.2014050Z       },
2026-10-05T12:04:58.2014123Z       {
2026-10-05T12:04:58.2014367Z         "path": "generated/submissions/openai/agdf/skills/clean-implementation-review/help.md",
2026-10-05T12:04:58.2014421Z         "size": 520,
2026-10-05T12:04:58.2014470Z         "mode": 420
2026-10-05T12:04:58.2014517Z       },
2026-10-05T12:04:58.2014566Z       {
2026-10-05T12:04:58.2014830Z         "path": "generated/submissions/openai/agdf/skills/clean-implementation-review/SKILL.md",
2026-10-05T12:04:58.2014889Z         "size": 7536,
2026-10-05T12:04:58.2014940Z         "mode": 420
2026-10-05T12:04:58.2014989Z       },
2026-10-05T12:04:58.2015036Z       {
2026-10-05T12:04:58.2015172Z         "path": "generated/submissions/openai/agdf/skills/code-review/help.md",
2026-10-05T12:04:58.2015224Z         "size": 407,
2026-10-05T12:04:58.2015273Z         "mode": 420
2026-10-05T12:04:58.2015321Z       },
2026-10-05T12:04:58.2015370Z       {
2026-10-05T12:04:58.2015591Z         "path": "generated/submissions/openai/agdf/skills/code-review/SKILL.md",
2026-10-05T12:04:58.2015644Z         "size": 7635,
2026-10-05T12:04:58.2015695Z         "mode": 420
2026-10-05T12:04:58.2015745Z       },
2026-10-05T12:04:58.2015791Z       {
2026-10-05T12:04:58.2015943Z         "path": "generated/submissions/openai/agdf/skills/delivery-closeout/help.md",
2026-10-05T12:04:58.2015996Z         "size": 416,
2026-10-05T12:04:58.2016045Z         "mode": 420
2026-10-05T12:04:58.2016093Z       },
2026-10-05T12:04:58.2016141Z       {
2026-10-05T12:04:58.2016438Z         "path": "generated/submissions/openai/agdf/skills/delivery-closeout/SKILL.md",
2026-10-05T12:04:58.2016492Z         "size": 7197,
2026-10-05T12:04:58.2016542Z         "mode": 420
2026-10-05T12:04:58.2016590Z       },
2026-10-05T12:04:58.2016635Z       {
2026-10-05T12:04:58.2016784Z         "path": "generated/submissions/openai/agdf/skills/delivery-path-search/help.md",
2026-10-05T12:04:58.2016838Z         "size": 555,
2026-10-05T12:04:58.2016887Z         "mode": 420
2026-10-05T12:04:58.2016935Z       },
2026-10-05T12:04:58.2017031Z       {
2026-10-05T12:04:58.2017213Z         "path": "generated/submissions/openai/agdf/skills/delivery-path-search/SKILL.md",
2026-10-05T12:04:58.2017264Z         "size": 8035,
2026-10-05T12:04:58.2017314Z         "mode": 420
2026-10-05T12:04:58.2017363Z       },
2026-10-05T12:04:58.2017409Z       {
2026-10-05T12:04:58.2017539Z         "path": "generated/submissions/openai/agdf/skills/gate-check/help.md",
2026-10-05T12:04:58.2017591Z         "size": 430,
2026-10-05T12:04:58.2017645Z         "mode": 420
2026-10-05T12:04:58.2017693Z       },
2026-10-05T12:04:58.2017766Z       {
2026-10-05T12:04:58.2017949Z         "path": "generated/submissions/openai/agdf/skills/gate-check/SKILL.md",
2026-10-05T12:04:58.2018000Z         "size": 5536,
2026-10-05T12:04:58.2018050Z         "mode": 420
2026-10-05T12:04:58.2018098Z       },
2026-10-05T12:04:58.2018144Z       {
2026-10-05T12:04:58.2018280Z         "path": "generated/submissions/openai/agdf/skills/prd-definition/help.md",
2026-10-05T12:04:58.2018415Z         "size": 551,
2026-10-05T12:04:58.2018465Z         "mode": 420
2026-10-05T12:04:58.2018538Z       },
2026-10-05T12:04:58.2018618Z       {
2026-10-05T12:04:58.2018776Z         "path": "generated/submissions/openai/agdf/skills/prd-definition/SKILL.md",
2026-10-05T12:04:58.2018827Z         "size": 3842,
2026-10-05T12:04:58.2018877Z         "mode": 420
2026-10-05T12:04:58.2018926Z       },
2026-10-05T12:04:58.2018971Z       {
2026-10-05T12:04:58.2019097Z         "path": "generated/submissions/openai/agdf/skills/qa-gate/help.md",
2026-10-05T12:04:58.2019151Z         "size": 385,
2026-10-05T12:04:58.2019202Z         "mode": 420
2026-10-05T12:04:58.2019248Z       },
2026-10-05T12:04:58.2019320Z       {
2026-10-05T12:04:58.2019499Z         "path": "generated/submissions/openai/agdf/skills/qa-gate/SKILL.md",
2026-10-05T12:04:58.2019551Z         "size": 10640,
2026-10-05T12:04:58.2019602Z         "mode": 420
2026-10-05T12:04:58.2019652Z       },
2026-10-05T12:04:58.2019697Z       {
2026-10-05T12:04:58.2019829Z         "path": "generated/submissions/openai/agdf/skills/release-or/help.md",
2026-10-05T12:04:58.2019881Z         "size": 447,
2026-10-05T12:04:58.2019933Z         "mode": 420
2026-10-05T12:04:58.2019981Z       },
2026-10-05T12:04:58.2020028Z       {
2026-10-05T12:04:58.2020240Z         "path": "generated/submissions/openai/agdf/skills/release-or/SKILL.md",
2026-10-05T12:04:58.2020292Z         "size": 10049,
2026-10-05T12:04:58.2020344Z         "mode": 420
2026-10-05T12:04:58.2020398Z       },
2026-10-05T12:04:58.2020443Z       {
2026-10-05T12:04:58.2020578Z         "path": "generated/submissions/openai/agdf/skills/sd-definition/help.md",
2026-10-05T12:04:58.2020631Z         "size": 531,
2026-10-05T12:04:58.2020682Z         "mode": 420
2026-10-05T12:04:58.2020727Z       },
2026-10-05T12:04:58.2020774Z       {
2026-10-05T12:04:58.2020971Z         "path": "generated/submissions/openai/agdf/skills/sd-definition/SKILL.md",
2026-10-05T12:04:58.2021031Z         "size": 3747,
2026-10-05T12:04:58.2021086Z         "mode": 420
2026-10-05T12:04:58.2021134Z       },
2026-10-05T12:04:58.2021180Z       {
2026-10-05T12:04:58.2021322Z         "path": "generated/submissions/openai/agdf/skills/task-plan-review/help.md",
2026-10-05T12:04:58.2021374Z         "size": 457,
2026-10-05T12:04:58.2021426Z         "mode": 420
2026-10-05T12:04:58.2021472Z       },
2026-10-05T12:04:58.2021521Z       {
2026-10-05T12:04:58.2021704Z         "path": "generated/submissions/openai/agdf/skills/task-plan-review/SKILL.md",
2026-10-05T12:04:58.2021837Z         "size": 8292,
2026-10-05T12:04:58.2021888Z         "mode": 420
2026-10-05T12:04:58.2021936Z       },
2026-10-05T12:04:58.2021983Z       {
2026-10-05T12:04:58.2022114Z         "path": "generated/submissions/openai/agdf/skills/ur-definition/help.md",
2026-10-05T12:04:58.2022165Z         "size": 524,
2026-10-05T12:04:58.2022217Z         "mode": 420
2026-10-05T12:04:58.2022264Z       },
2026-10-05T12:04:58.2022313Z       {
2026-10-05T12:04:58.2022498Z         "path": "generated/submissions/openai/agdf/skills/ur-definition/SKILL.md",
2026-10-05T12:04:58.2022572Z         "size": 3720,
2026-10-05T12:04:58.2022626Z         "mode": 420
2026-10-05T12:04:58.2022677Z       },
2026-10-05T12:04:58.2022726Z       {
2026-10-05T12:04:58.2022874Z         "path": "generated/submissions/openai/agdf/skills/ux-intent-definition/help.md",
2026-10-05T12:04:58.2022927Z         "size": 540,
2026-10-05T12:04:58.2022979Z         "mode": 420
2026-10-05T12:04:58.2023026Z       },
2026-10-05T12:04:58.2023080Z       {
2026-10-05T12:04:58.2023281Z         "path": "generated/submissions/openai/agdf/skills/ux-intent-definition/SKILL.md",
2026-10-05T12:04:58.2023489Z         "size": 7311,
2026-10-05T12:04:58.2023541Z         "mode": 420
2026-10-05T12:04:58.2023591Z       },
2026-10-05T12:04:58.2023640Z       {
2026-10-05T12:04:58.2023782Z         "path": "generated/submissions/openai/agdf/submission/openai/availability.md",
2026-10-05T12:04:58.2023835Z         "size": 763,
2026-10-05T12:04:58.2023888Z         "mode": 420
2026-10-05T12:04:58.2024048Z       },
2026-10-05T12:04:58.2024126Z       {
2026-10-05T12:04:58.2024292Z         "path": "generated/submissions/openai/agdf/submission/openai/capability-matrix.json",
2026-10-05T12:04:58.2024346Z         "size": 2107,
2026-10-05T12:04:58.2024396Z         "mode": 420
2026-10-05T12:04:58.2024445Z       },
2026-10-05T12:04:58.2024493Z       {
2026-10-05T12:04:58.2024632Z         "path": "generated/submissions/openai/agdf/submission/openai/inventory.json",
2026-10-05T12:04:58.2024691Z         "size": 8870,
2026-10-05T12:04:58.2024746Z         "mode": 420
2026-10-05T12:04:58.2024841Z       },
2026-10-05T12:04:58.2024904Z       {
2026-10-05T12:04:58.2025045Z         "path": "generated/submissions/openai/agdf/submission/openai/listing.json",
2026-10-05T12:04:58.2025100Z         "size": 1745,
2026-10-05T12:04:58.2025149Z         "mode": 420
2026-10-05T12:04:58.2025199Z       },
2026-10-05T12:04:58.2025248Z       {
2026-10-05T12:04:58.2025392Z         "path": "generated/submissions/openai/agdf/submission/openai/readiness.json",
2026-10-05T12:04:58.2025444Z         "size": 1138,
2026-10-05T12:04:58.2025497Z         "mode": 420
2026-10-05T12:04:58.2025583Z       },
2026-10-05T12:04:58.2025657Z       {
2026-10-05T12:04:58.2025808Z         "path": "generated/submissions/openai/agdf/submission/openai/readiness.md",
2026-10-05T12:04:58.2025865Z         "size": 920,
2026-10-05T12:04:58.2025913Z         "mode": 420
2026-10-05T12:04:58.2025965Z       },
2026-10-05T12:04:58.2026017Z       {
2026-10-05T12:04:58.2026162Z         "path": "generated/submissions/openai/agdf/submission/openai/release-notes.md",
2026-10-05T12:04:58.2026216Z         "size": 2461,
2026-10-05T12:04:58.2026267Z         "mode": 420
2026-10-05T12:04:58.2026338Z       },
2026-10-05T12:04:58.2026419Z       {
2026-10-05T12:04:58.2026588Z         "path": "generated/submissions/openai/agdf/submission/openai/reviewer-cases.json",
2026-10-05T12:04:58.2026644Z         "size": 6324,
2026-10-05T12:04:58.2026692Z         "mode": 420
2026-10-05T12:04:58.2026745Z       },
2026-10-05T12:04:58.2026795Z       {
2026-10-05T12:04:58.2026873Z         "path": "lib/cli/application.js",
2026-10-05T12:04:58.2026925Z         "size": 50643,
2026-10-05T12:04:58.2026978Z         "mode": 420
2026-10-05T12:04:58.2027027Z       },
2026-10-05T12:04:58.2027072Z       {
2026-10-05T12:04:58.2027222Z         "path": "lib/cli/command-registry.js",
2026-10-05T12:04:58.2027280Z         "size": 25352,
2026-10-05T12:04:58.2027329Z         "mode": 420
2026-10-05T12:04:58.2027470Z       },
2026-10-05T12:04:58.2027518Z       {
2026-10-05T12:04:58.2027599Z         "path": "lib/cli/contract-command.js",
2026-10-05T12:04:58.2027652Z         "size": 1796,
2026-10-05T12:04:58.2027702Z         "mode": 420
2026-10-05T12:04:58.2027751Z       },
2026-10-05T12:04:58.2027798Z       {
2026-10-05T12:04:58.2027939Z         "path": "lib/cli/control-maintenance-command.js",
2026-10-05T12:04:58.2028022Z         "size": 2514,
2026-10-05T12:04:58.2028072Z         "mode": 420
2026-10-05T12:04:58.2028125Z       },
2026-10-05T12:04:58.2028175Z       {
2026-10-05T12:04:58.2028274Z         "path": "lib/cli/delivery-path-search-command.js",
2026-10-05T12:04:58.2028327Z         "size": 9065,
2026-10-05T12:04:58.2028378Z         "mode": 420
2026-10-05T12:04:58.2028427Z       },
2026-10-05T12:04:58.2028474Z       {
2026-10-05T12:04:58.2028551Z         "path": "lib/cli/parse-args.js",
2026-10-05T12:04:58.2028606Z         "size": 13953,
2026-10-05T12:04:58.2028678Z         "mode": 420
2026-10-05T12:04:58.2028767Z       },
2026-10-05T12:04:58.2028835Z       {
2026-10-05T12:04:58.2028917Z         "path": "lib/cli/runtime-context.js",
2026-10-05T12:04:58.2028971Z         "size": 2217,
2026-10-05T12:04:58.2029023Z         "mode": 420
2026-10-05T12:04:58.2029071Z       },
2026-10-05T12:04:58.2029118Z       {
2026-10-05T12:04:58.2029204Z         "path": "lib/cli/validation-handlers.js",
2026-10-05T12:04:58.2029258Z         "size": 11734,
2026-10-05T12:04:58.2029307Z         "mode": 420
2026-10-05T12:04:58.2029418Z       },
2026-10-05T12:04:58.2029513Z       {
2026-10-05T12:04:58.2029612Z         "path": "lib/control-command.js",
2026-10-05T12:04:58.2029664Z         "size": 413,
2026-10-05T12:04:58.2029714Z         "mode": 420
2026-10-05T12:04:58.2029764Z       },
2026-10-05T12:04:58.2029809Z       {
2026-10-05T12:04:58.2029912Z         "path": "lib/control-evaluation/git-observation.js",
2026-10-05T12:04:58.2029964Z         "size": 641,
2026-10-05T12:04:58.2030012Z         "mode": 420
2026-10-05T12:04:58.2030064Z       },
2026-10-05T12:04:58.2030117Z       {
2026-10-05T12:04:58.2030233Z         "path": "lib/control-maintenance/interaction.js",
2026-10-05T12:04:58.2030324Z         "size": 1279,
2026-10-05T12:04:58.2030385Z         "mode": 420
2026-10-05T12:04:58.2030436Z       },
2026-10-05T12:04:58.2030481Z       {
2026-10-05T12:04:58.2030573Z         "path": "lib/control-maintenance/repair.js",
2026-10-05T12:04:58.2030626Z         "size": 421,
2026-10-05T12:04:58.2030675Z         "mode": 420
2026-10-05T12:04:58.2030729Z       },
2026-10-05T12:04:58.2030780Z       {
2026-10-05T12:04:58.2030868Z         "path": "lib/control-maintenance/service.js",
2026-10-05T12:04:58.2030920Z         "size": 264,
2026-10-05T12:04:58.2030971Z         "mode": 420
2026-10-05T12:04:58.2031065Z       },
2026-10-05T12:04:58.2031137Z       {
2026-10-05T12:04:58.2031230Z         "path": "lib/control-maintenance/startup.js",
2026-10-05T12:04:58.2031283Z         "size": 1683,
2026-10-05T12:04:58.2031332Z         "mode": 420
2026-10-05T12:04:58.2031384Z       },
2026-10-05T12:04:58.2031433Z       {
2026-10-05T12:04:58.2031521Z         "path": "lib/control-state/run-recovery.js",
2026-10-05T12:04:58.2031575Z         "size": 526,
2026-10-05T12:04:58.2031628Z         "mode": 420
2026-10-05T12:04:58.2031677Z       },
2026-10-05T12:04:58.2031723Z       {
2026-10-05T12:04:58.2031900Z         "path": "lib/delivery-path-search/evaluators/claude.js",
2026-10-05T12:04:58.2031962Z         "size": 1525,
2026-10-05T12:04:58.2032014Z         "mode": 420
2026-10-05T12:04:58.2032067Z       },
2026-10-05T12:04:58.2032116Z       {
2026-10-05T12:04:58.2032222Z         "path": "lib/delivery-path-search/evaluators/codex.js",
2026-10-05T12:04:58.2032277Z         "size": 1919,
2026-10-05T12:04:58.2032330Z         "mode": 420
2026-10-05T12:04:58.2032379Z       },
2026-10-05T12:04:58.2032427Z       {
2026-10-05T12:04:58.2032540Z         "path": "lib/delivery-path-search/evaluators/opencode.js",
2026-10-05T12:04:58.2032637Z         "size": 8924,
2026-10-05T12:04:58.2032766Z         "mode": 420
2026-10-05T12:04:58.2032817Z       },
2026-10-05T12:04:58.2032866Z       {
2026-10-05T12:04:58.2032973Z         "path": "lib/delivery-path-search/evaluators/prompt.js",
2026-10-05T12:04:58.2033027Z         "size": 753,
2026-10-05T12:04:58.2033079Z         "mode": 420
2026-10-05T12:04:58.2033129Z       },
2026-10-05T12:04:58.2033177Z       {
2026-10-05T12:04:58.2033288Z         "path": "lib/delivery-path-search/evaluators/protocol.js",
2026-10-05T12:04:58.2033436Z         "size": 470,
2026-10-05T12:04:58.2033521Z         "mode": 420
2026-10-05T12:04:58.2033578Z       },
2026-10-05T12:04:58.2033626Z       {
2026-10-05T12:04:58.2033729Z         "path": "lib/delivery-path-search/generators/claude.js",
2026-10-05T12:04:58.2033785Z         "size": 2203,
2026-10-05T12:04:58.2033838Z         "mode": 420
2026-10-05T12:04:58.2033887Z       },
2026-10-05T12:04:58.2033934Z       {
2026-10-05T12:04:58.2034039Z         "path": "lib/delivery-path-search/generators/codex.js",
2026-10-05T12:04:58.2034096Z         "size": 2187,
2026-10-05T12:04:58.2034146Z         "mode": 420
2026-10-05T12:04:58.2034241Z       },
2026-10-05T12:04:58.2034313Z       {
2026-10-05T12:04:58.2034420Z         "path": "lib/delivery-path-search/generators/protocol.js",
2026-10-05T12:04:58.2034473Z         "size": 389,
2026-10-05T12:04:58.2034526Z         "mode": 420
2026-10-05T12:04:58.2034575Z       },
2026-10-05T12:04:58.2034621Z       {
2026-10-05T12:04:58.2034739Z         "path": "lib/delivery-path-search/surfaces/capabilities.js",
2026-10-05T12:04:58.2034883Z         "size": 1161,
2026-10-05T12:04:58.2034934Z         "mode": 420
2026-10-05T12:04:58.2035033Z       },
2026-10-05T12:04:58.2035101Z       {
2026-10-05T12:04:58.2035228Z         "path": "lib/delivery-path-search/transports/read-only-guard.js",
2026-10-05T12:04:58.2035280Z         "size": 1271,
2026-10-05T12:04:58.2035332Z         "mode": 420
2026-10-05T12:04:58.2035382Z       },
2026-10-05T12:04:58.2035428Z       {
2026-10-05T12:04:58.2035535Z         "path": "lib/host-adapters/claude/loaded-sessions.js",
2026-10-05T12:04:58.2035595Z         "size": 1927,
2026-10-05T12:04:58.2035644Z         "mode": 420
2026-10-05T12:04:58.2035695Z       },
2026-10-05T12:04:58.2035781Z       {
2026-10-05T12:04:58.2035916Z         "path": "lib/host-adapters/claude/marketplace.js",
2026-10-05T12:04:58.2035967Z         "size": 131,
2026-10-05T12:04:58.2036019Z         "mode": 420
2026-10-05T12:04:58.2036069Z       },
2026-10-05T12:04:58.2036116Z       {
2026-10-05T12:04:58.2036228Z         "path": "lib/host-adapters/claude/permission-rules.js",
2026-10-05T12:04:58.2036282Z         "size": 1149,
2026-10-05T12:04:58.2036333Z         "mode": 420
2026-10-05T12:04:58.2036389Z       },
2026-10-05T12:04:58.2036448Z       {
2026-10-05T12:04:58.2036613Z         "path": "lib/host-adapters/claude/plugin-mcp.js",
2026-10-05T12:04:58.2036675Z         "size": 1936,
2026-10-05T12:04:58.2036728Z         "mode": 420
2026-10-05T12:04:58.2036780Z       },
2026-10-05T12:04:58.2036827Z       {
2026-10-05T12:04:58.2036921Z         "path": "lib/host-adapters/claude/plugin.js",
2026-10-05T12:04:58.2036975Z         "size": 8982,
2026-10-05T12:04:58.2037025Z         "mode": 420
2026-10-05T12:04:58.2037076Z       },
2026-10-05T12:04:58.2037126Z       {
2026-10-05T12:04:58.2037229Z         "path": "lib/host-adapters/claude/runtime-check.js",
2026-10-05T12:04:58.2037284Z         "size": 1747,
2026-10-05T12:04:58.2037388Z         "mode": 420
2026-10-05T12:04:58.2037451Z       },
2026-10-05T12:04:58.2037500Z       {
2026-10-05T12:04:58.2037608Z         "path": "lib/host-adapters/claude/session-command.js",
2026-10-05T12:04:58.2037660Z         "size": 165,
2026-10-05T12:04:58.2037710Z         "mode": 420
2026-10-05T12:04:58.2037760Z       },
2026-10-05T12:04:58.2037812Z       {
2026-10-05T12:04:58.2037907Z         "path": "lib/host-adapters/claude/uninstall.js",
2026-10-05T12:04:58.2037958Z         "size": 4583,
2026-10-05T12:04:58.2038011Z         "mode": 420
2026-10-05T12:04:58.2038067Z       },
2026-10-05T12:04:58.2038245Z       {
2026-10-05T12:04:58.2038339Z         "path": "lib/host-adapters/codex/identity.js",
2026-10-05T12:04:58.2038393Z         "size": 840,
2026-10-05T12:04:58.2038442Z         "mode": 420
2026-10-05T12:04:58.2038492Z       },
2026-10-05T12:04:58.2038542Z       {
2026-10-05T12:04:58.2038638Z         "path": "lib/host-adapters/codex/plugin-mcp.js",
2026-10-05T12:04:58.2038690Z         "size": 2066,
2026-10-05T12:04:58.2038742Z         "mode": 420
2026-10-05T12:04:58.2038793Z       },
2026-10-05T12:04:58.2038845Z       {
2026-10-05T12:04:58.2039006Z         "path": "lib/host-adapters/codex/plugin.js",
2026-10-05T12:04:58.2039060Z         "size": 12230,
2026-10-05T12:04:58.2039111Z         "mode": 420
2026-10-05T12:04:58.2039160Z       },
2026-10-05T12:04:58.2039209Z       {
2026-10-05T12:04:58.2039309Z         "path": "lib/host-adapters/codex/runtime-check.js",
2026-10-05T12:04:58.2039359Z         "size": 2085,
2026-10-05T12:04:58.2039411Z         "mode": 420
2026-10-05T12:04:58.2039461Z       },
2026-10-05T12:04:58.2039510Z       {
2026-10-05T12:04:58.2039614Z         "path": "lib/host-adapters/codex/session-command.js",
2026-10-05T12:04:58.2039719Z         "size": 455,
2026-10-05T12:04:58.2039784Z         "mode": 420
2026-10-05T12:04:58.2039833Z       },
2026-10-05T12:04:58.2039882Z       {
2026-10-05T12:04:58.2039974Z         "path": "lib/host-adapters/copilot/plugin.js",
2026-10-05T12:04:58.2040026Z         "size": 13888,
2026-10-05T12:04:58.2040079Z         "mode": 420
2026-10-05T12:04:58.2040128Z       },
2026-10-05T12:04:58.2040274Z       {
2026-10-05T12:04:58.2040384Z         "path": "lib/host-adapters/copilot/session-command.js",
2026-10-05T12:04:58.2040476Z         "size": 91,
2026-10-05T12:04:58.2040554Z         "mode": 420
2026-10-05T12:04:58.2040605Z       },
2026-10-05T12:04:58.2040655Z       {
2026-10-05T12:04:58.2040761Z         "path": "lib/host-adapters/opencode/runtime-check.js",
2026-10-05T12:04:58.2040812Z         "size": 2198,
2026-10-05T12:04:58.2040864Z         "mode": 420
2026-10-05T12:04:58.2040916Z       },
2026-10-05T12:04:58.2040963Z       {
2026-10-05T12:04:58.2041068Z         "path": "lib/host-adapters/opencode/session-command.js",
2026-10-05T12:04:58.2041121Z         "size": 76,
2026-10-05T12:04:58.2041170Z         "mode": 420
2026-10-05T12:04:58.2041265Z       },
2026-10-05T12:04:58.2041340Z       {
2026-10-05T12:04:58.2041435Z         "path": "lib/host-adapters/opencode/status.js",
2026-10-05T12:04:58.2041485Z         "size": 2119,
2026-10-05T12:04:58.2041538Z         "mode": 420
2026-10-05T12:04:58.2041594Z       },
2026-10-05T12:04:58.2041641Z       {
2026-10-05T12:04:58.2041734Z         "path": "lib/host-adapters/session-command.js",
2026-10-05T12:04:58.2041787Z         "size": 609,
2026-10-05T12:04:58.2041837Z         "mode": 420
2026-10-05T12:04:58.2041887Z       },
2026-10-05T12:04:58.2041936Z       {
2026-10-05T12:04:58.2042061Z         "path": "lib/host-command.js",
2026-10-05T12:04:58.2042128Z         "size": 5591,
2026-10-05T12:04:58.2042182Z         "mode": 420
2026-10-05T12:04:58.2042233Z       },
2026-10-05T12:04:58.2042279Z       {
2026-10-05T12:04:58.2042366Z         "path": "lib/install-setup/contract.js",
2026-10-05T12:04:58.2042420Z         "size": 16559,
2026-10-05T12:04:58.2042471Z         "mode": 420
2026-10-05T12:04:58.2042520Z       },
2026-10-05T12:04:58.2042571Z       {
2026-10-05T12:04:58.2042669Z         "path": "lib/install-setup/control-migration.js",
2026-10-05T12:04:58.2042720Z         "size": 609,
2026-10-05T12:04:58.2042811Z         "mode": 420
2026-10-05T12:04:58.2042889Z       },
2026-10-05T12:04:58.2042936Z       {
2026-10-05T12:04:58.2043030Z         "path": "lib/install-setup/control-repair.js",
2026-10-05T12:04:58.2043082Z         "size": 100,
2026-10-05T12:04:58.2043131Z         "mode": 420
2026-10-05T12:04:58.2043180Z       },
2026-10-05T12:04:58.2043229Z       {
2026-10-05T12:04:58.2043315Z         "path": "lib/install-setup/interaction.js",
2026-10-05T12:04:58.2043474Z         "size": 4950,
2026-10-05T12:04:58.2043553Z         "mode": 420
2026-10-05T12:04:58.2043701Z       },
2026-10-05T12:04:58.2043748Z       {
2026-10-05T12:04:58.2043839Z         "path": "lib/install-setup/presentation.js",
2026-10-05T12:04:58.2043895Z         "size": 15298,
2026-10-05T12:04:58.2043944Z         "mode": 420
2026-10-05T12:04:58.2043993Z       },
2026-10-05T12:04:58.2044042Z       {
2026-10-05T12:04:58.2044125Z         "path": "lib/install-setup/service.js",
2026-10-05T12:04:58.2044181Z         "size": 19652,
2026-10-05T12:04:58.2044289Z         "mode": 420
2026-10-05T12:04:58.2044354Z       },
2026-10-05T12:04:58.2044401Z       {
2026-10-05T12:04:58.2044500Z         "path": "lib/installers/claude-cache-recovery.js",
2026-10-05T12:04:58.2044554Z         "size": 3047,
2026-10-05T12:04:58.2044604Z         "mode": 420
2026-10-05T12:04:58.2044656Z       },
2026-10-05T12:04:58.2044705Z       {
2026-10-05T12:04:58.2044825Z         "path": "lib/installers/copilot-marketplace-transport.js",
2026-10-05T12:04:58.2044875Z         "size": 4086,
2026-10-05T12:04:58.2044932Z         "mode": 420
2026-10-05T12:04:58.2045014Z       },
2026-10-05T12:04:58.2045091Z       {
2026-10-05T12:04:58.2045194Z         "path": "lib/installers/copilot-precedence.js",
2026-10-05T12:04:58.2045247Z         "size": 1432,
2026-10-05T12:04:58.2045298Z         "mode": 420
2026-10-05T12:04:58.2045347Z       },
2026-10-05T12:04:58.2045398Z       {
2026-10-05T12:04:58.2045490Z         "path": "lib/installers/copilot-settings.js",
2026-10-05T12:04:58.2045541Z         "size": 12074,
2026-10-05T12:04:58.2045680Z         "mode": 420
2026-10-05T12:04:58.2045731Z       },
2026-10-05T12:04:58.2045823Z       {
2026-10-05T12:04:58.2045955Z         "path": "lib/installers/copilot-skill-discovery.js",
2026-10-05T12:04:58.2046008Z         "size": 1551,
2026-10-05T12:04:58.2046057Z         "mode": 420
2026-10-05T12:04:58.2046107Z       },
2026-10-05T12:04:58.2046158Z       {
2026-10-05T12:04:58.2046249Z         "path": "lib/installers/local-development.js",
2026-10-05T12:04:58.2046301Z         "size": 11485,
2026-10-05T12:04:58.2046356Z         "mode": 420
2026-10-05T12:04:58.2046405Z       },
2026-10-05T12:04:58.2046452Z       {
2026-10-05T12:04:58.2046542Z         "path": "lib/installers/local-marketplace.js",
2026-10-05T12:04:58.2046595Z         "size": 39624,
2026-10-05T12:04:58.2046643Z         "mode": 420
2026-10-05T12:04:58.2046693Z       },
2026-10-05T12:04:58.2046771Z       {
2026-10-05T12:04:58.2046899Z         "path": "lib/installers/npm-invocation.js",
2026-10-05T12:04:58.2046950Z         "size": 194,
2026-10-05T12:04:58.2047006Z         "mode": 420
2026-10-05T12:04:58.2047055Z       },
2026-10-05T12:04:58.2047101Z       {
2026-10-05T12:04:58.2047195Z         "path": "lib/installers/opencode-activation.js",
2026-10-05T12:04:58.2047250Z         "size": 866,
2026-10-05T12:04:58.2047299Z         "mode": 420
2026-10-05T12:04:58.2047348Z       },
2026-10-05T12:04:58.2047397Z       {
2026-10-05T12:04:58.2047479Z         "path": "lib/installers/opencode.js",
2026-10-05T12:04:58.2047530Z         "size": 51900,
2026-10-05T12:04:58.2047583Z         "mode": 420
2026-10-05T12:04:58.2047633Z       },
2026-10-05T12:04:58.2047679Z       {
2026-10-05T12:04:58.2047764Z         "path": "lib/installers/plugin-command.js",
2026-10-05T12:04:58.2047817Z         "size": 4513,
2026-10-05T12:04:58.2047866Z         "mode": 420
2026-10-05T12:04:58.2047916Z       },
2026-10-05T12:04:58.2047965Z       {
2026-10-05T12:04:58.2048056Z         "path": "lib/installers/plugin-installers.js",
2026-10-05T12:04:58.2048111Z         "size": 1395,
2026-10-05T12:04:58.2048216Z         "mode": 420
2026-10-05T12:04:58.2048278Z       },
2026-10-05T12:04:58.2048324Z       {
2026-10-05T12:04:58.2048406Z         "path": "lib/lifecycle/operations.js",
2026-10-05T12:04:58.2048461Z         "size": 7301,
2026-10-05T12:04:58.2048510Z         "mode": 420
2026-10-05T12:04:58.2048558Z       },
2026-10-05T12:04:58.2048605Z       {
2026-10-05T12:04:58.2048690Z         "path": "lib/lifecycle/owned-mutation.js",
2026-10-05T12:04:58.2048740Z         "size": 2374,
2026-10-05T12:04:58.2048859Z         "mode": 420
2026-10-05T12:04:58.2048908Z       },
2026-10-05T12:04:58.2048954Z       {
2026-10-05T12:04:58.2049038Z         "path": "lib/lifecycle/presentation.js",
2026-10-05T12:04:58.2049092Z         "size": 8106,
2026-10-05T12:04:58.2049141Z         "mode": 420
2026-10-05T12:04:58.2049192Z       },
2026-10-05T12:04:58.2049241Z       {
2026-10-05T12:04:58.2049315Z         "path": "lib/lifecycle/result.js",
2026-10-05T12:04:58.2049369Z         "size": 13388,
2026-10-05T12:04:58.2049427Z         "mode": 420
2026-10-05T12:04:58.2049476Z       },
2026-10-05T12:04:58.2049525Z       {
2026-10-05T12:04:58.2049600Z         "path": "lib/lifecycle/status.js",
2026-10-05T12:04:58.2049653Z         "size": 9584,
2026-10-05T12:04:58.2049701Z         "mode": 420
2026-10-05T12:04:58.2049749Z       },
2026-10-05T12:04:58.2049797Z       {
2026-10-05T12:04:58.2049894Z         "path": "lib/live-agent/read-only-structured.js",
2026-10-05T12:04:58.2049947Z         "size": 1864,
2026-10-05T12:04:58.2050001Z         "mode": 420
2026-10-05T12:04:58.2050048Z       },
2026-10-05T12:04:58.2050094Z       {
2026-10-05T12:04:58.2050175Z         "path": "lib/mcp-dispatch-runtime.js",
2026-10-05T12:04:58.2050225Z         "size": 7671,
2026-10-05T12:04:58.2050274Z         "mode": 420
2026-10-05T12:04:58.2050364Z       },
2026-10-05T12:04:58.2050443Z       {
2026-10-05T12:04:58.2050538Z         "path": "lib/mcp-lifecycle/adapter-contract.js",
2026-10-05T12:04:58.2050593Z         "size": 2654,
2026-10-05T12:04:58.2050709Z         "mode": 420
2026-10-05T12:04:58.2050761Z       },
2026-10-05T12:04:58.2050807Z       {
2026-10-05T12:04:58.2050899Z         "path": "lib/mcp-lifecycle/adapters/claude.js",
2026-10-05T12:04:58.2050952Z         "size": 6298,
2026-10-05T12:04:58.2051002Z         "mode": 420
2026-10-05T12:04:58.2051052Z       },
2026-10-05T12:04:58.2051102Z       {
2026-10-05T12:04:58.2051189Z         "path": "lib/mcp-lifecycle/adapters/codex.js",
2026-10-05T12:04:58.2051243Z         "size": 7829,
2026-10-05T12:04:58.2051298Z         "mode": 420
2026-10-05T12:04:58.2051350Z       },
2026-10-05T12:04:58.2051396Z       {
2026-10-05T12:04:58.2051487Z         "path": "lib/mcp-lifecycle/adapters/copilot.js",
2026-10-05T12:04:58.2051540Z         "size": 5351,
2026-10-05T12:04:58.2051588Z         "mode": 420
2026-10-05T12:04:58.2051639Z       },
2026-10-05T12:04:58.2051688Z       {
2026-10-05T12:04:58.2051784Z         "path": "lib/mcp-lifecycle/adapters/file-utils.js",
2026-10-05T12:04:58.2051838Z         "size": 3292,
2026-10-05T12:04:58.2051894Z         "mode": 420
2026-10-05T12:04:58.2051945Z       },
2026-10-05T12:04:58.2051991Z       {
2026-10-05T12:04:58.2052086Z         "path": "lib/mcp-lifecycle/adapters/opencode.js",
2026-10-05T12:04:58.2052204Z         "size": 8173,
2026-10-05T12:04:58.2052279Z         "mode": 420
2026-10-05T12:04:58.2052458Z       },
2026-10-05T12:04:58.2093187Z       {
2026-10-05T12:04:58.2093513Z         "path": "lib/mcp-lifecycle/evidence.js",
2026-10-05T12:04:58.2093584Z         "size": 3556,
2026-10-05T12:04:58.2093653Z         "mode": 420
2026-10-05T12:04:58.2093707Z       },
2026-10-05T12:04:58.2093757Z       {
2026-10-05T12:04:58.2093854Z         "path": "lib/mcp-lifecycle/host-config.js",
2026-10-05T12:04:58.2093912Z         "size": 2865,
2026-10-05T12:04:58.2093964Z         "mode": 420
2026-10-05T12:04:58.2094014Z       },
2026-10-05T12:04:58.2094064Z       {
2026-10-05T12:04:58.2094148Z         "path": "lib/mcp-lifecycle/package.js",
2026-10-05T12:04:58.2094205Z         "size": 16097,
2026-10-05T12:04:58.2094271Z         "mode": 420
2026-10-05T12:04:58.2094323Z       },
2026-10-05T12:04:58.2094372Z       {
2026-10-05T12:04:58.2094473Z         "path": "lib/mcp-lifecycle/plugin-runtime.js",
2026-10-05T12:04:58.2094528Z         "size": 12833,
2026-10-05T12:04:58.2094577Z         "mode": 420
2026-10-05T12:04:58.2094628Z       },
2026-10-05T12:04:58.2094678Z       {
2026-10-05T12:04:58.2094769Z         "path": "lib/mcp-lifecycle/presentation.js",
2026-10-05T12:04:58.2094825Z         "size": 2925,
2026-10-05T12:04:58.2095075Z         "mode": 420
2026-10-05T12:04:58.2095125Z       },
2026-10-05T12:04:58.2095173Z       {
2026-10-05T12:04:58.2095269Z         "path": "lib/mcp-lifecycle/profile-context.js",
2026-10-05T12:04:58.2095323Z         "size": 473,
2026-10-05T12:04:58.2095373Z         "mode": 420
2026-10-05T12:04:58.2095424Z       },
2026-10-05T12:04:58.2095475Z       {
2026-10-05T12:04:58.2095554Z         "path": "lib/mcp-lifecycle/profile.js",
2026-10-05T12:04:58.2095607Z         "size": 4171,
2026-10-05T12:04:58.2095662Z         "mode": 420
2026-10-05T12:04:58.2095709Z       },
2026-10-05T12:04:58.2095759Z       {
2026-10-05T12:04:58.2095841Z         "path": "lib/mcp-lifecycle/result.js",
2026-10-05T12:04:58.2095896Z         "size": 3846,
2026-10-05T12:04:58.2095945Z         "mode": 420
2026-10-05T12:04:58.2095994Z       },
2026-10-05T12:04:58.2096044Z       {
2026-10-05T12:04:58.2096124Z         "path": "lib/mcp-lifecycle/service.js",
2026-10-05T12:04:58.2096180Z         "size": 18831,
2026-10-05T12:04:58.2096237Z         "mode": 420
2026-10-05T12:04:58.2096285Z       },
2026-10-05T12:04:58.2096336Z       {
2026-10-05T12:04:58.2096414Z         "path": "lib/npm-invocation.js",
2026-10-05T12:04:58.2096470Z         "size": 969,
2026-10-05T12:04:58.2096519Z         "mode": 420
2026-10-05T12:04:58.2096568Z       },
2026-10-05T12:04:58.2096620Z       {
2026-10-05T12:04:58.2096700Z         "path": "lib/repository-context.js",
2026-10-05T12:04:58.2096750Z         "size": 3033,
2026-10-05T12:04:58.2096891Z         "mode": 420
2026-10-05T12:04:58.2096939Z       },
2026-10-05T12:04:58.2096985Z       {
2026-10-05T12:04:58.2097081Z         "path": "lib/runtime-check-consent/adapters.js",
2026-10-05T12:04:58.2097133Z         "size": 314,
2026-10-05T12:04:58.2097183Z         "mode": 420
2026-10-05T12:04:58.2097228Z       },
2026-10-05T12:04:58.2097275Z       {
2026-10-05T12:04:58.2097383Z         "path": "lib/runtime-check-consent/claude-settings.js",
2026-10-05T12:04:58.2097434Z         "size": 2458,
2026-10-05T12:04:58.2097487Z         "mode": 420
2026-10-05T12:04:58.2097533Z       },
2026-10-05T12:04:58.2097579Z       {
2026-10-05T12:04:58.2097676Z         "path": "lib/runtime-check-consent/codex-hooks.js",
2026-10-05T12:04:58.2097727Z         "size": 4261,
2026-10-05T12:04:58.2097776Z         "mode": 420
2026-10-05T12:04:58.2097821Z       },
2026-10-05T12:04:58.2097867Z       {
2026-10-05T12:04:58.2097989Z         "path": "lib/runtime-check-consent/codex-plugin-consent.js",
2026-10-05T12:04:58.2098042Z         "size": 6474,
2026-10-05T12:04:58.2098092Z         "mode": 420
2026-10-05T12:04:58.2098138Z       },
2026-10-05T12:04:58.2098185Z       {
2026-10-05T12:04:58.2098278Z         "path": "lib/runtime-check-consent/contract.js",
2026-10-05T12:04:58.2098329Z         "size": 3925,
2026-10-05T12:04:58.2098379Z         "mode": 420
2026-10-05T12:04:58.2098426Z       },
2026-10-05T12:04:58.2098475Z       {
2026-10-05T12:04:58.2098574Z         "path": "lib/runtime-check-consent/coordinator.js",
2026-10-05T12:04:58.2098627Z         "size": 1866,
2026-10-05T12:04:58.2098680Z         "mode": 420
2026-10-05T12:04:58.2098729Z       },
2026-10-05T12:04:58.2098779Z       {
2026-10-05T12:04:58.2098870Z         "path": "lib/runtime-check-consent/service.js",
2026-10-05T12:04:58.2098923Z         "size": 8988,
2026-10-05T12:04:58.2098975Z         "mode": 420
2026-10-05T12:04:58.2099021Z       },
2026-10-05T12:04:58.2099070Z       {
2026-10-05T12:04:58.2099163Z         "path": "lib/runtime-check-consent/state.js",
2026-10-05T12:04:58.2099217Z         "size": 4910,
2026-10-05T12:04:58.2099271Z         "mode": 420
2026-10-05T12:04:58.2099319Z       },
2026-10-05T12:04:58.2099368Z       {
2026-10-05T12:04:58.2099465Z         "path": "lib/runtime/control-command-service.js",
2026-10-05T12:04:58.2099519Z         "size": 607,
2026-10-05T12:04:58.2099571Z         "mode": 420
2026-10-05T12:04:58.2099617Z       },
2026-10-05T12:04:58.2099666Z       {
2026-10-05T12:04:58.2099752Z         "path": "lib/runtime/control-context.js",
2026-10-05T12:04:58.2099867Z         "size": 904,
2026-10-05T12:04:58.2099919Z         "mode": 420
2026-10-05T12:04:58.2099968Z       },
2026-10-05T12:04:58.2100016Z       {
2026-10-05T12:04:58.2100094Z         "path": "lib/runtime/git-history.js",
2026-10-05T12:04:58.2100146Z         "size": 510,
2026-10-05T12:04:58.2100199Z         "mode": 420
2026-10-05T12:04:58.2100246Z       },
2026-10-05T12:04:58.2100294Z       {
2026-10-05T12:04:58.2100376Z         "path": "lib/runtime/git-originals.js",
2026-10-05T12:04:58.2100430Z         "size": 2213,
2026-10-05T12:04:58.2100482Z         "mode": 420
2026-10-05T12:04:58.2100532Z       },
2026-10-05T12:04:58.2100581Z       {
2026-10-05T12:04:58.2100663Z         "path": "lib/runtime/local-validator.js",
2026-10-05T12:04:58.2100718Z         "size": 14029,
2026-10-05T12:04:58.2100818Z         "mode": 420
2026-10-05T12:04:58.2100892Z       },
2026-10-05T12:04:58.2100968Z       {
2026-10-05T12:04:58.2101066Z         "path": "lib/runtime/plugin-provenance.js",
2026-10-05T12:04:58.2101120Z         "size": 57,
2026-10-05T12:04:58.2101173Z         "mode": 420
2026-10-05T12:04:58.2101224Z       },
2026-10-05T12:04:58.2101273Z       {
2026-10-05T12:04:58.2101353Z         "path": "lib/runtime/runtime-probe.js",
2026-10-05T12:04:58.2101408Z         "size": 3045,
2026-10-05T12:04:58.2101460Z         "mode": 420
2026-10-05T12:04:58.2101507Z       },
2026-10-05T12:04:58.2101556Z       {
2026-10-05T12:04:58.2101652Z         "path": "lib/runtime/validator-application.js",
2026-10-05T12:04:58.2101801Z         "size": 1823,
2026-10-05T12:04:58.2101855Z         "mode": 420
2026-10-05T12:04:58.2101904Z       },
2026-10-05T12:04:58.2101953Z       {
2026-10-05T12:04:58.2102035Z         "path": "lib/scaffold/canonical-init.js",
2026-10-05T12:04:58.2102089Z         "size": 27671,
2026-10-05T12:04:58.2102142Z         "mode": 420
2026-10-05T12:04:58.2102189Z       },
2026-10-05T12:04:58.2102239Z       {
2026-10-05T12:04:58.2102314Z         "path": "lib/scaffold/plan.js",
2026-10-05T12:04:58.2102366Z         "size": 6801,
2026-10-05T12:04:58.2102420Z         "mode": 420
2026-10-05T12:04:58.2102471Z       },
2026-10-05T12:04:58.2102518Z       {
2026-10-05T12:04:58.2102600Z         "path": "lib/scaffold/presentation.js",
2026-10-05T12:04:58.2102653Z         "size": 6227,
2026-10-05T12:04:58.2102705Z         "mode": 420
2026-10-05T12:04:58.2102752Z       },
2026-10-05T12:04:58.2102800Z       {
2026-10-05T12:04:58.2102879Z         "path": "lib/scaffold/write.js",
2026-10-05T12:04:58.2102930Z         "size": 1862,
2026-10-05T12:04:58.2102986Z         "mode": 420
2026-10-05T12:04:58.2103035Z       },
2026-10-05T12:04:58.2103083Z       {
2026-10-05T12:04:58.2103167Z         "path": "lib/skill-dispatch/binding.js",
2026-10-05T12:04:58.2103220Z         "size": 642,
2026-10-05T12:04:58.2103271Z         "mode": 420
2026-10-05T12:04:58.2103318Z       },
2026-10-05T12:04:58.2103507Z       {
2026-10-05T12:04:58.2103587Z         "path": "opencode-plugin.js",
2026-10-05T12:04:58.2103638Z         "size": 8893,
2026-10-05T12:04:58.2103693Z         "mode": 420
2026-10-05T12:04:58.2103743Z       },
2026-10-05T12:04:58.2103789Z       {
2026-10-05T12:04:58.2103861Z         "path": "package.json",
2026-10-05T12:04:58.2103914Z         "size": 1496,
2026-10-05T12:04:58.2103966Z         "mode": 420
2026-10-05T12:04:58.2104013Z       },
2026-10-05T12:04:58.2104062Z       {
2026-10-05T12:04:58.2104188Z         "path": "runtime/core/lib/control-evaluation/delivery-map.js",
2026-10-05T12:04:58.2104240Z         "size": 13111,
2026-10-05T12:04:58.2104296Z         "mode": 420
2026-10-05T12:04:58.2104347Z       },
2026-10-05T12:04:58.2104394Z       {
2026-10-05T12:04:58.2104539Z         "path": "runtime/core/lib/control-evaluation/delivery-relationships.js",
2026-10-05T12:04:58.2104593Z         "size": 1370,
2026-10-05T12:04:58.2104645Z         "mode": 420
2026-10-05T12:04:58.2104691Z       },
2026-10-05T12:04:58.2104740Z       {
2026-10-05T12:04:58.2104850Z         "path": "runtime/core/lib/control-evaluation/doctor.js",
2026-10-05T12:04:58.2105000Z         "size": 14393,
2026-10-05T12:04:58.2105054Z         "mode": 420
2026-10-05T12:04:58.2105103Z       },
2026-10-05T12:04:58.2105150Z       {
2026-10-05T12:04:58.2105263Z         "path": "runtime/core/lib/control-evaluation/gate-check.js",
2026-10-05T12:04:58.2105317Z         "size": 37366,
2026-10-05T12:04:58.2105370Z         "mode": 420
2026-10-05T12:04:58.2105417Z       },
2026-10-05T12:04:58.2105467Z       {
2026-10-05T12:04:58.2105580Z         "path": "runtime/core/lib/control-evaluation/gate-policy.js",
2026-10-05T12:04:58.2105637Z         "size": 17824,
2026-10-05T12:04:58.2105689Z         "mode": 420
2026-10-05T12:04:58.2105739Z       },
2026-10-05T12:04:58.2105785Z       {
2026-10-05T12:04:58.2105922Z         "path": "runtime/core/lib/control-evaluation/parent-reconciliation.js",
2026-10-05T12:04:58.2105976Z         "size": 10121,
2026-10-05T12:04:58.2106027Z         "mode": 420
2026-10-05T12:04:58.2106075Z       },
2026-10-05T12:04:58.2106125Z       {
2026-10-05T12:04:58.2106244Z         "path": "runtime/core/lib/control-evaluation/prd-readiness.js",
2026-10-05T12:04:58.2106299Z         "size": 2268,
2026-10-05T12:04:58.2106351Z         "mode": 420
2026-10-05T12:04:58.2106402Z       },
2026-10-05T12:04:58.2106450Z       {
2026-10-05T12:04:58.2106566Z         "path": "runtime/core/lib/control-evaluation/required-files.js",
2026-10-05T12:04:58.2106620Z         "size": 337,
2026-10-05T12:04:58.2106671Z         "mode": 420
2026-10-05T12:04:58.2106719Z       },
2026-10-05T12:04:58.2106770Z       {
2026-10-05T12:04:58.2106967Z         "path": "runtime/core/lib/control-evaluation/run-state.js",
2026-10-05T12:04:58.2107019Z         "size": 11605,
2026-10-05T12:04:58.2107071Z         "mode": 420
2026-10-05T12:04:58.2107120Z       },
2026-10-05T12:04:58.2107170Z       {
2026-10-05T12:04:58.2107289Z         "path": "runtime/core/lib/control-evaluation/run-step-policy.js",
2026-10-05T12:04:58.2107343Z         "size": 1382,
2026-10-05T12:04:58.2107395Z         "mode": 420
2026-10-05T12:04:58.2107441Z       },
2026-10-05T12:04:58.2107493Z       {
2026-10-05T12:04:58.2107607Z         "path": "runtime/core/lib/control-evaluation/sd-readiness.js",
2026-10-05T12:04:58.2107657Z         "size": 2561,
2026-10-05T12:04:58.2107709Z         "mode": 420
2026-10-05T12:04:58.2107757Z       },
2026-10-05T12:04:58.2107807Z       {
2026-10-05T12:04:58.2107911Z         "path": "runtime/core/lib/control-evaluation/shared.js",
2026-10-05T12:04:58.2107966Z         "size": 10972,
2026-10-05T12:04:58.2108018Z         "mode": 420
2026-10-05T12:04:58.2108068Z       },
2026-10-05T12:04:58.2108118Z       {
2026-10-05T12:04:58.2108254Z         "path": "runtime/core/lib/control-evaluation/traceability-readiness.js",
2026-10-05T12:04:58.2108307Z         "size": 13831,
2026-10-05T12:04:58.2108356Z         "mode": 420
2026-10-05T12:04:58.2108405Z       },
2026-10-05T12:04:58.2108454Z       {
2026-10-05T12:04:58.2108565Z         "path": "runtime/core/lib/control-evaluation/ur-readiness.js",
2026-10-05T12:04:58.2108619Z         "size": 2045,
2026-10-05T12:04:58.2108674Z         "mode": 420
2026-10-05T12:04:58.2108720Z       },
2026-10-05T12:04:58.2108769Z       {
2026-10-05T12:04:58.2108890Z         "path": "runtime/core/lib/control-evaluation/verified-change.js",
2026-10-05T12:04:58.2108944Z         "size": 12119,
2026-10-05T12:04:58.2108993Z         "mode": 420
2026-10-05T12:04:58.2109042Z       },
2026-10-05T12:04:58.2109092Z       {
2026-10-05T12:04:58.2109195Z         "path": "runtime/core/lib/control-inspect/contract.js",
2026-10-05T12:04:58.2109253Z         "size": 13500,
2026-10-05T12:04:58.2109307Z         "mode": 420
2026-10-05T12:04:58.2109353Z       },
2026-10-05T12:04:58.2109403Z       {
2026-10-05T12:04:58.2109507Z         "path": "runtime/core/lib/control-inspect/selection.js",
2026-10-05T12:04:58.2109561Z         "size": 1788,
2026-10-05T12:04:58.2109610Z         "mode": 420
2026-10-05T12:04:58.2109660Z       },
2026-10-05T12:04:58.2109710Z       {
2026-10-05T12:04:58.2109811Z         "path": "runtime/core/lib/control-inspect/service.js",
2026-10-05T12:04:58.2109928Z         "size": 12577,
2026-10-05T12:04:58.2109982Z         "mode": 420
2026-10-05T12:04:58.2110029Z       },
2026-10-05T12:04:58.2110079Z       {
2026-10-05T12:04:58.2110197Z         "path": "runtime/core/lib/control-maintenance/compatibility.js",
2026-10-05T12:04:58.2110251Z         "size": 8412,
2026-10-05T12:04:58.2110300Z         "mode": 420
2026-10-05T12:04:58.2110349Z       },
2026-10-05T12:04:58.2110402Z       {
2026-10-05T12:04:58.2110512Z         "path": "runtime/core/lib/control-maintenance/contract.js",
2026-10-05T12:04:58.2110566Z         "size": 2342,
2026-10-05T12:04:58.2110618Z         "mode": 420
2026-10-05T12:04:58.2110667Z       },
2026-10-05T12:04:58.2110717Z       {
2026-10-05T12:04:58.2110830Z         "path": "runtime/core/lib/control-maintenance/interaction.js",
2026-10-05T12:04:58.2110885Z         "size": 3207,
2026-10-05T12:04:58.2110934Z         "mode": 420
2026-10-05T12:04:58.2110983Z       },
2026-10-05T12:04:58.2111033Z       {
2026-10-05T12:04:58.2111146Z         "path": "runtime/core/lib/control-maintenance/migration.js",
2026-10-05T12:04:58.2111200Z         "size": 5383,
2026-10-05T12:04:58.2111253Z         "mode": 420
2026-10-05T12:04:58.2111300Z       },
2026-10-05T12:04:58.2111349Z       {
2026-10-05T12:04:58.2111465Z         "path": "runtime/core/lib/control-maintenance/presentation.js",
2026-10-05T12:04:58.2111519Z         "size": 8246,
2026-10-05T12:04:58.2111568Z         "mode": 420
2026-10-05T12:04:58.2111618Z       },
2026-10-05T12:04:58.2111668Z       {
2026-10-05T12:04:58.2111834Z         "path": "runtime/core/lib/control-maintenance/repair.js",
2026-10-05T12:04:58.2111889Z         "size": 13216,
2026-10-05T12:04:58.2111942Z         "mode": 420
2026-10-05T12:04:58.2111990Z       },
2026-10-05T12:04:58.2112037Z       {
2026-10-05T12:04:58.2112145Z         "path": "runtime/core/lib/control-maintenance/service.js",
2026-10-05T12:04:58.2112198Z         "size": 2412,
2026-10-05T12:04:58.2112247Z         "mode": 420
2026-10-05T12:04:58.2112299Z       },
2026-10-05T12:04:58.2112348Z       {
2026-10-05T12:04:58.2112448Z         "path": "runtime/core/lib/control-read-boundary.js",
2026-10-05T12:04:58.2112500Z         "size": 906,
2026-10-05T12:04:58.2112551Z         "mode": 420
2026-10-05T12:04:58.2112600Z       },
2026-10-05T12:04:58.2112646Z       {
2026-10-05T12:04:58.2112749Z         "path": "runtime/core/lib/control-state/aggregate.js",
2026-10-05T12:04:58.2112801Z         "size": 503,
2026-10-05T12:04:58.2112852Z         "mode": 420
2026-10-05T12:04:58.2112904Z       },
2026-10-05T12:04:58.2112954Z       {
2026-10-05T12:04:58.2113086Z         "path": "runtime/core/lib/control-state/approval-command-contract.js",
2026-10-05T12:04:58.2113141Z         "size": 3748,
2026-10-05T12:04:58.2113194Z         "mode": 420
2026-10-05T12:04:58.2113246Z       },
2026-10-05T12:04:58.2113292Z       {
2026-10-05T12:04:58.2113546Z         "path": "runtime/core/lib/control-state/approval-command.js",
2026-10-05T12:04:58.2113621Z         "size": 8139,
2026-10-05T12:04:58.2113673Z         "mode": 420
2026-10-05T12:04:58.2113722Z       },
2026-10-05T12:04:58.2113771Z       {
2026-10-05T12:04:58.2113888Z         "path": "runtime/core/lib/control-state/approval-operations.js",
2026-10-05T12:04:58.2113942Z         "size": 6088,
2026-10-05T12:04:58.2113996Z         "mode": 420
2026-10-05T12:04:58.2114045Z       },
2026-10-05T12:04:58.2114092Z       {
2026-10-05T12:04:58.2114220Z         "path": "runtime/core/lib/control-state/artefact-binding-proof.js",
2026-10-05T12:04:58.2114276Z         "size": 4880,
2026-10-05T12:04:58.2114326Z         "mode": 420
2026-10-05T12:04:58.2114374Z       },
2026-10-05T12:04:58.2114424Z       {
2026-10-05T12:04:58.2114536Z         "path": "runtime/core/lib/control-state/artefact-bindings.js",
2026-10-05T12:04:58.2114589Z         "size": 6925,
2026-10-05T12:04:58.2114643Z         "mode": 420
2026-10-05T12:04:58.2114692Z       },
2026-10-05T12:04:58.2114740Z       {
2026-10-05T12:04:58.2114849Z         "path": "runtime/core/lib/control-state/contained-file.js",
2026-10-05T12:04:58.2115016Z         "size": 2204,
2026-10-05T12:04:58.2115065Z         "mode": 420
2026-10-05T12:04:58.2115116Z       },
2026-10-05T12:04:58.2115165Z       {
2026-10-05T12:04:58.2115286Z         "path": "runtime/core/lib/control-state/control-configuration.js",
2026-10-05T12:04:58.2115342Z         "size": 1072,
2026-10-05T12:04:58.2115394Z         "mode": 420
2026-10-05T12:04:58.2115444Z       },
2026-10-05T12:04:58.2115491Z       {
2026-10-05T12:04:58.2115621Z         "path": "runtime/core/lib/control-state/gate-approval-validator.js",
2026-10-05T12:04:58.2115675Z         "size": 1704,
2026-10-05T12:04:58.2115724Z         "mode": 420
2026-10-05T12:04:58.2115774Z       },
2026-10-05T12:04:58.2115824Z       {
2026-10-05T12:04:58.2115922Z         "path": "runtime/core/lib/control-state/index.js",
2026-10-05T12:04:58.2115972Z         "size": 346,
2026-10-05T12:04:58.2116024Z         "mode": 420
2026-10-05T12:04:58.2116073Z       },
2026-10-05T12:04:58.2116120Z       {
2026-10-05T12:04:58.2116237Z         "path": "runtime/core/lib/control-state/legacy-migration.js",
2026-10-05T12:04:58.2116292Z         "size": 3088,
2026-10-05T12:04:58.2116344Z         "mode": 420
2026-10-05T12:04:58.2116391Z       },
2026-10-05T12:04:58.2116439Z       {
2026-10-05T12:04:58.2116571Z         "path": "runtime/core/lib/control-state/legacy-projection-reader.js",
2026-10-05T12:04:58.2116622Z         "size": 1984,
2026-10-05T12:04:58.2116675Z         "mode": 420
2026-10-05T12:04:58.2116727Z       },
2026-10-05T12:04:58.2116857Z       {
2026-10-05T12:04:58.2116984Z         "path": "runtime/core/lib/control-state/run-artefact-recording.js",
2026-10-05T12:04:58.2117038Z         "size": 6620,
2026-10-05T12:04:58.2117090Z         "mode": 420
2026-10-05T12:04:58.2117137Z       },
2026-10-05T12:04:58.2117186Z       {
2026-10-05T12:04:58.2117295Z         "path": "runtime/core/lib/control-state/run-identity.js",
2026-10-05T12:04:58.2117346Z         "size": 573,
2026-10-05T12:04:58.2117400Z         "mode": 420
2026-10-05T12:04:58.2117453Z       },
2026-10-05T12:04:58.2117502Z       {
2026-10-05T12:04:58.2117631Z         "path": "runtime/core/lib/control-state/run-presentation-render.js",
2026-10-05T12:04:58.2117685Z         "size": 17579,
2026-10-05T12:04:58.2117739Z         "mode": 420
2026-10-05T12:04:58.2117786Z       },
2026-10-05T12:04:58.2117836Z       {
2026-10-05T12:04:58.2117949Z         "path": "runtime/core/lib/control-state/run-presentation.js",
2026-10-05T12:04:58.2117999Z         "size": 6777,
2026-10-05T12:04:58.2118056Z         "mode": 420
2026-10-05T12:04:58.2118106Z       },
2026-10-05T12:04:58.2118152Z       {
2026-10-05T12:04:58.2118261Z         "path": "runtime/core/lib/control-state/run-recording.js",
2026-10-05T12:04:58.2118315Z         "size": 10751,
2026-10-05T12:04:58.2118367Z         "mode": 420
2026-10-05T12:04:58.2118415Z       },
2026-10-05T12:04:58.2118464Z       {
2026-10-05T12:04:58.2118571Z         "path": "runtime/core/lib/control-state/run-recovery.js",
2026-10-05T12:04:58.2118625Z         "size": 17891,
2026-10-05T12:04:58.2118677Z         "mode": 420
2026-10-05T12:04:58.2118727Z       },
2026-10-05T12:04:58.2118773Z       {
2026-10-05T12:04:58.2118912Z         "path": "runtime/core/lib/control-state/run-relationship-correction.js",
2026-10-05T12:04:58.2118966Z         "size": 5721,
2026-10-05T12:04:58.2119019Z         "mode": 420
2026-10-05T12:04:58.2119066Z       },
2026-10-05T12:04:58.2119116Z       {
2026-10-05T12:04:58.2119242Z         "path": "runtime/core/lib/control-state/run-revision-history.js",
2026-10-05T12:04:58.2119293Z         "size": 9598,
2026-10-05T12:04:58.2119346Z         "mode": 420
2026-10-05T12:04:58.2119396Z       },
2026-10-05T12:04:58.2119444Z       {
2026-10-05T12:04:58.2119548Z         "path": "runtime/core/lib/control-state/run-revision.js",
2026-10-05T12:04:58.2119603Z         "size": 24412,
2026-10-05T12:04:58.2119657Z         "mode": 420
2026-10-05T12:04:58.2119704Z       },
2026-10-05T12:04:58.2119752Z       {
2026-10-05T12:04:58.2119854Z         "path": "runtime/core/lib/control-state/run-seal.js",
2026-10-05T12:04:58.2119975Z         "size": 7838,
2026-10-05T12:04:58.2120027Z         "mode": 420
2026-10-05T12:04:58.2120077Z       },
2026-10-05T12:04:58.2120125Z       {
2026-10-05T12:04:58.2120242Z         "path": "runtime/core/lib/control-state/run-source-revisions.js",
2026-10-05T12:04:58.2120295Z         "size": 9961,
2026-10-05T12:04:58.2120346Z         "mode": 420
2026-10-05T12:04:58.2120395Z       },
2026-10-05T12:04:58.2120444Z       {
2026-10-05T12:04:58.2120557Z         "path": "runtime/core/lib/control-state/run-state-edits.js",
2026-10-05T12:04:58.2120608Z         "size": 6233,
2026-10-05T12:04:58.2120662Z         "mode": 420
2026-10-05T12:04:58.2120710Z       },
2026-10-05T12:04:58.2120759Z       {
2026-10-05T12:04:58.2120870Z         "path": "runtime/core/lib/control-state/run-state-parser.js",
2026-10-05T12:04:58.2120923Z         "size": 12277,
2026-10-05T12:04:58.2120977Z         "mode": 420
2026-10-05T12:04:58.2121023Z       },
2026-10-05T12:04:58.2121076Z       {
2026-10-05T12:04:58.2121189Z         "path": "runtime/core/lib/control-state/run-state-reader.js",
2026-10-05T12:04:58.2121240Z         "size": 1875,
2026-10-05T12:04:58.2121292Z         "mode": 420
2026-10-05T12:04:58.2121341Z       },
2026-10-05T12:04:58.2121392Z       {
2026-10-05T12:04:58.2121509Z         "path": "runtime/core/lib/control-state/run-state-repository.js",
2026-10-05T12:04:58.2121563Z         "size": 6390,
2026-10-05T12:04:58.2121614Z         "mode": 420
2026-10-05T12:04:58.2121720Z       },
2026-10-05T12:04:58.2121771Z       {
2026-10-05T12:04:58.2121887Z         "path": "runtime/core/lib/control-state/run-state-resolver.js",
2026-10-05T12:04:58.2121940Z         "size": 1371,
2026-10-05T12:04:58.2121990Z         "mode": 420
2026-10-05T12:04:58.2122039Z       },
2026-10-05T12:04:58.2122088Z       {
2026-10-05T12:04:58.2122197Z         "path": "runtime/core/lib/control-state/run-state-writer.js",
2026-10-05T12:04:58.2122252Z         "size": 16219,
2026-10-05T12:04:58.2122310Z         "mode": 420
2026-10-05T12:04:58.2122358Z       },
2026-10-05T12:04:58.2122407Z       {
2026-10-05T12:04:58.2122520Z         "path": "runtime/core/lib/control-state/run-step-pending.js",
2026-10-05T12:04:58.2122573Z         "size": 620,
2026-10-05T12:04:58.2122622Z         "mode": 420
2026-10-05T12:04:58.2122674Z       },
2026-10-05T12:04:58.2122724Z       {
2026-10-05T12:04:58.2122840Z         "path": "runtime/core/lib/control-state/run-step-transaction.js",
2026-10-05T12:04:58.2122894Z         "size": 15958,
2026-10-05T12:04:58.2122950Z         "mode": 420
2026-10-05T12:04:58.2122997Z       },
2026-10-05T12:04:58.2123050Z       {
2026-10-05T12:04:58.2123154Z         "path": "runtime/core/lib/control-state/run-steps.js",
2026-10-05T12:04:58.2123208Z         "size": 15588,
2026-10-05T12:04:58.2123258Z         "mode": 420
2026-10-05T12:04:58.2123308Z       },
2026-10-05T12:04:58.2123502Z       {
2026-10-05T12:04:58.2123622Z         "path": "runtime/core/lib/control-state/run-store-inspection.js",
2026-10-05T12:04:58.2123677Z         "size": 2164,
2026-10-05T12:04:58.2123730Z         "mode": 420
2026-10-05T12:04:58.2123777Z       },
2026-10-05T12:04:58.2123826Z       {
2026-10-05T12:04:58.2123938Z         "path": "runtime/core/lib/delivery-continuation/service.js",
2026-10-05T12:04:58.2123991Z         "size": 3947,
2026-10-05T12:04:58.2124040Z         "mode": 420
2026-10-05T12:04:58.2124090Z       },
2026-10-05T12:04:58.2124141Z       {
2026-10-05T12:04:58.2124271Z         "path": "runtime/core/lib/delivery-path-search/candidate-policy.js",
2026-10-05T12:04:58.2124324Z         "size": 3919,
2026-10-05T12:04:58.2124378Z         "mode": 420
2026-10-05T12:04:58.2124425Z       },
2026-10-05T12:04:58.2124475Z       {
2026-10-05T12:04:58.2124589Z         "path": "runtime/core/lib/delivery-path-search/contracts.js",
2026-10-05T12:04:58.2124644Z         "size": 15955,
2026-10-05T12:04:58.2124694Z         "mode": 420
2026-10-05T12:04:58.2124744Z       },
2026-10-05T12:04:58.2124795Z       {
2026-10-05T12:04:58.2125012Z         "path": "runtime/core/lib/delivery-path-search/persistence.js",
2026-10-05T12:04:58.2125066Z         "size": 2521,
2026-10-05T12:04:58.2125119Z         "mode": 420
2026-10-05T12:04:58.2125166Z       },
2026-10-05T12:04:58.2125215Z       {
2026-10-05T12:04:58.2125326Z         "path": "runtime/core/lib/delivery-path-search/scoring.js",
2026-10-05T12:04:58.2125379Z         "size": 824,
2026-10-05T12:04:58.2125429Z         "mode": 420
2026-10-05T12:04:58.2125478Z       },
2026-10-05T12:04:58.2125528Z       {
2026-10-05T12:04:58.2125646Z         "path": "runtime/core/lib/delivery-path-search/search-engine.js",
2026-10-05T12:04:58.2125701Z         "size": 11244,
2026-10-05T12:04:58.2125752Z         "mode": 420
2026-10-05T12:04:58.2125801Z       },
2026-10-05T12:04:58.2125848Z       {
2026-10-05T12:04:58.2125967Z         "path": "runtime/core/lib/delivery-path-search/state-adapter.js",
2026-10-05T12:04:58.2126020Z         "size": 4596,
2026-10-05T12:04:58.2126070Z         "mode": 420
2026-10-05T12:04:58.2126125Z       },
2026-10-05T12:04:58.2126174Z       {
2026-10-05T12:04:58.2126255Z         "path": "runtime/core/lib/fs-swap.js",
2026-10-05T12:04:58.2126309Z         "size": 916,
2026-10-05T12:04:58.2126362Z         "mode": 420
2026-10-05T12:04:58.2126411Z       },
2026-10-05T12:04:58.2126458Z       {
2026-10-05T12:04:58.2126538Z         "path": "runtime/core/lib/index.js",
2026-10-05T12:04:58.2126591Z         "size": 954,
2026-10-05T12:04:58.2126641Z         "mode": 420
2026-10-05T12:04:58.2126689Z       },
2026-10-05T12:04:58.2126820Z       {
2026-10-05T12:04:58.2126937Z         "path": "runtime/core/lib/interaction-catalog-validation.js",
2026-10-05T12:04:58.2126990Z         "size": 1453,
2026-10-05T12:04:58.2127044Z         "mode": 420
2026-10-05T12:04:58.2127094Z       },
2026-10-05T12:04:58.2127141Z       {
2026-10-05T12:04:58.2127240Z         "path": "runtime/core/lib/interaction-catalog.js",
2026-10-05T12:04:58.2127294Z         "size": 3628,
2026-10-05T12:04:58.2127344Z         "mode": 420
2026-10-05T12:04:58.2127398Z       },
2026-10-05T12:04:58.2127449Z       {
2026-10-05T12:04:58.2127557Z         "path": "runtime/core/lib/interaction-presentation.js",
2026-10-05T12:04:58.2127611Z         "size": 65120,
2026-10-05T12:04:58.2127663Z         "mode": 420
2026-10-05T12:04:58.2127713Z       },
2026-10-05T12:04:58.2127760Z       {
2026-10-05T12:04:58.2127869Z         "path": "runtime/core/lib/repository-context-reader.js",
2026-10-05T12:04:58.2127922Z         "size": 3135,
2026-10-05T12:04:58.2127975Z         "mode": 420
2026-10-05T12:04:58.2128026Z       },
2026-10-05T12:04:58.2128079Z       {
2026-10-05T12:04:58.2128171Z         "path": "runtime/core/lib/resources/binding.js",
2026-10-05T12:04:58.2128225Z         "size": 303,
2026-10-05T12:04:58.2128277Z         "mode": 420
2026-10-05T12:04:58.2128327Z       },
2026-10-05T12:04:58.2128373Z       {
2026-10-05T12:04:58.2128466Z         "path": "runtime/core/lib/resources/context.js",
2026-10-05T12:04:58.2128520Z         "size": 3469,
2026-10-05T12:04:58.2128572Z         "mode": 420
2026-10-05T12:04:58.2128621Z       },
2026-10-05T12:04:58.2128670Z       {
2026-10-05T12:04:58.2128763Z         "path": "runtime/core/lib/resources/contracts.js",
2026-10-05T12:04:58.2128817Z         "size": 1513,
2026-10-05T12:04:58.2128870Z         "mode": 420
2026-10-05T12:04:58.2128920Z       },
2026-10-05T12:04:58.2128969Z       {
2026-10-05T12:04:58.2129100Z         "path": "runtime/core/lib/runtime/distribution-profile-history.js",
2026-10-05T12:04:58.2129155Z         "size": 6077,
2026-10-05T12:04:58.2129208Z         "mode": 420
2026-10-05T12:04:58.2129259Z       },
2026-10-05T12:04:58.2129308Z       {
2026-10-05T12:04:58.2129414Z         "path": "runtime/core/lib/runtime/plugin-provenance.js",
2026-10-05T12:04:58.2129469Z         "size": 20490,
2026-10-05T12:04:58.2129522Z         "mode": 420
2026-10-05T12:04:58.2129571Z       },
2026-10-05T12:04:58.2129618Z       {
2026-10-05T12:04:58.2129721Z         "path": "runtime/core/lib/skill-dispatch/binding.js",
2026-10-05T12:04:58.2129838Z         "size": 3647,
2026-10-05T12:04:58.2129887Z         "mode": 420
2026-10-05T12:04:58.2129937Z       },
2026-10-05T12:04:58.2129986Z       {
2026-10-05T12:04:58.2130088Z         "path": "runtime/core/lib/skill-dispatch/contract.js",
2026-10-05T12:04:58.2130142Z         "size": 27887,
2026-10-05T12:04:58.2130196Z         "mode": 420
2026-10-05T12:04:58.2130245Z       },
2026-10-05T12:04:58.2130292Z       {
2026-10-05T12:04:58.2130405Z         "path": "runtime/core/lib/skill-dispatch/delivery-intake.js",
2026-10-05T12:04:58.2130460Z         "size": 4635,
2026-10-05T12:04:58.2130511Z         "mode": 420
2026-10-05T12:04:58.2130560Z       },
2026-10-05T12:04:58.2130610Z       {
2026-10-05T12:04:58.2130740Z         "path": "runtime/core/lib/skill-dispatch/delivery-run-assignment.js",
2026-10-05T12:04:58.2130794Z         "size": 4578,
2026-10-05T12:04:58.2130847Z         "mode": 420
2026-10-05T12:04:58.2130895Z       },
2026-10-05T12:04:58.2130942Z       {
2026-10-05T12:04:58.2131055Z         "path": "runtime/core/lib/skill-dispatch/prd-definition.js",
2026-10-05T12:04:58.2131113Z         "size": 2845,
2026-10-05T12:04:58.2131162Z         "mode": 420
2026-10-05T12:04:58.2131212Z       },
2026-10-05T12:04:58.2131263Z       {
2026-10-05T12:04:58.2131374Z         "path": "runtime/core/lib/skill-dispatch/sd-definition.js",
2026-10-05T12:04:58.2131425Z         "size": 2900,
2026-10-05T12:04:58.2131476Z         "mode": 420
2026-10-05T12:04:58.2131524Z       },
2026-10-05T12:04:58.2131571Z       {
2026-10-05T12:04:58.2131735Z         "path": "runtime/core/lib/skill-dispatch/service.js",
2026-10-05T12:04:58.2131791Z         "size": 40882,
2026-10-05T12:04:58.2131840Z         "mode": 420
2026-10-05T12:04:58.2131890Z       },
2026-10-05T12:04:58.2131939Z       {
2026-10-05T12:04:58.2132042Z         "path": "runtime/core/lib/task-target-resolution.js",
2026-10-05T12:04:58.2132095Z         "size": 8096,
2026-10-05T12:04:58.2132147Z         "mode": 420
2026-10-05T12:04:58.2132197Z       }
2026-10-05T12:04:58.2132248Z     ],
2026-10-05T12:04:58.2132305Z     "entryCount": 761,
2026-10-05T12:04:58.2132360Z     "bundled": []
2026-10-05T12:04:58.2132416Z   }
2026-10-05T12:04:58.2132471Z ]
2026-10-05T12:04:58.2132518Z [
2026-10-05T12:04:58.2132566Z   {
2026-10-05T12:04:58.2132631Z     "id": "@agdf/cli@0.14.5",
2026-10-05T12:04:58.2132688Z     "name": "@agdf/cli",
2026-10-05T12:04:58.2132744Z     "version": "0.14.5",
2026-10-05T12:04:58.2132798Z     "size": 8032,
2026-10-05T12:04:58.2132859Z     "unpackedSize": 22320,
2026-10-05T12:04:58.2132961Z     "shasum": "17488d5e043d8075bee788085d5a8a67c4fd5e36",
2026-10-05T12:04:58.2133210Z     "integrity": "sha512-oKD8494HurBVHH2YZzCKpjTP6CyzjUv1XZzYDVBx3Gp18QxwkIBzJNvZX/xg6VbJTj1r5t3fF6wXom8YBk9/hg==",
2026-10-05T12:04:58.2133289Z     "filename": "agdf-cli-0.14.5.tgz",
2026-10-05T12:04:58.2133341Z     "files": [
2026-10-05T12:04:58.2133571Z       {
2026-10-05T12:04:58.2133631Z         "path": "LICENSE",
2026-10-05T12:04:58.2133685Z         "size": 11357,
2026-10-05T12:04:58.2133737Z         "mode": 420
2026-10-05T12:04:58.2133787Z       },
2026-10-05T12:04:58.2133839Z       {
2026-10-05T12:04:58.2133894Z         "path": "NOTICE",
2026-10-05T12:04:58.2133948Z         "size": 483,
2026-10-05T12:04:58.2134002Z         "mode": 420
2026-10-05T12:04:58.2134052Z       },
2026-10-05T12:04:58.2134103Z       {
2026-10-05T12:04:58.2134163Z         "path": "README.md",
2026-10-05T12:04:58.2134216Z         "size": 9382,
2026-10-05T12:04:58.2134267Z         "mode": 420
2026-10-05T12:04:58.2134316Z       },
2026-10-05T12:04:58.2134371Z       {
2026-10-05T12:04:58.2134439Z         "path": "bin/agdf.js",
2026-10-05T12:04:58.2134491Z         "size": 47,
2026-10-05T12:04:58.2134544Z         "mode": 420
2026-10-05T12:04:58.2134591Z       },
2026-10-05T12:04:58.2134641Z       {
2026-10-05T12:04:58.2134711Z         "path": "package.json",
2026-10-05T12:04:58.2134762Z         "size": 1051,
2026-10-05T12:04:58.2134814Z         "mode": 420
2026-10-05T12:04:58.2134863Z       }
2026-10-05T12:04:58.2135009Z     ],
2026-10-05T12:04:58.2135062Z     "entryCount": 5,
2026-10-05T12:04:58.2135114Z     "bundled": []
2026-10-05T12:04:58.2135163Z   }
2026-10-05T12:04:58.2135210Z ]
2026-10-05T12:04:58.2135259Z [
2026-10-05T12:04:58.2135307Z   {
2026-10-05T12:04:58.2135380Z     "id": "@agdf/mcp-server@0.14.5",
2026-10-05T12:04:58.2135449Z     "name": "@agdf/mcp-server",
2026-10-05T12:04:58.2135505Z     "version": "0.14.5",
2026-10-05T12:04:58.2135557Z     "size": 8369,
2026-10-05T12:04:58.2135615Z     "unpackedSize": 23720,
2026-10-05T12:04:58.2135716Z     "shasum": "f95c711e473b04ed61b4356bad30b14c8aa8ceb3",
2026-10-05T12:04:58.2135958Z     "integrity": "sha512-tF915GIqo13z+UDBXn0W80+3Dt6JiAW8X18i7Vj0g9njqmm2bZFnGyH8xH01psn+02P6Nxv7j20WhN7FHnscmA==",
2026-10-05T12:04:58.2136044Z     "filename": "agdf-mcp-server-0.14.5.tgz",
2026-10-05T12:04:58.2136097Z     "files": [
2026-10-05T12:04:58.2136149Z       {
2026-10-05T12:04:58.2136206Z         "path": "LICENSE",
2026-10-05T12:04:58.2136258Z         "size": 11357,
2026-10-05T12:04:58.2136314Z         "mode": 420
2026-10-05T12:04:58.2136364Z       },
2026-10-05T12:04:58.2136411Z       {
2026-10-05T12:04:58.2136466Z         "path": "NOTICE",
2026-10-05T12:04:58.2136519Z         "size": 521,
2026-10-05T12:04:58.2136570Z         "mode": 420
2026-10-05T12:04:58.2136619Z       },
2026-10-05T12:04:58.2136668Z       {
2026-10-05T12:04:58.2136725Z         "path": "README.md",
2026-10-05T12:04:58.2136777Z         "size": 2391,
2026-10-05T12:04:58.2136832Z         "mode": 420
2026-10-05T12:04:58.2136963Z       },
2026-10-05T12:04:58.2137011Z       {
2026-10-05T12:04:58.2137087Z         "path": "bin/agdf-mcp.js",
2026-10-05T12:04:58.2137140Z         "size": 659,
2026-10-05T12:04:58.2137190Z         "mode": 493
2026-10-05T12:04:58.2137240Z       },
2026-10-05T12:04:58.2137292Z       {
2026-10-05T12:04:58.2137359Z         "path": "package.json",
2026-10-05T12:04:58.2137413Z         "size": 864,
2026-10-05T12:04:58.2137465Z         "mode": 420
2026-10-05T12:04:58.2137515Z       },
2026-10-05T12:04:58.2137566Z       {
2026-10-05T12:04:58.2137635Z         "path": "src/main.js",
2026-10-05T12:04:58.2137689Z         "size": 1210,
2026-10-05T12:04:58.2137739Z         "mode": 420
2026-10-05T12:04:58.2137788Z       },
2026-10-05T12:04:58.2137837Z       {
2026-10-05T12:04:58.2137904Z         "path": "src/server.js",
2026-10-05T12:04:58.2137959Z         "size": 3144,
2026-10-05T12:04:58.2138011Z         "mode": 420
2026-10-05T12:04:58.2138061Z       },
2026-10-05T12:04:58.2138109Z       {
2026-10-05T12:04:58.2138187Z         "path": "src/worker-entry.js",
2026-10-05T12:04:58.2138241Z         "size": 964,
2026-10-05T12:04:58.2138291Z         "mode": 420
2026-10-05T12:04:58.2138340Z       },
2026-10-05T12:04:58.2138389Z       {
2026-10-05T12:04:58.2138456Z         "path": "src/worker.js",
2026-10-05T12:04:58.2138509Z         "size": 2610,
2026-10-05T12:04:58.2138563Z         "mode": 420
2026-10-05T12:04:58.2138609Z       }
2026-10-05T12:04:58.2138659Z     ],
2026-10-05T12:04:58.2138714Z     "entryCount": 9,
2026-10-05T12:04:58.2138770Z     "bundled": []
2026-10-05T12:04:58.2138816Z   }
2026-10-05T12:04:58.2138865Z ]
2026-10-05T12:05:01.3920517Z Three normal archives: manifests, Core bytes, CLI/bootstrap, exports, blocked-network offline profiles and both MCP protocols passed.
2026-10-05T12:05:01.5330726Z [verify-ci] cli-smoke
2026-10-05T12:05:01.5955587Z 
2026-10-05T12:05:01.5956224Z > create-agdf@0.14.5 smoke-test
2026-10-05T12:05:01.5961758Z > npm run release:prepare && npm run test:release-workflows && npm run test:release-registry-state && npm run test:instruction-footprint && npm run test:request-activation && npm run test:gate-check-missing-control && npm run test:canonical-init && npm run test:cli-modularization && npm run test:install-setup-contract && npm run test:install-setup-interaction && npm run test:install-setup-service && npm run test:install-control-migration && npm run test:install-control-repair && npm run test:control-maintenance && npm run test:runtime-check-consent && npm run test:task-target-resolution && npm run test:skill-dispatch && npm run test:control-inspect && npm run test:host-command && npm run test:mcp-lifecycle && npm run test:plugin-mcp-runtime && npm run test:claude-plugin-mcp && npm run test:codex-plugin-mcp && npm run test:mcp-server && npm run test:local-validator && npm run test:local-marketplace && npm run test:claude-cache-recovery && npm run test:copilot-profile && npm run test:copilot-installer && npm run test:local-preparation && npm run test:local-development-install && npm run test:package-build && npm run test:package-contents && npm run test:lifecycle && npm run test:copilot-repository-retention && npm run test:control-command && npm run test:control-command-process && npm run test:control-command-package && npm run test:cli-gates && npm run test:control-state && npm run test:run-step-transaction && npm run test:run-recovery && npm run test:run-lock && npm run test:prd-readiness && npm run test:run-revision && npm run test:late-source-revision && npm run test:intake-continuation && npm run test:prd-definition && npm run test:sd-readiness && npm run test:sd-definition && npm run test:artifact-language && npm run test:parent-reconciliation && npm run test:interaction-presentation && npm run test:operational-localization && npm run test:verified-change && npm run test:runtime-integrity-layout && npm run test:runtime-integrity-negative && npm run test:agent-skills-conformance && npm run test:skill-evals && npm run eval:skills && npm run test:proportionality && npm run test:delivery-path-search && npm run test:delivery-path-search-unit && npm run test:delivery-path-search-generator && npm run test:opencode-hardening && node scripts/smoke-test.js && node scripts/test-routing.js
2026-10-05T12:05:01.5966178Z 
2026-10-05T12:05:01.6702397Z 
2026-10-05T12:05:01.6703014Z > create-agdf@0.14.5 release:prepare
2026-10-05T12:05:01.6703899Z > npm run sync-package-assets && npm run test:distribution-profile-history && npm run test:release-bump && npm run test:release-version-coherence && npm run test:public-plugin && npm run test:portable-plugin
2026-10-05T12:05:01.6704330Z 
2026-10-05T12:05:01.7513593Z 
2026-10-05T12:05:01.7514033Z > create-agdf@0.14.5 sync-package-assets
2026-10-05T12:05:01.7514428Z > node ../../scripts/sync-package-assets.js
2026-10-05T12:05:01.7514615Z 
2026-10-05T12:05:02.1577383Z 
2026-10-05T12:05:02.1578089Z > create-agdf@0.14.5 test:distribution-profile-history
2026-10-05T12:05:02.1578432Z > node scripts/distribution-profile-history-test.js
2026-10-05T12:05:02.1578580Z 
2026-10-05T12:05:02.1944957Z Distribution profile history passed (8 exact releases, malformed and closed-policy matrices)
2026-10-05T12:05:02.2809565Z 
2026-10-05T12:05:02.2810181Z > create-agdf@0.14.5 test:release-bump
2026-10-05T12:05:02.2810621Z > node scripts/release-bump-test.js
2026-10-05T12:05:02.2810814Z 
2026-10-05T12:05:02.4665928Z Release bump passed (20 transactional files; repair, forward, review, rollback and recovery)
2026-10-05T12:05:02.5676568Z 
2026-10-05T12:05:02.5677312Z > create-agdf@0.14.5 test:release-version-coherence
2026-10-05T12:05:02.5677839Z > node scripts/release-version-coherence-test.js
2026-10-05T12:05:02.5678085Z 
2026-10-05T12:05:03.4892988Z Release version coherence passed (50 surfaces at 0.14.5; 8 profile snapshots)
2026-10-05T12:05:03.5721214Z 
2026-10-05T12:05:03.5721723Z > create-agdf@0.14.5 test:public-plugin
2026-10-05T12:05:03.5722009Z > node scripts/public-plugin-test.js
2026-10-05T12:05:03.5722128Z 
2026-10-05T12:05:03.7580763Z Public plugin tests passed (60 inventoried candidate files; digest 416c48ca8fe420b133c90d0a967d9e834341c3b1578d8ca02e43db39b4b173e5)
2026-10-05T12:05:03.8385401Z 
2026-10-05T12:05:03.8386022Z > create-agdf@0.14.5 test:portable-plugin
2026-10-05T12:05:03.8386328Z > node scripts/portable-plugin-test.js
2026-10-05T12:05:03.8386450Z 
2026-10-05T12:05:04.2142950Z Portable plugin schema/profile/resource/selection/retry tests passed; digest 416c48ca8fe420b133c90d0a967d9e834341c3b1578d8ca02e43db39b4b173e5
2026-10-05T12:05:04.3001511Z 
2026-10-05T12:05:04.3002459Z > create-agdf@0.14.5 test:release-workflows
2026-10-05T12:05:04.3002934Z > node scripts/release-workflow-contract-test.js
2026-10-05T12:05:04.3003163Z 
2026-10-05T12:05:04.3582758Z Coupled release workflow contract passed.
2026-10-05T12:05:04.6457941Z Evidence publication tests passed (create, update, path rejection, stale source; isolated Git remote and mocked GitHub).
2026-10-05T12:05:04.7365123Z 
2026-10-05T12:05:04.7365818Z > create-agdf@0.14.5 test:release-registry-state
2026-10-05T12:05:04.7366324Z > node scripts/release-registry-state-test.js
2026-10-05T12:05:04.7366536Z 
2026-10-05T12:05:04.7575540Z Release registry state classification passed.
2026-10-05T12:05:04.8346378Z 
2026-10-05T12:05:04.8346993Z > create-agdf@0.14.5 test:instruction-footprint
2026-10-05T12:05:04.8347439Z > node scripts/instruction-footprint-test.js
2026-10-05T12:05:04.8347646Z 
2026-10-05T12:05:05.9940959Z {
2026-10-05T12:05:05.9941258Z   "status": "pass",
2026-10-05T12:05:05.9941556Z   "evidence_plane": "source_composed",
2026-10-05T12:05:05.9941986Z   "profile_surface": "generated_and_temporary_install_fixture",
2026-10-05T12:05:05.9942377Z   "evaluator_surface": "node_deterministic",
2026-10-05T12:05:05.9942683Z   "loaded_host_evidence": false,
2026-10-05T12:05:05.9943139Z   "generated_digest": "bc78aac08bebc1db1b1af4c8af34e7280b931343248e9109e9d3dc23118fd39d",
2026-10-05T12:05:05.9943976Z   "canonical_kernel_fingerprint": "sha256:af2f01f9e18a3ba1c520faf0691aa1cd4a4299bdfa027cf83651c5d14319bfdc",
2026-10-05T12:05:05.9944708Z   "measurements": [
2026-10-05T12:05:05.9944912Z     {
2026-10-05T12:05:05.9945136Z       "surface_id": "activationKernel",
2026-10-05T12:05:05.9945408Z       "instance_id": "canonical",
2026-10-05T12:05:05.9945576Z       "raw_bytes": 1087,
2026-10-05T12:05:05.9945739Z       "normalized_bytes": 1087,
2026-10-05T12:05:05.9945909Z       "max_normalized_bytes": 1100,
2026-10-05T12:05:05.9946073Z       "status": "pass"
2026-10-05T12:05:05.9946212Z     },
2026-10-05T12:05:05.9946382Z     {
2026-10-05T12:05:05.9946575Z       "surface_id": "skillDiscoveryDescription",
2026-10-05T12:05:05.9946793Z       "instance_id": "delivery-path-search",
2026-10-05T12:05:05.9946966Z       "raw_bytes": 281,
2026-10-05T12:05:05.9947122Z       "normalized_bytes": 281,
2026-10-05T12:05:05.9947294Z       "max_normalized_bytes": 420,
2026-10-05T12:05:05.9947537Z       "status": "pass"
2026-10-05T12:05:05.9947669Z     },
2026-10-05T12:05:05.9947780Z     {
2026-10-05T12:05:05.9947934Z       "surface_id": "skillDiscoveryDescription",
2026-10-05T12:05:05.9948143Z       "instance_id": "brownfield-analysis",
2026-10-05T12:05:05.9948313Z       "raw_bytes": 287,
2026-10-05T12:05:05.9948559Z       "normalized_bytes": 287,
2026-10-05T12:05:05.9948725Z       "max_normalized_bytes": 420,
2026-10-05T12:05:05.9948881Z       "status": "pass"
2026-10-05T12:05:05.9949011Z     },
2026-10-05T12:05:05.9949125Z     {
2026-10-05T12:05:05.9949331Z       "surface_id": "skillDiscoveryDescription",
2026-10-05T12:05:05.9949574Z       "instance_id": "ux-intent-definition",
2026-10-05T12:05:05.9949749Z       "raw_bytes": 278,
2026-10-05T12:05:05.9949900Z       "normalized_bytes": 278,
2026-10-05T12:05:05.9950091Z       "max_normalized_bytes": 420,
2026-10-05T12:05:05.9950305Z       "status": "pass"
2026-10-05T12:05:05.9950466Z     },
2026-10-05T12:05:05.9950579Z     {
2026-10-05T12:05:05.9950729Z       "surface_id": "skillDiscoveryDescription",
2026-10-05T12:05:05.9950948Z       "instance_id": "clean-implementation-review",
2026-10-05T12:05:05.9951142Z       "raw_bytes": 231,
2026-10-05T12:05:05.9951407Z       "normalized_bytes": 231,
2026-10-05T12:05:05.9951577Z       "max_normalized_bytes": 420,
2026-10-05T12:05:05.9951734Z       "status": "pass"
2026-10-05T12:05:05.9951866Z     },
2026-10-05T12:05:05.9951978Z     {
2026-10-05T12:05:05.9952132Z       "surface_id": "skillDiscoveryDescription",
2026-10-05T12:05:05.9952419Z       "instance_id": "code-review",
2026-10-05T12:05:05.9952581Z       "raw_bytes": 243,
2026-10-05T12:05:05.9952731Z       "normalized_bytes": 243,
2026-10-05T12:05:05.9953035Z       "max_normalized_bytes": 420,
2026-10-05T12:05:05.9953244Z       "status": "pass"
2026-10-05T12:05:05.9953567Z     },
2026-10-05T12:05:05.9953682Z     {
2026-10-05T12:05:05.9953836Z       "surface_id": "skillDiscoveryDescription",
2026-10-05T12:05:05.9954077Z       "instance_id": "delivery-closeout",
2026-10-05T12:05:05.9954295Z       "raw_bytes": 186,
2026-10-05T12:05:05.9954445Z       "normalized_bytes": 186,
2026-10-05T12:05:05.9954609Z       "max_normalized_bytes": 420,
2026-10-05T12:05:05.9954797Z       "status": "pass"
2026-10-05T12:05:05.9954930Z     },
2026-10-05T12:05:05.9955078Z     {
2026-10-05T12:05:05.9955286Z       "surface_id": "skillDiscoveryDescription",
2026-10-05T12:05:05.9955482Z       "instance_id": "ur-definition",
2026-10-05T12:05:05.9955643Z       "raw_bytes": 252,
2026-10-05T12:05:05.9955793Z       "normalized_bytes": 252,
2026-10-05T12:05:05.9955957Z       "max_normalized_bytes": 420,
2026-10-05T12:05:05.9956202Z       "status": "pass"
2026-10-05T12:05:05.9956340Z     },
2026-10-05T12:05:05.9956454Z     {
2026-10-05T12:05:05.9956605Z       "surface_id": "skillDiscoveryDescription",
2026-10-05T12:05:05.9956831Z       "instance_id": "prd-definition",
2026-10-05T12:05:05.9957059Z       "raw_bytes": 279,
2026-10-05T12:05:05.9957212Z       "normalized_bytes": 279,
2026-10-05T12:05:05.9957377Z       "max_normalized_bytes": 420,
2026-10-05T12:05:05.9957532Z       "status": "pass"
2026-10-05T12:05:05.9957663Z     },
2026-10-05T12:05:05.9957777Z     {
2026-10-05T12:05:05.9958097Z       "surface_id": "skillDiscoveryDescription",
2026-10-05T12:05:05.9958294Z       "instance_id": "sd-definition",
2026-10-05T12:05:05.9958458Z       "raw_bytes": 191,
2026-10-05T12:05:05.9958607Z       "normalized_bytes": 191,
2026-10-05T12:05:05.9958769Z       "max_normalized_bytes": 420,
2026-10-05T12:05:05.9958926Z       "status": "pass"
2026-10-05T12:05:05.9959124Z     },
2026-10-05T12:05:05.9959252Z     {
2026-10-05T12:05:05.9959402Z       "surface_id": "skillDiscoveryDescription",
2026-10-05T12:05:05.9959600Z       "instance_id": "gate-check",
2026-10-05T12:05:05.9959755Z       "raw_bytes": 190,
2026-10-05T12:05:05.9959949Z       "normalized_bytes": 190,
2026-10-05T12:05:05.9960159Z       "max_normalized_bytes": 420,
2026-10-05T12:05:05.9960314Z       "status": "pass"
2026-10-05T12:05:05.9960442Z     },
2026-10-05T12:05:05.9960558Z     {
2026-10-05T12:05:05.9960707Z       "surface_id": "skillDiscoveryDescription",
2026-10-05T12:05:05.9960932Z       "instance_id": "qa-gate",
2026-10-05T12:05:05.9961152Z       "raw_bytes": 186,
2026-10-05T12:05:05.9961304Z       "normalized_bytes": 186,
2026-10-05T12:05:05.9961466Z       "max_normalized_bytes": 420,
2026-10-05T12:05:05.9961621Z       "status": "pass"
2026-10-05T12:05:05.9961754Z     },
2026-10-05T12:05:05.9961864Z     {
2026-10-05T12:05:05.9962013Z       "surface_id": "skillDiscoveryDescription",
2026-10-05T12:05:05.9962299Z       "instance_id": "release-or",
2026-10-05T12:05:05.9962455Z       "raw_bytes": 168,
2026-10-05T12:05:05.9962606Z       "normalized_bytes": 168,
2026-10-05T12:05:05.9962770Z       "max_normalized_bytes": 420,
2026-10-05T12:05:05.9962923Z       "status": "pass"
2026-10-05T12:05:05.9963053Z     },
2026-10-05T12:05:05.9963163Z     {
2026-10-05T12:05:05.9963465Z       "surface_id": "skillDiscoveryDescription",
2026-10-05T12:05:05.9963715Z       "instance_id": "task-plan-review",
2026-10-05T12:05:05.9963881Z       "raw_bytes": 227,
2026-10-05T12:05:05.9964035Z       "normalized_bytes": 227,
2026-10-05T12:05:05.9964202Z       "max_normalized_bytes": 420,
2026-10-05T12:05:05.9964356Z       "status": "pass"
2026-10-05T12:05:05.9964550Z     },
2026-10-05T12:05:05.9964686Z     {
2026-10-05T12:05:05.9964850Z       "surface_id": "allSkillDiscoveryDescriptions",
2026-10-05T12:05:05.9965062Z       "instance_id": "definition-order",
2026-10-05T12:05:05.9965231Z       "raw_bytes": 2999,
2026-10-05T12:05:05.9965387Z       "normalized_bytes": 2999,
2026-10-05T12:05:05.9965561Z       "max_normalized_bytes": 3000,
2026-10-05T12:05:05.9965887Z       "status": "pass"
2026-10-05T12:05:05.9966019Z     },
2026-10-05T12:05:05.9966130Z     {
2026-10-05T12:05:05.9966270Z       "surface_id": "sessionStartBase",
2026-10-05T12:05:05.9966481Z       "instance_id": "codex",
2026-10-05T12:05:05.9966685Z       "raw_bytes": 1981,
2026-10-05T12:05:05.9966843Z       "normalized_bytes": 1898,
2026-10-05T12:05:05.9967011Z       "max_normalized_bytes": 1900,
2026-10-05T12:05:05.9967168Z       "status": "pass"
2026-10-05T12:05:05.9967300Z     },
2026-10-05T12:05:05.9967481Z     {
2026-10-05T12:05:05.9967642Z       "surface_id": "sessionStartBase",
2026-10-05T12:05:05.9967818Z       "instance_id": "claude",
2026-10-05T12:05:05.9967972Z       "raw_bytes": 1982,
2026-10-05T12:05:05.9968127Z       "normalized_bytes": 1899,
2026-10-05T12:05:05.9968293Z       "max_normalized_bytes": 1900,
2026-10-05T12:05:05.9968519Z       "status": "pass"
2026-10-05T12:05:05.9968671Z     },
2026-10-05T12:05:05.9968785Z     {
2026-10-05T12:05:05.9968924Z       "surface_id": "sessionStartBase",
2026-10-05T12:05:05.9969108Z       "instance_id": "copilot",
2026-10-05T12:05:05.9969260Z       "raw_bytes": 1983,
2026-10-05T12:05:05.9969411Z       "normalized_bytes": 1900,
2026-10-05T12:05:05.9969659Z       "max_normalized_bytes": 1900,
2026-10-05T12:05:05.9969822Z       "status": "pass"
2026-10-05T12:05:05.9969952Z     },
2026-10-05T12:05:05.9970065Z     {
2026-10-05T12:05:05.9970214Z       "surface_id": "runtimeCheckSupplement",
2026-10-05T12:05:05.9970407Z       "instance_id": "codex-consented",
2026-10-05T12:05:05.9970698Z       "raw_bytes": 1327,
2026-10-05T12:05:05.9970908Z       "normalized_bytes": 771,
2026-10-05T12:05:05.9971077Z       "max_normalized_bytes": 1200,
2026-10-05T12:05:05.9971233Z       "status": "pass"
2026-10-05T12:05:05.9971365Z     },
2026-10-05T12:05:05.9971476Z     {
2026-10-05T12:05:05.9971685Z       "surface_id": "openCodeEagerInstructions",
2026-10-05T12:05:05.9971918Z       "instance_id": "repository",
2026-10-05T12:05:05.9972078Z       "raw_bytes": 1496,
2026-10-05T12:05:05.9972239Z       "normalized_bytes": 1496,
2026-10-05T12:05:05.9972406Z       "max_normalized_bytes": 4000,
2026-10-05T12:05:05.9972612Z       "status": "pass"
2026-10-05T12:05:05.9972778Z     },
2026-10-05T12:05:05.9972890Z     {
2026-10-05T12:05:05.9973044Z       "surface_id": "openCodeEagerInstructions",
2026-10-05T12:05:05.9973242Z       "instance_id": "global-installed",
2026-10-05T12:05:05.9973572Z       "raw_bytes": 1572,
2026-10-05T12:05:05.9973763Z       "normalized_bytes": 1572,
2026-10-05T12:05:05.9973936Z       "max_normalized_bytes": 4000,
2026-10-05T12:05:05.9974092Z       "status": "pass"
2026-10-05T12:05:05.9974224Z     },
2026-10-05T12:05:05.9974334Z     {
2026-10-05T12:05:05.9974579Z       "surface_id": "openCodeActiveDynamicContext",
2026-10-05T12:05:05.9974778Z       "instance_id": "active",
2026-10-05T12:05:05.9974930Z       "raw_bytes": 903,
2026-10-05T12:05:05.9975080Z       "normalized_bytes": 748,
2026-10-05T12:05:05.9975245Z       "max_normalized_bytes": 1000,
2026-10-05T12:05:05.9975409Z       "status": "pass"
2026-10-05T12:05:05.9975537Z     },
2026-10-05T12:05:05.9975651Z     {
2026-10-05T12:05:05.9975816Z       "surface_id": "openCodeInactiveDynamicContext",
2026-10-05T12:05:05.9976093Z       "instance_id": "inactive",
2026-10-05T12:05:05.9976268Z       "raw_bytes": 0,
2026-10-05T12:05:05.9976414Z       "normalized_bytes": 0,
2026-10-05T12:05:05.9976579Z       "max_normalized_bytes": 0,
2026-10-05T12:05:05.9976731Z       "status": "pass"
2026-10-05T12:05:05.9986265Z     },
2026-10-05T12:05:05.9986504Z     {
2026-10-05T12:05:05.9986807Z       "surface_id": "openCodeComposedStaticAndActiveDynamic",
2026-10-05T12:05:05.9987087Z       "instance_id": "repository",
2026-10-05T12:05:05.9987257Z       "raw_bytes": 2400,
2026-10-05T12:05:05.9987416Z       "normalized_bytes": 2245,
2026-10-05T12:05:05.9987591Z       "max_normalized_bytes": 5000,
2026-10-05T12:05:05.9987754Z       "status": "pass"
2026-10-05T12:05:05.9987893Z     },
2026-10-05T12:05:05.9988008Z     {
2026-10-05T12:05:05.9988373Z       "surface_id": "openCodeComposedStaticAndActiveDynamic",
2026-10-05T12:05:05.9988608Z       "instance_id": "global-installed",
2026-10-05T12:05:05.9988778Z       "raw_bytes": 2476,
2026-10-05T12:05:05.9988936Z       "normalized_bytes": 2321,
2026-10-05T12:05:05.9989109Z       "max_normalized_bytes": 5000,
2026-10-05T12:05:05.9989268Z       "status": "pass"
2026-10-05T12:05:05.9989405Z     },
2026-10-05T12:05:05.9989520Z     {
2026-10-05T12:05:05.9989686Z       "surface_id": "openCodeCompactionAddition",
2026-10-05T12:05:05.9989887Z       "instance_id": "active",
2026-10-05T12:05:05.9990043Z       "raw_bytes": 1087,
2026-10-05T12:05:05.9990204Z       "normalized_bytes": 1087,
2026-10-05T12:05:05.9990372Z       "max_normalized_bytes": 1100,
2026-10-05T12:05:05.9990533Z       "status": "pass"
2026-10-05T12:05:05.9990671Z     },
2026-10-05T12:05:05.9990782Z     {
2026-10-05T12:05:05.9990933Z       "surface_id": "selectedGateCheckSkill",
2026-10-05T12:05:05.9991134Z       "instance_id": "canonical-generated",
2026-10-05T12:05:05.9992491Z       "raw_bytes": 5536,
2026-10-05T12:05:05.9992648Z       "normalized_bytes": 5536,
2026-10-05T12:05:05.9992814Z       "max_normalized_bytes": 6900,
2026-10-05T12:05:05.9992972Z       "status": "pass"
2026-10-05T12:05:05.9993104Z     },
2026-10-05T12:05:05.9993221Z     {
2026-10-05T12:05:05.9993533Z       "surface_id": "selectedGateCheckSkill",
2026-10-05T12:05:05.9993737Z       "instance_id": "global-installed",
2026-10-05T12:05:05.9993907Z       "raw_bytes": 6839,
2026-10-05T12:05:05.9994160Z       "normalized_bytes": 6839,
2026-10-05T12:05:05.9994328Z       "max_normalized_bytes": 6900,
2026-10-05T12:05:05.9994489Z       "status": "pass"
2026-10-05T12:05:05.9994620Z     }
2026-10-05T12:05:05.9994733Z   ]
2026-10-05T12:05:05.9994849Z }
2026-10-05T12:05:05.9995007Z Instruction-footprint tests passed
2026-10-05T12:05:06.2097856Z 
2026-10-05T12:05:06.2098391Z > create-agdf@0.14.5 test:request-activation
2026-10-05T12:05:06.2099126Z > npm run test:instruction-footprint && node scripts/request-activation-test.js && node scripts/request-activation-evals-test.js && npm run test:request-activation-callbacks && npm run test:request-activation-host-schema
2026-10-05T12:05:06.2099600Z 
2026-10-05T12:05:06.2829239Z 
2026-10-05T12:05:06.2829757Z > create-agdf@0.14.5 test:instruction-footprint
2026-10-05T12:05:06.2830050Z > node scripts/instruction-footprint-test.js
2026-10-05T12:05:06.2830188Z 
2026-10-05T12:05:07.6522935Z {
2026-10-05T12:05:07.6523216Z   "status": "pass",
2026-10-05T12:05:07.6523703Z   "evidence_plane": "source_composed",
2026-10-05T12:05:07.6524080Z   "profile_surface": "generated_and_temporary_install_fixture",
2026-10-05T12:05:07.6524472Z   "evaluator_surface": "node_deterministic",
2026-10-05T12:05:07.6524771Z   "loaded_host_evidence": false,
2026-10-05T12:05:07.6525204Z   "generated_digest": "bc78aac08bebc1db1b1af4c8af34e7280b931343248e9109e9d3dc23118fd39d",
2026-10-05T12:05:07.6525897Z   "canonical_kernel_fingerprint": "sha256:af2f01f9e18a3ba1c520faf0691aa1cd4a4299bdfa027cf83651c5d14319bfdc",
2026-10-05T12:05:07.6526398Z   "measurements": [
2026-10-05T12:05:07.6526599Z     {
2026-10-05T12:05:07.6526830Z       "surface_id": "activationKernel",
2026-10-05T12:05:07.6527118Z       "instance_id": "canonical",
2026-10-05T12:05:07.6527367Z       "raw_bytes": 1087,
2026-10-05T12:05:07.6527615Z       "normalized_bytes": 1087,
2026-10-05T12:05:07.6527879Z       "max_normalized_bytes": 1100,
2026-10-05T12:05:07.6528133Z       "status": "pass"
2026-10-05T12:05:07.6528344Z     },
2026-10-05T12:05:07.6528500Z     {
2026-10-05T12:05:07.6528655Z       "surface_id": "skillDiscoveryDescription",
2026-10-05T12:05:07.6528870Z       "instance_id": "delivery-path-search",
2026-10-05T12:05:07.6529042Z       "raw_bytes": 281,
2026-10-05T12:05:07.6529199Z       "normalized_bytes": 281,
2026-10-05T12:05:07.6529367Z       "max_normalized_bytes": 420,
2026-10-05T12:05:07.6529528Z       "status": "pass"
2026-10-05T12:05:07.6529662Z     },
2026-10-05T12:05:07.6529774Z     {
2026-10-05T12:05:07.6530152Z       "surface_id": "skillDiscoveryDescription",
2026-10-05T12:05:07.6530355Z       "instance_id": "brownfield-analysis",
2026-10-05T12:05:07.6530526Z       "raw_bytes": 287,
2026-10-05T12:05:07.6530678Z       "normalized_bytes": 287,
2026-10-05T12:05:07.6530843Z       "max_normalized_bytes": 420,
2026-10-05T12:05:07.6531000Z       "status": "pass"
2026-10-05T12:05:07.6531131Z     },
2026-10-05T12:05:07.6531246Z     {
2026-10-05T12:05:07.6531401Z       "surface_id": "skillDiscoveryDescription",
2026-10-05T12:05:07.6531608Z       "instance_id": "ux-intent-definition",
2026-10-05T12:05:07.6531779Z       "raw_bytes": 278,
2026-10-05T12:05:07.6531927Z       "normalized_bytes": 278,
2026-10-05T12:05:07.6532094Z       "max_normalized_bytes": 420,
2026-10-05T12:05:07.6532253Z       "status": "pass"
2026-10-05T12:05:07.6532383Z     },
2026-10-05T12:05:07.6532493Z     {
2026-10-05T12:05:07.6532643Z       "surface_id": "skillDiscoveryDescription",
2026-10-05T12:05:07.6532861Z       "instance_id": "clean-implementation-review",
2026-10-05T12:05:07.6533056Z       "raw_bytes": 231,
2026-10-05T12:05:07.6533207Z       "normalized_bytes": 231,
2026-10-05T12:05:07.6533526Z       "max_normalized_bytes": 420,
2026-10-05T12:05:07.6533720Z       "status": "pass"
2026-10-05T12:05:07.6533853Z     },
2026-10-05T12:05:07.6533966Z     {
2026-10-05T12:05:07.6534116Z       "surface_id": "skillDiscoveryDescription",
2026-10-05T12:05:07.6534310Z       "instance_id": "code-review",
2026-10-05T12:05:07.6534472Z       "raw_bytes": 243,
2026-10-05T12:05:07.6534750Z       "normalized_bytes": 243,
2026-10-05T12:05:07.6534914Z       "max_normalized_bytes": 420,
2026-10-05T12:05:07.6535068Z       "status": "pass"
2026-10-05T12:05:07.6535200Z     },
2026-10-05T12:05:07.6535311Z     {
2026-10-05T12:05:07.6535461Z       "surface_id": "skillDiscoveryDescription",
2026-10-05T12:05:07.6535661Z       "instance_id": "delivery-closeout",
2026-10-05T12:05:07.6535829Z       "raw_bytes": 186,
2026-10-05T12:05:07.6535979Z       "normalized_bytes": 186,
2026-10-05T12:05:07.6536149Z       "max_normalized_bytes": 420,
2026-10-05T12:05:07.6536305Z       "status": "pass"
2026-10-05T12:05:07.6536437Z     },
2026-10-05T12:05:07.6536547Z     {
2026-10-05T12:05:07.6536700Z       "surface_id": "skillDiscoveryDescription",
2026-10-05T12:05:07.6536893Z       "instance_id": "ur-definition",
2026-10-05T12:05:07.6537057Z       "raw_bytes": 252,
2026-10-05T12:05:07.6537210Z       "normalized_bytes": 252,
2026-10-05T12:05:07.6537373Z       "max_normalized_bytes": 420,
2026-10-05T12:05:07.6537531Z       "status": "pass"
2026-10-05T12:05:07.6537665Z     },
2026-10-05T12:05:07.6537775Z     {
2026-10-05T12:05:07.6537924Z       "surface_id": "skillDiscoveryDescription",
2026-10-05T12:05:07.6538126Z       "instance_id": "prd-definition",
2026-10-05T12:05:07.6538288Z       "raw_bytes": 279,
2026-10-05T12:05:07.6538439Z       "normalized_bytes": 279,
2026-10-05T12:05:07.6538603Z       "max_normalized_bytes": 420,
2026-10-05T12:05:07.6538761Z       "status": "pass"
2026-10-05T12:05:07.6538898Z     },
2026-10-05T12:05:07.6539008Z     {
2026-10-05T12:05:07.6539159Z       "surface_id": "skillDiscoveryDescription",
2026-10-05T12:05:07.6539353Z       "instance_id": "sd-definition",
2026-10-05T12:05:07.6539517Z       "raw_bytes": 191,
2026-10-05T12:05:07.6539700Z       "normalized_bytes": 191,
2026-10-05T12:05:07.6539869Z       "max_normalized_bytes": 420,
2026-10-05T12:05:07.6540027Z       "status": "pass"
2026-10-05T12:05:07.6540159Z     },
2026-10-05T12:05:07.6540272Z     {
2026-10-05T12:05:07.6540426Z       "surface_id": "skillDiscoveryDescription",
2026-10-05T12:05:07.6540647Z       "instance_id": "gate-check",
2026-10-05T12:05:07.6540805Z       "raw_bytes": 190,
2026-10-05T12:05:07.6540957Z       "normalized_bytes": 190,
2026-10-05T12:05:07.6541121Z       "max_normalized_bytes": 420,
2026-10-05T12:05:07.6541273Z       "status": "pass"
2026-10-05T12:05:07.6541404Z     },
2026-10-05T12:05:07.6541520Z     {
2026-10-05T12:05:07.6541670Z       "surface_id": "skillDiscoveryDescription",
2026-10-05T12:05:07.6541965Z       "instance_id": "qa-gate",
2026-10-05T12:05:07.6542120Z       "raw_bytes": 186,
2026-10-05T12:05:07.6542271Z       "normalized_bytes": 186,
2026-10-05T12:05:07.6542435Z       "max_normalized_bytes": 420,
2026-10-05T12:05:07.6542596Z       "status": "pass"
2026-10-05T12:05:07.6542727Z     },
2026-10-05T12:05:07.6542839Z     {
2026-10-05T12:05:07.6542989Z       "surface_id": "skillDiscoveryDescription",
2026-10-05T12:05:07.6543184Z       "instance_id": "release-or",
2026-10-05T12:05:07.6543342Z       "raw_bytes": 168,
2026-10-05T12:05:07.6543626Z       "normalized_bytes": 168,
2026-10-05T12:05:07.6543793Z       "max_normalized_bytes": 420,
2026-10-05T12:05:07.6543948Z       "status": "pass"
2026-10-05T12:05:07.6544079Z     },
2026-10-05T12:05:07.6544192Z     {
2026-10-05T12:05:07.6544342Z       "surface_id": "skillDiscoveryDescription",
2026-10-05T12:05:07.6544540Z       "instance_id": "task-plan-review",
2026-10-05T12:05:07.6544710Z       "raw_bytes": 227,
2026-10-05T12:05:07.6544867Z       "normalized_bytes": 227,
2026-10-05T12:05:07.6545033Z       "max_normalized_bytes": 420,
2026-10-05T12:05:07.6545188Z       "status": "pass"
2026-10-05T12:05:07.6545320Z     },
2026-10-05T12:05:07.6545431Z     {
2026-10-05T12:05:07.6545595Z       "surface_id": "allSkillDiscoveryDescriptions",
2026-10-05T12:05:07.6545807Z       "instance_id": "definition-order",
2026-10-05T12:05:07.6545973Z       "raw_bytes": 2999,
2026-10-05T12:05:07.6546131Z       "normalized_bytes": 2999,
2026-10-05T12:05:07.6546399Z       "max_normalized_bytes": 3000,
2026-10-05T12:05:07.6546561Z       "status": "pass"
2026-10-05T12:05:07.6546693Z     },
2026-10-05T12:05:07.6546806Z     {
2026-10-05T12:05:07.6546944Z       "surface_id": "sessionStartBase",
2026-10-05T12:05:07.6547113Z       "instance_id": "codex",
2026-10-05T12:05:07.6547267Z       "raw_bytes": 1981,
2026-10-05T12:05:07.6547420Z       "normalized_bytes": 1898,
2026-10-05T12:05:07.6547588Z       "max_normalized_bytes": 1900,
2026-10-05T12:05:07.6547753Z       "status": "pass"
2026-10-05T12:05:07.6547886Z     },
2026-10-05T12:05:07.6547998Z     {
2026-10-05T12:05:07.6548138Z       "surface_id": "sessionStartBase",
2026-10-05T12:05:07.6548316Z       "instance_id": "claude",
2026-10-05T12:05:07.6548468Z       "raw_bytes": 1982,
2026-10-05T12:05:07.6548621Z       "normalized_bytes": 1899,
2026-10-05T12:05:07.6548794Z       "max_normalized_bytes": 1900,
2026-10-05T12:05:07.6548950Z       "status": "pass"
2026-10-05T12:05:07.6549080Z     },
2026-10-05T12:05:07.6549194Z     {
2026-10-05T12:05:07.6549335Z       "surface_id": "sessionStartBase",
2026-10-05T12:05:07.6549512Z       "instance_id": "copilot",
2026-10-05T12:05:07.6549668Z       "raw_bytes": 1983,
2026-10-05T12:05:07.6549821Z       "normalized_bytes": 1900,
2026-10-05T12:05:07.6549986Z       "max_normalized_bytes": 1900,
2026-10-05T12:05:07.6550142Z       "status": "pass"
2026-10-05T12:05:07.6550276Z     },
2026-10-05T12:05:07.6550387Z     {
2026-10-05T12:05:07.6550538Z       "surface_id": "runtimeCheckSupplement",
2026-10-05T12:05:07.6550738Z       "instance_id": "codex-consented",
2026-10-05T12:05:07.6550901Z       "raw_bytes": 1327,
2026-10-05T12:05:07.6551052Z       "normalized_bytes": 771,
2026-10-05T12:05:07.6551221Z       "max_normalized_bytes": 1200,
2026-10-05T12:05:07.6551378Z       "status": "pass"
2026-10-05T12:05:07.6551506Z     },
2026-10-05T12:05:07.6551618Z     {
2026-10-05T12:05:07.6551772Z       "surface_id": "openCodeEagerInstructions",
2026-10-05T12:05:07.6551966Z       "instance_id": "repository",
2026-10-05T12:05:07.6552127Z       "raw_bytes": 1496,
2026-10-05T12:05:07.6552280Z       "normalized_bytes": 1496,
2026-10-05T12:05:07.6552447Z       "max_normalized_bytes": 4000,
2026-10-05T12:05:07.6552605Z       "status": "pass"
2026-10-05T12:05:07.6552736Z     },
2026-10-05T12:05:07.6552848Z     {
2026-10-05T12:05:07.6552998Z       "surface_id": "openCodeEagerInstructions",
2026-10-05T12:05:07.6553200Z       "instance_id": "global-installed",
2026-10-05T12:05:07.6553485Z       "raw_bytes": 1572,
2026-10-05T12:05:07.6553748Z       "normalized_bytes": 1572,
2026-10-05T12:05:07.6553913Z       "max_normalized_bytes": 4000,
2026-10-05T12:05:07.6554074Z       "status": "pass"
2026-10-05T12:05:07.6554206Z     },
2026-10-05T12:05:07.6554319Z     {
2026-10-05T12:05:07.6554481Z       "surface_id": "openCodeActiveDynamicContext",
2026-10-05T12:05:07.6554683Z       "instance_id": "active",
2026-10-05T12:05:07.6554836Z       "raw_bytes": 903,
2026-10-05T12:05:07.6554992Z       "normalized_bytes": 748,
2026-10-05T12:05:07.6555160Z       "max_normalized_bytes": 1000,
2026-10-05T12:05:07.6555319Z       "status": "pass"
2026-10-05T12:05:07.6555450Z     },
2026-10-05T12:05:07.6555566Z     {
2026-10-05T12:05:07.6555729Z       "surface_id": "openCodeInactiveDynamicContext",
2026-10-05T12:05:07.6555932Z       "instance_id": "inactive",
2026-10-05T12:05:07.6556087Z       "raw_bytes": 0,
2026-10-05T12:05:07.6556229Z       "normalized_bytes": 0,
2026-10-05T12:05:07.6556392Z       "max_normalized_bytes": 0,
2026-10-05T12:05:07.6556550Z       "status": "pass"
2026-10-05T12:05:07.6556679Z     },
2026-10-05T12:05:07.6556791Z     {
2026-10-05T12:05:07.6556975Z       "surface_id": "openCodeComposedStaticAndActiveDynamic",
2026-10-05T12:05:07.6557195Z       "instance_id": "repository",
2026-10-05T12:05:07.6557351Z       "raw_bytes": 2400,
2026-10-05T12:05:07.6557503Z       "normalized_bytes": 2245,
2026-10-05T12:05:07.6557671Z       "max_normalized_bytes": 5000,
2026-10-05T12:05:07.6557827Z       "status": "pass"
2026-10-05T12:05:07.6558054Z     },
2026-10-05T12:05:07.6558170Z     {
2026-10-05T12:05:07.6558350Z       "surface_id": "openCodeComposedStaticAndActiveDynamic",
2026-10-05T12:05:07.6558573Z       "instance_id": "global-installed",
2026-10-05T12:05:07.6558742Z       "raw_bytes": 2476,
2026-10-05T12:05:07.6558894Z       "normalized_bytes": 2321,
2026-10-05T12:05:07.6559059Z       "max_normalized_bytes": 5000,
2026-10-05T12:05:07.6559218Z       "status": "pass"
2026-10-05T12:05:07.6559349Z     },
2026-10-05T12:05:07.6559463Z     {
2026-10-05T12:05:07.6559619Z       "surface_id": "openCodeCompactionAddition",
2026-10-05T12:05:07.6559818Z       "instance_id": "active",
2026-10-05T12:05:07.6559968Z       "raw_bytes": 1087,
2026-10-05T12:05:07.6560122Z       "normalized_bytes": 1087,
2026-10-05T12:05:07.6560291Z       "max_normalized_bytes": 1100,
2026-10-05T12:05:07.6560448Z       "status": "pass"
2026-10-05T12:05:07.6560577Z     },
2026-10-05T12:05:07.6560692Z     {
2026-10-05T12:05:07.6560840Z       "surface_id": "selectedGateCheckSkill",
2026-10-05T12:05:07.6561041Z       "instance_id": "canonical-generated",
2026-10-05T12:05:07.6561212Z       "raw_bytes": 5536,
2026-10-05T12:05:07.6561369Z       "normalized_bytes": 5536,
2026-10-05T12:05:07.6561534Z       "max_normalized_bytes": 6900,
2026-10-05T12:05:07.6561692Z       "status": "pass"
2026-10-05T12:05:07.6561828Z     },
2026-10-05T12:05:07.6561939Z     {
2026-10-05T12:05:07.6562090Z       "surface_id": "selectedGateCheckSkill",
2026-10-05T12:05:07.6562287Z       "instance_id": "global-installed",
2026-10-05T12:05:07.6562453Z       "raw_bytes": 6839,
2026-10-05T12:05:07.6562606Z       "normalized_bytes": 6839,
2026-10-05T12:05:07.6562774Z       "max_normalized_bytes": 6900,
2026-10-05T12:05:07.6562935Z       "status": "pass"
2026-10-05T12:05:07.6563066Z     }
2026-10-05T12:05:07.6563178Z   ]
2026-10-05T12:05:07.6563293Z }
2026-10-05T12:05:07.6563588Z Instruction-footprint tests passed
2026-10-05T12:05:08.0785442Z Request activation projection tests passed
2026-10-05T12:05:08.6056194Z Request Activation eval tests passed (39 cases; source and callback policy current)
2026-10-05T12:05:08.6810647Z 
2026-10-05T12:05:08.6811255Z > create-agdf@0.14.5 test:request-activation-callbacks
2026-10-05T12:05:08.6811567Z > node scripts/request-activation-callback-test.js
2026-10-05T12:05:08.6811707Z 
2026-10-05T12:05:08.7096295Z Request Activation callback and ordering integration tests passed
2026-10-05T12:05:08.7863842Z 
2026-10-05T12:05:08.7864415Z > create-agdf@0.14.5 test:request-activation-host-schema
2026-10-05T12:05:08.7864961Z > node scripts/request-activation-host-schema-test.js
2026-10-05T12:05:08.7865107Z 
2026-10-05T12:05:09.0413506Z Request Activation host observation schema tests passed
2026-10-05T12:05:09.1322558Z 
2026-10-05T12:05:09.1323476Z > create-agdf@0.14.5 test:gate-check-missing-control
2026-10-05T12:05:09.1323871Z > node scripts/gate-check-missing-control-test.js
2026-10-05T12:05:09.1324017Z 
2026-10-05T12:05:09.4202054Z Gate-check missing-control tests passed.
2026-10-05T12:05:09.5115800Z 
2026-10-05T12:05:09.5116054Z > create-agdf@0.14.5 test:canonical-init
2026-10-05T12:05:09.5116305Z > node scripts/canonical-init-test.js
2026-10-05T12:05:09.5116426Z 
2026-10-05T12:05:10.6351021Z Canonical init tests passed.
2026-10-05T12:05:10.7874806Z 
2026-10-05T12:05:10.7875279Z > create-agdf@0.14.5 test:cli-modularization
2026-10-05T12:05:10.7875555Z > node scripts/cli-modularization-test.js
2026-10-05T12:05:10.7875690Z 
2026-10-05T12:05:12.6814281Z cli modularization tests passed
2026-10-05T12:05:12.7622031Z 
2026-10-05T12:05:12.7622380Z > create-agdf@0.14.5 test:install-setup-contract
2026-10-05T12:05:12.7622774Z > node scripts/install-setup-contract-test.js
2026-10-05T12:05:12.7622909Z 
2026-10-05T12:05:12.8040961Z install setup contract tests passed
2026-10-05T12:05:12.8808028Z 
2026-10-05T12:05:12.8808746Z > create-agdf@0.14.5 test:install-setup-interaction
2026-10-05T12:05:12.8809221Z > node scripts/install-setup-interaction-test.js
2026-10-05T12:05:12.8809442Z 
2026-10-05T12:05:13.0531285Z install setup interaction tests passed
2026-10-05T12:05:13.1345587Z 
2026-10-05T12:05:13.1346335Z > create-agdf@0.14.5 test:install-setup-service
2026-10-05T12:05:13.1346812Z > node scripts/install-setup-service-test.js
2026-10-05T12:05:13.1347023Z 
2026-10-05T12:05:13.2074705Z install setup service tests passed
2026-10-05T12:05:13.2958733Z 
2026-10-05T12:05:13.2959336Z > create-agdf@0.14.5 test:install-control-migration
2026-10-05T12:05:13.2959698Z > node ../core/test/install-control-migration-test.js
2026-10-05T12:05:13.2959861Z 
2026-10-05T12:05:13.7848341Z Installation control migration: batch consent, partial migration, read-only deferral, bound snapshots, backups, CLI/JSON and EN/DE rendering passed.
2026-10-05T12:05:13.9129021Z 
2026-10-05T12:05:13.9129712Z > create-agdf@0.14.5 test:install-control-repair
2026-10-05T12:05:13.9130192Z > node scripts/install-control-repair-test.js
2026-10-05T12:05:13.9130415Z 
2026-10-05T12:05:14.9091091Z Installation repair: 1/2/3, verified checkpoint/Git sources, missing inputs, backups, approval reset, conflicts, interruptions, CLI and EN/DE passed.
2026-10-05T12:05:15.0764802Z 
2026-10-05T12:05:15.0765406Z > create-agdf@0.14.5 test:control-maintenance
2026-10-05T12:05:15.0765958Z > node scripts/control-maintenance-test.js && node scripts/control-maintenance-command-test.js && node ./scripts/repository-control-startup-test.js
2026-10-05T12:05:15.0766276Z 
2026-10-05T12:05:15.5204970Z Control maintenance shared service and interaction tests passed.
2026-10-05T12:05:16.5393992Z Control maintenance source/generated command tests passed.
2026-10-05T12:05:17.8640400Z Repository control bounded startup, consent and reentry tests passed.
2026-10-05T12:05:17.9515320Z 
2026-10-05T12:05:17.9516030Z > create-agdf@0.14.5 test:runtime-check-consent
2026-10-05T12:05:17.9516683Z > node scripts/runtime-check-consent-test.js && node scripts/codex-plugin-consent-test.js
2026-10-05T12:05:17.9517063Z 
2026-10-05T12:05:18.0943246Z Codex hook observation tests passed.
2026-10-05T12:05:19.0006077Z Runtime-check consent tests passed
2026-10-05T12:05:19.1510101Z Codex plugin consent: exact tool policy, readback, disable preservation, failures and input validation passed; revocation removes only the approval key.
2026-10-05T12:05:19.2312098Z 
2026-10-05T12:05:19.2312750Z > create-agdf@0.14.5 test:task-target-resolution
2026-10-05T12:05:19.2313072Z > node ../core/test/task-target-resolution-test.js
2026-10-05T12:05:19.2313211Z 
2026-10-05T12:05:19.3433884Z task target resolution tests passed
2026-10-05T12:05:19.4489094Z 
2026-10-05T12:05:19.4489747Z > create-agdf@0.14.5 test:skill-dispatch
2026-10-05T12:05:19.4490595Z > node ../core/test/skill-names-test.js && node scripts/skill-dispatch-function-contract-test.js && node scripts/skill-dispatch-test.js && node scripts/skill-dispatch-binding-test.js && node scripts/delivery-run-assignment-test.js
2026-10-05T12:05:19.4491097Z 
2026-10-05T12:05:19.9141810Z skill names tests passed
2026-10-05T12:05:20.2250585Z Skill dispatch semantic function contract tests passed
2026-10-05T12:05:20.2263653Z agdf_inspect function contract pins passed.
2026-10-05T12:05:20.4728461Z skill dispatch tests passed
2026-10-05T12:05:20.4765827Z presentation_required preview tests passed.
2026-10-05T12:05:28.5322381Z 40 adapter-to-dispatch cases passed (generated SessionStart and source-composed OpenCode, not loaded-host evidence)
2026-10-05T12:05:28.5638706Z Skill dispatch binding tests passed
2026-10-05T12:05:28.9749122Z Delivery run assignment: zero/one/multiple runs, UR references, explicit scope binding, new scope, stale and racing revisions, ambient selector, integrity and EN/DE status passed.
2026-10-05T12:05:29.0755845Z 
2026-10-05T12:05:29.0756489Z > create-agdf@0.14.5 test:control-inspect
2026-10-05T12:05:29.0756914Z > node scripts/control-inspect-test.js && node scripts/active-run-inventory-test.js
2026-10-05T12:05:29.0757117Z 
2026-10-05T12:05:36.3033747Z control-inspect parity, shared selection, read-only and preview tests passed.
2026-10-05T12:05:36.5849327Z Active-run inventory routing corpus, target binding, localized output and read-only runtime tests passed.
2026-10-05T12:05:36.6690876Z 
2026-10-05T12:05:36.6691708Z > create-agdf@0.14.5 test:host-command
2026-10-05T12:05:36.6692139Z > node scripts/host-command-test.js
2026-10-05T12:05:36.6692321Z 
2026-10-05T12:05:36.6971390Z [host-command-test] SKIPPED live Windows shim assertions on linux
2026-10-05T12:05:36.6971898Z Host command tests passed
2026-10-05T12:05:36.7790901Z 
2026-10-05T12:05:36.7791421Z > create-agdf@0.14.5 test:mcp-lifecycle
2026-10-05T12:05:36.7791831Z > node scripts/mcp-lifecycle-test.js
2026-10-05T12:05:36.7792017Z 
2026-10-05T12:05:41.3672821Z AGDF MCP lifecycle, package acquisition and host adapter tests passed.
2026-10-05T12:05:41.4587451Z 
2026-10-05T12:05:41.4588085Z > create-agdf@0.14.5 test:plugin-mcp-runtime
2026-10-05T12:05:41.4588502Z > node scripts/plugin-mcp-runtime-test.js
2026-10-05T12:05:41.4588692Z 
2026-10-05T12:05:43.0379409Z Plugin MCP runtime tests passed
2026-10-05T12:05:43.1245339Z 
2026-10-05T12:05:43.1245959Z > create-agdf@0.14.5 test:claude-plugin-mcp
2026-10-05T12:05:43.1246242Z > node scripts/claude-plugin-mcp-test.js
2026-10-05T12:05:43.1246364Z 
2026-10-05T12:05:43.4513096Z Claude plugin MCP tests passed
2026-10-05T12:05:43.5302297Z 
2026-10-05T12:05:43.5302852Z > create-agdf@0.14.5 test:codex-plugin-mcp
2026-10-05T12:05:43.5303129Z > node scripts/codex-plugin-mcp-test.js
2026-10-05T12:05:43.5303249Z 
2026-10-05T12:05:43.8138167Z Codex plugin MCP tests passed
2026-10-05T12:05:43.8912382Z 
2026-10-05T12:05:43.8913028Z > create-agdf@0.14.5 test:mcp-server
2026-10-05T12:05:43.8913584Z > npm --prefix ../mcp-server test
2026-10-05T12:05:43.8913760Z 
2026-10-05T12:05:43.9589558Z 
2026-10-05T12:05:43.9590092Z > @agdf/mcp-server@0.14.5 test
2026-10-05T12:05:43.9590808Z > npm run test:contract && npm run test:continuation && npm run test:late-source-revision && npm run test:protocol && npm run test:safety && npm run test:provenance && npm run test:performance && npm run test:package && npm run test:sdk-digest
2026-10-05T12:05:43.9591539Z 
2026-10-05T12:05:44.0274875Z 
2026-10-05T12:05:44.0275506Z > @agdf/mcp-server@0.14.5 test:contract
2026-10-05T12:05:44.0275828Z > node ./test/contract.test.js
2026-10-05T12:05:44.0275935Z 
2026-10-05T12:05:44.3215257Z AGDF MCP semantic contract tests passed.
2026-10-05T12:05:44.4029386Z 
2026-10-05T12:05:44.4030045Z > @agdf/mcp-server@0.14.5 test:continuation
2026-10-05T12:05:44.4030470Z > node ./test/continuation.test.js
2026-10-05T12:05:44.4030954Z 
2026-10-05T12:05:51.5508078Z All catalog-registered MCP judgement skill continuations supply exact packaged contracts without a hook binding.
2026-10-05T12:05:51.6340888Z 
2026-10-05T12:05:51.6341517Z > @agdf/mcp-server@0.14.5 test:late-source-revision
2026-10-05T12:05:51.6341821Z > node ./test/late-source-revision.test.js
2026-10-05T12:05:51.6341948Z 
2026-10-05T12:06:01.3216192Z Late source revision CLI/Core/MCP parity passed (actual stdio server, synthetic fixture approvals).
2026-10-05T12:06:01.6799999Z 
2026-10-05T12:06:01.6800651Z > @agdf/mcp-server@0.14.5 test:protocol
2026-10-05T12:06:01.6801165Z > node ./test/protocol.test.js && node ./test/skill-names.test.js
2026-10-05T12:06:01.6801431Z 
2026-10-05T12:06:02.4620565Z AGDF MCP 2025-11-25 and 2026-07-28 separate language-matrix protocol tests passed.
2026-10-05T12:06:16.4056782Z CLI/MCP host skill name parity passed
2026-10-05T12:06:16.4854815Z 
2026-10-05T12:06:16.4855468Z > @agdf/mcp-server@0.14.5 test:safety
2026-10-05T12:06:16.4855891Z > node ./test/safety.test.js
2026-10-05T12:06:16.4856053Z 
2026-10-05T12:06:16.5994052Z AGDF MCP isolation, timeout, cancellation and static safety tests passed.
2026-10-05T12:06:16.6976932Z 
2026-10-05T12:06:16.6977516Z > @agdf/mcp-server@0.14.5 test:provenance
2026-10-05T12:06:16.6977941Z > node ./test/provenance.test.js
2026-10-05T12:06:16.6978113Z 
2026-10-05T12:06:19.0576274Z AGDF MCP owned-runtime provenance, shutdown and tamper tests passed.
2026-10-05T12:06:19.1419133Z 
2026-10-05T12:06:19.1419964Z > @agdf/mcp-server@0.14.5 test:performance
2026-10-05T12:06:19.1420253Z > node ./test/performance.test.js
2026-10-05T12:06:19.1420372Z 
2026-10-05T12:06:27.0855898Z {"node":"v22.23.3","platform":"linux-x64","runs":20,"cold_tools_list_ms":[190.951,180.123,184.788,188.634,189.618,183.653,184.53,188.378,181.241,181.563,179.726,184.082,179.146,182.916,179.701,171.918,178.403,168.656,171.782,173.796],"cold_p95_ms":189.618,"warm_dispatch_ms":[193.057,188.38,180.592,183.301,173.676,177.182,183.817,183.568,184.262,187.813,179.383,177.565,186.975,188.135,188.746,183.448,178.425,178.154,178.312,177.898],"warm_p95_ms":188.746}
2026-10-05T12:06:27.3615801Z 
2026-10-05T12:06:27.3616433Z > @agdf/mcp-server@0.14.5 test:package
2026-10-05T12:06:27.3616719Z > node ./test/package.test.js
2026-10-05T12:06:27.3616829Z 
2026-10-05T12:06:27.5922034Z AGDF MCP package boundary tests passed.
2026-10-05T12:06:27.6691198Z 
2026-10-05T12:06:27.6691763Z > @agdf/mcp-server@0.14.5 test:sdk-digest
2026-10-05T12:06:27.6692076Z > node ./test/sdk-digest.test.js
2026-10-05T12:06:27.6692188Z 
2026-10-05T12:06:27.7570555Z MCP SDK digest tests passed
2026-10-05T12:06:27.8476375Z 
2026-10-05T12:06:27.8476901Z > create-agdf@0.14.5 test:local-validator
2026-10-05T12:06:27.8477195Z > node scripts/local-validator-test.js
2026-10-05T12:06:27.8477316Z 
2026-10-05T12:06:28.0432144Z Local validator tests passed
2026-10-05T12:06:28.1420897Z 
2026-10-05T12:06:28.1421545Z > create-agdf@0.14.5 test:local-marketplace
2026-10-05T12:06:28.1421840Z > node scripts/local-marketplace-test.js
2026-10-05T12:06:28.1421983Z 
2026-10-05T12:06:33.4522511Z Local marketplace tests passed
2026-10-05T12:06:33.7397141Z 
2026-10-05T12:06:33.7397750Z > create-agdf@0.14.5 test:claude-cache-recovery
2026-10-05T12:06:33.7398055Z > node scripts/claude-cache-recovery-test.js
2026-10-05T12:06:33.7398188Z 
2026-10-05T12:06:33.7637016Z Claude cache recovery tests passed
2026-10-05T12:06:33.8427667Z 
2026-10-05T12:06:33.8428281Z > create-agdf@0.14.5 test:copilot-profile
2026-10-05T12:06:33.8428922Z > node ../../scripts/skill-name-projection-test.mjs && node scripts/copilot-profile-test.js
2026-10-05T12:06:33.8429271Z 
2026-10-05T12:06:33.9156530Z skill name projections passed
2026-10-05T12:06:34.0686019Z Copilot profile tests passed (inventory, drift, exclusions and growth fail closed)
2026-10-05T12:06:34.1431624Z 
2026-10-05T12:06:34.1432270Z > create-agdf@0.14.5 test:copilot-installer
2026-10-05T12:06:34.1432701Z > node scripts/copilot-installer-test.js
2026-10-05T12:06:34.1432893Z 
2026-10-05T12:06:36.0030067Z Copilot installer tests passed (native Git checkout, same-version updates, migration, rollback, discovery and isolation)
2026-10-05T12:06:36.1665641Z 
2026-10-05T12:06:36.1666371Z > create-agdf@0.14.5 test:local-preparation
2026-10-05T12:06:36.1666802Z > node scripts/local-preparation-test.js
2026-10-05T12:06:36.1667006Z 
2026-10-05T12:06:40.5814401Z local host preparation: isolation, clean bootstrap, runtime validation and release guard passed
2026-10-05T12:06:41.5317925Z 
2026-10-05T12:06:41.5318629Z > create-agdf@0.14.5 test:local-development-install
2026-10-05T12:06:41.5319159Z > npm run release:prepare && node scripts/local-development-install-test.js
2026-10-05T12:06:41.5319434Z 
2026-10-05T12:06:41.6018893Z 
2026-10-05T12:06:41.6019494Z > create-agdf@0.14.5 release:prepare
2026-10-05T12:06:41.6020522Z > npm run sync-package-assets && npm run test:distribution-profile-history && npm run test:release-bump && npm run test:release-version-coherence && npm run test:public-plugin && npm run test:portable-plugin
2026-10-05T12:06:41.6021198Z 
2026-10-05T12:06:41.6731876Z 
2026-10-05T12:06:41.6732475Z > create-agdf@0.14.5 sync-package-assets
2026-10-05T12:06:41.6732772Z > node ../../scripts/sync-package-assets.js
2026-10-05T12:06:41.6732900Z 
2026-10-05T12:06:42.0896252Z 
2026-10-05T12:06:42.0896939Z > create-agdf@0.14.5 test:distribution-profile-history
2026-10-05T12:06:42.0897259Z > node scripts/distribution-profile-history-test.js
2026-10-05T12:06:42.0897400Z 
2026-10-05T12:06:42.1248099Z Distribution profile history passed (8 exact releases, malformed and closed-policy matrices)
2026-10-05T12:06:42.2051641Z 
2026-10-05T12:06:42.2052302Z > create-agdf@0.14.5 test:release-bump
2026-10-05T12:06:42.2052709Z > node scripts/release-bump-test.js
2026-10-05T12:06:42.2052890Z 
2026-10-05T12:06:42.4266738Z Release bump passed (20 transactional files; repair, forward, review, rollback and recovery)
2026-10-05T12:06:42.5207773Z 
2026-10-05T12:06:42.5208394Z > create-agdf@0.14.5 test:release-version-coherence
2026-10-05T12:06:42.5208723Z > node scripts/release-version-coherence-test.js
2026-10-05T12:06:42.5208856Z 
2026-10-05T12:06:43.3786033Z Release version coherence passed (50 surfaces at 0.14.5; 8 profile snapshots)
2026-10-05T12:06:43.4551849Z 
2026-10-05T12:06:43.4552525Z > create-agdf@0.14.5 test:public-plugin
2026-10-05T12:06:43.4552924Z > node scripts/public-plugin-test.js
2026-10-05T12:06:43.4553092Z 
2026-10-05T12:06:43.6277100Z Public plugin tests passed (60 inventoried candidate files; digest 416c48ca8fe420b133c90d0a967d9e834341c3b1578d8ca02e43db39b4b173e5)
2026-10-05T12:06:43.7079589Z 
2026-10-05T12:06:43.7080196Z > create-agdf@0.14.5 test:portable-plugin
2026-10-05T12:06:43.7080511Z > node scripts/portable-plugin-test.js
2026-10-05T12:06:43.7080633Z 
2026-10-05T12:06:44.0619321Z Portable plugin schema/profile/resource/selection/retry tests passed; digest 416c48ca8fe420b133c90d0a967d9e834341c3b1578d8ca02e43db39b4b173e5
2026-10-05T12:06:51.0453297Z Local development install tests passed
2026-10-05T12:06:52.0136713Z 
2026-10-05T12:06:52.0137375Z > create-agdf@0.14.5 test:package-build
2026-10-05T12:06:52.0137788Z > node scripts/package-build-test.js
2026-10-05T12:06:52.0137976Z 
2026-10-05T12:06:53.0014947Z Package build tests passed (all generated profiles byte-identical across complete builds; source untouched)
2026-10-05T12:06:53.0782162Z 
2026-10-05T12:06:53.0782802Z > create-agdf@0.14.5 test:package-contents
2026-10-05T12:06:53.0783224Z > node scripts/package-contents-test.js
2026-10-05T12:06:53.0783567Z 
2026-10-05T12:06:54.0951173Z Package contents tests passed (761 files; complete release-built plugin present)
2026-10-05T12:06:54.1799300Z 
2026-10-05T12:06:54.1799921Z > create-agdf@0.14.5 test:lifecycle
2026-10-05T12:06:54.1800309Z > node scripts/lifecycle-test.js
2026-10-05T12:06:54.1800470Z 
2026-10-05T12:06:54.5196562Z lifecycle tests passed
2026-10-05T12:06:54.6123940Z 
2026-10-05T12:06:54.6124662Z > create-agdf@0.14.5 test:copilot-repository-retention
2026-10-05T12:06:54.6125524Z > node scripts/copilot-repository-retention-test.js
2026-10-05T12:06:54.6125771Z 
2026-10-05T12:06:55.2963938Z Copilot repository retention tests passed (install, update, status, disable, uninstall and failure)
2026-10-05T12:06:55.3983030Z 
2026-10-05T12:06:55.3983800Z > create-agdf@0.14.5 test:control-command
2026-10-05T12:06:55.3984094Z > node scripts/control-command-test.js
2026-10-05T12:06:55.3984213Z 
2026-10-05T12:06:56.1510606Z PASS SCN-016 Windows replay flush uses a writable handle without changing canonical bytes
2026-10-05T12:06:56.1516247Z PASS SCN-002 undeclared {"role":"user"}
2026-10-05T12:06:56.1516616Z PASS SCN-002 undeclared {"seen":true}
2026-10-05T12:06:56.1517358Z PASS SCN-002 undeclared {"trusted":true}
2026-10-05T12:06:56.1517851Z PASS SCN-002 undeclared {"tool_provenance":"human"}
2026-10-05T12:06:56.1519099Z PASS SCN-002 accessor schema_version rejected without evaluation
2026-10-05T12:06:56.1519578Z PASS SCN-002 accessor action rejected without evaluation
2026-10-05T12:06:56.1519967Z PASS SCN-002 accessor target_id rejected without evaluation
2026-10-05T12:06:56.1520435Z PASS SCN-002 accessor run_id rejected without evaluation
2026-10-05T12:06:56.1521614Z PASS SCN-002 accessor gate rejected without evaluation
2026-10-05T12:06:56.1522034Z PASS SCN-002 accessor expected_revision_id rejected without evaluation
2026-10-05T12:06:56.1522495Z PASS SCN-002 accessor presentation_id rejected without evaluation
2026-10-05T12:06:56.1522893Z PASS SCN-002 accessor response rejected without evaluation
2026-10-05T12:06:56.1524110Z PASS SCN-002 accessor operation_id rejected without evaluation
2026-10-05T12:06:56.1524401Z PASS SCN-002 accessor assurance rejected without evaluation
2026-10-05T12:06:56.1524609Z PASS SCN-009 "authenticated_human"
2026-10-05T12:06:56.1524772Z PASS SCN-009 "verified_human"
2026-10-05T12:06:56.1524924Z PASS SCN-009 "host_attested"
2026-10-05T12:06:56.1525067Z PASS SCN-009 "signed"
2026-10-05T12:06:56.1525207Z PASS SCN-009 "trusted"
2026-10-05T12:06:56.1525414Z PASS SCN-009 ""
2026-10-05T12:06:56.1525614Z PASS SCN-002 malformed {"schema_version":"2"}
2026-10-05T12:06:56.1525814Z PASS SCN-002 malformed {"action":"present"}
2026-10-05T12:06:56.1526108Z PASS SCN-002 malformed {"operation_id":"x"}
2026-10-05T12:06:56.1526452Z PASS SCN-002 malformed {"run_id":"../foreign"}
2026-10-05T12:06:56.1526824Z PASS SCN-002 malformed {"expected_revision_id":null}
2026-10-05T12:06:56.1527128Z PASS SCN-002 malformed {}
2026-10-05T12:06:56.2422559Z PASS SCN-002/009 closed schema and unsupported authority, zero mutation
2026-10-05T12:06:56.8452040Z PASS SCN-008 ""
2026-10-05T12:06:56.9408196Z PASS SCN-008 "Ja"
2026-10-05T12:06:57.0446427Z PASS SCN-008 "Leg los"
2026-10-05T12:06:57.1426796Z PASS SCN-008 "Approval: PRD"
2026-10-05T12:06:57.2397799Z PASS SCN-008 "`Approval: UR`"
2026-10-05T12:06:57.3382503Z PASS SCN-008 "Zitat: Approval: UR"
2026-10-05T12:06:57.3383024Z PASS SCN-007/008 read, present, derived and nonexact replies do not approve
2026-10-05T12:06:57.3861577Z PASS SCN-011 {"target_id":"sha256:aaaaaaaaaaaaaaaaaaaaaaaaaaaaaaaaaaaaaaaaaaaaaaaaaaaaaaaaaaaaaaaa"}
2026-10-05T12:06:57.4825145Z PASS SCN-011 {"expected_revision_id":"fa40fbac-c9d3-4ec5-b1c1-c7f05838119f"}
2026-10-05T12:06:57.5820015Z PASS SCN-011 {"presentation_id":"9356d15d-8b71-4b8a-a2a4-d350caa91d59"}
2026-10-05T12:06:57.6759480Z PASS SCN-011 {"gate":"PRD"}
2026-10-05T12:06:57.7281603Z PASS SCN-011 exact target, revision and presentation bindings
2026-10-05T12:06:57.8277782Z PASS SCN-015 live and unknown locks are retained and never succeed
2026-10-05T12:06:58.0298308Z PASS SCN-020 temp_opened
2026-10-05T12:06:58.2295237Z PASS SCN-020 temp_written
2026-10-05T12:06:58.4280203Z PASS SCN-020 after_file_sync
2026-10-05T12:06:58.6225689Z PASS SCN-020 before_rename
2026-10-05T12:06:58.6226041Z PASS SCN-020 write checkpoints before rename leave no approval or receipt
2026-10-05T12:06:58.7181626Z PASS SCN-012 final presentation validation under lock
2026-10-05T12:06:58.8634856Z PASS SCN-012 prepared presentation mutation is rejected at final validation
2026-10-05T12:06:59.0446172Z PASS SCN-001/003/004/010 one revision, atomic receipt and explicit cooperative result
2026-10-05T12:06:59.0449431Z PASS SCN-025 invalid receipt subcase 0
2026-10-05T12:06:59.0451310Z PASS SCN-025 invalid receipt subcase 1
2026-10-05T12:06:59.0453082Z PASS SCN-025 invalid receipt subcase 2
2026-10-05T12:06:59.0455019Z PASS SCN-025 invalid receipt subcase 3
2026-10-05T12:06:59.0456637Z PASS SCN-025 invalid receipt subcase 4
2026-10-05T12:06:59.0458329Z PASS SCN-025 invalid receipt subcase 5
2026-10-05T12:06:59.0459965Z PASS SCN-025 invalid receipt subcase 6
2026-10-05T12:06:59.0471405Z PASS SCN-023/025 receipt version, row identity, effect and encoding validation
2026-10-05T12:06:59.1864654Z PASS SCN-016/017 same request replays; changed bytes conflict without a revision
2026-10-05T12:06:59.2407212Z PASS SCN-018/019 historical effect survives revocation, current state is separately observed
2026-10-05T12:06:59.2449566Z PASS SCN-023/025 receipt corruption, deletion and seal tampering fail closed
2026-10-05T12:06:59.2973272Z PASS SCN-018 receipt-preserving recovery never restores approval
2026-10-05T12:06:59.7718878Z PASS SCN-022 postrename failure exposes canonical effect; retry acknowledges without writing
2026-10-05T12:06:59.8161734Z PASS SCN-018 bounded PRD supersession preserves UR receipt and never reapproves PRD
2026-10-05T12:07:00.8866387Z PASS SCN-024 legacy seal bytes and CLI rejection/assurance remain compatible
2026-10-05T12:07:00.9209419Z PASS SCN-011 symlink run paths are rejected before mutation
2026-10-05T12:07:00.9244044Z Control command tests passed: 18 scenario groups.
2026-10-05T12:07:01.7885758Z PASS SCN-020/022 postcommit after_directory_sync acknowledged without another revision
2026-10-05T12:07:02.6396075Z PASS SCN-020/022 postcommit before_response acknowledged without another revision
2026-10-05T12:07:03.5332764Z PASS SCN-020/022 postcommit before_lock_release acknowledged without another revision
2026-10-05T12:07:04.4390671Z PASS SCN-020/022 postcommit after_lock_release acknowledged without another revision
2026-10-05T12:07:04.5281153Z 
2026-10-05T12:07:04.5281829Z > create-agdf@0.14.5 test:control-command-process
2026-10-05T12:07:04.5282287Z > node scripts/control-command-process-test.js
2026-10-05T12:07:04.5282496Z 
2026-10-05T12:07:05.7407781Z PASS SCN-021/016 kill before_rename, confirmed death, one committed revision
2026-10-05T12:07:06.7217462Z PASS SCN-021/016 kill after_rename, confirmed death, one committed revision
2026-10-05T12:07:07.6751531Z PASS SCN-021/016 kill before_response, confirmed death, one committed revision
2026-10-05T12:07:09.0039444Z PASS SCN-013/014/015 CLI/API concurrent identical
2026-10-05T12:07:10.3627490Z PASS SCN-013/014/015 CLI/API concurrent distinct
2026-10-05T12:07:11.7026220Z PASS SCN-013/014/015 CLI/API concurrent changed_payload
2026-10-05T12:07:11.7061084Z Control command process tests passed on linux/x64.
2026-10-05T12:07:12.9446751Z PASS SCN-026 real legacy CLI interruption before_rename
2026-10-05T12:07:14.0757051Z PASS SCN-026 real legacy CLI interruption after_rename
2026-10-05T12:07:14.0799531Z SCN-026 INTERRUPTION_METRICS [{"lane":"command","point":"before_rename","interrupted_calls":1,"retry_calls":1,"resulting_revision_count":1,"replay_outcome":"accepted","manual_corrections":0,"human_decision":"unavailable"},{"lane":"command","point":"after_rename","interrupted_calls":1,"retry_calls":1,"resulting_revision_count":1,"replay_outcome":"already_applied","manual_corrections":0,"human_decision":"unavailable"},{"lane":"command","point":"before_response","interrupted_calls":1,"retry_calls":1,"resulting_revision_count":1,"replay_outcome":"already_applied","manual_corrections":0,"human_decision":"unavailable"},{"lane":"legacy","point":"before_rename","interrupted_calls":1,"retry_calls":1,"resulting_revision_count":1,"replay_outcome":"approved","manual_corrections":0,"human_decision":"unavailable"},{"lane":"legacy","point":"after_rename","interrupted_calls":1,"retry_calls":1,"resulting_revision_count":1,"replay_outcome":"rejected","manual_corrections":0,"human_decision":"unavailable"}]
2026-10-05T12:07:14.0843795Z PROCESS_EVIDENCE [{"point":"before_rename","child_pid":10426,"observed_exit":{"code":null,"signal":"SIGKILL"},"interrupted_revision":"26f44d52-39d9-4814-8184-62e58f800bb8","retry":{"schema_version":"1","outcome":"accepted","reason":null,"operation_id":"7d10c0af-fc5a-479a-8624-648cd07709e9","request_digest":"sha256:a834f7aba3273b0e8c122a4463409e40ed3ee471e911b5b5387651bea8a00712","binding":{"target_id":"sha256:bb70d5e33781054b839a612be757b76361d97239efb93c58085cd843117b1711","run_id":"command-test","gate":"UR","expected_revision_id":"26f44d52-39d9-4814-8184-62e58f800bb8","presentation_id":"62336b45-11e1-41da-b772-69912f4e23d2"},"effect":{"previous_revision_id":"26f44d52-39d9-4814-8184-62e58f800bb8","resulting_revision_id":"255fa195-5efd-4db7-8879-fc4f9f3cfdbc","revision":3,"gate":"UR","approval":"Approval: UR","artefact_digest":"sha256:316ee25501048fbea4206beee4a1d9d7d92981377a792f9e1c111270d8d753bb","presentation_digest":"sha256:87ad177fee7c3b3f8738cd8311871d9b68e0744685dd0f73b837f4ea205bd9b1","next_gate_after_approval":"Brownfield Review","allowed_after_approval":"Run Brownfield Review after G-00 before drafting PRD, or mark Brownfield Review not_applicable with evidence."},"assurance":{"lane":"cooperative_local","reply_provenance":"caller_forwarded_deliberate_reply","independent_human_proof":"unavailable"},"current":{"available":true,"revision":3,"revision_id":"255fa195-5efd-4db7-8879-fc4f9f3cfdbc","approval_status":"approved","lifecycle":"active","gate":"Brownfield Review","status":"open","missing_approval":"none","next_allowed_action":"Run Brownfield Review after G-00 before drafting PRD, or mark Brownfield Review not_applicable with evidence.","blocking_reason":"none"},"observations":{"commit":"canonical_receipt_observed","durability":"file_and_directory_sync_completed","independent_human_proof":"unavailable"},"recovery":null}},{"point":"after_rename","child_pid":10469,"observed_exit":{"code":null,"signal":"SIGKILL"},"interrupted_revision":"0848f4f3-999d-4171-8057-026d5e21989d","retry":{"schema_version":"1","outcome":"already_applied","reason":null,"operation_id":"cca7ebfc-eb7f-47e5-857b-30d0aa993de7","request_digest":"sha256:319fee19f68bfbcd5364486ef34d65e4e20533b4c44844b099b3028082f1df19","binding":{"target_id":"sha256:cccb968814a7893fe0ad3ba8ed221f61b873ffb20887a18443bcaad16bc9b462","run_id":"command-test","gate":"UR","expected_revision_id":"0eebd9b4-9d79-4eb3-9021-6fe4d0a72617","presentation_id":"0419d7c2-2190-4897-821b-466042747abd"},"effect":{"allowed_after_approval":"Run Brownfield Review after G-00 before drafting PRD, or mark Brownfield Review not_applicable with evidence.","approval":"Approval: UR","artefact_digest":"sha256:316ee25501048fbea4206beee4a1d9d7d92981377a792f9e1c111270d8d753bb","gate":"UR","next_gate_after_approval":"Brownfield Review","presentation_digest":"sha256:bed3f306fdb7a7c63c1923aa7fad907f0b2c35bcd3cb9e90ce5f7019a525d9d6","previous_revision_id":"0eebd9b4-9d79-4eb3-9021-6fe4d0a72617","resulting_revision_id":"0848f4f3-999d-4171-8057-026d5e21989d","revision":3},"assurance":{"lane":"cooperative_local","reply_provenance":"caller_forwarded_deliberate_reply","independent_human_proof":"unavailable"},"current":{"available":true,"revision":3,"revision_id":"0848f4f3-999d-4171-8057-026d5e21989d","approval_status":"approved","lifecycle":"active","gate":"Brownfield Review","status":"open","missing_approval":"none","next_allowed_action":"Run Brownfield Review after G-00 before drafting PRD, or mark Brownfield Review not_applicable with evidence.","blocking_reason":"none"},"observations":{"commit":"canonical_receipt_observed","durability":"file_and_directory_sync_completed","independent_human_proof":"unavailable"},"recovery":null}},{"point":"before_response","child_pid":10512,"observed_exit":{"code":null,"signal":"SIGKILL"},"interrupted_revision":"020bd4e0-fdac-4751-9c8e-95afec1ac075","retry":{"schema_version":"1","outcome":"already_applied","reason":null,"operation_id":"f8ae3c13-28a1-4f1f-9513-12259c21b11b","request_digest":"sha256:90f1ffc427f5fde68548ad12d73497424134c70ddf5aea29feb8bdaba2947e0f","binding":{"target_id":"sha256:c9a4e2480b6a40c07e3ecc86b8e20112a243fd3871ca10c516fe977d1a0f5c7b","run_id":"command-test","gate":"UR","expected_revision_id":"854df891-a290-41e6-b103-a44943b5b2a2","presentation_id":"665b4220-52c8-4afc-851f-8d4fc306e1e5"},"effect":{"allowed_after_approval":"Run Brownfield Review after G-00 before drafting PRD, or mark Brownfield Review not_applicable with evidence.","approval":"Approval: UR","artefact_digest":"sha256:316ee25501048fbea4206beee4a1d9d7d92981377a792f9e1c111270d8d753bb","gate":"UR","next_gate_after_approval":"Brownfield Review","presentation_digest":"sha256:d186857da5e8e8ab136af551c9b021a4eae36183954e7c07ea41a7a437eae930","previous_revision_id":"854df891-a290-41e6-b103-a44943b5b2a2","resulting_revision_id":"020bd4e0-fdac-4751-9c8e-95afec1ac075","revision":3},"assurance":{"lane":"cooperative_local","reply_provenance":"caller_forwarded_deliberate_reply","independent_human_proof":"unavailable"},"current":{"available":true,"revision":3,"revision_id":"020bd4e0-fdac-4751-9c8e-95afec1ac075","approval_status":"approved","lifecycle":"active","gate":"Brownfield Review","status":"open","missing_approval":"none","next_allowed_action":"Run Brownfield Review after G-00 before drafting PRD, or mark Brownfield Review not_applicable with evidence.","blocking_reason":"none"},"observations":{"commit":"canonical_receipt_observed","durability":"file_and_directory_sync_completed","independent_human_proof":"unavailable"},"recovery":null}},{"mode":"identical","child_pid":10555,"winner":{"schema_version":"1","outcome":"accepted","reason":null,"operation_id":"0a78acdd-b0a0-480b-a48e-9b31be486942","request_digest":"sha256:792a49b42ca68e82315c5f2fef69bab73ab56fac781681261bd572fdd60cb857","binding":{"target_id":"sha256:8f84d01b9f82de2279d209e58e9a9b8ab4a9f3f46f304541a02c407fd57dabed","run_id":"command-test","gate":"UR","expected_revision_id":"cc70a850-53c3-4f73-9bb6-0e06e31445bf","presentation_id":"502b9bd8-82a1-4923-9cd4-b295202ff8ae"},"effect":{"previous_revision_id":"cc70a850-53c3-4f73-9bb6-0e06e31445bf","resulting_revision_id":"3192a521-15d4-4f76-ba15-35ef095bcfe4","revision":3,"gate":"UR","approval":"Approval: UR","artefact_digest":"sha256:316ee25501048fbea4206beee4a1d9d7d92981377a792f9e1c111270d8d753bb","presentation_digest":"sha256:f8f100590df4dbd709f41939e1a6c3be73ec62c50f54f0e1b39e95c0c40a00e2","next_gate_after_approval":"Brownfield Review","allowed_after_approval":"Run Brownfield Review after G-00 before drafting PRD, or mark Brownfield Review not_applicable with evidence."},"assurance":{"lane":"cooperative_local","reply_provenance":"caller_forwarded_deliberate_reply","independent_human_proof":"unavailable"},"current":{"available":true,"revision":3,"revision_id":"3192a521-15d4-4f76-ba15-35ef095bcfe4","approval_status":"approved","lifecycle":"active","gate":"Brownfield Review","status":"open","missing_approval":"none","next_allowed_action":"Run Brownfield Review after G-00 before drafting PRD, or mark Brownfield Review not_applicable with evidence.","blocking_reason":"none"},"observations":{"commit":"canonical_receipt_observed","durability":"file_and_directory_sync_completed","independent_human_proof":"unavailable"},"recovery":null},"concurrent":{"code":2,"result":{"schema_version":"1","outcome":"retryable_failure","reason":"run_write_locked","operation_id":"0a78acdd-b0a0-480b-a48e-9b31be486942","request_digest":"sha256:792a49b42ca68e82315c5f2fef69bab73ab56fac781681261bd572fdd60cb857","binding":{"target_id":"sha256:8f84d01b9f82de2279d209e58e9a9b8ab4a9f3f46f304541a02c407fd57dabed","run_id":"command-test","gate":"UR","expected_revision_id":"cc70a850-53c3-4f73-9bb6-0e06e31445bf","presentation_id":"502b9bd8-82a1-4923-9cd4-b295202ff8ae"},"effect":null,"assurance":{"lane":"cooperative_local","reply_provenance":"caller_forwarded_deliberate_reply","independent_human_proof":"unavailable"},"current":{"available":true,"revision":2,"revision_id":"cc70a850-53c3-4f73-9bb6-0e06e31445bf","approval_status":"missing","lifecycle":"active","gate":"UR","status":"open","missing_approval":"Approval: UR","next_allowed_action":"Fill the current UR control state, persist the UR draft, and request exact approval: Approval: UR.","blocking_reason":"none"},"observations":{"commit":"no_receipt_acknowledged","durability":"unconfirmed","independent_human_proof":"unavailable"},"recovery":"Retry the identical command with the original operation UUID and payload; do not create a new decision."}},"retried":{"code":0,"result":{"schema_version":"1","outcome":"already_applied","reason":null,"operation_id":"0a78acdd-b0a0-480b-a48e-9b31be486942","request_digest":"sha256:792a49b42ca68e82315c5f2fef69bab73ab56fac781681261bd572fdd60cb857","binding":{"target_id":"sha256:8f84d01b9f82de2279d209e58e9a9b8ab4a9f3f46f304541a02c407fd57dabed","run_id":"command-test","gate":"UR","expected_revision_id":"cc70a850-53c3-4f73-9bb6-0e06e31445bf","presentation_id":"502b9bd8-82a1-4923-9cd4-b295202ff8ae"},"effect":{"allowed_after_approval":"Run Brownfield Review after G-00 before drafting PRD, or mark Brownfield Review not_applicable with evidence.","approval":"Approval: UR","artefact_digest":"sha256:316ee25501048fbea4206beee4a1d9d7d92981377a792f9e1c111270d8d753bb","gate":"UR","next_gate_after_approval":"Brownfield Review","presentation_digest":"sha256:f8f100590df4dbd709f41939e1a6c3be73ec62c50f54f0e1b39e95c0c40a00e2","previous_revision_id":"cc70a850-53c3-4f73-9bb6-0e06e31445bf","resulting_revision_id":"3192a521-15d4-4f76-ba15-35ef095bcfe4","revision":3},"assurance":{"lane":"cooperative_local","reply_provenance":"caller_forwarded_deliberate_reply","independent_human_proof":"unavailable"},"current":{"available":true,"revision":3,"revision_id":"3192a521-15d4-4f76-ba15-35ef095bcfe4","approval_status":"approved","lifecycle":"active","gate":"Brownfield Review","status":"open","missing_approval":"none","next_allowed_action":"Run Brownfield Review after G-00 before drafting PRD, or mark Brownfield Review not_applicable with evidence.","blocking_reason":"none"},"observations":{"commit":"canonical_receipt_observed","durability":"file_and_directory_sync_completed","independent_human_proof":"unavailable"},"recovery":null}}},{"mode":"distinct","child_pid":10612,"winner":{"schema_version":"1","outcome":"accepted","reason":null,"operation_id":"a3ad25e4-aa79-45ef-83e8-4d37a5120c54","request_digest":"sha256:d4052d19b63d4d09aa7cfa97fdff84e71b1e0c8c2c5d179dd8f01c02905dd650","binding":{"target_id":"sha256:6c575732d565bd90fb6c6ceaeed163a93891406d86dc3cb5537d23d029091fc1","run_id":"command-test","gate":"UR","expected_revision_id":"b83bb6f4-2f12-4d56-9213-df10bac5d873","presentation_id":"52cdd72b-c1c3-453c-91d5-252b06ea779e"},"effect":{"previous_revision_id":"b83bb6f4-2f12-4d56-9213-df10bac5d873","resulting_revision_id":"84bec42f-21ac-42b3-a2a5-94e2188d5209","revision":3,"gate":"UR","approval":"Approval: UR","artefact_digest":"sha256:316ee25501048fbea4206beee4a1d9d7d92981377a792f9e1c111270d8d753bb","presentation_digest":"sha256:38561947221129d75631dcce35b80d07384c12d28db7e440b76d05df129e57f0","next_gate_after_approval":"Brownfield Review","allowed_after_approval":"Run Brownfield Review after G-00 before drafting PRD, or mark Brownfield Review not_applicable with evidence."},"assurance":{"lane":"cooperative_local","reply_provenance":"caller_forwarded_deliberate_reply","independent_human_proof":"unavailable"},"current":{"available":true,"revision":3,"revision_id":"84bec42f-21ac-42b3-a2a5-94e2188d5209","approval_status":"approved","lifecycle":"active","gate":"Brownfield Review","status":"open","missing_approval":"none","next_allowed_action":"Run Brownfield Review after G-00 before drafting PRD, or mark Brownfield Review not_applicable with evidence.","blocking_reason":"none"},"observations":{"commit":"canonical_receipt_observed","durability":"file_and_directory_sync_completed","independent_human_proof":"unavailable"},"recovery":null},"concurrent":{"code":2,"result":{"schema_version":"1","outcome":"retryable_failure","reason":"run_write_locked","operation_id":"b413030f-5171-46ea-8f5b-b303b4dcf87f","request_digest":"sha256:d4052d19b63d4d09aa7cfa97fdff84e71b1e0c8c2c5d179dd8f01c02905dd650","binding":{"target_id":"sha256:6c575732d565bd90fb6c6ceaeed163a93891406d86dc3cb5537d23d029091fc1","run_id":"command-test","gate":"UR","expected_revision_id":"b83bb6f4-2f12-4d56-9213-df10bac5d873","presentation_id":"52cdd72b-c1c3-453c-91d5-252b06ea779e"},"effect":null,"assurance":{"lane":"cooperative_local","reply_provenance":"caller_forwarded_deliberate_reply","independent_human_proof":"unavailable"},"current":{"available":true,"revision":2,"revision_id":"b83bb6f4-2f12-4d56-9213-df10bac5d873","approval_status":"missing","lifecycle":"active","gate":"UR","status":"open","missing_approval":"Approval: UR","next_allowed_action":"Fill the current UR control state, persist the UR draft, and request exact approval: Approval: UR.","blocking_reason":"none"},"observations":{"commit":"no_receipt_acknowledged","durability":"unconfirmed","independent_human_proof":"unavailable"},"recovery":"Retry the identical command with the original operation UUID and payload; do not create a new decision."}},"retried":{"code":2,"result":{"schema_version":"1","outcome":"rejected","reason":"gate_not_ready","operation_id":"b413030f-5171-46ea-8f5b-b303b4dcf87f","request_digest":"sha256:d4052d19b63d4d09aa7cfa97fdff84e71b1e0c8c2c5d179dd8f01c02905dd650","binding":{"target_id":"sha256:6c575732d565bd90fb6c6ceaeed163a93891406d86dc3cb5537d23d029091fc1","run_id":"command-test","gate":"UR","expected_revision_id":"b83bb6f4-2f12-4d56-9213-df10bac5d873","presentation_id":"52cdd72b-c1c3-453c-91d5-252b06ea779e"},"effect":null,"assurance":{"lane":"cooperative_local","reply_provenance":"caller_forwarded_deliberate_reply","independent_human_proof":"unavailable"},"current":{"available":true,"revision":3,"revision_id":"84bec42f-21ac-42b3-a2a5-94e2188d5209","approval_status":"approved","lifecycle":"active","gate":"Brownfield Review","status":"open","missing_approval":"none","next_allowed_action":"Run Brownfield Review after G-00 before drafting PRD, or mark Brownfield Review not_applicable with evidence.","blocking_reason":"none"},"observations":{"commit":"no_receipt_acknowledged","durability":"unconfirmed","independent_human_proof":"unavailable"},"recovery":"Follow current.next_allowed_action. For a changed binding, prepare the current presentation and obtain a NEW deliberate reply; never rebind an earlier reply."}}},{"mode":"changed_payload","child_pid":10669,"winner":{"schema_version":"1","outcome":"accepted","reason":null,"operation_id":"e098cc1f-686b-4bf6-8e4b-eda85f32e532","request_digest":"sha256:f828c74b37e73a7753bf80c1768625d6caaa1e9f5b7ec1aa147596bbd9eb25bf","binding":{"target_id":"sha256:8a7469fd2ab4bc7c2f9bf5c0c323b75af82c7346387820f241eb7866d6fd7c62","run_id":"command-test","gate":"UR","expected_revision_id":"b4640456-ee2a-460c-84b7-060aa0657c05","presentation_id":"048dcc48-bc4a-42bd-a9d9-f14cf086fb40"},"effect":{"previous_revision_id":"b4640456-ee2a-460c-84b7-060aa0657c05","resulting_revision_id":"c111235d-2023-4f9a-95e3-2d320832a57d","revision":3,"gate":"UR","approval":"Approval: UR","artefact_digest":"sha256:316ee25501048fbea4206beee4a1d9d7d92981377a792f9e1c111270d8d753bb","presentation_digest":"sha256:26ab35db0abf3367f5a479bbb61f8aefe70171c3f42828e0fdb81f33094cfdc2","next_gate_after_approval":"Brownfield Review","allowed_after_approval":"Run Brownfield Review after G-00 before drafting PRD, or mark Brownfield Review not_applicable with evidence."},"assurance":{"lane":"cooperative_local","reply_provenance":"caller_forwarded_deliberate_reply","independent_human_proof":"unavailable"},"current":{"available":true,"revision":3,"revision_id":"c111235d-2023-4f9a-95e3-2d320832a57d","approval_status":"approved","lifecycle":"active","gate":"Brownfield Review","status":"open","missing_approval":"none","next_allowed_action":"Run Brownfield Review after G-00 before drafting PRD, or mark Brownfield Review not_applicable with evidence.","blocking_reason":"none"},"observations":{"commit":"canonical_receipt_observed","durability":"file_and_directory_sync_completed","independent_human_proof":"unavailable"},"recovery":null},"concurrent":{"code":2,"result":{"schema_version":"1","outcome":"retryable_failure","reason":"run_write_locked","operation_id":"e098cc1f-686b-4bf6-8e4b-eda85f32e532","request_digest":"sha256:6adfda73999b780af4be23f976d25152b72488a5ee6c75ab082030df9defa7c2","binding":{"target_id":"sha256:8a7469fd2ab4bc7c2f9bf5c0c323b75af82c7346387820f241eb7866d6fd7c62","run_id":"command-test","gate":"UR","expected_revision_id":"b4640456-ee2a-460c-84b7-060aa0657c05","presentation_id":"048dcc48-bc4a-42bd-a9d9-f14cf086fb40"},"effect":null,"assurance":{"lane":"cooperative_local","reply_provenance":"caller_forwarded_deliberate_reply","independent_human_proof":"unavailable"},"current":{"available":true,"revision":2,"revision_id":"b4640456-ee2a-460c-84b7-060aa0657c05","approval_status":"missing","lifecycle":"active","gate":"UR","status":"open","missing_approval":"Approval: UR","next_allowed_action":"Fill the current UR control state, persist the UR draft, and request exact approval: Approval: UR.","blocking_reason":"none"},"observations":{"commit":"no_receipt_acknowledged","durability":"unconfirmed","independent_human_proof":"unavailable"},"recovery":"Retry the identical command with the original operation UUID and payload; do not create a new decision."}},"retried":{"code":2,"result":{"schema_version":"1","outcome":"rejected","reason":"operation_payload_conflict","operation_id":"e098cc1f-686b-4bf6-8e4b-eda85f32e532","request_digest":"sha256:6adfda73999b780af4be23f976d25152b72488a5ee6c75ab082030df9defa7c2","binding":{"target_id":"sha256:8a7469fd2ab4bc7c2f9bf5c0c323b75af82c7346387820f241eb7866d6fd7c62","run_id":"command-test","gate":"UR","expected_revision_id":"b4640456-ee2a-460c-84b7-060aa0657c05","presentation_id":"048dcc48-bc4a-42bd-a9d9-f14cf086fb40"},"effect":null,"assurance":{"lane":"cooperative_local","reply_provenance":"caller_forwarded_deliberate_reply","independent_human_proof":"unavailable"},"current":{"available":true,"revision":3,"revision_id":"c111235d-2023-4f9a-95e3-2d320832a57d","approval_status":"approved","lifecycle":"active","gate":"Brownfield Review","status":"open","missing_approval":"none","next_allowed_action":"Run Brownfield Review after G-00 before drafting PRD, or mark Brownfield Review not_applicable with evidence.","blocking_reason":"none"},"observations":{"commit":"no_receipt_acknowledged","durability":"unconfirmed","independent_human_proof":"unavailable"},"recovery":null}}}]
2026-10-05T12:07:14.9403246Z PASS SCN-012 real child final-checkpoint artefact, no command effect
2026-10-05T12:07:14.9405810Z FRESHNESS_EVIDENCE {"kind":"artefact","child_pid":10826,"result":{"schema_version":"1","outcome":"recovery_required","reason":"canonical_state_unconfirmed","operation_id":"31483189-7170-487b-b2b7-bf1d1e2707a5","request_digest":"sha256:ac0b6405430599b3fe2f7a3a444957521af5fb379b41384d26257b6d8b500a32","binding":{"target_id":"sha256:53e52ec681a4883a77cc676703e0991b012b47a0191a7c2041b672d6cc432606","run_id":"command-test","gate":"UR","expected_revision_id":"555cf9b5-725e-4a6e-a06d-ab2d2b0bc20e","presentation_id":"470550d5-25fd-4ce2-8434-4cec5094cf42"},"effect":null,"assurance":{"lane":"cooperative_local","reply_provenance":"caller_forwarded_deliberate_reply","independent_human_proof":"unavailable"},"current":{"available":false,"reason":"seal_invalid"},"observations":{"commit":"no_receipt_acknowledged","durability":"unconfirmed","independent_human_proof":"unavailable"},"recovery":"Inspect the canonical run and pending transaction before retrying; do not infer approval from this response."}}
2026-10-05T12:07:15.8575017Z PASS SCN-012 real child final-checkpoint presentation, no command effect
2026-10-05T12:07:15.8578018Z FRESHNESS_EVIDENCE {"kind":"presentation","child_pid":10869,"result":{"schema_version":"1","outcome":"rejected","reason":"stale_revision","operation_id":"d2b00015-9a42-4f8e-90cb-e4c42901d568","request_digest":"sha256:a312b6baad5bcac974bffbfa803a263043164f4a1478e21b2a70b17d8cf86216","binding":{"target_id":"sha256:c1bd76848eb0e44503aa51e960d02ac6311288efe25159545240d5fa926c0b62","run_id":"command-test","gate":"UR","expected_revision_id":"a8a53f34-70cd-41b6-98c9-1a35d944231f","presentation_id":"205438e4-9efb-467b-8a10-b0e517cb3279"},"effect":null,"assurance":{"lane":"cooperative_local","reply_provenance":"caller_forwarded_deliberate_reply","independent_human_proof":"unavailable"},"current":{"available":true,"revision":2,"revision_id":"a8a53f34-70cd-41b6-98c9-1a35d944231f","approval_status":"missing","lifecycle":"active","gate":"UR","status":"open","missing_approval":"Approval: UR","next_allowed_action":"Fill the current UR control state, persist the UR draft, and request exact approval: Approval: UR.","blocking_reason":"none"},"observations":{"commit":"no_receipt_acknowledged","durability":"unconfirmed","independent_human_proof":"unavailable"},"recovery":"Prepare the current presentation and obtain a NEW deliberate reply; never rebind an earlier reply."}}
2026-10-05T12:07:16.7922540Z PASS SCN-012 real child final-checkpoint revision, no command effect
2026-10-05T12:07:16.7926714Z FRESHNESS_EVIDENCE {"kind":"revision","child_pid":10912,"result":{"schema_version":"1","outcome":"rejected","reason":"stale_revision","operation_id":"f8f39a68-2410-4a56-846b-b1e33b6c791e","request_digest":"sha256:54da10dc579f2e5c48299869ca09d3844101f3dc5e1b0f17fa402d56c893935a","binding":{"target_id":"sha256:a141fa0076d01e9091d1150a67f3592a490fc0374019aed3a881d740c70a1341","run_id":"command-test","gate":"UR","expected_revision_id":"d4852259-1510-4e6e-aa56-9bea54c5afd2","presentation_id":"06f78288-4caa-4865-910c-763b2aa4800a"},"effect":null,"assurance":{"lane":"cooperative_local","reply_provenance":"caller_forwarded_deliberate_reply","independent_human_proof":"unavailable"},"current":{"available":true,"revision":3,"revision_id":"fb03d941-e637-4ba4-b89f-1fe6ce552b66","approval_status":"missing","lifecycle":"active","gate":"UR","status":"open","missing_approval":"Approval: UR","next_allowed_action":"Fill the current UR control state, persist the UR draft, and request exact approval: Approval: UR.","blocking_reason":"none"},"observations":{"commit":"no_receipt_acknowledged","durability":"unconfirmed","independent_human_proof":"unavailable"},"recovery":"Prepare the current presentation and obtain a NEW deliberate reply; never rebind an earlier reply."}}
2026-10-05T12:07:17.7697125Z PASS SCN-012 real child final-checkpoint gate_eligibility, no command effect
2026-10-05T12:07:17.7700999Z FRESHNESS_EVIDENCE {"kind":"gate_eligibility","child_pid":10955,"result":{"schema_version":"1","outcome":"rejected","reason":"stale_revision","operation_id":"af23a3e1-aa19-4850-8841-a4cd84ae6cb1","request_digest":"sha256:9c70308e8e8d188102f6330daa2ea77940830df6a72990bbf73e67a35b700aff","binding":{"target_id":"sha256:f654459b7ceae3475e5a7197d7fd63e0a3352fc6dfe5029d5b246a3624c6051c","run_id":"command-test","gate":"UR","expected_revision_id":"f989bdd6-80f6-4d69-aaa0-c0ae3d8b19f1","presentation_id":"32b79496-f4d5-458f-a7df-fba7654b8053"},"effect":null,"assurance":{"lane":"cooperative_local","reply_provenance":"caller_forwarded_deliberate_reply","independent_human_proof":"unavailable"},"current":{"available":true,"revision":2,"revision_id":"f989bdd6-80f6-4d69-aaa0-c0ae3d8b19f1","approval_status":"missing","lifecycle":"completed","gate":"UR","status":"open","missing_approval":"Approval: UR","next_allowed_action":"Fill the current UR control state, persist the UR draft, and request exact approval: Approval: UR.","blocking_reason":"none"},"observations":{"commit":"no_receipt_acknowledged","durability":"unconfirmed","independent_human_proof":"unavailable"},"recovery":"Prepare the current presentation and obtain a NEW deliberate reply; never rebind an earlier reply."}}
2026-10-05T12:07:17.8533529Z 
2026-10-05T12:07:17.8534193Z > create-agdf@0.14.5 test:control-command-package
2026-10-05T12:07:17.8534550Z > node scripts/control-command-package-test.js
2026-10-05T12:07:17.8534681Z 
2026-10-05T12:07:17.8999724Z PASS package containment accepts POSIX/Windows dependencies and rejects sibling, parent and foreign-drive paths
2026-10-05T12:07:20.7994613Z PASS SCN-024/028 CLI modularization against the current source and documentation in isolated snapshot
2026-10-05T12:07:21.7351438Z PASS SCN-029/032 isolated package-build regression
2026-10-05T12:07:21.8891376Z PASS SCN-029/032 isolated copilot-profile regression
2026-10-05T12:07:22.7572108Z PASS SCN-029/032 isolated release-version-coherence regression
2026-10-05T12:07:23.8092053Z PASS SCN-029/032 isolated package-contents regression
2026-10-05T12:07:24.0641869Z PASS SCN-029/032 isolated local-validator regression
2026-10-05T12:07:25.6831691Z PASS SCN-029/032 isolated plugin-mcp-runtime regression
2026-10-05T12:07:27.6592509Z PASS SCN-029/032 isolated runtime-integrity-layout regression
2026-10-05T12:07:42.3905835Z PASS SCN-029/032 isolated runtime-integrity-negative regression
2026-10-05T12:07:43.4652835Z PASS SCN-005/006/027 package exports and 48 pure runtime dependency modules
2026-10-05T12:07:43.5143538Z PASS SCN-006 external import has only package-owned reads and no target/process/write/print/exit effects
2026-10-05T12:07:44.5011197Z SCN-001 PACKED_API_RESULT {"schema_version":"1","outcome":"accepted","reason":null,"operation_id":"541769a6-008f-47e6-8c0a-32d69e562f05","request_digest":"sha256:1d35843d7fb8fef8ae7fa0f3f70909428b859d7fce329c6d5f70d2b35b8c314f","binding":{"target_id":"sha256:e20f69fa8dd223bfcec71107621ecc30ec8990628ffc6c8dbcb6f44e100444f6","run_id":"external-consumer","gate":"UR","expected_revision_id":"a25a8cb2-7b00-45f8-8638-0c937f39e49a","presentation_id":"22ae5a24-7384-465d-b794-4dab2f8e473a"},"effect":{"previous_revision_id":"a25a8cb2-7b00-45f8-8638-0c937f39e49a","resulting_revision_id":"e2489cf3-d8a0-4252-a659-0f979803be91","revision":3,"gate":"UR","approval":"Approval: UR","artefact_digest":"sha256:316ee25501048fbea4206beee4a1d9d7d92981377a792f9e1c111270d8d753bb","presentation_digest":"sha256:6691ff1bb02bb379c234a75019467264e6d1bf9e1d5ee6bcc23b729116e13962","next_gate_after_approval":"Brownfield Review","allowed_after_approval":"Run Brownfield Review after G-00 before drafting PRD, or mark Brownfield Review not_applicable with evidence."},"assurance":{"lane":"cooperative_local","reply_provenance":"caller_forwarded_deliberate_reply","independent_human_proof":"unavailable"},"current":{"available":true,"revision":3,"revision_id":"e2489cf3-d8a0-4252-a659-0f979803be91","approval_status":"approved","lifecycle":"active","gate":"Brownfield Review","status":"open","missing_approval":"none","next_allowed_action":"Run Brownfield Review after G-00 before drafting PRD, or mark Brownfield Review not_applicable with evidence.","blocking_reason":"none"},"observations":{"commit":"canonical_receipt_observed","durability":"file_and_directory_sync_completed","independent_human_proof":"unavailable"},"recovery":null}
2026-10-05T12:07:44.9315717Z PASS SCN-001/028/029 packed external CLI/API approve/replay/Git/locale parity
2026-10-05T12:07:44.9769777Z PASS SCN-029 missing packed locale resource fails without canonical mutation
2026-10-05T12:07:46.1655320Z SCN-032 RUNTIME_IDENTITY {"profile":"generated/plugins/agdf","version":"0.14.5","digest":"671e4edcc391fd96300526b923d5cda3ce0105d22c28e2b9c4906390673cd052","result":{"schema_version":"1","outcome":"accepted","reason":null,"operation_id":"495d63ce-7cef-42d0-8c46-b3db34d010e2","request_digest":"sha256:d31b4cee1da5dfb80470309e5921b3bd2f1f57cde55a3510069730d1ee82acd5","binding":{"target_id":"sha256:56cb5db776105b5ee7a0af19dfe0c68a2d99956f27a96bb78cbe19b5262b8fc1","run_id":"generated-shared","gate":"UR","expected_revision_id":"fa32d296-e8a9-42fa-b243-bb8d095387a0","presentation_id":"8859cf56-7458-4413-a014-6c73a7908c0e"},"effect":{"previous_revision_id":"fa32d296-e8a9-42fa-b243-bb8d095387a0","resulting_revision_id":"f1de873b-0d8f-405f-8beb-e1ea8a555662","revision":3,"gate":"UR","approval":"Approval: UR","artefact_digest":"sha256:316ee25501048fbea4206beee4a1d9d7d92981377a792f9e1c111270d8d753bb","presentation_digest":"sha256:1a8c1f93c183624a231fd1aad40877e734318d7710ce04742bb84957fe312551","next_gate_after_approval":"Brownfield Review","allowed_after_approval":"Run Brownfield Review after G-00 before drafting PRD, or mark Brownfield Review not_applicable with evidence."},"assurance":{"lane":"cooperative_local","reply_provenance":"caller_forwarded_deliberate_reply","independent_human_proof":"unavailable"},"current":{"available":true,"revision":3,"revision_id":"f1de873b-0d8f-405f-8beb-e1ea8a555662","approval_status":"approved","lifecycle":"active","gate":"Brownfield Review","status":"open","missing_approval":"none","next_allowed_action":"Run Brownfield Review after G-00 before drafting PRD, or mark Brownfield Review not_applicable with evidence.","blocking_reason":"none"},"observations":{"commit":"canonical_receipt_observed","durability":"file_and_directory_sync_completed","independent_human_proof":"unavailable"},"recovery":null}}
2026-10-05T12:07:46.4734911Z PASS SCN-032 generated generated/plugins/agdf module/resource closure and missing resource fail closed
2026-10-05T12:07:48.0566569Z SCN-032 RUNTIME_IDENTITY {"profile":"generated/plugins/copilot/agdf","version":"0.14.5","digest":"c4c1db3ef284f53442ae3c55bea17c5a9be727072797e81b92d4ee2b8a5ceef3","result":{"schema_version":"1","outcome":"accepted","reason":null,"operation_id":"5e6e1794-f49d-4ed2-be57-6c66544a94b3","request_digest":"sha256:345206760b99c18377b573390a9fa5c116a8e918fdcc39cb394bf8cff30e2883","binding":{"target_id":"sha256:e541f44b1e0895badff17116476444464d0903846f8520aa6f7c86f05dc4dce1","run_id":"generated-copilot","gate":"UR","expected_revision_id":"291cc4ab-eb34-4c11-9692-76f8878abf93","presentation_id":"bca4964b-ab2b-4fc4-ab05-133caedbc2a8"},"effect":{"previous_revision_id":"291cc4ab-eb34-4c11-9692-76f8878abf93","resulting_revision_id":"34bedea2-7bab-4794-95b4-1c6012904776","revision":3,"gate":"UR","approval":"Approval: UR","artefact_digest":"sha256:316ee25501048fbea4206beee4a1d9d7d92981377a792f9e1c111270d8d753bb","presentation_digest":"sha256:ec5d74b5db18d0679fa53d8ebb667b1e3dc7833f70279995c038d2a8c59a021d","next_gate_after_approval":"Brownfield Review","allowed_after_approval":"Run Brownfield Review after G-00 before drafting PRD, or mark Brownfield Review not_applicable with evidence."},"assurance":{"lane":"cooperative_local","reply_provenance":"caller_forwarded_deliberate_reply","independent_human_proof":"unavailable"},"current":{"available":true,"revision":3,"revision_id":"34bedea2-7bab-4794-95b4-1c6012904776","approval_status":"approved","lifecycle":"active","gate":"Brownfield Review","status":"open","missing_approval":"none","next_allowed_action":"Run Brownfield Review after G-00 before drafting PRD, or mark Brownfield Review not_applicable with evidence.","blocking_reason":"none"},"observations":{"commit":"canonical_receipt_observed","durability":"file_and_directory_sync_completed","independent_human_proof":"unavailable"},"recovery":null}}
2026-10-05T12:07:48.3387020Z PASS SCN-032 generated generated/plugins/copilot/agdf module/resource closure and missing resource fail closed
2026-10-05T12:07:51.4019340Z SCN-026 WORKFLOW_METRICS [{"lane":"legacy","boundary":"recorded_UR_to_inspected_approval","success_calls":3,"presentation_prepared":1,"presentations_visibly_shown":"unavailable","manual_corrections":0,"simulated_replies":1,"observed_human_decisions":"unavailable","retry_calls":1,"retry_outcome":"rejected","stale_calls":1,"stale_outcome":"rejected"},{"lane":"command","boundary":"recorded_UR_to_inspected_approval","success_calls":3,"presentation_prepared":1,"presentations_visibly_shown":"unavailable","manual_corrections":0,"simulated_replies":1,"observed_human_decisions":"unavailable","retry_calls":1,"retry_outcome":"already_applied","stale_calls":1,"stale_outcome":"rejected"}]
2026-10-05T12:07:51.4021252Z SCN-030/031 QUALIFICATION {"source":"passed","packed_external":"passed","generated_validator":"passed","native_platform":"linux/x64","native_linux":"unavailable","native_windows":"unavailable","new_installed_plugin":"not_installed","visible_host":"not_observed","independent_human_proof":"unavailable"}
2026-10-05T12:07:51.4022460Z PACKAGE_IDENTITY {"version":"0.14.5","tarball_sha256":"f8170aa0ba401f41cb30e0d0fb1dad6a71bdb6dc998bef66d545879d9cadddd4","command_schema_version":"1","receipt_schema_version":"1","approval_seal_legacy_version":"1","receipt_approval_seal_version":"2","files":761,"node":"v22.23.3","platform":"linux","arch":"x64"}
2026-10-05T12:07:51.4023521Z Control command package tests passed (761 real packed files).
2026-10-05T12:07:52.4097212Z 
2026-10-05T12:07:52.4097800Z > create-agdf@0.14.5 test:cli-gates
2026-10-05T12:07:52.4098131Z > node scripts/cli-gate-scenarios-test.js
2026-10-05T12:07:52.4098247Z 
2026-10-05T12:07:52.4432966Z [cli-gates] START new-ur
2026-10-05T12:07:53.7599316Z [cli-gates] PASS new-ur (1.3s)
2026-10-05T12:07:53.7599588Z [cli-gates] START duplicate-prd
2026-10-05T12:07:55.2556443Z [cli-gates] PASS duplicate-prd (1.5s)
2026-10-05T12:07:55.2556803Z [cli-gates] START bound-ur
2026-10-05T12:07:56.7499392Z [cli-gates] PASS bound-ur (1.5s)
2026-10-05T12:07:56.8277365Z 
2026-10-05T12:07:56.8277934Z > create-agdf@0.14.5 test:control-state
2026-10-05T12:07:56.8278219Z > node ../core/test/control-state-test.js
2026-10-05T12:07:56.8278359Z 
2026-10-05T12:08:00.0702047Z artefact recording/correction tests passed (210 assertions)
2026-10-05T12:08:08.6728327Z control-state tests passed
2026-10-05T12:08:08.6728647Z backlog status vocabulary tests passed
2026-10-05T12:08:08.7686190Z 
2026-10-05T12:08:08.7686830Z > create-agdf@0.14.5 test:run-step-transaction
2026-10-05T12:08:08.7687153Z > node ../core/test/run-step-transaction-test.js
2026-10-05T12:08:08.7687282Z 
2026-10-05T12:08:10.5396226Z Run-step transaction boundaries passed.
2026-10-05T12:08:10.6215535Z 
2026-10-05T12:08:10.6216008Z > create-agdf@0.14.5 test:run-recovery
2026-10-05T12:08:10.6216275Z > node scripts/run-recovery-test.js
2026-10-05T12:08:10.6216389Z 
2026-10-05T12:08:11.0850939Z run recovery tests passed
2026-10-05T12:08:11.1691016Z 
2026-10-05T12:08:11.1691639Z > create-agdf@0.14.5 test:run-lock
2026-10-05T12:08:11.1692040Z > node ../core/test/run-lock-test.js
2026-10-05T12:08:11.1692223Z 
2026-10-05T12:08:11.2059229Z Run lock owner recovery passed.
2026-10-05T12:08:11.2846824Z 
2026-10-05T12:08:11.2847467Z > create-agdf@0.14.5 test:prd-readiness
2026-10-05T12:08:11.2847892Z > node ../core/test/prd-readiness-test.js
2026-10-05T12:08:11.2848093Z 
2026-10-05T12:08:11.3205692Z PRD readiness tests passed
2026-10-05T12:08:11.3991146Z 
2026-10-05T12:08:11.3991783Z > create-agdf@0.14.5 test:run-revision
2026-10-05T12:08:11.3992148Z > node ../core/test/run-revision-test.js
2026-10-05T12:08:11.3992264Z 
2026-10-05T12:08:12.1292084Z run-revise tests passed
2026-10-05T12:08:12.2072650Z 
2026-10-05T12:08:12.2073313Z > create-agdf@0.14.5 test:late-source-revision
2026-10-05T12:08:12.2074211Z > node ../core/test/run-source-revisions-test.js && node scripts/late-source-revision-test.js && npm run test:late-source-revision-performance
2026-10-05T12:08:12.2074685Z 
2026-10-05T12:08:32.2082937Z {"suite":"source-revisions","scenarios":["SCN-001","SCN-003","SCN-004","SCN-005","SCN-007","SCN-008","SCN-011","SCN-012","SCN-013","SCN-014","SCN-018","SCN-009","SCN-010","SCN-015","SCN-017","SCN-019","SCN-020","SCN-016","SCN-021","SCN-006"],"fixture_authority":"synthetic_only"}
2026-10-05T12:08:42.2230200Z {"suite":"late-source-revision-cli","candidate":"/home/runner/work/ai-native-governance-delivery-framework/ai-native-governance-delivery-framework/dist/npm/create-agdf","cases":51,"fixture_authority":"synthetic_only"}
2026-10-05T12:08:42.3030778Z 
2026-10-05T12:08:42.3032869Z > create-agdf@0.14.5 test:late-source-revision-performance
2026-10-05T12:08:42.3033502Z > node scripts/late-source-revision-performance-test.js
2026-10-05T12:08:42.3033651Z 
2026-10-05T12:09:03.5809607Z {"scenario_id":"SCN-028","cycles":[{"cycle":1,"preview_ms":10.613326000000143,"apply_ms":71.0179079999998,"history_files":17,"history_bytes":35150},{"cycle":2,"preview_ms":9.739220999999816,"apply_ms":61.61681099999987,"history_files":34,"history_bytes":77036},{"cycle":3,"preview_ms":13.051382000000558,"apply_ms":76.47999299999992,"history_files":51,"history_bytes":125415},{"cycle":4,"preview_ms":18.306657000000087,"apply_ms":98.4278690000001,"history_files":68,"history_bytes":180287},{"cycle":5,"preview_ms":21.559959000000163,"apply_ms":120.28366499999993,"history_files":85,"history_bytes":241652},{"cycle":6,"preview_ms":27.987380999999004,"apply_ms":158.33077500000036,"history_files":102,"history_bytes":309510},{"cycle":7,"preview_ms":31.810135000001537,"apply_ms":173.2135019999987,"history_files":119,"history_bytes":383861},{"cycle":8,"preview_ms":37.90230800000063,"apply_ms":199.0200789999999,"history_files":136,"history_bytes":464705},{"cycle":9,"preview_ms":44.553187999999864,"apply_ms":245.4986149999986,"history_files":153,"history_bytes":552042},{"cycle":10,"preview_ms":53.237349999999424,"apply_ms":281.3686119999984,"history_files":170,"history_bytes":645872}],"unrelated_history_reads":0,"competition":{"elapsed_ms":448.8816390000029,"results":[{"code":0,"result":{"outcome":"reopened","authorizes":false,"run_id":"revision-performance","operation_id":"d88818a5-31bf-4ae1-b61e-48d06fd51cbf","gate":"TP","revision_id":"a335f43e-3f4b-4559-a695-b46d7f622f95","revision":"63","impact":{"source_gate":"TP","retained":["UR","PRD","SD"],"superseded":["TP"],"invalidated_bindings":["16df4649-87ba-4994-86d1-f96a25897861"],"analyses":[{"type":"Brownfield Review","disposition":"retain","path":".agdf/control/artefacts/revision-performance/BROWNFIELD_REVIEW.md","digest":"sha256:64ce92f3dbffa8b295dd5ae9ee82cb9384045b84977ec89d401c2d773b8c785f","reason":"Synthetic reviewed applicability assessment under unchanged or renewed UR"}],"invalidated_steps":["Brownfield Analysis","CD+Tests","CR"],"retained_work":"Code and test files are retained; fulfillment and evidence require the renewed TP.","next_gate":"TP","implementation_authority":false},"next_action":"Draft or refine the Task/Test Plan; do not implement before TP is approved."}},{"code":0,"result":{"schema_version":"1","outcome":"rejected","run_id":"revision-performance","reason":"run_write_locked","lock_path":"/tmp/agdf-revision-performance-CX6KX2/.agdf/control/runs/revision-performance/RUN_STATE.md.lock","authorizes":false}}]}}
2026-10-05T12:09:03.7019227Z 
2026-10-05T12:09:03.7021103Z > create-agdf@0.14.5 test:intake-continuation
2026-10-05T12:09:03.7021521Z > node scripts/intake-continuation-test.js
2026-10-05T12:09:03.7021707Z 
2026-10-05T12:09:14.3024674Z intake continuation packaged-runtime E2E passed (new/resume, binding, rejection, read-only, recovery, route); runtime sha256:90628ade81f47b45dc20cce5819d7aaa5258851c75cc3c2b6f688e20f5e25aa5
2026-10-05T12:09:14.3928892Z 
2026-10-05T12:09:14.3929486Z > create-agdf@0.14.5 test:prd-definition
2026-10-05T12:09:14.3929912Z > node scripts/prd-definition-test.js
2026-10-05T12:09:14.3930097Z 
2026-10-05T12:09:26.6708152Z PRD packaged authoring/clarification/revision/binding/presentation/approval boundaries passed.
2026-10-05T12:09:26.7633006Z 
2026-10-05T12:09:26.7633945Z > create-agdf@0.14.5 test:sd-readiness
2026-10-05T12:09:26.7634210Z > node ../core/test/sd-readiness-test.js
2026-10-05T12:09:26.7634329Z 
2026-10-05T12:09:26.7952253Z SD declared-decision readiness: resolved/open/malformed/legacy boundaries passed.
2026-10-05T12:09:26.8707694Z 
2026-10-05T12:09:26.8708153Z > create-agdf@0.14.5 test:sd-definition
2026-10-05T12:09:26.8708530Z > node scripts/sd-definition-test.js
2026-10-05T12:09:26.8708704Z 
2026-10-05T12:09:36.0173826Z SD assembled authoring/source/readiness/revision/approval boundaries passed (synthetic fixtures).
2026-10-05T12:09:36.0927536Z 
2026-10-05T12:09:36.0928185Z > create-agdf@0.14.5 test:artifact-language
2026-10-05T12:09:36.0928547Z > node scripts/artifact-language-test.js
2026-10-05T12:09:36.0928663Z 
2026-10-05T12:09:37.5229354Z artifact language tests passed (config source, English defaults, dispatcher recovery)
2026-10-05T12:09:37.6201177Z 
2026-10-05T12:09:37.6201830Z > create-agdf@0.14.5 test:parent-reconciliation
2026-10-05T12:09:37.6202147Z > node ../core/test/parent-reconciliation-test.js
2026-10-05T12:09:37.6202282Z 
2026-10-05T12:09:38.0782606Z AGDF parent reconciliation tests passed
2026-10-05T12:09:38.1605705Z 
2026-10-05T12:09:38.1606421Z > create-agdf@0.14.5 test:interaction-presentation
2026-10-05T12:09:38.1606919Z > node ../core/test/interaction-presentation-test.js
2026-10-05T12:09:38.1607140Z 
2026-10-05T12:09:39.3069459Z interaction presentation tests passed
2026-10-05T12:09:39.3999743Z gate rationale and why tests passed
2026-10-05T12:09:39.4608477Z scope classification card tests passed
2026-10-05T12:09:39.5320498Z task target orientation tests passed
2026-10-05T12:09:39.6189696Z 
2026-10-05T12:09:39.6190256Z > create-agdf@0.14.5 test:operational-localization
2026-10-05T12:09:39.6190565Z > node scripts/operational-localization-test.js
2026-10-05T12:09:39.6190692Z 
2026-10-05T12:09:46.5790890Z operational localization tests passed
2026-10-05T12:09:46.6642752Z 
2026-10-05T12:09:46.6643590Z > create-agdf@0.14.5 test:verified-change
2026-10-05T12:09:46.6644023Z > node scripts/verified-change-test.js
2026-10-05T12:09:46.6644386Z 
2026-10-05T12:09:52.6972090Z Verified Change tests passed
2026-10-05T12:09:52.7797031Z 
2026-10-05T12:09:52.7797695Z > create-agdf@0.14.5 test:runtime-integrity-layout
2026-10-05T12:09:52.7798002Z > node scripts/runtime-integrity-layout-test.js
2026-10-05T12:09:52.7798131Z 
2026-10-05T12:09:54.7175701Z Runtime integrity layout tests passed
2026-10-05T12:09:54.8072524Z 
2026-10-05T12:09:54.8073187Z > create-agdf@0.14.5 test:runtime-integrity-negative
2026-10-05T12:09:54.8073748Z > node scripts/runtime-integrity-negative-test.js
2026-10-05T12:09:54.8073960Z 
2026-10-05T12:10:09.3578833Z Runtime integrity negative tests passed
2026-10-05T12:10:09.4774498Z 
2026-10-05T12:10:09.4775236Z > create-agdf@0.14.5 test:agent-skills-conformance
2026-10-05T12:10:09.4775693Z > node scripts/agent-skills-conformance-test.js
2026-10-05T12:10:09.4775908Z 
2026-10-05T12:10:09.9308580Z Agent Skills conformance tests passed (source, policy, metadata, resources, symlinks and 4 generated surfaces)
2026-10-05T12:10:10.0107174Z 
2026-10-05T12:10:10.0107850Z > create-agdf@0.14.5 test:skill-evals
2026-10-05T12:10:10.0108275Z > node scripts/skill-evals-test.js
2026-10-05T12:10:10.0108457Z 
2026-10-05T12:10:10.0908164Z AGDF skill eval tests passed
2026-10-05T12:10:10.1654764Z 
2026-10-05T12:10:10.1655319Z > create-agdf@0.14.5 eval:skills
2026-10-05T12:10:10.1655608Z > node ../../evals/scripts/run-skill-evals.js
2026-10-05T12:10:10.1655729Z 
2026-10-05T12:10:10.2311904Z AGDF skill evals: pass (102/102 cases; 13 skills; deterministic replay, not live host execution)
2026-10-05T12:10:10.3106687Z 
2026-10-05T12:10:10.3107314Z > create-agdf@0.14.5 test:proportionality
2026-10-05T12:10:10.3107610Z > node scripts/proportionality-benchmark-test.js
2026-10-05T12:10:10.3107741Z 
2026-10-05T12:10:11.5769732Z AGDF proportionality benchmark tests passed
2026-10-05T12:10:11.6595788Z 
2026-10-05T12:10:11.6596410Z > create-agdf@0.14.5 test:delivery-path-search
2026-10-05T12:10:11.6596713Z > node scripts/delivery-path-search-test.js
2026-10-05T12:10:11.6596835Z 
2026-10-05T12:10:11.9891277Z Delivery Path Search focused tests passed.
2026-10-05T12:10:12.0710647Z 
2026-10-05T12:10:12.0711294Z > create-agdf@0.14.5 test:delivery-path-search-unit
2026-10-05T12:10:12.0711605Z > node ../core/test/delivery-path-search-unit-test.js
2026-10-05T12:10:12.0711747Z 
2026-10-05T12:10:12.1001206Z Delivery Path Search unit tests passed.
2026-10-05T12:10:12.1737136Z 
2026-10-05T12:10:12.1737860Z > create-agdf@0.14.5 test:delivery-path-search-generator
2026-10-05T12:10:12.1738354Z > node scripts/delivery-path-search-generator-test.js
2026-10-05T12:10:12.1738580Z 
2026-10-05T12:10:12.3118563Z Delivery Path Search generator tests passed.
2026-10-05T12:10:12.3880893Z 
2026-10-05T12:10:12.3881386Z > create-agdf@0.14.5 test:opencode-hardening
2026-10-05T12:10:12.3881712Z > node scripts/opencode-hardening-test.js
2026-10-05T12:10:12.3881828Z 
2026-10-05T12:10:12.5319318Z OpenCode hardening tests passed.
2026-10-05T12:10:12.5776831Z [smoke 0.0s] CLI metadata and release guards
2026-10-05T12:10:12.6706935Z [smoke 0.1s] codex global
2026-10-05T12:10:13.5836393Z [smoke 1.0s] host installer scenarios
2026-10-05T12:10:13.8792449Z [smoke 1.3s] claude install
2026-10-05T12:10:14.7476132Z [smoke 2.2s] claude update
2026-10-05T12:10:15.6596080Z [smoke 3.1s] Claude installer scenarios
2026-10-05T12:10:16.7685083Z [smoke 4.2s] OpenCode global installation and validator
2026-10-05T12:10:18.1457445Z [smoke 5.6s] OpenCode installation and status scenarios
2026-10-05T12:10:19.0156256Z [smoke 6.4s] opencode global preservation
2026-10-05T12:10:20.7563638Z [smoke 8.2s] opencode global collision
2026-10-05T12:10:20.9219913Z [smoke 8.3s] opencode validator package collision
2026-10-05T12:10:23.2164551Z [smoke 10.6s] repository bootstrap scenarios
2026-10-05T12:10:23.4196346Z [smoke 10.8s] opencode agent migration
2026-10-05T12:10:23.5201486Z [smoke 10.9s] opencode existing config
2026-10-05T12:10:23.6207601Z [smoke 11.0s] configuration and locale scenarios
2026-10-05T12:10:23.7117574Z [smoke 11.1s] init
2026-10-05T12:10:24.0789472Z [smoke 11.5s] gate check status card
2026-10-05T12:10:24.4541809Z [smoke 11.9s] language explicit
2026-10-05T12:10:24.5771757Z [smoke 12.0s] language config update
2026-10-05T12:10:24.7945185Z [smoke 12.2s] language locale
2026-10-05T12:10:24.9107746Z [smoke 12.3s] localized status cards
2026-10-05T12:10:25.4451961Z [smoke 12.9s] status card tp transition
2026-10-05T12:10:26.0025591Z [smoke 13.4s] gate check implicit consent
2026-10-05T12:10:26.3950344Z [smoke 13.8s] late gate transition scenarios
2026-10-05T12:10:31.7435444Z [smoke 19.2s] QA and UAT gate scenarios
2026-10-05T12:10:32.1354155Z [smoke 19.6s] doctor qa status mismatch
2026-10-05T12:10:32.4585194Z [smoke 19.9s] doctor missing
2026-10-05T12:10:32.6927785Z [smoke 20.1s] gate check ur triage
2026-10-05T12:10:33.0605382Z [smoke 20.5s] gate-check presentation scenarios
2026-10-05T12:10:33.5929398Z [smoke 21.0s] Mode and slice decision scenarios
2026-10-05T12:10:34.1201074Z [smoke 21.5s] gate check or handoff
2026-10-05T12:10:34.6600032Z [smoke 22.1s] gate check mode slice incomplete
2026-10-05T12:10:35.0239741Z [smoke 22.4s] delivery map chain
2026-10-05T12:10:35.5069793Z [smoke 22.9s] delivery map and backlog scenarios
2026-10-05T12:10:35.8291338Z [smoke 23.3s] invalid compact backlog
2026-10-05T12:10:36.0348876Z [smoke 23.5s] completed only backlog
2026-10-05T12:10:36.2892483Z [smoke 23.7s] gate check missing ur artifact
2026-10-05T12:10:36.6987431Z [smoke 24.1s] missing artefact and package compatibility scenarios
2026-10-05T12:10:38.2110518Z [smoke 25.6s] generated host surface scenarios
2026-10-05T12:10:38.3845863Z create-agdf smoke test passed
2026-10-05T12:10:38.4098126Z AGDF routing render test passed for plugin-only Copilot skills
2026-10-05T12:10:38.4173941Z [verify-ci] wrapper-smoke
2026-10-05T12:10:38.4737014Z 
2026-10-05T12:10:38.4737574Z > @agdf/cli@0.14.5 smoke-test
2026-10-05T12:10:38.4737825Z > node ./scripts/smoke-test.js
2026-10-05T12:10:38.4737928Z 
2026-10-05T12:10:40.7867403Z agdf CLI smoke test passed
2026-10-05T12:10:40.7952952Z [verify-ci] pages-install
2026-10-05T12:10:41.6431640Z npm warn deprecated tsconfck@3.1.6: unmaintained
2026-10-05T12:10:45.3890496Z 
2026-10-05T12:10:45.3891138Z added 431 packages, and audited 432 packages in 5s
2026-10-05T12:10:45.3891421Z 
2026-10-05T12:10:45.3891570Z 179 packages are looking for funding
2026-10-05T12:10:45.3892118Z   run `npm fund` for details
2026-10-05T12:10:45.4333849Z 
2026-10-05T12:10:45.4334628Z 19 vulnerabilities (2 low, 1 moderate, 15 high, 1 critical)
2026-10-05T12:10:45.4334914Z 
2026-10-05T12:10:45.4335134Z To address issues that do not require attention, run:
2026-10-05T12:10:45.4335445Z   npm audit fix
2026-10-05T12:10:45.4335562Z 
2026-10-05T12:10:45.4335760Z To address all issues (including breaking changes), run:
2026-10-05T12:10:45.4336069Z   npm audit fix --force
2026-10-05T12:10:45.4336203Z 
2026-10-05T12:10:45.4336312Z Run `npm audit` for details.
2026-10-05T12:10:45.4575878Z [verify-ci] pages
2026-10-05T12:10:45.5189635Z 
2026-10-05T12:10:45.5190198Z > agdf-web@0.14.5 check
2026-10-05T12:10:45.5190447Z > astro check
2026-10-05T12:10:45.5190764Z 
2026-10-05T12:10:46.5032404Z [2m12:10:46[22m [34m[content][39m Syncing content
2026-10-05T12:10:46.5051897Z [2m12:10:46[22m [34m[content][39m Synced content
2026-10-05T12:10:46.5057511Z [2m12:10:46[22m [34m[types][39m Generated [2m66ms[22m
2026-10-05T12:10:46.5094815Z [2m12:10:46[22m [34m[check][39m Getting diagnostics for Astro files in /home/runner/work/ai-native-governance-delivery-framework/ai-native-governance-delivery-framework/pages...
2026-10-05T12:10:48.0555631Z Result (12 files): 
2026-10-05T12:10:48.0555833Z - 0 errors
2026-10-05T12:10:48.0555958Z - 0 warnings
2026-10-05T12:10:48.0556071Z - 0 hints
2026-10-05T12:10:48.0556143Z 
2026-10-05T12:10:48.1469912Z 
2026-10-05T12:10:48.1470547Z > agdf-web@0.14.5 test:landing
2026-10-05T12:10:48.1471004Z > npm run build && node ./scripts/landing-page-test.mjs
2026-10-05T12:10:48.1471233Z 
2026-10-05T12:10:48.2158580Z 
2026-10-05T12:10:48.2159229Z > agdf-web@0.14.5 build
2026-10-05T12:10:48.2159535Z > astro build
2026-10-05T12:10:48.2159638Z 
2026-10-05T12:10:49.0247728Z [2m12:10:49[22m [34m[content][39m Syncing content
2026-10-05T12:10:49.0263759Z [2m12:10:49[22m [34m[content][39m Synced content
2026-10-05T12:10:49.0272683Z [2m12:10:49[22m [34m[types][39m Generated [2m21ms[22m
2026-10-05T12:10:49.0274826Z [2m12:10:49[22m [34m[build][39m output: [34m"static"[39m
2026-10-05T12:10:49.0275250Z [2m12:10:49[22m [34m[build][39m mode: [34m"static"[39m
2026-10-05T12:10:49.0276371Z [2m12:10:49[22m [34m[build][39m directory: [34m/home/runner/work/ai-native-governance-delivery-framework/ai-native-governance-delivery-framework/pages/dist/[39m
2026-10-05T12:10:49.0277101Z [2m12:10:49[22m [34m[build][39m Collecting build info...
2026-10-05T12:10:49.0278171Z [2m12:10:49[22m [34m[build][39m [32m✓ Completed in 48ms.[39m
2026-10-05T12:10:49.0286403Z [2m12:10:49[22m [34m[build][39m Building static entrypoints...
2026-10-05T12:10:49.8244263Z [2m12:10:49[22m [34m[vite][39m [32m✓ built in 775ms[39m
2026-10-05T12:10:49.8244883Z [2m12:10:49[22m [34m[build][39m [32m✓ Completed in 796ms.[39m
2026-10-05T12:10:49.8271064Z 
2026-10-05T12:10:49.8271588Z [42m[30m generating static routes [39m[49m
2026-10-05T12:10:49.8298715Z [2m12:10:49[22m [32m▶[39m src/pages/[document].astro
2026-10-05T12:10:49.8341076Z [2m12:10:49[22m   [34m├─[39m [2m/privacy/index.html[22m [2m(+4ms)[22m 
2026-10-05T12:10:49.8365070Z [2m12:10:49[22m   [34m├─[39m [2m/terms/index.html[22m [2m(+2ms)[22m 
2026-10-05T12:10:49.8374484Z [2m12:10:49[22m   [34m└─[39m [2m/support/index.html[22m [2m(+1ms)[22m 
2026-10-05T12:10:49.8398705Z [2m12:10:49[22m [32m▶[39m src/pages/index.astro
2026-10-05T12:10:49.8423841Z [2m12:10:49[22m   [34m└─[39m [2m/index.html[22m [2m(+2ms)[22m 
2026-10-05T12:10:49.8424186Z [2m12:10:49[22m [32m✓ Completed in 16ms.
2026-10-05T12:10:49.8424354Z [39m
2026-10-05T12:10:49.8440002Z [2m12:10:49[22m [34m[build][39m 4 page(s) built in [1m864ms[22m
2026-10-05T12:10:49.8442255Z [2m12:10:49[22m [34m[build][39m [1mComplete![22m
2026-10-05T12:10:49.8998212Z Landing-page visible word count: 1711 (editorial target 1500–1800; hard maximum 2200)
2026-10-05T12:10:49.9013178Z Landing-page local image payload: 1210792 bytes across 2 unique assets
2026-10-05T12:10:49.9069052Z Landing-page structure, copy, boundary, metadata, No-JS and payload tests passed
2026-10-05T12:10:49.9738324Z 
2026-10-05T12:10:49.9738854Z > agdf-web@0.14.5 test:public-documents
2026-10-05T12:10:49.9739211Z > npm run build && node ./scripts/public-documents-test.mjs
2026-10-05T12:10:49.9739369Z 
2026-10-05T12:10:50.0461675Z 
2026-10-05T12:10:50.0462155Z > agdf-web@0.14.5 build
2026-10-05T12:10:50.0462386Z > astro build
2026-10-05T12:10:50.0462469Z 
2026-10-05T12:10:50.6567002Z [2m12:10:50[22m [34m[content][39m Syncing content
2026-10-05T12:10:50.6585224Z [2m12:10:50[22m [34m[content][39m Synced content
2026-10-05T12:10:50.6593290Z [2m12:10:50[22m [34m[types][39m Generated [2m27ms[22m
2026-10-05T12:10:50.6595787Z [2m12:10:50[22m [34m[build][39m output: [34m"static"[39m
2026-10-05T12:10:50.6596201Z [2m12:10:50[22m [34m[build][39m mode: [34m"static"[39m
2026-10-05T12:10:50.6596878Z [2m12:10:50[22m [34m[build][39m directory: [34m/home/runner/work/ai-native-governance-delivery-framework/ai-native-governance-delivery-framework/pages/dist/[39m
2026-10-05T12:10:50.6597329Z [2m12:10:50[22m [34m[build][39m Collecting build info...
2026-10-05T12:10:50.6598932Z [2m12:10:50[22m [34m[build][39m [32m✓ Completed in 52ms.[39m
2026-10-05T12:10:50.6642245Z [2m12:10:50[22m [34m[build][39m Building static entrypoints...
2026-10-05T12:10:51.4139986Z [2m12:10:51[22m [34m[vite][39m [32m✓ built in 730ms[39m
2026-10-05T12:10:51.4140373Z [2m12:10:51[22m [34m[build][39m [32m✓ Completed in 750ms.[39m
2026-10-05T12:10:51.4166252Z 
2026-10-05T12:10:51.4166497Z [42m[30m generating static routes [39m[49m
2026-10-05T12:10:51.4192799Z [2m12:10:51[22m [32m▶[39m src/pages/[document].astro
2026-10-05T12:10:51.4235956Z [2m12:10:51[22m   [34m├─[39m [2m/privacy/index.html[22m [2m(+4ms)[22m 
2026-10-05T12:10:51.4245236Z [2m12:10:51[22m   [34m├─[39m [2m/terms/index.html[22m [2m(+1ms)[22m 
2026-10-05T12:10:51.4256782Z [2m12:10:51[22m   [34m└─[39m [2m/support/index.html[22m [2m(+1ms)[22m 
2026-10-05T12:10:51.4277871Z [2m12:10:51[22m [32m▶[39m src/pages/index.astro
2026-10-05T12:10:51.4299215Z [2m12:10:51[22m   [34m└─[39m [2m/index.html[22m [2m(+2ms)[22m 
2026-10-05T12:10:51.4299828Z [2m12:10:51[22m [32m✓ Completed in 14ms.
2026-10-05T12:10:51.4300088Z [39m
2026-10-05T12:10:51.4314721Z [2m12:10:51[22m [34m[build][39m 4 page(s) built in [1m824ms[22m
2026-10-05T12:10:51.4315169Z [2m12:10:51[22m [34m[build][39m [1mComplete![22m
2026-10-05T12:10:51.4770225Z Public document and route tests passed
2026-10-05T12:10:51.4965101Z Post job cleanup.
2026-10-05T12:10:51.5714101Z Cache hit occurred on the primary key node-cache-Linux-x64-npm-4a8c1dfe21846cde5c46d2e00bf82bda80106e5dab88c6ef4b098e180c48c961, not saving cache.
2026-10-05T12:10:51.5836850Z Post job cleanup.
2026-10-05T12:10:51.6371357Z [command]/usr/bin/git version
2026-10-05T12:10:51.6404584Z git version 2.55.0
2026-10-05T12:10:51.6436292Z Temporarily overriding HOME='/home/runner/work/_temp/d27009e6-c5e5-42d4-baf6-5205d3d09741' before making global git config changes
2026-10-05T12:10:51.6437105Z Adding repository directory to the temporary git global config as a safe directory
2026-10-05T12:10:51.6439105Z [command]/usr/bin/git config --global --add safe.directory /home/runner/work/ai-native-governance-delivery-framework/ai-native-governance-delivery-framework
2026-10-05T12:10:51.6468611Z Removing SSH command configuration
2026-10-05T12:10:51.6474035Z [command]/usr/bin/git config --local --name-only --get-regexp core\.sshCommand
2026-10-05T12:10:51.6504552Z [command]/usr/bin/git submodule foreach --recursive sh -c "git config --local --name-only --get-regexp 'core\.sshCommand' && git config --local --unset-all 'core.sshCommand' || :"
2026-10-05T12:10:51.6707615Z Removing HTTP extra header
2026-10-05T12:10:51.6713097Z [command]/usr/bin/git config --local --name-only --get-regexp http\.https\:\/\/github\.com\/\.extraheader
2026-10-05T12:10:51.6753211Z [command]/usr/bin/git submodule foreach --recursive sh -c "git config --local --name-only --get-regexp 'http\.https\:\/\/github\.com\/\.extraheader' && git config --local --unset-all 'http.https://github.com/.extraheader' || :"
2026-10-05T12:10:51.6962647Z Removing includeIf entries pointing to credentials config files
2026-10-05T12:10:51.6967931Z [command]/usr/bin/git config --local --name-only --get-regexp ^includeIf\.gitdir:
2026-10-05T12:10:51.6998172Z includeif.gitdir:/home/runner/work/ai-native-governance-delivery-framework/ai-native-governance-delivery-framework/.git.path
2026-10-05T12:10:51.6999429Z includeif.gitdir:/home/runner/work/ai-native-governance-delivery-framework/ai-native-governance-delivery-framework/.git/worktrees/*.path
2026-10-05T12:10:51.7000781Z includeif.gitdir:/github/workspace/.git.path
2026-10-05T12:10:51.7001482Z includeif.gitdir:/github/workspace/.git/worktrees/*.path
2026-10-05T12:10:51.7005655Z [command]/usr/bin/git config --local --get-all includeif.gitdir:/home/runner/work/ai-native-governance-delivery-framework/ai-native-governance-delivery-framework/.git.path
2026-10-05T12:10:51.7061077Z /home/runner/work/_temp/git-credentials-347c19a5-53c8-4e16-a557-5c98f40224dc.config
2026-10-05T12:10:51.7071461Z [command]/usr/bin/git config --local --unset includeif.gitdir:/home/runner/work/ai-native-governance-delivery-framework/ai-native-governance-delivery-framework/.git.path \/home\/runner\/work\/_temp\/git\-credentials\-347c19a5\-53c8\-4e16\-a557\-5c98f40224dc\.config
2026-10-05T12:10:51.7136088Z [command]/usr/bin/git config --local --get-all includeif.gitdir:/home/runner/work/ai-native-governance-delivery-framework/ai-native-governance-delivery-framework/.git/worktrees/*.path
2026-10-05T12:10:51.7159401Z /home/runner/work/_temp/git-credentials-347c19a5-53c8-4e16-a557-5c98f40224dc.config
2026-10-05T12:10:51.7167668Z [command]/usr/bin/git config --local --unset includeif.gitdir:/home/runner/work/ai-native-governance-delivery-framework/ai-native-governance-delivery-framework/.git/worktrees/*.path \/home\/runner\/work\/_temp\/git\-credentials\-347c19a5\-53c8\-4e16\-a557\-5c98f40224dc\.config
2026-10-05T12:10:51.7204944Z [command]/usr/bin/git config --local --get-all includeif.gitdir:/github/workspace/.git.path
2026-10-05T12:10:51.7227414Z /github/runner_temp/git-credentials-347c19a5-53c8-4e16-a557-5c98f40224dc.config
2026-10-05T12:10:51.7233646Z [command]/usr/bin/git config --local --unset includeif.gitdir:/github/workspace/.git.path \/github\/runner_temp\/git\-credentials\-347c19a5\-53c8\-4e16\-a557\-5c98f40224dc\.config
2026-10-05T12:10:51.7263984Z [command]/usr/bin/git config --local --get-all includeif.gitdir:/github/workspace/.git/worktrees/*.path
2026-10-05T12:10:51.7287368Z /github/runner_temp/git-credentials-347c19a5-53c8-4e16-a557-5c98f40224dc.config
2026-10-05T12:10:51.7291814Z [command]/usr/bin/git config --local --unset includeif.gitdir:/github/workspace/.git/worktrees/*.path \/github\/runner_temp\/git\-credentials\-347c19a5\-53c8\-4e16\-a557\-5c98f40224dc\.config
2026-10-05T12:10:51.7325274Z [command]/usr/bin/git submodule foreach --recursive git config --local --show-origin --name-only --get-regexp remote.origin.url
2026-10-05T12:10:51.7525303Z Removing credentials config '/home/runner/work/_temp/git-credentials-347c19a5-53c8-4e16-a557-5c98f40224dc.config'
2026-10-05T12:10:51.7678386Z Cleaning up orphan processes
