2026-10-05T12:17:49.0206973Z Current runner version: '2.337.0'
2026-10-05T12:17:49.0244669Z ##[group]Runner Image Provisioner
2026-10-05T12:17:49.0246126Z Hosted Compute Agent
2026-10-05T12:17:49.0247190Z Version: 20260901.588
2026-10-05T12:17:49.0248604Z Commit: f88ec8081b781fac6c440065ac7ff9e710ce3d0b
2026-10-05T12:17:49.0249880Z Build Date: 2026-09-01T19:56:44Z
2026-10-05T12:17:49.0250965Z Worker ID: {679eb4e1-7542-42b8-a7a9-b3a41a54af43}
2026-10-05T12:17:49.0252348Z Azure Region: eastus2
2026-10-05T12:17:49.0253412Z ##[endgroup]
2026-10-05T12:17:49.0256129Z ##[group]Operating System
2026-10-05T12:17:49.0257204Z Ubuntu
2026-10-05T12:17:49.0258511Z 24.04.5
2026-10-05T12:17:49.0259441Z LTS
2026-10-05T12:17:49.0260355Z ##[endgroup]
2026-10-05T12:17:49.0261561Z ##[group]Runner Image
2026-10-05T12:17:49.0262649Z Image: ubuntu-24.04
2026-10-05T12:17:49.0264282Z Version: 20260927.320.1
2026-10-05T12:17:49.0266416Z Included Software: https://github.com/actions/runner-images/blob/ubuntu24/20260927.320/images/ubuntu/Ubuntu2404-Readme.md
2026-10-05T12:17:49.0269733Z Image Release: https://github.com/actions/runner-images/releases/tag/ubuntu24%2F20260927.320
2026-10-05T12:17:49.0271579Z ##[endgroup]
2026-10-05T12:17:49.0273597Z ##[group]GITHUB_TOKEN Permissions
2026-10-05T12:17:49.0276659Z Contents: read
2026-10-05T12:17:49.0277671Z Metadata: read
2026-10-05T12:17:49.0278863Z ##[endgroup]
2026-10-05T12:17:49.0282072Z Secret source: Actions
2026-10-05T12:17:49.0283824Z Cache mode: write
2026-10-05T12:17:49.0285440Z Prepare workflow directory
2026-10-05T12:17:49.0880541Z Prepare all required actions
2026-10-05T12:17:49.0955433Z Getting action download info
2026-10-05T12:17:49.3051116Z Download action repository 'actions/checkout@3d3c42e5aac5ba805825da76410c181273ba90b1' (SHA:3d3c42e5aac5ba805825da76410c181273ba90b1)
2026-10-05T12:17:49.4203366Z Download action repository 'actions/setup-node@820762786026740c76f36085b0efc47a31fe5020' (SHA:820762786026740c76f36085b0efc47a31fe5020)
2026-10-05T12:17:49.6063204Z Complete job name: verify (ubuntu-latest)
2026-10-05T12:17:49.6947246Z ##[group]Run actions/checkout@3d3c42e5aac5ba805825da76410c181273ba90b1
2026-10-05T12:17:49.6948659Z with:
2026-10-05T12:17:49.6949106Z   fetch-depth: 0
2026-10-05T12:17:49.6949717Z   repository: ArndtGold/ai-native-governance-delivery-framework
2026-10-05T12:17:49.6953600Z   token: ***
2026-10-05T12:17:49.6954040Z   ssh-strict: true
2026-10-05T12:17:49.6954480Z   ssh-user: git
2026-10-05T12:17:49.6954930Z   persist-credentials: true
2026-10-05T12:17:49.6955414Z   clean: true
2026-10-05T12:17:49.6955865Z   sparse-checkout-cone-mode: true
2026-10-05T12:17:49.6956391Z   fetch-tags: false
2026-10-05T12:17:49.6956834Z   show-progress: true
2026-10-05T12:17:49.6957289Z   lfs: false
2026-10-05T12:17:49.6957699Z   submodules: false
2026-10-05T12:17:49.6958308Z   set-safe-directory: true
2026-10-05T12:17:49.6958823Z   allow-unsafe-pr-checkout: false
2026-10-05T12:17:49.6959608Z ##[endgroup]
2026-10-05T12:17:49.7962175Z Syncing repository: ArndtGold/ai-native-governance-delivery-framework
2026-10-05T12:17:49.7965439Z ##[group]Getting Git version info
2026-10-05T12:17:49.7967349Z Working directory is '/home/runner/work/ai-native-governance-delivery-framework/ai-native-governance-delivery-framework'
2026-10-05T12:17:49.7969971Z [command]/usr/bin/git version
2026-10-05T12:17:49.8072186Z git version 2.55.0
2026-10-05T12:17:49.8130165Z ##[endgroup]
2026-10-05T12:17:49.8142149Z Temporarily overriding HOME='/home/runner/work/_temp/08b29e3a-e810-4fe5-85f5-7ba291c88b60' before making global git config changes
2026-10-05T12:17:49.8144669Z Adding repository directory to the temporary git global config as a safe directory
2026-10-05T12:17:49.8149976Z [command]/usr/bin/git config --global --add safe.directory /home/runner/work/ai-native-governance-delivery-framework/ai-native-governance-delivery-framework
2026-10-05T12:17:49.8212413Z Deleting the contents of '/home/runner/work/ai-native-governance-delivery-framework/ai-native-governance-delivery-framework'
2026-10-05T12:17:49.8218133Z ##[group]Determining repository object format
2026-10-05T12:17:49.8220296Z ##[endgroup]
2026-10-05T12:17:49.8221544Z ##[group]Initializing the repository
2026-10-05T12:17:49.8225195Z [command]/usr/bin/git init /home/runner/work/ai-native-governance-delivery-framework/ai-native-governance-delivery-framework
2026-10-05T12:17:49.8381580Z hint: Using 'master' as the name for the initial branch. This default branch name
2026-10-05T12:17:49.8383887Z hint: will change to "main" in Git 3.0. To configure the initial branch name
2026-10-05T12:17:49.8386289Z hint: to use in all of your new repositories, which will suppress this warning,
2026-10-05T12:17:49.8398105Z hint: call:
2026-10-05T12:17:49.8405912Z hint:
2026-10-05T12:17:49.8406858Z hint: 	git config --global init.defaultBranch <name>
2026-10-05T12:17:49.8408193Z hint:
2026-10-05T12:17:49.8409257Z hint: Names commonly chosen instead of 'master' are 'main', 'trunk' and
2026-10-05T12:17:49.8410876Z hint: 'development'. The just-created branch can be renamed via this command:
2026-10-05T12:17:49.8412222Z hint:
2026-10-05T12:17:49.8412956Z hint: 	git branch -m <name>
2026-10-05T12:17:49.8413787Z hint:
2026-10-05T12:17:49.8417438Z hint: Disable this message with "git config set advice.defaultBranchName false"
2026-10-05T12:17:49.8420113Z Initialized empty Git repository in /home/runner/work/ai-native-governance-delivery-framework/ai-native-governance-delivery-framework/.git/
2026-10-05T12:17:49.8424137Z [command]/usr/bin/git remote add origin https://github.com/ArndtGold/ai-native-governance-delivery-framework
2026-10-05T12:17:49.8455642Z ##[endgroup]
2026-10-05T12:17:49.8456964Z ##[group]Disabling automatic garbage collection
2026-10-05T12:17:49.8460928Z [command]/usr/bin/git config --local gc.auto 0
2026-10-05T12:17:49.8498382Z ##[endgroup]
2026-10-05T12:17:49.8500797Z ##[group]Setting up auth
2026-10-05T12:17:49.8502035Z Removing SSH command configuration
2026-10-05T12:17:49.8506836Z [command]/usr/bin/git config --local --name-only --get-regexp core\.sshCommand
2026-10-05T12:17:49.8546543Z [command]/usr/bin/git submodule foreach --recursive sh -c "git config --local --name-only --get-regexp 'core\.sshCommand' && git config --local --unset-all 'core.sshCommand' || :"
2026-10-05T12:17:49.8972779Z Removing HTTP extra header
2026-10-05T12:17:49.8978427Z [command]/usr/bin/git config --local --name-only --get-regexp http\.https\:\/\/github\.com\/\.extraheader
2026-10-05T12:17:49.9015009Z [command]/usr/bin/git submodule foreach --recursive sh -c "git config --local --name-only --get-regexp 'http\.https\:\/\/github\.com\/\.extraheader' && git config --local --unset-all 'http.https://github.com/.extraheader' || :"
2026-10-05T12:17:49.9235396Z Removing includeIf entries pointing to credentials config files
2026-10-05T12:17:49.9241091Z [command]/usr/bin/git config --local --name-only --get-regexp ^includeIf\.gitdir:
2026-10-05T12:17:49.9276858Z [command]/usr/bin/git submodule foreach --recursive git config --local --show-origin --name-only --get-regexp remote.origin.url
2026-10-05T12:17:49.9513219Z [command]/usr/bin/git config --file /home/runner/work/_temp/git-credentials-4c3683a2-fa0a-4b86-878b-4f9426b6dc31.config http.https://github.com/.extraheader AUTHORIZATION: basic ***
2026-10-05T12:17:49.9554264Z [command]/usr/bin/git config --local includeIf.gitdir:/home/runner/work/ai-native-governance-delivery-framework/ai-native-governance-delivery-framework/.git.path /home/runner/work/_temp/git-credentials-4c3683a2-fa0a-4b86-878b-4f9426b6dc31.config
2026-10-05T12:17:49.9588857Z [command]/usr/bin/git config --local includeIf.gitdir:/home/runner/work/ai-native-governance-delivery-framework/ai-native-governance-delivery-framework/.git/worktrees/*.path /home/runner/work/_temp/git-credentials-4c3683a2-fa0a-4b86-878b-4f9426b6dc31.config
2026-10-05T12:17:49.9628701Z [command]/usr/bin/git config --local includeIf.gitdir:/github/workspace/.git.path /github/runner_temp/git-credentials-4c3683a2-fa0a-4b86-878b-4f9426b6dc31.config
2026-10-05T12:17:49.9664706Z [command]/usr/bin/git config --local includeIf.gitdir:/github/workspace/.git/worktrees/*.path /github/runner_temp/git-credentials-4c3683a2-fa0a-4b86-878b-4f9426b6dc31.config
2026-10-05T12:17:49.9697586Z ##[endgroup]
2026-10-05T12:17:49.9699356Z ##[group]Fetching the repository
2026-10-05T12:17:49.9710242Z [command]/usr/bin/git -c protocol.version=2 fetch --no-tags --prune --no-recurse-submodules origin +refs/heads/*:refs/remotes/origin/* +refs/tags/*:refs/tags/*
2026-10-05T12:17:52.0234247Z From https://github.com/ArndtGold/ai-native-governance-delivery-framework
2026-10-05T12:17:52.0236055Z  * [new branch]      codex/host-compatibility-evidence -> origin/codex/host-compatibility-evidence
2026-10-05T12:17:52.0237734Z  * [new branch]      codex/qualify-late-source-revision-20261005 -> origin/codex/qualify-late-source-revision-20261005
2026-10-05T12:17:52.0240474Z  * [new branch]      feat/add-local-approval-command-with-atomic-replay-receipts -> origin/feat/add-local-approval-command-with-atomic-replay-receipts
2026-10-05T12:17:52.0242314Z  * [new branch]      feat/mcp-inspect-slice-1 -> origin/feat/mcp-inspect-slice-1
2026-10-05T12:17:52.0243633Z  * [new branch]      fix/windows-line-endings-and-npm -> origin/fix/windows-line-endings-and-npm
2026-10-05T12:17:52.0244757Z  * [new branch]      main                    -> origin/main
2026-10-05T12:17:52.0246835Z  * [new branch]      refactor/delivery-continuation-ownership -> origin/refactor/delivery-continuation-ownership
2026-10-05T12:17:52.0248841Z  * [new branch]      refactor/prd-definition-separation -> origin/refactor/prd-definition-separation
2026-10-05T12:17:52.0250195Z  * [new branch]      refactor/ur-definition-separation -> origin/refactor/ur-definition-separation
2026-10-05T12:17:52.0251386Z  * [new branch]      task-target-auto-recovery -> origin/task-target-auto-recovery
2026-10-05T12:17:52.0252314Z  * [new tag]         agdf-cli-v0.3.2         -> agdf-cli-v0.3.2
2026-10-05T12:17:52.0253150Z  * [new tag]         agdf-runtime-cli-v0.3.1 -> agdf-runtime-cli-v0.3.1
2026-10-05T12:17:52.0254369Z  * [new tag]         agdf-v0.10.0            -> agdf-v0.10.0
2026-10-05T12:17:52.0255472Z  * [new tag]         agdf-v0.10.1            -> agdf-v0.10.1
2026-10-05T12:17:52.0256333Z  * [new tag]         agdf-v0.10.2            -> agdf-v0.10.2
2026-10-05T12:17:52.0257077Z  * [new tag]         agdf-v0.10.3            -> agdf-v0.10.3
2026-10-05T12:17:52.0257810Z  * [new tag]         agdf-v0.11.0            -> agdf-v0.11.0
2026-10-05T12:17:52.0258783Z  * [new tag]         agdf-v0.11.1            -> agdf-v0.11.1
2026-10-05T12:17:52.0259542Z  * [new tag]         agdf-v0.11.2            -> agdf-v0.11.2
2026-10-05T12:17:52.0260277Z  * [new tag]         agdf-v0.11.3            -> agdf-v0.11.3
2026-10-05T12:17:52.0261003Z  * [new tag]         agdf-v0.11.4            -> agdf-v0.11.4
2026-10-05T12:17:52.0261731Z  * [new tag]         agdf-v0.12.0            -> agdf-v0.12.0
2026-10-05T12:17:52.0262465Z  * [new tag]         agdf-v0.13.0            -> agdf-v0.13.0
2026-10-05T12:17:52.0263213Z  * [new tag]         agdf-v0.13.1            -> agdf-v0.13.1
2026-10-05T12:17:52.0263967Z  * [new tag]         agdf-v0.13.2            -> agdf-v0.13.2
2026-10-05T12:17:52.0264699Z  * [new tag]         agdf-v0.13.3            -> agdf-v0.13.3
2026-10-05T12:17:52.0265431Z  * [new tag]         agdf-v0.13.4            -> agdf-v0.13.4
2026-10-05T12:17:52.0266163Z  * [new tag]         agdf-v0.13.5            -> agdf-v0.13.5
2026-10-05T12:17:52.0266981Z  * [new tag]         agdf-v0.13.6            -> agdf-v0.13.6
2026-10-05T12:17:52.0268199Z  * [new tag]         agdf-v0.13.7            -> agdf-v0.13.7
2026-10-05T12:17:52.0269039Z  * [new tag]         agdf-v0.13.8            -> agdf-v0.13.8
2026-10-05T12:17:52.0269791Z  * [new tag]         agdf-v0.14.0            -> agdf-v0.14.0
2026-10-05T12:17:52.0270522Z  * [new tag]         agdf-v0.14.1            -> agdf-v0.14.1
2026-10-05T12:17:52.0271267Z  * [new tag]         agdf-v0.14.2            -> agdf-v0.14.2
2026-10-05T12:17:52.0272000Z  * [new tag]         agdf-v0.14.3            -> agdf-v0.14.3
2026-10-05T12:17:52.0272741Z  * [new tag]         agdf-v0.14.4            -> agdf-v0.14.4
2026-10-05T12:17:52.0273687Z  * [new tag]         agdf-v0.14.5            -> agdf-v0.14.5
2026-10-05T12:17:52.0274414Z  * [new tag]         agdf-v0.3.0             -> agdf-v0.3.0
2026-10-05T12:17:52.0275135Z  * [new tag]         agdf-v0.3.3             -> agdf-v0.3.3
2026-10-05T12:17:52.0275858Z  * [new tag]         agdf-v0.3.4             -> agdf-v0.3.4
2026-10-05T12:17:52.0276576Z  * [new tag]         agdf-v0.3.5             -> agdf-v0.3.5
2026-10-05T12:17:52.0277285Z  * [new tag]         agdf-v0.4.0             -> agdf-v0.4.0
2026-10-05T12:17:52.0278171Z  * [new tag]         agdf-v0.4.1             -> agdf-v0.4.1
2026-10-05T12:17:52.0279111Z  * [new tag]         agdf-v0.4.2             -> agdf-v0.4.2
2026-10-05T12:17:52.0279837Z  * [new tag]         agdf-v0.4.3             -> agdf-v0.4.3
2026-10-05T12:17:52.0280548Z  * [new tag]         agdf-v0.4.4             -> agdf-v0.4.4
2026-10-05T12:17:52.0281270Z  * [new tag]         agdf-v0.4.5             -> agdf-v0.4.5
2026-10-05T12:17:52.0281988Z  * [new tag]         agdf-v0.4.6             -> agdf-v0.4.6
2026-10-05T12:17:52.0282697Z  * [new tag]         agdf-v0.4.7             -> agdf-v0.4.7
2026-10-05T12:17:52.0283415Z  * [new tag]         agdf-v0.4.8             -> agdf-v0.4.8
2026-10-05T12:17:52.0284124Z  * [new tag]         agdf-v0.4.9             -> agdf-v0.4.9
2026-10-05T12:17:52.0284839Z  * [new tag]         agdf-v0.5.0             -> agdf-v0.5.0
2026-10-05T12:17:52.0285552Z  * [new tag]         agdf-v0.6.0             -> agdf-v0.6.0
2026-10-05T12:17:52.0286260Z  * [new tag]         agdf-v0.6.1             -> agdf-v0.6.1
2026-10-05T12:17:52.0286971Z  * [new tag]         agdf-v0.6.2             -> agdf-v0.6.2
2026-10-05T12:17:52.0287687Z  * [new tag]         agdf-v0.6.4             -> agdf-v0.6.4
2026-10-05T12:17:52.0288802Z  * [new tag]         agdf-v0.6.5             -> agdf-v0.6.5
2026-10-05T12:17:52.0290083Z  * [new tag]         agdf-v0.6.6             -> agdf-v0.6.6
2026-10-05T12:17:52.0291437Z  * [new tag]         agdf-v0.6.7             -> agdf-v0.6.7
2026-10-05T12:17:52.0292218Z  * [new tag]         agdf-v0.6.8             -> agdf-v0.6.8
2026-10-05T12:17:52.0292944Z  * [new tag]         agdf-v0.6.9             -> agdf-v0.6.9
2026-10-05T12:17:52.0294025Z  * [new tag]         agdf-v0.7.0             -> agdf-v0.7.0
2026-10-05T12:17:52.0294802Z  * [new tag]         agdf-v0.7.1             -> agdf-v0.7.1
2026-10-05T12:17:52.0295575Z  * [new tag]         agdf-v0.7.2             -> agdf-v0.7.2
2026-10-05T12:17:52.0296321Z  * [new tag]         agdf-v0.7.3             -> agdf-v0.7.3
2026-10-05T12:17:52.0297044Z  * [new tag]         agdf-v0.8.0             -> agdf-v0.8.0
2026-10-05T12:17:52.0298292Z  * [new tag]         agdf-v0.8.1             -> agdf-v0.8.1
2026-10-05T12:17:52.0299702Z  * [new tag]         agdf-v0.8.2             -> agdf-v0.8.2
2026-10-05T12:17:52.0301147Z  * [new tag]         agdf-v0.8.3             -> agdf-v0.8.3
2026-10-05T12:17:52.0302512Z  * [new tag]         agdf-v0.8.4             -> agdf-v0.8.4
2026-10-05T12:17:52.0303813Z  * [new tag]         agdf-v0.8.5             -> agdf-v0.8.5
2026-10-05T12:17:52.0305085Z  * [new tag]         agdf-v0.8.6             -> agdf-v0.8.6
2026-10-05T12:17:52.0306346Z  * [new tag]         agdf-v0.8.7             -> agdf-v0.8.7
2026-10-05T12:17:52.0307598Z  * [new tag]         agdf-v0.8.8             -> agdf-v0.8.8
2026-10-05T12:17:52.0309181Z  * [new tag]         agdf-v0.8.9             -> agdf-v0.8.9
2026-10-05T12:17:52.0310849Z  * [new tag]         agdf-v0.9.0             -> agdf-v0.9.0
2026-10-05T12:17:52.0311645Z  * [new tag]         agdf-v0.9.1             -> agdf-v0.9.1
2026-10-05T12:17:52.0312369Z  * [new tag]         agdf-v0.9.2             -> agdf-v0.9.2
2026-10-05T12:17:52.0313146Z  * [new tag]         agdf-v0.9.3             -> agdf-v0.9.3
2026-10-05T12:17:52.0313881Z  * [new tag]         agdf-v0.9.4             -> agdf-v0.9.4
2026-10-05T12:17:52.0314596Z  * [new tag]         agdf-v0.9.5             -> agdf-v0.9.5
2026-10-05T12:17:52.0315393Z  * [new tag]         agdf-v0.9.6             -> agdf-v0.9.6
2026-10-05T12:17:52.0316315Z  * [new tag]         agdf-v0.9.7             -> agdf-v0.9.7
2026-10-05T12:17:52.0317028Z  * [new tag]         agdf-v0.9.8             -> agdf-v0.9.8
2026-10-05T12:17:52.0317740Z  * [new tag]         agdf-v0.9.9             -> agdf-v0.9.9
2026-10-05T12:17:52.0318859Z  * [new tag]         create-agdf-v0.1.0      -> create-agdf-v0.1.0
2026-10-05T12:17:52.0319786Z  * [new tag]         create-agdf-v0.1.1      -> create-agdf-v0.1.1
2026-10-05T12:17:52.0321352Z  * [new tag]         create-agdf-v0.1.2      -> create-agdf-v0.1.2
2026-10-05T12:17:52.0322621Z  * [new tag]         create-agdf-v0.1.3      -> create-agdf-v0.1.3
2026-10-05T12:17:52.0323472Z  * [new tag]         create-agdf-v0.1.4      -> create-agdf-v0.1.4
2026-10-05T12:17:52.0324289Z  * [new tag]         create-agdf-v0.1.5      -> create-agdf-v0.1.5
2026-10-05T12:17:52.0325089Z  * [new tag]         create-agdf-v0.1.6      -> create-agdf-v0.1.6
2026-10-05T12:17:52.0325914Z  * [new tag]         create-agdf-v0.1.7      -> create-agdf-v0.1.7
2026-10-05T12:17:52.0326726Z  * [new tag]         create-agdf-v0.1.8      -> create-agdf-v0.1.8
2026-10-05T12:17:52.0327521Z  * [new tag]         create-agdf-v0.1.9      -> create-agdf-v0.1.9
2026-10-05T12:17:52.0328611Z  * [new tag]         create-agdf-v0.2.0      -> create-agdf-v0.2.0
2026-10-05T12:17:52.0329430Z  * [new tag]         create-agdf-v0.2.1      -> create-agdf-v0.2.1
2026-10-05T12:17:52.0331077Z  * [new tag]         create-agdf-v0.2.2      -> create-agdf-v0.2.2
2026-10-05T12:17:52.0332834Z  * [new tag]         create-agdf-v0.2.3      -> create-agdf-v0.2.3
2026-10-05T12:17:52.0334556Z  * [new tag]         create-agdf-v0.2.4      -> create-agdf-v0.2.4
2026-10-05T12:17:52.0336156Z  * [new tag]         create-agdf-v0.2.5      -> create-agdf-v0.2.5
2026-10-05T12:17:52.0337842Z  * [new tag]         create-agdf-v0.2.6      -> create-agdf-v0.2.6
2026-10-05T12:17:52.0339973Z  * [new tag]         create-agdf-v0.2.7      -> create-agdf-v0.2.7
2026-10-05T12:17:52.0341628Z  * [new tag]         create-agdf-v0.2.8      -> create-agdf-v0.2.8
2026-10-05T12:17:52.0343360Z  * [new tag]         create-agdf-v0.2.9      -> create-agdf-v0.2.9
2026-10-05T12:17:52.0344982Z  * [new tag]         create-agdf-v0.3.0      -> create-agdf-v0.3.0
2026-10-05T12:17:52.0346487Z  * [new tag]         create-agdf-v0.3.1      -> create-agdf-v0.3.1
2026-10-05T12:17:52.0347925Z  * [new tag]         create-agdf-v0.3.2      -> create-agdf-v0.3.2
2026-10-05T12:17:52.0351462Z [command]/usr/bin/git branch --list --remote origin/codex/qualify-late-source-revision-20261005
2026-10-05T12:17:52.0353705Z   origin/codex/qualify-late-source-revision-20261005
2026-10-05T12:17:52.0355577Z [command]/usr/bin/git rev-parse refs/remotes/origin/codex/qualify-late-source-revision-20261005
2026-10-05T12:17:52.0356552Z d3683dfb21435a68c987b10d851fc9c72a606ca8
2026-10-05T12:17:52.0358307Z ##[endgroup]
2026-10-05T12:17:52.0359148Z ##[group]Determining the checkout info
2026-10-05T12:17:52.0360034Z ##[endgroup]
2026-10-05T12:17:52.0360557Z [command]/usr/bin/git sparse-checkout disable
2026-10-05T12:17:52.0409548Z [command]/usr/bin/git config --local --unset-all extensions.worktreeConfig
2026-10-05T12:17:52.0446854Z ##[group]Checking out the ref
2026-10-05T12:17:52.0454730Z [command]/usr/bin/git checkout --progress --force -B codex/qualify-late-source-revision-20261005 refs/remotes/origin/codex/qualify-late-source-revision-20261005
2026-10-05T12:17:52.4864393Z Switched to a new branch 'codex/qualify-late-source-revision-20261005'
2026-10-05T12:17:52.4869872Z branch 'codex/qualify-late-source-revision-20261005' set up to track 'origin/codex/qualify-late-source-revision-20261005'.
2026-10-05T12:17:52.4953303Z ##[endgroup]
2026-10-05T12:17:52.4957189Z [command]/usr/bin/git log -1 --format=%H
2026-10-05T12:17:52.4990042Z d3683dfb21435a68c987b10d851fc9c72a606ca8
2026-10-05T12:17:52.5361604Z ##[group]Run actions/setup-node@820762786026740c76f36085b0efc47a31fe5020
2026-10-05T12:17:52.5362722Z with:
2026-10-05T12:17:52.5363814Z   node-version: 22
2026-10-05T12:17:52.5364667Z   cache: npm
2026-10-05T12:17:52.5365677Z   cache-dependency-path: package-lock.json
pages/package-lock.json

2026-10-05T12:17:52.5366783Z   check-latest: false
2026-10-05T12:17:52.5370639Z   token: ***
2026-10-05T12:17:52.5371529Z   package-manager-cache: true
2026-10-05T12:17:52.5372442Z ##[endgroup]
2026-10-05T12:17:52.6685066Z Found in cache @ /opt/hostedtoolcache/node/22.23.3/x64
2026-10-05T12:17:52.6699406Z ##[group]Environment details
2026-10-05T12:17:53.1265638Z node: v22.23.3
2026-10-05T12:17:53.1266488Z npm: 10.9.9
2026-10-05T12:17:53.1266843Z yarn: 1.22.22
2026-10-05T12:17:53.1269481Z ##[endgroup]
2026-10-05T12:17:53.1290803Z [command]/opt/hostedtoolcache/node/22.23.3/x64/bin/npm config get cache
2026-10-05T12:17:53.2532278Z /home/runner/.npm
2026-10-05T12:17:53.3621559Z Cache hit for: node-cache-Linux-x64-npm-4a8c1dfe21846cde5c46d2e00bf82bda80106e5dab88c6ef4b098e180c48c961
2026-10-05T12:17:53.6297534Z Received 5799442 of 5799442 (100.0%), 29.0 MBs/sec
2026-10-05T12:17:53.6298760Z Cache Size: ~6 MB (5799442 B)
2026-10-05T12:17:53.6328301Z [command]/usr/bin/tar -xf /home/runner/work/_temp/92c73820-a92b-42c1-a4e8-33a85fcc91a4/cache.tzst -P -C /home/runner/work/ai-native-governance-delivery-framework/ai-native-governance-delivery-framework --use-compress-program unzstd
2026-10-05T12:17:53.6526711Z Cache restored successfully
2026-10-05T12:17:53.6535255Z Cache restored from key: node-cache-Linux-x64-npm-4a8c1dfe21846cde5c46d2e00bf82bda80106e5dab88c6ef4b098e180c48c961
2026-10-05T12:17:53.6694476Z ##[group]Run node scripts/verify-ci.mjs --lane repository
2026-10-05T12:17:53.6695071Z [36;1mnode scripts/verify-ci.mjs --lane repository[0m
2026-10-05T12:17:53.7008999Z shell: /usr/bin/bash --noprofile --norc -e -o pipefail {0}
2026-10-05T12:17:53.7009473Z ##[endgroup]
2026-10-05T12:17:53.7456757Z [verify-ci] dependencies
2026-10-05T12:17:54.8125300Z 
2026-10-05T12:17:54.8126119Z added 9 packages, and audited 12 packages in 1s
2026-10-05T12:17:54.8126547Z 
2026-10-05T12:17:54.8126765Z 3 packages are looking for funding
2026-10-05T12:17:54.8127174Z   run `npm fund` for details
2026-10-05T12:17:54.8133515Z 
2026-10-05T12:17:54.8133817Z found 0 vulnerabilities
2026-10-05T12:17:54.8532883Z [verify-ci] maintenance
2026-10-05T12:17:54.9500098Z 
2026-10-05T12:17:54.9500824Z > test:maintenance-contracts
2026-10-05T12:17:54.9503343Z > npm run test:verification && node scripts/node-support-test.mjs && node packages/cli/scripts/interaction-catalog-test.js && node packages/cli/scripts/payload-budget-test.js && node packages/cli/scripts/release-workflow-contract-test.js && node scripts/native-probes/release-evidence-test.mjs && node --test scripts/native-probes/codex-activation-matrix-test.mjs
2026-10-05T12:17:54.9505234Z 
2026-10-05T12:17:55.0531997Z 
2026-10-05T12:17:55.0532675Z > test:verification
2026-10-05T12:17:55.0533398Z > node --test scripts/verification-test.mjs
2026-10-05T12:17:55.0533846Z 
2026-10-05T12:17:55.0986543Z TAP version 13
2026-10-05T12:17:55.1392538Z # [verify-ci] prepare
2026-10-05T12:17:55.4163101Z # [verify-commit] Isolated Git index; Node 22.23.3, linux.
2026-10-05T12:17:55.5159281Z # Subtest: full plan preserves dependency ordering and mandatory package consumers in both lanes
2026-10-05T12:17:55.5169276Z ok 1 - full plan preserves dependency ordering and mandatory package consumers in both lanes
2026-10-05T12:17:55.5170699Z   ---
2026-10-05T12:17:55.5171130Z   duration_ms: 1.571517
2026-10-05T12:17:55.5171559Z   type: 'test'
2026-10-05T12:17:55.5171920Z   ...
2026-10-05T12:17:55.5176175Z # Subtest: a failed command stops before later commands and stages
2026-10-05T12:17:55.5179847Z ok 2 - a failed command stops before later commands and stages
2026-10-05T12:17:55.5180535Z   ---
2026-10-05T12:17:55.5180926Z   duration_ms: 1.48228
2026-10-05T12:17:55.5197390Z   type: 'test'
2026-10-05T12:17:55.5197757Z   ...
2026-10-05T12:17:55.5198840Z # Subtest: the real CLI executes under temporary path aliases and rejects an invalid stage
2026-10-05T12:17:55.5200498Z ok 3 - the real CLI executes under temporary path aliases and rejects an invalid stage
2026-10-05T12:17:55.5201319Z   ---
2026-10-05T12:17:55.5201677Z   duration_ms: 41.327514
2026-10-05T12:17:55.5201947Z   type: 'test'
2026-10-05T12:17:55.5202224Z   ...
2026-10-05T12:17:55.5202815Z # Subtest: snapshot uses staged blobs, excludes unstaged/untracked fixes and preserves source index
2026-10-05T12:17:55.5203851Z ok 4 - snapshot uses staged blobs, excludes unstaged/untracked fixes and preserves source index
2026-10-05T12:17:55.5204792Z   ---
2026-10-05T12:17:55.5205207Z   duration_ms: 331.946924
2026-10-05T12:17:55.5205685Z   type: 'test'
2026-10-05T12:17:55.5206084Z   ...
2026-10-05T12:17:55.5297390Z 1..4
2026-10-05T12:17:55.5297894Z # tests 4
2026-10-05T12:17:55.5299503Z # suites 0
2026-10-05T12:17:55.5299907Z # pass 4
2026-10-05T12:17:55.5300335Z # fail 0
2026-10-05T12:17:55.5300912Z # cancelled 0
2026-10-05T12:17:55.5301719Z # skipped 0
2026-10-05T12:17:55.5302295Z # todo 0
2026-10-05T12:17:55.5303092Z # duration_ms 444.02679
2026-10-05T12:17:55.8362661Z Node support: package minimum, CI matrix, pinned Actions and legacy-runtime rejection passed.
2026-10-05T12:17:55.9952812Z Interaction catalog: complete locales, recovery rendering, negative and immutable-state checks passed.
2026-10-05T12:17:56.0349741Z Payload budget review/report tests passed.
2026-10-05T12:17:56.1369575Z Coupled release workflow contract passed.
2026-10-05T12:17:56.4989698Z Evidence publication tests passed (create, update, path rejection, stale source; isolated Git remote and mocked GitHub).
2026-10-05T12:17:56.6016920Z Release gate: native matrix, publish dependency, credential/artifact boundaries and negative evidence tests passed.
2026-10-05T12:17:56.6499572Z TAP version 13
2026-10-05T12:17:56.7109738Z # Subtest: adaptive mode starts with ten cases and repeats only selected or deviant first runs
2026-10-05T12:17:56.7114321Z ok 1 - adaptive mode starts with ten cases and repeats only selected or deviant first runs
2026-10-05T12:17:56.7115192Z   ---
2026-10-05T12:17:56.7129081Z   duration_ms: 1.802117
2026-10-05T12:17:56.7129590Z   type: 'test'
2026-10-05T12:17:56.7129970Z   ...
2026-10-05T12:17:56.7130848Z # Subtest: the actual scheduler completes all first runs before conditional repeats
2026-10-05T12:17:56.7132149Z ok 2 - the actual scheduler completes all first runs before conditional repeats
2026-10-05T12:17:56.7133093Z   ---
2026-10-05T12:17:56.7133496Z   duration_ms: 9.473814
2026-10-05T12:17:56.7133941Z   type: 'test'
2026-10-05T12:17:56.7134342Z   ...
2026-10-05T12:17:56.7135095Z # Subtest: fixed mode and boundary IDs are validated before host setup
2026-10-05T12:17:56.7136278Z ok 3 - fixed mode and boundary IDs are validated before host setup
2026-10-05T12:17:56.7136962Z   ---
2026-10-05T12:17:56.7137368Z   duration_ms: 0.730621
2026-10-05T12:17:56.7137774Z   type: 'test'
2026-10-05T12:17:56.7138384Z   ...
2026-10-05T12:17:56.7139220Z # Subtest: expected target_unresolved remains a separate target-binding observation
2026-10-05T12:17:56.7140485Z ok 4 - expected target_unresolved remains a separate target-binding observation
2026-10-05T12:17:56.7141286Z   ---
2026-10-05T12:17:56.7141665Z   duration_ms: 0.245237
2026-10-05T12:17:56.7142110Z   type: 'test'
2026-10-05T12:17:56.7142499Z   ...
2026-10-05T12:17:56.7143371Z # Subtest: JSONL parsing separates cached input and counts completed search calls once
2026-10-05T12:17:56.7155030Z ok 5 - JSONL parsing separates cached input and counts completed search calls once
2026-10-05T12:17:56.7158933Z   ---
2026-10-05T12:17:56.7159372Z   duration_ms: 1.521694
2026-10-05T12:17:56.7159838Z   type: 'test'
2026-10-05T12:17:56.7160219Z   ...
2026-10-05T12:17:56.7160913Z # Subtest: unavailable usage or search telemetry remains unknown
2026-10-05T12:17:56.7161998Z ok 6 - unavailable usage or search telemetry remains unknown
2026-10-05T12:17:56.7162606Z   ---
2026-10-05T12:17:56.7162935Z   duration_ms: 0.200974
2026-10-05T12:17:56.7163283Z   type: 'test'
2026-10-05T12:17:56.7163604Z   ...
2026-10-05T12:17:56.7234226Z 1..6
2026-10-05T12:17:56.7234573Z # tests 6
2026-10-05T12:17:56.7235223Z # suites 0
2026-10-05T12:17:56.7235727Z # pass 6
2026-10-05T12:17:56.7236255Z # fail 0
2026-10-05T12:17:56.7236825Z # cancelled 0
2026-10-05T12:17:56.7237347Z # skipped 0
2026-10-05T12:17:56.7238118Z # todo 0
2026-10-05T12:17:56.7248929Z # duration_ms 86.834376
2026-10-05T12:17:56.7341779Z [verify-ci] shell
2026-10-05T12:17:56.7801146Z Shell syntax passed (5 tracked scripts).
2026-10-05T12:17:56.7838282Z [verify-ci] prepare
2026-10-05T12:17:56.8787647Z 
2026-10-05T12:17:56.8788689Z > build
2026-10-05T12:17:56.8789472Z > node scripts/sync-package-assets.js && node scripts/assemble-npm.mjs
2026-10-05T12:17:56.8789893Z 
2026-10-05T12:17:57.3535180Z [
2026-10-05T12:17:57.3535547Z   {
2026-10-05T12:17:57.3535830Z     "name": "create-agdf",
2026-10-05T12:17:57.3536196Z     "version": "0.14.5",
2026-10-05T12:17:57.3537090Z     "source": "/home/runner/work/ai-native-governance-delivery-framework/ai-native-governance-delivery-framework/packages/cli",
2026-10-05T12:17:57.3538864Z     "output": "/home/runner/work/ai-native-governance-delivery-framework/ai-native-governance-delivery-framework/dist/npm/create-agdf"
2026-10-05T12:17:57.3539730Z   },
2026-10-05T12:17:57.3540002Z   {
2026-10-05T12:17:57.3540256Z     "name": "@agdf/cli",
2026-10-05T12:17:57.3540589Z     "version": "0.14.5",
2026-10-05T12:17:57.3541913Z     "source": "/home/runner/work/ai-native-governance-delivery-framework/ai-native-governance-delivery-framework/packages/cli/distribution/agdf",
2026-10-05T12:17:57.3543498Z     "output": "/home/runner/work/ai-native-governance-delivery-framework/ai-native-governance-delivery-framework/dist/npm/agdf"
2026-10-05T12:17:57.3544389Z   },
2026-10-05T12:17:57.3544636Z   {
2026-10-05T12:17:57.3544933Z     "name": "@agdf/mcp-server",
2026-10-05T12:17:57.3545321Z     "version": "0.14.5",
2026-10-05T12:17:57.3546302Z     "source": "/home/runner/work/ai-native-governance-delivery-framework/ai-native-governance-delivery-framework/packages/mcp-server",
2026-10-05T12:17:57.3548204Z     "output": "/home/runner/work/ai-native-governance-delivery-framework/ai-native-governance-delivery-framework/dist/npm/agdf-mcp-server"
2026-10-05T12:17:57.3549379Z   }
2026-10-05T12:17:57.3549691Z ]
2026-10-05T12:17:57.4607346Z 
2026-10-05T12:17:57.4608507Z > create-agdf@0.14.5 release:prepare
2026-10-05T12:17:57.4610962Z > npm run sync-package-assets && npm run test:distribution-profile-history && npm run test:release-bump && npm run test:release-version-coherence && npm run test:public-plugin && npm run test:portable-plugin
2026-10-05T12:17:57.4612622Z 
2026-10-05T12:17:57.5812177Z 
2026-10-05T12:17:57.5813355Z > create-agdf@0.14.5 sync-package-assets
2026-10-05T12:17:57.5813942Z > node ../../scripts/sync-package-assets.js
2026-10-05T12:17:57.5814229Z 
2026-10-05T12:17:58.1208350Z 
2026-10-05T12:17:58.1209013Z > create-agdf@0.14.5 test:distribution-profile-history
2026-10-05T12:17:58.1209658Z > node scripts/distribution-profile-history-test.js
2026-10-05T12:17:58.1209987Z 
2026-10-05T12:17:58.1780457Z Distribution profile history passed (8 exact releases, malformed and closed-policy matrices)
2026-10-05T12:17:58.3100511Z 
2026-10-05T12:17:58.3101369Z > create-agdf@0.14.5 test:release-bump
2026-10-05T12:17:58.3102141Z > node scripts/release-bump-test.js
2026-10-05T12:17:58.3102521Z 
2026-10-05T12:17:58.5794503Z Release bump passed (20 transactional files; repair, forward, review, rollback and recovery)
2026-10-05T12:17:58.7269042Z 
2026-10-05T12:17:58.7269801Z > create-agdf@0.14.5 test:release-version-coherence
2026-10-05T12:17:58.7270479Z > node scripts/release-version-coherence-test.js
2026-10-05T12:17:58.7270748Z 
2026-10-05T12:17:59.9115035Z Release version coherence passed (50 surfaces at 0.14.5; 8 profile snapshots)
2026-10-05T12:18:00.0369598Z 
2026-10-05T12:18:00.0370308Z > create-agdf@0.14.5 test:public-plugin
2026-10-05T12:18:00.0371054Z > node scripts/public-plugin-test.js
2026-10-05T12:18:00.0371326Z 
2026-10-05T12:18:00.3327505Z Public plugin tests passed (60 inventoried candidate files; digest 416c48ca8fe420b133c90d0a967d9e834341c3b1578d8ca02e43db39b4b173e5)
2026-10-05T12:18:00.4599341Z 
2026-10-05T12:18:00.4600330Z > create-agdf@0.14.5 test:portable-plugin
2026-10-05T12:18:00.4600886Z > node scripts/portable-plugin-test.js
2026-10-05T12:18:00.4601159Z 
2026-10-05T12:18:01.0175844Z Portable plugin schema/profile/resource/selection/retry tests passed; digest 416c48ca8fe420b133c90d0a967d9e834341c3b1578d8ca02e43db39b4b173e5
2026-10-05T12:18:01.0348927Z [verify-ci] mcp-dependencies
2026-10-05T12:18:03.7864985Z 
2026-10-05T12:18:03.7866161Z added 15 packages, and audited 16 packages in 3s
2026-10-05T12:18:03.7866563Z 
2026-10-05T12:18:03.7866799Z 2 packages are looking for funding
2026-10-05T12:18:03.7867225Z   run `npm fund` for details
2026-10-05T12:18:03.7875614Z 
2026-10-05T12:18:03.7875973Z found 0 vulnerabilities
2026-10-05T12:18:03.8001644Z [verify-ci] runtime
2026-10-05T12:18:04.2843025Z [agdf-runtime-integrity] ok (mode=source; 13 skills and 16 control files checked)
2026-10-05T12:18:04.2911342Z [verify-ci] community
2026-10-05T12:18:04.3877037Z 
2026-10-05T12:18:04.3877625Z > test:community-health
2026-10-05T12:18:04.3878673Z > node scripts/community-health-test.mjs
2026-10-05T12:18:04.3879097Z 
2026-10-05T12:18:07.3307282Z community-health-test: pass (reviewed baseline + 29 negative contracts)
2026-10-05T12:18:07.4402195Z 
2026-10-05T12:18:07.4402901Z > check:community-health
2026-10-05T12:18:07.4403575Z > node scripts/check-community-health.mjs
2026-10-05T12:18:07.4404261Z 
2026-10-05T12:18:08.4054998Z community-health: pass (39 required files, 4 issue forms)
2026-10-05T12:18:08.4227489Z [verify-ci] host-compatibility
2026-10-05T12:18:08.5212781Z 
2026-10-05T12:18:08.5213601Z > test:host-compatibility
2026-10-05T12:18:08.5214753Z > node packages/cli/scripts/host-compatibility-test.js && node scripts/host-compatibility/test.mjs
2026-10-05T12:18:08.5215529Z 
2026-10-05T12:18:18.0572058Z {
2026-10-05T12:18:18.0572544Z   "evaluated": 56,
2026-10-05T12:18:18.0573025Z   "failed": []
2026-10-05T12:18:18.0573385Z }
2026-10-05T12:18:31.4123562Z Host compatibility evidence tests passed (65 named checks, recording failure and isolation controls).
2026-10-05T12:18:31.5331881Z 
2026-10-05T12:18:31.5332529Z > compatibility:check
2026-10-05T12:18:31.5333063Z > node scripts/host-compatibility/run.mjs check
2026-10-05T12:18:31.5333382Z 
2026-10-05T12:18:32.3611802Z {
2026-10-05T12:18:32.3612354Z   "status": "pass",
2026-10-05T12:18:32.3612801Z   "scenarios": {
2026-10-05T12:18:32.3613233Z     "evaluated": 56,
2026-10-05T12:18:32.3613655Z     "failed": 0
2026-10-05T12:18:32.3614028Z   },
2026-10-05T12:18:32.3614814Z   "source_fingerprint": "f254a29bb164c993ab3bcb4aad934726c0b20567aa6d3a4d0a5e405be80a33c4"
2026-10-05T12:18:32.3615576Z }
2026-10-05T12:18:32.3752077Z [verify-ci] built-runtime
2026-10-05T12:18:32.8768307Z [agdf-runtime-integrity] ok (mode=installed; 13 skills and 16 control files checked)
2026-10-05T12:18:32.8828617Z [verify-ci] cli-package
2026-10-05T12:18:32.9843369Z 
2026-10-05T12:18:32.9844174Z > create-agdf@0.14.5 test:package-contents
2026-10-05T12:18:32.9844752Z > node scripts/package-contents-test.js
2026-10-05T12:18:32.9845029Z 
2026-10-05T12:18:34.9168245Z Package contents tests passed (761 files; complete release-built plugin present)
2026-10-05T12:18:34.9267191Z [verify-ci] wrapper-package
2026-10-05T12:18:35.0195993Z 
2026-10-05T12:18:35.0196513Z > @agdf/cli@0.14.5 test:package
2026-10-05T12:18:35.0197212Z > node ./scripts/package-test.js
2026-10-05T12:18:35.0197499Z 
2026-10-05T12:18:35.3562906Z AGDF CLI package contents passed (5 files).
2026-10-05T12:18:35.3661861Z [verify-ci] transactions
2026-10-05T12:18:35.4637112Z 
2026-10-05T12:18:35.4639413Z > create-agdf@0.14.5 test:run-step-transaction
2026-10-05T12:18:35.4640417Z > node ../core/test/run-step-transaction-test.js
2026-10-05T12:18:35.4640890Z 
2026-10-05T12:18:38.5297126Z Run-step transaction boundaries passed.
2026-10-05T12:18:38.6424601Z 
2026-10-05T12:18:38.6425373Z > create-agdf@0.14.5 test:run-lock
2026-10-05T12:18:38.6426202Z > node ../core/test/run-lock-test.js
2026-10-05T12:18:38.6426468Z 
2026-10-05T12:18:38.7020484Z Run lock owner recovery passed.
2026-10-05T12:18:38.7123768Z [verify-ci] delivery-map
2026-10-05T12:18:40.6527197Z AGDF delivery-map: revise
2026-10-05T12:18:40.6528630Z Current gate: all-active
2026-10-05T12:18:40.6529296Z Next allowed action: Resolve per-run findings.
2026-10-05T12:18:40.6531111Z Quality outlook: Keep every active run independently actionable.
2026-10-05T12:18:40.6532189Z Relationships: 176/215 evidenced
2026-10-05T12:18:40.6532885Z Findings: 66
2026-10-05T12:18:40.6533234Z 
2026-10-05T12:18:40.6533711Z [warn] AGDF_MISSING_EVIDENCE_DECLARED
2026-10-05T12:18:40.6534632Z Final German context-only repo-less and repository-bound Copilot evidence
2026-10-05T12:18:40.6537157Z Next step: Restart Copilot, verify the complete German `qa-gate` `no_reliable_target` card immediately, then run the repository-bound path separately.
2026-10-05T12:18:40.6538569Z 
2026-10-05T12:18:40.6538915Z [warn] AGDF_MISSING_EVIDENCE_DECLARED
2026-10-05T12:18:40.6539709Z Direct Linux and native-Windows lifecycle behavior
2026-10-05T12:18:40.6540840Z Next step: Require separately authorized host evidence before cross-platform parity claims.
2026-10-05T12:18:40.6541554Z 
2026-10-05T12:18:40.6541840Z [warn] AGDF_MISSING_EVIDENCE_DECLARED
2026-10-05T12:18:40.6542484Z Gate-safe native Copilot input transport
2026-10-05T12:18:40.6544291Z Next step: Keep exact-text approval as the baseline until a later adapter preflight proves exact values and deliberate waiting.
2026-10-05T12:18:40.6545262Z 
2026-10-05T12:18:40.6545482Z [warn] AGDF_RISK_DECLARED
2026-10-05T12:18:40.6546371Z Copilot plugin installation or permissions are mistaken for AGDF gate approval.
2026-10-05T12:18:40.6547679Z Next step: Preserve `interaction.md` and exact approval revalidation as the sole authority.
2026-10-05T12:18:40.6548683Z 
2026-10-05T12:18:40.6559273Z [warn] AGDF_RISK_DECLARED
2026-10-05T12:18:40.6560170Z Retirement deletes or rewrites existing user-owned Copilot repository files.
2026-10-05T12:18:40.6561522Z Next step: Stop generating and supporting the projection without automatically deleting existing files.
2026-10-05T12:18:40.6562244Z 
2026-10-05T12:18:40.6562450Z [warn] AGDF_RISK_DECLARED
2026-10-05T12:18:40.6563194Z Repository or package evidence is overstated as loaded app behavior.
2026-10-05T12:18:40.6564198Z Next step: Maintain separate source, bundle, installed-root, fresh-session and human-UAT evidence.
2026-10-05T12:18:40.6565014Z 
2026-10-05T12:18:40.6565243Z [warn] AGDF_RISK_DECLARED
2026-10-05T12:18:40.6566006Z Native input or hook support drifts across the Copilot app, CLI and cloud agent.
2026-10-05T12:18:40.6567377Z Next step: Start with the supported common subset and gate stronger claims on direct capability evidence.
2026-10-05T12:18:40.6568383Z 
2026-10-05T12:18:40.6568584Z [warn] AGDF_RISK_DECLARED
2026-10-05T12:18:40.6569387Z A host working directory is mistaken for task-target or governance authority.
2026-10-05T12:18:40.6570558Z Next step: Require the code-owned target preflight before doctor, run selection or gate evaluation and expose `instruction_only` honestly.
2026-10-05T12:18:40.6571090Z 
2026-10-05T12:18:40.6571206Z [warn] AGDF_RISK_DECLARED
2026-10-05T12:18:40.6571811Z A host infers presentation language from English skill, runtime or UI text instead of the current conversation.
2026-10-05T12:18:40.6573021Z Next step: Keep current-conversation meaning in the semantic function description and binding grammar, project it into every executable skill and require fresh loaded-host evidence.
2026-10-05T12:18:40.6573698Z 
2026-10-05T12:18:40.6573815Z [warn] AGDF_RISK_DECLARED
2026-10-05T12:18:40.6574155Z Recommended setup is mistaken for implicit consent.
2026-10-05T12:18:40.6574780Z Next step: Require a deliberate interactive choice and explicit noninteractive `--with-mcp`.
2026-10-05T12:18:40.6575156Z 
2026-10-05T12:18:40.6575269Z [warn] AGDF_RISK_DECLARED
2026-10-05T12:18:40.6575624Z Partial failure is reported as complete installation.
2026-10-05T12:18:40.6576538Z Next step: Model plugin, hook, registration, discovery and restart as separate effective states.
2026-10-05T12:18:40.6576926Z 
2026-10-05T12:18:40.6577043Z [warn] AGDF_RISK_DECLARED
2026-10-05T12:18:40.6577438Z New orchestration duplicates installer or MCP lifecycle logic.
2026-10-05T12:18:40.6578434Z Next step: Brownfield Review must preserve existing owners and add only composition.
2026-10-05T12:18:40.6578963Z 
2026-10-05T12:18:40.6579106Z [warn] AGDF_RISK_DECLARED
2026-10-05T12:18:40.6579462Z Coupled removal deletes foreign or shared state.
2026-10-05T12:18:40.6579988Z Next step: Reuse exact ownership, provenance and reference-counted cleanup.
2026-10-05T12:18:40.6580312Z 
2026-10-05T12:18:40.6580429Z [warn] AGDF_RISK_DECLARED
2026-10-05T12:18:40.6580791Z Repository tests are presented as loaded-host support.
2026-10-05T12:18:40.6581275Z Next step: Retain separate direct host and UAT evidence lanes.
2026-10-05T12:18:40.6581542Z 
2026-10-05T12:18:40.6581664Z [warn] AGDF_RISK_DECLARED
2026-10-05T12:18:40.6582084Z A user-wide registration is mistaken for governance target authority.
2026-10-05T12:18:40.6582833Z Next step: Explain that user scope changes host discovery only; every dispatch still resolves one target and run.
2026-10-05T12:18:40.6583271Z 
2026-10-05T12:18:40.6583468Z [warn] AGDF_MISSING_EVIDENCE_DECLARED
2026-10-05T12:18:40.6583900Z Final file-level consumer map for non-submission metadata
2026-10-05T12:18:40.6584780Z Next step: Resolve in Solution Design before any exclusion beyond the proven submission classes.
2026-10-05T12:18:40.6585212Z 
2026-10-05T12:18:40.6585392Z [warn] AGDF_MISSING_EVIDENCE_DECLARED
2026-10-05T12:18:40.6585769Z Clean-client completeness after exclusions
2026-10-05T12:18:40.6586360Z Next step: Define deterministic installation and runtime probes in the Task/Test Plan.
2026-10-05T12:18:40.6586761Z 
2026-10-05T12:18:40.6586901Z [warn] AGDF_RISK_DECLARED
2026-10-05T12:18:40.6587324Z A runtime-required file is classified as development-only.
2026-10-05T12:18:40.6588469Z Next step: Require consumer and lifecycle evidence before exclusion; later execution must stop if that evidence is absent.
2026-10-05T12:18:40.6589005Z 
2026-10-05T12:18:40.6589130Z [warn] AGDF_RISK_DECLARED
2026-10-05T12:18:40.6589540Z Package cleanup creates a second hand-maintained inventory.
2026-10-05T12:18:40.6590190Z Next step: Reuse one semantic generated profile or deterministic allowlist owner.
2026-10-05T12:18:40.6590539Z 
2026-10-05T12:18:40.6590666Z [warn] AGDF_RISK_DECLARED
2026-10-05T12:18:40.6591064Z Local submission generation is accidentally removed.
2026-10-05T12:18:40.6591744Z Next step: Separate generation from publication; preserve canonical and generated review sources.
2026-10-05T12:18:40.6592154Z 
2026-10-05T12:18:40.6592289Z [warn] AGDF_RISK_DECLARED
2026-10-05T12:18:40.6592753Z Size reduction is optimized at the expense of supported-host completeness.
2026-10-05T12:18:40.6593756Z Next step: Treat runtime completeness as the invariant and size only as measured evidence; later execution must stop on any completeness regression.
2026-10-05T12:18:40.6594338Z 
2026-10-05T12:18:40.6594470Z [warn] AGDF_RISK_DECLARED
2026-10-05T12:18:40.6594853Z The Copilot QA scope is silently expanded or invalidated.
2026-10-05T12:18:40.6595613Z Next step: Keep the runs independent and retest package coexistence later without rewriting Copilot approvals.
2026-10-05T12:18:40.6596063Z 
2026-10-05T12:18:40.6596242Z [warn] AGDF_CONTEXT_GRAPH_GATE_EFFECT
2026-10-05T12:18:40.6596741Z Context Graph impact is update_existing_node with gate effect warning.
2026-10-05T12:18:40.6597359Z Next step: Clarify the Context Graph impact before advancing the gate.
2026-10-05T12:18:40.6597664Z 
2026-10-05T12:18:40.6597795Z [warn] AGDF_RISK_DECLARED
2026-10-05T12:18:40.6598492Z A keyword filter misclassifies advice or quoted implementation text.
2026-10-05T12:18:40.6599211Z Next step: Classify requested effect through one semantic contract and test adversarial cases.
2026-10-05T12:18:40.6599835Z 
2026-10-05T12:18:40.6599974Z [warn] AGDF_RISK_DECLARED
2026-10-05T12:18:40.6600346Z A second hook becomes a competing activation policy.
2026-10-05T12:18:40.6601052Z Next step: Keep activation semantics canonical and treat any mutation hook only as later defense in depth.
2026-10-05T12:18:40.6601504Z 
2026-10-05T12:18:40.6601634Z [warn] AGDF_RISK_DECLARED
2026-10-05T12:18:40.6602225Z Dispatcher compatibility is changed in place or confused with another run's completed/QA evidence.
2026-10-05T12:18:40.6603261Z Next step: Preserve dispatcher v1 by default; any necessary executable backstop requires explicit versioning and independent evidence.
2026-10-05T12:18:40.6603830Z 
2026-10-05T12:18:40.6603963Z [warn] AGDF_RISK_DECLARED
2026-10-05T12:18:40.6604354Z Ordinary read-only handling still emits an AGDF banner.
2026-10-05T12:18:40.6604950Z Next step: Require silent abstention and loaded-host transcript evidence.
2026-10-05T12:18:40.6605277Z 
2026-10-05T12:18:40.6605412Z [warn] AGDF_RISK_DECLARED
2026-10-05T12:18:40.6605821Z Explicit AGDF status or lifecycle requests stop working.
2026-10-05T12:18:40.6606529Z Next step: Preserve explicit-operation routes and test missing-control behavior by request class.
2026-10-05T12:18:40.6606964Z 
2026-10-05T12:18:40.6607098Z [warn] AGDF_RISK_DECLARED
2026-10-05T12:18:40.6607557Z Canonical init recovery overwrites user or conflicting partial state.
2026-10-05T12:18:40.6609048Z Next step: Strict valid-run parser, file/link constraints, content/identity snapshots and rollback tests fail closed; preserve this owner boundary.
2026-10-05T12:18:40.6609697Z 
2026-10-05T12:18:40.6609810Z [warn] AGDF_RISK_DECLARED
2026-10-05T12:18:40.6610332Z Full eager routing or repeated policy channels return in a future projection.
2026-10-05T12:18:40.6611280Z Next step: Preserve definition-owned byte budgets, kernel fingerprint, on-demand route and duplicate/conflict integrity checks.
2026-10-05T12:18:40.6611830Z 
2026-10-05T12:18:40.6611961Z [warn] AGDF_RISK_DECLARED
2026-10-05T12:18:40.6612593Z Source-composed Copilot or OpenCode profiles are falsely presented as live evaluation on those hosts.
2026-10-05T12:18:40.6614096Z Next step: Keep `profile_surface` and `evaluator_surface` independent, report `evidence_plane: source_composed`, and retain fresh-host evidence as a separate obligation. Treat any conflation as an implementation stop condition.
2026-10-05T12:18:40.6615032Z 
2026-10-05T12:18:40.6615139Z [warn] AGDF_RISK_DECLARED
2026-10-05T12:18:40.6615610Z Expected case outcomes leak into model-visible composed instructions.
2026-10-05T12:18:40.6616754Z Next step: Use only closed `composed_profile.instruction_skill` metadata and exclude both metadata and `expected` from model input. Treat any leakage as an implementation stop condition.
2026-10-05T12:18:40.6617496Z 
2026-10-05T12:18:40.6617649Z [warn] AGDF_CONTEXT_GRAPH_GATE_EFFECT
2026-10-05T12:18:40.6618423Z Context Graph impact is update_existing_node with gate effect warning.
2026-10-05T12:18:40.6618962Z Next step: Resolve Context Graph action: update.
2026-10-05T12:18:40.6619228Z 
2026-10-05T12:18:40.6619424Z [revise] AGDF_DELIVERY_RELATIONSHIP_CONFLICT
2026-10-05T12:18:40.6619821Z PRD must be traceable via derived_from UR.
2026-10-05T12:18:40.6620508Z Next step: Fill the Artefact Chain row with concrete evidence before treating the delivery map as complete.
2026-10-05T12:18:40.6620967Z 
2026-10-05T12:18:40.6621124Z [warn] AGDF_MISSING_EVIDENCE_DECLARED
2026-10-05T12:18:40.6621519Z Existing owner and protocol-impact inventory
2026-10-05T12:18:40.6622002Z Next step: Perform Brownfield Review only after UR approval.
2026-10-05T12:18:40.6622288Z 
2026-10-05T12:18:40.6622436Z [warn] AGDF_MISSING_EVIDENCE_DECLARED
2026-10-05T12:18:40.6622914Z Direct authenticated Codex host behavior for any future adapter
2026-10-05T12:18:40.6623587Z Next step: Keep as later UAT evidence; do not infer it from repository or protocol tests.
2026-10-05T12:18:40.6623960Z 
2026-10-05T12:18:40.6624094Z [warn] AGDF_RISK_DECLARED
2026-10-05T12:18:40.6624705Z Codex tool permissions are mistaken for AGDF gate approvals.
2026-10-05T12:18:40.6625462Z Next step: Preserve `interaction.md` as sole approval authority and require exact AGDF approval validation.
2026-10-05T12:18:40.6625912Z 
2026-10-05T12:18:40.6626041Z [warn] AGDF_RISK_DECLARED
2026-10-05T12:18:40.6626466Z Codex integration duplicates AGDF state, rendering or gate logic.
2026-10-05T12:18:40.6627146Z Next step: Brownfield Review must identify and reuse canonical owners before any design.
2026-10-05T12:18:40.6627530Z 
2026-10-05T12:18:40.6627657Z [warn] AGDF_RISK_DECLARED
2026-10-05T12:18:40.6628292Z Codex-specific integration weakens cross-host portability.
2026-10-05T12:18:40.6629010Z Next step: Keep host-specific transport behind shared AGDF contracts and test host-neutral semantics.
2026-10-05T12:18:40.6629456Z 
2026-10-05T12:18:40.6629572Z [warn] AGDF_RISK_DECLARED
2026-10-05T12:18:40.6629966Z Repository evidence is overstated as live-host behavior.
2026-10-05T12:18:40.6630623Z Next step: Maintain separate repository, protocol and authenticated-host evidence classes.
2026-10-05T12:18:40.6631083Z 
2026-10-05T12:18:40.6631237Z [warn] AGDF_MISSING_EVIDENCE_DECLARED
2026-10-05T12:18:40.6631728Z Direct fresh-session behavior for repository-disabled Copilot AGDF
2026-10-05T12:18:40.6632366Z Next step: Keep as later host evidence; do not infer from repository fixtures.
2026-10-05T12:18:40.6632743Z 
2026-10-05T12:18:40.6632873Z [warn] AGDF_RISK_DECLARED
2026-10-05T12:18:40.6633554Z A local opt-out overwrites unrelated Copilot settings.
2026-10-05T12:18:40.6634312Z Next step: Reuse atomic settings ownership, preserve unrelated keys and fail closed on invalid or unowned paths.
2026-10-05T12:18:40.6634781Z 
2026-10-05T12:18:40.6634907Z [warn] AGDF_RISK_DECLARED
2026-10-05T12:18:40.6635352Z Plugin-disabled is mistaken for all AGDF instructions disabled.
2026-10-05T12:18:40.6635997Z Next step: Document and separately verify plugin and instruction discovery.
2026-10-05T12:18:40.6636355Z 
2026-10-05T12:18:40.6636474Z [warn] AGDF_RISK_DECLARED
2026-10-05T12:18:40.6636858Z Unsupported host behavior is presented as parity.
2026-10-05T12:18:40.6637567Z Next step: Publish an explicit support matrix and separate repository, CLI and fresh-session evidence.
2026-10-05T12:18:40.6638253Z 
2026-10-05T12:18:40.6638433Z [warn] AGDF_MISSING_EVIDENCE_DECLARED
2026-10-05T12:18:40.6638835Z Private vulnerability reporting availability
2026-10-05T12:18:40.6639582Z Next step: Confirm the host capability during implementation; use the approved email fallback if unavailable.
2026-10-05T12:18:40.6640061Z 
2026-10-05T12:18:40.6640211Z [warn] AGDF_MISSING_EVIDENCE_DECLARED
2026-10-05T12:18:40.6640616Z Default-branch Community Profile recognition
2026-10-05T12:18:40.6641171Z Next step: Verify after repository files are delivered to the default branch.
2026-10-05T12:18:40.6641954Z 
2026-10-05T12:18:40.6642229Z [warn] AGDF_MISSING_EVIDENCE_DECLARED
2026-10-05T12:18:40.6642890Z Applied GitHub metadata and social preview
2026-10-05T12:18:40.6643937Z Next step: Verify through public or authenticated host observation after application.
2026-10-05T12:18:40.6644625Z 
2026-10-05T12:18:40.6644841Z [warn] AGDF_RISK_DECLARED
2026-10-05T12:18:40.6645582Z Public policy text could promise unsupported response behavior
2026-10-05T12:18:40.6646467Z Next step: Enforce the approved no-SLA and current-release-only boundaries through deterministic policy assertions.
2026-10-05T12:18:40.6646978Z 
2026-10-05T12:18:40.6647092Z [warn] AGDF_RISK_DECLARED
2026-10-05T12:18:40.6647720Z New files could duplicate existing Pages or runtime documentation instead of routing to canonical owners
2026-10-05T12:18:40.6648961Z Next step: Brownfield Review must identify canonical owners and link rather than copy where appropriate.
2026-10-05T12:18:40.6649418Z 
2026-10-05T12:18:40.6649530Z [warn] AGDF_RISK_DECLARED
2026-10-05T12:18:40.6650072Z Host metadata and repository files could drift because they have separate mutation paths
2026-10-05T12:18:40.6650932Z Next step: Define separate validation and delivery evidence for repository files and GitHub-hosted settings.
2026-10-05T12:18:40.6652311Z 
2026-10-05T12:18:40.6652650Z [warn] AGDF_MISSING_EVIDENCE_DECLARED
2026-10-05T12:18:40.6653983Z Verified automatic-mode outcome for each Codex, Claude Code and OpenCode combination on macOS, Linux and native Windows
2026-10-05T12:18:40.6655548Z Next step: Complete the remaining direct-host matrix without inferred parity.
2026-10-05T12:18:40.6656222Z 
2026-10-05T12:18:40.6656428Z [warn] AGDF_MISSING_EVIDENCE_DECLARED
2026-10-05T12:18:40.6657436Z Safe consent persistence and invalidation behavior for each supported host
2026-10-05T12:18:40.6659908Z Next step: Observe revised install/update choices, renewal and rollback through separately authorized host evidence.
2026-10-05T12:18:40.6660504Z 
2026-10-05T12:18:40.6660679Z [warn] AGDF_MISSING_EVIDENCE_DECLARED
2026-10-05T12:18:40.6661216Z Direct fresh-session behavior after enabled, declined, revoked and updated consent
2026-10-05T12:18:40.6661992Z Next step: Complete the declared host evidence before QA pass; do not infer it from repository tests.
2026-10-05T12:18:40.6662407Z 
2026-10-05T12:18:40.6662567Z [warn] AGDF_MISSING_EVIDENCE_DECLARED
2026-10-05T12:18:40.6663230Z Direct native-Windows evidence for installation, consent, status, revocation, update, rollback and fresh session
2026-10-05T12:18:40.6664186Z Next step: Require native-Windows execution before claiming Windows support; simulation remains supporting evidence only.
2026-10-05T12:18:40.6664670Z 
2026-10-05T12:18:40.6665297Z [warn] AGDF_RISK_DECLARED
2026-10-05T12:18:40.6686209Z Installation consent is mistaken for an AGDF gate approval.
2026-10-05T12:18:40.6687369Z Next step: Preserve `interaction.md` and `CG-NATIVE-INTERACTION-AUTHORITY` as the sole authority boundary.
2026-10-05T12:18:40.6687850Z 
2026-10-05T12:18:40.6688300Z [warn] AGDF_RISK_DECLARED
2026-10-05T12:18:40.6688767Z A broad or stale permission rule survives changed executable content.
2026-10-05T12:18:40.6689527Z Next step: Brownfield Review and later design must prove least-privilege scope and renewed-consent behavior.
2026-10-05T12:18:40.6690158Z 
2026-10-05T12:18:40.6690289Z [warn] AGDF_RISK_DECLARED
2026-10-05T12:18:40.6690706Z The installer silently mutates user or project configuration.
2026-10-05T12:18:40.6691647Z Next step: Require explicit consent, ownership checks, visible effects and reversible state through existing installer owners.
2026-10-05T12:18:40.6692509Z 
2026-10-05T12:18:40.6692718Z [warn] AGDF_RISK_DECLARED
2026-10-05T12:18:40.6693223Z One generic mechanism ignores material host differences.
2026-10-05T12:18:40.6693934Z Next step: Keep one semantic consent contract with thin host-specific adapters and honest unsupported outcomes.
2026-10-05T12:18:40.6694369Z 
2026-10-05T12:18:40.6694489Z [warn] AGDF_RISK_DECLARED
2026-10-05T12:18:40.6694943Z macOS or Linux evidence is generalized into an unsupported Windows claim.
2026-10-05T12:18:40.6695723Z Next step: Require an explicit host/OS matrix and direct native-Windows evidence for every claimed Windows path.
2026-10-05T12:18:40.6696178Z 
2026-10-05T12:18:40.6696294Z [warn] AGDF_RISK_DECLARED
2026-10-05T12:18:40.6696756Z Repository or installation evidence is overstated as effective host behavior.
2026-10-05T12:18:40.6697496Z Next step: Preserve separate repository, package, installed-host and fresh-session evidence planes.
2026-10-05T12:18:40.6697904Z 
2026-10-05T12:18:40.6698376Z [revise] AGDF_DELIVERY_RELATIONSHIP_MISSING
2026-10-05T12:18:40.6698764Z QA_REPORT must be traceable via tests TP.
2026-10-05T12:18:40.6699409Z Next step: Fill the Artefact Chain row with concrete evidence before treating the delivery map as complete.
2026-10-05T12:18:40.6699818Z 
2026-10-05T12:18:40.6699934Z [warn] AGDF_RISK_DECLARED
2026-10-05T12:18:40.6700247Z Native tool becomes a general shell bypass.
2026-10-05T12:18:40.6700911Z Next step: Strict schema, fixed runtime owner, no arbitrary executable/command/path and dedicated permission key.
2026-10-05T12:18:40.6701343Z 
2026-10-05T12:18:40.6701674Z [warn] AGDF_RISK_DECLARED
2026-10-05T12:18:40.6702003Z Tool permission is mistaken for AGDF approval.
2026-10-05T12:18:40.6702624Z Next step: Preserve exact `Approval: <Gate>` validation and non-authorizing tool result.
2026-10-05T12:18:40.6703096Z 
2026-10-05T12:18:40.6703248Z [warn] AGDF_RISK_DECLARED
2026-10-05T12:18:40.6703582Z Installer overwrites user policy.
2026-10-05T12:18:40.6704218Z Next step: Additive, consent-bound projection that preserves explicit user settings and provides manual mode.
2026-10-05T12:18:40.6704664Z 
2026-10-05T12:18:40.6704779Z [warn] AGDF_RISK_DECLARED
2026-10-05T12:18:40.6705124Z Repository evidence is overstated as host behavior.
2026-10-05T12:18:40.6705580Z Next step: Require separate direct loaded-host evidence.
2026-10-05T12:18:40.6705822Z 
2026-10-05T12:18:40.6705997Z [revise] AGDF_DELIVERY_RELATIONSHIP_MISSING
2026-10-05T12:18:40.6706362Z QA_REPORT must be traceable via tests TP.
2026-10-05T12:18:40.6706993Z Next step: Fill the Artefact Chain row with concrete evidence before treating the delivery map as complete.
2026-10-05T12:18:40.6707525Z [verify-ci] evals
2026-10-05T12:18:40.7668123Z 
2026-10-05T12:18:40.7668900Z > create-agdf@0.14.5 eval:skills
2026-10-05T12:18:40.7669413Z > node ../../evals/scripts/run-skill-evals.js
2026-10-05T12:18:40.7669825Z 
2026-10-05T12:18:40.8807602Z AGDF skill evals: pass (102/102 cases; 13 skills; deterministic replay, not live host execution)
2026-10-05T12:18:40.8917849Z [verify-ci] mcp-package
2026-10-05T12:18:40.9956855Z 
2026-10-05T12:18:40.9957857Z > @agdf/mcp-server@0.14.5 test:package
2026-10-05T12:18:40.9958742Z > node ./test/package.test.js
2026-10-05T12:18:40.9958961Z 
2026-10-05T12:18:41.4002316Z AGDF MCP package boundary tests passed.
2026-10-05T12:18:41.4116678Z [verify-ci] archives
2026-10-05T12:18:43.4300285Z [
2026-10-05T12:18:43.4301259Z   {
2026-10-05T12:18:43.4301711Z     "id": "create-agdf@0.14.5",
2026-10-05T12:18:43.4302238Z     "name": "create-agdf",
2026-10-05T12:18:43.4302731Z     "version": "0.14.5",
2026-10-05T12:18:43.4303210Z     "size": 1016482,
2026-10-05T12:18:43.4303612Z     "unpackedSize": 6141850,
2026-10-05T12:18:43.4304180Z     "shasum": "a2ae509c29b137b2266af928a0a0b93575ad819b",
2026-10-05T12:18:43.4305468Z     "integrity": "sha512-8PU24Em8ULwLgBN8nw5bu8kJq1U4TNhfzq0kqi4+qdJ7dd2F3CHMWXj7AaIcG+W5Iel/7AgOCsCDtCWJDbZNvw==",
2026-10-05T12:18:43.4306663Z     "filename": "create-agdf-0.14.5.tgz",
2026-10-05T12:18:43.4307224Z     "files": [
2026-10-05T12:18:43.4307631Z       {
2026-10-05T12:18:43.4308308Z         "path": "LICENSE",
2026-10-05T12:18:43.4308724Z         "size": 11357,
2026-10-05T12:18:43.4309117Z         "mode": 420
2026-10-05T12:18:43.4309463Z       },
2026-10-05T12:18:43.4309772Z       {
2026-10-05T12:18:43.4310110Z         "path": "NOTICE",
2026-10-05T12:18:43.4310511Z         "size": 422,
2026-10-05T12:18:43.4310875Z         "mode": 420
2026-10-05T12:18:43.4311211Z       },
2026-10-05T12:18:43.4311523Z       {
2026-10-05T12:18:43.4311855Z         "path": "README.md",
2026-10-05T12:18:43.4312290Z         "size": 57597,
2026-10-05T12:18:43.4312571Z         "mode": 420
2026-10-05T12:18:43.4312833Z       },
2026-10-05T12:18:43.4313247Z       {
2026-10-05T12:18:43.4313813Z         "path": "bin/agdf-validator.js",
2026-10-05T12:18:43.4314306Z         "size": 323,
2026-10-05T12:18:43.4314669Z         "mode": 420
2026-10-05T12:18:43.4315010Z       },
2026-10-05T12:18:43.4315334Z       {
2026-10-05T12:18:43.4315706Z         "path": "bin/create-agdf.js",
2026-10-05T12:18:43.4316088Z         "size": 430,
2026-10-05T12:18:43.4316416Z         "mode": 493
2026-10-05T12:18:43.4316747Z       },
2026-10-05T12:18:43.4317037Z       {
2026-10-05T12:18:43.4317443Z         "path": "generated/.agdf/control/README.md",
2026-10-05T12:18:43.4321468Z         "size": 7277,
2026-10-05T12:18:43.4321987Z         "mode": 420
2026-10-05T12:18:43.4322383Z       },
2026-10-05T12:18:43.4322723Z       {
2026-10-05T12:18:43.4323259Z         "path": "generated/.agdf/control/templates/AGDF_RUN.md",
2026-10-05T12:18:43.4324285Z         "size": 4174,
2026-10-05T12:18:43.4325049Z         "mode": 420
2026-10-05T12:18:43.4325404Z       },
2026-10-05T12:18:43.4325722Z       {
2026-10-05T12:18:43.4326463Z         "path": "generated/.agdf/control/templates/AGENT_QUALITY_CONTRACTS.json",
2026-10-05T12:18:43.4327188Z         "size": 5289,
2026-10-05T12:18:43.4327577Z         "mode": 420
2026-10-05T12:18:43.4328171Z       },
2026-10-05T12:18:43.4328525Z       {
2026-10-05T12:18:43.4329191Z         "path": "generated/.agdf/control/templates/artefacts/BROWNFIELD_REVIEW.md",
2026-10-05T12:18:43.4329901Z         "size": 4977,
2026-10-05T12:18:43.4330213Z         "mode": 420
2026-10-05T12:18:43.4330491Z       },
2026-10-05T12:18:43.4330789Z       {
2026-10-05T12:18:43.4331337Z         "path": "generated/.agdf/control/templates/artefacts/OR.md",
2026-10-05T12:18:43.4331945Z         "size": 2685,
2026-10-05T12:18:43.4332331Z         "mode": 420
2026-10-05T12:18:43.4332678Z       },
2026-10-05T12:18:43.4332990Z       {
2026-10-05T12:18:43.4333653Z         "path": "generated/.agdf/control/templates/artefacts/PRD.md",
2026-10-05T12:18:43.4334287Z         "size": 3100,
2026-10-05T12:18:43.4334675Z         "mode": 420
2026-10-05T12:18:43.4335028Z       },
2026-10-05T12:18:43.4335341Z       {
2026-10-05T12:18:43.4335949Z         "path": "generated/.agdf/control/templates/artefacts/QA_REPORT.md",
2026-10-05T12:18:43.4336621Z         "size": 601,
2026-10-05T12:18:43.4337004Z         "mode": 420
2026-10-05T12:18:43.4337362Z       },
2026-10-05T12:18:43.4337682Z       {
2026-10-05T12:18:43.4338768Z         "path": "generated/.agdf/control/templates/artefacts/SD.md",
2026-10-05T12:18:43.4339361Z         "size": 2562,
2026-10-05T12:18:43.4339724Z         "mode": 420
2026-10-05T12:18:43.4340066Z       },
2026-10-05T12:18:43.4340372Z       {
2026-10-05T12:18:43.4340893Z         "path": "generated/.agdf/control/templates/artefacts/TP.md",
2026-10-05T12:18:43.4341452Z         "size": 1351,
2026-10-05T12:18:43.4341796Z         "mode": 420
2026-10-05T12:18:43.4342134Z       },
2026-10-05T12:18:43.4342423Z       {
2026-10-05T12:18:43.4342923Z         "path": "generated/.agdf/control/templates/artefacts/UR.md",
2026-10-05T12:18:43.4343512Z         "size": 845,
2026-10-05T12:18:43.4343870Z         "mode": 420
2026-10-05T12:18:43.4344194Z       },
2026-10-05T12:18:43.4344491Z       {
2026-10-05T12:18:43.4345128Z         "path": "generated/.agdf/control/templates/artefacts/UX_INTENT_DEFINITION.md",
2026-10-05T12:18:43.4345829Z         "size": 1196,
2026-10-05T12:18:43.4346193Z         "mode": 420
2026-10-05T12:18:43.4346522Z       },
2026-10-05T12:18:43.4346806Z       {
2026-10-05T12:18:43.4347391Z         "path": "generated/.agdf/control/templates/artefacts/VERIFIED_CHANGE.md",
2026-10-05T12:18:43.4348304Z         "size": 1716,
2026-10-05T12:18:43.4348670Z         "mode": 420
2026-10-05T12:18:43.4348984Z       },
2026-10-05T12:18:43.4349267Z       {
2026-10-05T12:18:43.4349783Z         "path": "generated/.agdf/control/templates/CONTEXT_GRAPH.md",
2026-10-05T12:18:43.4350357Z         "size": 1551,
2026-10-05T12:18:43.4350686Z         "mode": 420
2026-10-05T12:18:43.4351008Z       },
2026-10-05T12:18:43.4351292Z       {
2026-10-05T12:18:43.4351807Z         "path": "generated/.agdf/control/templates/MASTER_BACKLOG.md",
2026-10-05T12:18:43.4352385Z         "size": 3436,
2026-10-05T12:18:43.4352725Z         "mode": 420
2026-10-05T12:18:43.4353044Z       },
2026-10-05T12:18:43.4353335Z       {
2026-10-05T12:18:43.4353865Z         "path": "generated/.agdf/control/templates/RUN_STATE.md",
2026-10-05T12:18:43.4354484Z         "size": 2090,
2026-10-05T12:18:43.4354832Z         "mode": 420
2026-10-05T12:18:43.4355167Z       },
2026-10-05T12:18:43.4355479Z       {
2026-10-05T12:18:43.4356025Z         "path": "generated/.agdf/control/templates/SOT_REGISTRY.md",
2026-10-05T12:18:43.4356615Z         "size": 905,
2026-10-05T12:18:43.4356969Z         "mode": 420
2026-10-05T12:18:43.4357328Z       },
2026-10-05T12:18:43.4357640Z       {
2026-10-05T12:18:43.4358370Z         "path": "generated/.agents/plugins/marketplace.json",
2026-10-05T12:18:43.4359390Z         "size": 362,
2026-10-05T12:18:43.4359764Z         "mode": 420
2026-10-05T12:18:43.4360110Z       },
2026-10-05T12:18:43.4360427Z       {
2026-10-05T12:18:43.4360925Z         "path": "generated/.opencode/agdf-agent-router.md",
2026-10-05T12:18:43.4361485Z         "size": 12295,
2026-10-05T12:18:43.4361851Z         "mode": 420
2026-10-05T12:18:43.4362193Z       },
2026-10-05T12:18:43.4362509Z       {
2026-10-05T12:18:43.4363076Z         "path": "generated/.opencode/agdf-interaction-locales.json",
2026-10-05T12:18:43.4363728Z         "size": 153294,
2026-10-05T12:18:43.4364107Z         "mode": 420
2026-10-05T12:18:43.4364460Z       },
2026-10-05T12:18:43.4364772Z       {
2026-10-05T12:18:43.4365278Z         "path": "generated/.opencode/agdf-runtime-contract.md",
2026-10-05T12:18:43.4365835Z         "size": 1977,
2026-10-05T12:18:43.4366177Z         "mode": 420
2026-10-05T12:18:43.4366515Z       },
2026-10-05T12:18:43.4366815Z       {
2026-10-05T12:18:43.4367242Z         "path": "generated/.opencode/AGDF.md",
2026-10-05T12:18:43.4367743Z         "size": 1496,
2026-10-05T12:18:43.4368349Z         "mode": 420
2026-10-05T12:18:43.4368702Z       },
2026-10-05T12:18:43.4369009Z       {
2026-10-05T12:18:43.4369491Z         "path": "generated/.opencode/contracts/closeout.md",
2026-10-05T12:18:43.4370032Z         "size": 4196,
2026-10-05T12:18:43.4370379Z         "mode": 420
2026-10-05T12:18:43.4370712Z       },
2026-10-05T12:18:43.4371012Z       {
2026-10-05T12:18:43.4371762Z         "path": "generated/.opencode/contracts/context-graph.md",
2026-10-05T12:18:43.4372357Z         "size": 2512,
2026-10-05T12:18:43.4372715Z         "mode": 420
2026-10-05T12:18:43.4373052Z       },
2026-10-05T12:18:43.4373350Z       {
2026-10-05T12:18:43.4373886Z         "path": "generated/.opencode/contracts/control-scaffold.md",
2026-10-05T12:18:43.4374476Z         "size": 11537,
2026-10-05T12:18:43.4374833Z         "mode": 420
2026-10-05T12:18:43.4375190Z       },
2026-10-05T12:18:43.4375509Z       {
2026-10-05T12:18:43.4376124Z         "path": "generated/.opencode/contracts/gate-artifact-preparation.md",
2026-10-05T12:18:43.4376815Z         "size": 5731,
2026-10-05T12:18:43.4377162Z         "mode": 420
2026-10-05T12:18:43.4377485Z       },
2026-10-05T12:18:43.4377772Z       {
2026-10-05T12:18:43.4378557Z         "path": "generated/.opencode/contracts/gate-transition.md",
2026-10-05T12:18:43.4379161Z         "size": 17966,
2026-10-05T12:18:43.4379524Z         "mode": 420
2026-10-05T12:18:43.4379880Z       },
2026-10-05T12:18:43.4380182Z       {
2026-10-05T12:18:43.4380687Z         "path": "generated/.opencode/contracts/interaction.md",
2026-10-05T12:18:43.4381265Z         "size": 46599,
2026-10-05T12:18:43.4381628Z         "mode": 420
2026-10-05T12:18:43.4381962Z       },
2026-10-05T12:18:43.4382272Z       {
2026-10-05T12:18:43.4382733Z         "path": "generated/.opencode/contracts/modes.md",
2026-10-05T12:18:43.4383263Z         "size": 12906,
2026-10-05T12:18:43.4383618Z         "mode": 420
2026-10-05T12:18:43.4383970Z       },
2026-10-05T12:18:43.4384271Z       {
2026-10-05T12:18:43.4384799Z         "path": "generated/.opencode/contracts/prd-definition.md",
2026-10-05T12:18:43.4385410Z         "size": 5034,
2026-10-05T12:18:43.4385777Z         "mode": 420
2026-10-05T12:18:43.4386117Z       },
2026-10-05T12:18:43.4386434Z       {
2026-10-05T12:18:43.4386908Z         "path": "generated/.opencode/contracts/quality.md",
2026-10-05T12:18:43.4387456Z         "size": 8692,
2026-10-05T12:18:43.4387831Z         "mode": 420
2026-10-05T12:18:43.4388479Z       },
2026-10-05T12:18:43.4388790Z       {
2026-10-05T12:18:43.4389338Z         "path": "generated/.opencode/contracts/request-activation.md",
2026-10-05T12:18:43.4389949Z         "size": 18822,
2026-10-05T12:18:43.4390316Z         "mode": 420
2026-10-05T12:18:43.4390654Z       },
2026-10-05T12:18:43.4390963Z       {
2026-10-05T12:18:43.4391491Z         "path": "generated/.opencode/contracts/sd-definition.md",
2026-10-05T12:18:43.4392296Z         "size": 4617,
2026-10-05T12:18:43.4392520Z         "mode": 420
2026-10-05T12:18:43.4392733Z       },
2026-10-05T12:18:43.4392917Z       {
2026-10-05T12:18:43.4393593Z         "path": "generated/.opencode/contracts/task-target-resolution.md",
2026-10-05T12:18:43.4394315Z         "size": 8919,
2026-10-05T12:18:43.4394708Z         "mode": 420
2026-10-05T12:18:43.4395064Z       },
2026-10-05T12:18:43.4395422Z       {
2026-10-05T12:18:43.4396039Z         "path": "generated/.opencode/contracts/ur-definition.md",
2026-10-05T12:18:43.4396648Z         "size": 3139,
2026-10-05T12:18:43.4397024Z         "mode": 420
2026-10-05T12:18:43.4397392Z       },
2026-10-05T12:18:43.4397722Z       {
2026-10-05T12:18:43.4398407Z         "path": "generated/.opencode/README.md",
2026-10-05T12:18:43.4398940Z         "size": 1835,
2026-10-05T12:18:43.4399335Z         "mode": 420
2026-10-05T12:18:43.4399662Z       },
2026-10-05T12:18:43.4399974Z       {
2026-10-05T12:18:43.4400619Z         "path": "generated/.opencode/skills/agdf-brownfield-analysis/SKILL.md",
2026-10-05T12:18:43.4401361Z         "size": 15484,
2026-10-05T12:18:43.4401724Z         "mode": 420
2026-10-05T12:18:43.4402069Z       },
2026-10-05T12:18:43.4402356Z       {
2026-10-05T12:18:43.4403023Z         "path": "generated/.opencode/skills/agdf-clean-implementation-review/SKILL.md",
2026-10-05T12:18:43.4403790Z         "size": 7516,
2026-10-05T12:18:43.4404168Z         "mode": 420
2026-10-05T12:18:43.4404520Z       },
2026-10-05T12:18:43.4404830Z       {
2026-10-05T12:18:43.4405654Z         "path": "generated/.opencode/skills/agdf-code-review/SKILL.md",
2026-10-05T12:18:43.4406310Z         "size": 7615,
2026-10-05T12:18:43.4406660Z         "mode": 420
2026-10-05T12:18:43.4406987Z       },
2026-10-05T12:18:43.4407317Z       {
2026-10-05T12:18:43.4408192Z         "path": "generated/.opencode/skills/agdf-delivery-closeout/SKILL.md",
2026-10-05T12:18:43.4408958Z         "size": 7177,
2026-10-05T12:18:43.4409335Z         "mode": 420
2026-10-05T12:18:43.4409717Z       },
2026-10-05T12:18:43.4410051Z       {
2026-10-05T12:18:43.4410719Z         "path": "generated/.opencode/skills/agdf-delivery-path-search/SKILL.md",
2026-10-05T12:18:43.4411412Z         "size": 8015,
2026-10-05T12:18:43.4411780Z         "mode": 420
2026-10-05T12:18:43.4412133Z       },
2026-10-05T12:18:43.4412435Z       {
2026-10-05T12:18:43.4412978Z         "path": "generated/.opencode/skills/agdf-gate-check/SKILL.md",
2026-10-05T12:18:43.4413592Z         "size": 5506,
2026-10-05T12:18:43.4413949Z         "mode": 420
2026-10-05T12:18:43.4414290Z       },
2026-10-05T12:18:43.4414596Z       {
2026-10-05T12:18:43.4415168Z         "path": "generated/.opencode/skills/agdf-prd-definition/SKILL.md",
2026-10-05T12:18:43.4415808Z         "size": 3827,
2026-10-05T12:18:43.4416162Z         "mode": 420
2026-10-05T12:18:43.4416504Z       },
2026-10-05T12:18:43.4416803Z       {
2026-10-05T12:18:43.4417326Z         "path": "generated/.opencode/skills/agdf-qa-gate/SKILL.md",
2026-10-05T12:18:43.4417919Z         "size": 10610,
2026-10-05T12:18:43.4418611Z         "mode": 420
2026-10-05T12:18:43.4418954Z       },
2026-10-05T12:18:43.4419259Z       {
2026-10-05T12:18:43.4419806Z         "path": "generated/.opencode/skills/agdf-release-or/SKILL.md",
2026-10-05T12:18:43.4420421Z         "size": 10019,
2026-10-05T12:18:43.4420788Z         "mode": 420
2026-10-05T12:18:43.4421134Z       },
2026-10-05T12:18:43.4421435Z       {
2026-10-05T12:18:43.4422059Z         "path": "generated/.opencode/skills/agdf-sd-definition/SKILL.md",
2026-10-05T12:18:43.4422712Z         "size": 3732,
2026-10-05T12:18:43.4423075Z         "mode": 420
2026-10-05T12:18:43.4423414Z       },
2026-10-05T12:18:43.4423725Z       {
2026-10-05T12:18:43.4424318Z         "path": "generated/.opencode/skills/agdf-task-plan-review/SKILL.md",
2026-10-05T12:18:43.4424983Z         "size": 8267,
2026-10-05T12:18:43.4425351Z         "mode": 420
2026-10-05T12:18:43.4425685Z       },
2026-10-05T12:18:43.4425988Z       {
2026-10-05T12:18:43.4426641Z         "path": "generated/.opencode/skills/agdf-ur-definition/SKILL.md",
2026-10-05T12:18:43.4427527Z         "size": 3710,
2026-10-05T12:18:43.4427886Z         "mode": 420
2026-10-05T12:18:43.4428439Z       },
2026-10-05T12:18:43.4428752Z       {
2026-10-05T12:18:43.4429370Z         "path": "generated/.opencode/skills/agdf-ux-intent-definition/SKILL.md",
2026-10-05T12:18:43.4430057Z         "size": 7296,
2026-10-05T12:18:43.4430422Z         "mode": 420
2026-10-05T12:18:43.4430766Z       },
2026-10-05T12:18:43.4431067Z       {
2026-10-05T12:18:43.4431473Z         "path": "generated/opencode.json",
2026-10-05T12:18:43.4431954Z         "size": 268,
2026-10-05T12:18:43.4432306Z         "mode": 420
2026-10-05T12:18:43.4432638Z       },
2026-10-05T12:18:43.4432942Z       {
2026-10-05T12:18:43.4433475Z         "path": "generated/plugins/agdf/.claude-plugin/plugin.json",
2026-10-05T12:18:43.4434082Z         "size": 1090,
2026-10-05T12:18:43.4434449Z         "mode": 420
2026-10-05T12:18:43.4434785Z       },
2026-10-05T12:18:43.4435088Z       {
2026-10-05T12:18:43.4435621Z         "path": "generated/plugins/agdf/.codex-plugin/plugin.json",
2026-10-05T12:18:43.4436221Z         "size": 2020,
2026-10-05T12:18:43.4436583Z         "mode": 420
2026-10-05T12:18:43.4436917Z       },
2026-10-05T12:18:43.4437217Z       {
2026-10-05T12:18:43.4437706Z         "path": "generated/plugins/agdf/assets/agdf-icon.svg",
2026-10-05T12:18:43.4438503Z         "size": 924,
2026-10-05T12:18:43.4438905Z         "mode": 420
2026-10-05T12:18:43.4439271Z       },
2026-10-05T12:18:43.4439568Z       {
2026-10-05T12:18:43.4440273Z         "path": "generated/plugins/agdf/assets/agdf-logo.svg",
2026-10-05T12:18:43.4440875Z         "size": 962,
2026-10-05T12:18:43.4441221Z         "mode": 420
2026-10-05T12:18:43.4441571Z       },
2026-10-05T12:18:43.4441884Z       {
2026-10-05T12:18:43.4442350Z         "path": "generated/plugins/agdf/control/README.md",
2026-10-05T12:18:43.4442911Z         "size": 7277,
2026-10-05T12:18:43.4443282Z         "mode": 420
2026-10-05T12:18:43.4443610Z       },
2026-10-05T12:18:43.4443922Z       {
2026-10-05T12:18:43.4444469Z         "path": "generated/plugins/agdf/control/templates/AGDF_RUN.md",
2026-10-05T12:18:43.4445098Z         "size": 4174,
2026-10-05T12:18:43.4445468Z         "mode": 420
2026-10-05T12:18:43.4445814Z       },
2026-10-05T12:18:43.4446119Z       {
2026-10-05T12:18:43.4446800Z         "path": "generated/plugins/agdf/control/templates/AGENT_QUALITY_CONTRACTS.json",
2026-10-05T12:18:43.4447557Z         "size": 5289,
2026-10-05T12:18:43.4448197Z         "mode": 420
2026-10-05T12:18:43.4448586Z       },
2026-10-05T12:18:43.4448781Z       {
2026-10-05T12:18:43.4449187Z         "path": "generated/plugins/agdf/control/templates/artefacts/BROWNFIELD_REVIEW.md",
2026-10-05T12:18:43.4449629Z         "size": 4977,
2026-10-05T12:18:43.4449843Z         "mode": 420
2026-10-05T12:18:43.4450043Z       },
2026-10-05T12:18:43.4450230Z       {
2026-10-05T12:18:43.4450577Z         "path": "generated/plugins/agdf/control/templates/artefacts/OR.md",
2026-10-05T12:18:43.4450958Z         "size": 2685,
2026-10-05T12:18:43.4451175Z         "mode": 420
2026-10-05T12:18:43.4451372Z       },
2026-10-05T12:18:43.4451557Z       {
2026-10-05T12:18:43.4451904Z         "path": "generated/plugins/agdf/control/templates/artefacts/PRD.md",
2026-10-05T12:18:43.4452278Z         "size": 3100,
2026-10-05T12:18:43.4452487Z         "mode": 420
2026-10-05T12:18:43.4452684Z       },
2026-10-05T12:18:43.4452870Z       {
2026-10-05T12:18:43.4453243Z         "path": "generated/plugins/agdf/control/templates/artefacts/QA_REPORT.md",
2026-10-05T12:18:43.4453638Z         "size": 601,
2026-10-05T12:18:43.4453852Z         "mode": 420
2026-10-05T12:18:43.4454051Z       },
2026-10-05T12:18:43.4454233Z       {
2026-10-05T12:18:43.4454576Z         "path": "generated/plugins/agdf/control/templates/artefacts/SD.md",
2026-10-05T12:18:43.4454944Z         "size": 2562,
2026-10-05T12:18:43.4455157Z         "mode": 420
2026-10-05T12:18:43.4455363Z       },
2026-10-05T12:18:43.4455545Z       {
2026-10-05T12:18:43.4456067Z         "path": "generated/plugins/agdf/control/templates/artefacts/TP.md",
2026-10-05T12:18:43.4456436Z         "size": 1351,
2026-10-05T12:18:43.4456654Z         "mode": 420
2026-10-05T12:18:43.4456852Z       },
2026-10-05T12:18:43.4457032Z       {
2026-10-05T12:18:43.4457368Z         "path": "generated/plugins/agdf/control/templates/artefacts/UR.md",
2026-10-05T12:18:43.4457736Z         "size": 845,
2026-10-05T12:18:43.4458237Z         "mode": 420
2026-10-05T12:18:43.4458472Z       },
2026-10-05T12:18:43.4458663Z       {
2026-10-05T12:18:43.4459083Z         "path": "generated/plugins/agdf/control/templates/artefacts/UX_INTENT_DEFINITION.md",
2026-10-05T12:18:43.4459540Z         "size": 1196,
2026-10-05T12:18:43.4459763Z         "mode": 420
2026-10-05T12:18:43.4459970Z       },
2026-10-05T12:18:43.4460151Z       {
2026-10-05T12:18:43.4460549Z         "path": "generated/plugins/agdf/control/templates/artefacts/VERIFIED_CHANGE.md",
2026-10-05T12:18:43.4460977Z         "size": 1716,
2026-10-05T12:18:43.4461201Z         "mode": 420
2026-10-05T12:18:43.4461405Z       },
2026-10-05T12:18:43.4461587Z       {
2026-10-05T12:18:43.4461930Z         "path": "generated/plugins/agdf/control/templates/CONTEXT_GRAPH.md",
2026-10-05T12:18:43.4462310Z         "size": 1551,
2026-10-05T12:18:43.4462523Z         "mode": 420
2026-10-05T12:18:43.4462725Z       },
2026-10-05T12:18:43.4462909Z       {
2026-10-05T12:18:43.4463259Z         "path": "generated/plugins/agdf/control/templates/MASTER_BACKLOG.md",
2026-10-05T12:18:43.4463777Z         "size": 3436,
2026-10-05T12:18:43.4463997Z         "mode": 420
2026-10-05T12:18:43.4464198Z       },
2026-10-05T12:18:43.4464378Z       {
2026-10-05T12:18:43.4464700Z         "path": "generated/plugins/agdf/control/templates/RUN_STATE.md",
2026-10-05T12:18:43.4465064Z         "size": 2090,
2026-10-05T12:18:43.4465276Z         "mode": 420
2026-10-05T12:18:43.4465476Z       },
2026-10-05T12:18:43.4465655Z       {
2026-10-05T12:18:43.4465994Z         "path": "generated/plugins/agdf/control/templates/SOT_REGISTRY.md",
2026-10-05T12:18:43.4466375Z         "size": 905,
2026-10-05T12:18:43.4466590Z         "mode": 420
2026-10-05T12:18:43.4466793Z       },
2026-10-05T12:18:43.4466972Z       {
2026-10-05T12:18:43.4467250Z         "path": "generated/plugins/agdf/hooks/hooks.json",
2026-10-05T12:18:43.4467574Z         "size": 680,
2026-10-05T12:18:43.4467804Z         "mode": 420
2026-10-05T12:18:43.4468277Z       },
2026-10-05T12:18:43.4468469Z       {
2026-10-05T12:18:43.4468789Z         "path": "generated/plugins/agdf/hooks/session-start.sh",
2026-10-05T12:18:43.4469128Z         "size": 400,
2026-10-05T12:18:43.4469339Z         "mode": 420
2026-10-05T12:18:43.4469547Z       },
2026-10-05T12:18:43.4469730Z       {
2026-10-05T12:18:43.4469982Z         "path": "generated/plugins/agdf/LICENSE",
2026-10-05T12:18:43.4470290Z         "size": 11357,
2026-10-05T12:18:43.4470505Z         "mode": 420
2026-10-05T12:18:43.4470707Z       },
2026-10-05T12:18:43.4470883Z       {
2026-10-05T12:18:43.4471140Z         "path": "generated/plugins/agdf/mcp.json",
2026-10-05T12:18:43.4471443Z         "size": 329,
2026-10-05T12:18:43.4471648Z         "mode": 420
2026-10-05T12:18:43.4471846Z       },
2026-10-05T12:18:43.4472025Z       {
2026-10-05T12:18:43.4472322Z         "path": "generated/plugins/agdf/mcp/agdf-mcp-launch.js",
2026-10-05T12:18:43.4472657Z         "size": 314,
2026-10-05T12:18:43.4472862Z         "mode": 420
2026-10-05T12:18:43.4473062Z       },
2026-10-05T12:18:43.4473238Z       {
2026-10-05T12:18:43.4473544Z         "path": "generated/plugins/agdf/mcp/claude.mcp.json",
2026-10-05T12:18:43.4473867Z         "size": 173,
2026-10-05T12:18:43.4474073Z         "mode": 420
2026-10-05T12:18:43.4474275Z       },
2026-10-05T12:18:43.4474453Z       {
2026-10-05T12:18:43.4474757Z         "path": "generated/plugins/agdf/mcp/sdk/expected-sdk.json",
2026-10-05T12:18:43.4475104Z         "size": 709,
2026-10-05T12:18:43.4475310Z         "mode": 420
2026-10-05T12:18:43.4475506Z       },
2026-10-05T12:18:43.4475687Z       {
2026-10-05T12:18:43.4476139Z         "path": "generated/plugins/agdf/mcp/sdk/package-lock.json",
2026-10-05T12:18:43.4476479Z         "size": 1485,
2026-10-05T12:18:43.4476690Z         "mode": 420
2026-10-05T12:18:43.4476895Z       },
2026-10-05T12:18:43.4477076Z       {
2026-10-05T12:18:43.4477369Z         "path": "generated/plugins/agdf/mcp/sdk/package.json",
2026-10-05T12:18:43.4477709Z         "size": 124,
2026-10-05T12:18:43.4478155Z         "mode": 420
2026-10-05T12:18:43.4478375Z       },
2026-10-05T12:18:43.4478567Z       {
2026-10-05T12:18:43.4478893Z         "path": "generated/plugins/agdf/mcp/server/bin/agdf-mcp.js",
2026-10-05T12:18:43.4479242Z         "size": 659,
2026-10-05T12:18:43.4479457Z         "mode": 493
2026-10-05T12:18:43.4479663Z       },
2026-10-05T12:18:43.4479847Z       {
2026-10-05T12:18:43.4480124Z         "path": "generated/plugins/agdf/mcp/server/NOTICE",
2026-10-05T12:18:43.4480444Z         "size": 521,
2026-10-05T12:18:43.4480653Z         "mode": 420
2026-10-05T12:18:43.4480862Z       },
2026-10-05T12:18:43.4481040Z       {
2026-10-05T12:18:43.4481347Z         "path": "generated/plugins/agdf/mcp/server/package.json",
2026-10-05T12:18:43.4481681Z         "size": 1747,
2026-10-05T12:18:43.4481890Z         "mode": 420
2026-10-05T12:18:43.4482094Z       },
2026-10-05T12:18:43.4482271Z       {
2026-10-05T12:18:43.4482558Z         "path": "generated/plugins/agdf/mcp/server/README.md",
2026-10-05T12:18:43.4482887Z         "size": 2391,
2026-10-05T12:18:43.4483097Z         "mode": 420
2026-10-05T12:18:43.4483485Z       },
2026-10-05T12:18:43.4483684Z       {
2026-10-05T12:18:43.4483976Z         "path": "generated/plugins/agdf/mcp/server/src/main.js",
2026-10-05T12:18:43.4484304Z         "size": 1210,
2026-10-05T12:18:43.4484513Z         "mode": 420
2026-10-05T12:18:43.4484715Z       },
2026-10-05T12:18:43.4484895Z       {
2026-10-05T12:18:43.4485192Z         "path": "generated/plugins/agdf/mcp/server/src/server.js",
2026-10-05T12:18:43.4485531Z         "size": 3144,
2026-10-05T12:18:43.4485746Z         "mode": 420
2026-10-05T12:18:43.4485941Z       },
2026-10-05T12:18:43.4486130Z       {
2026-10-05T12:18:43.4486452Z         "path": "generated/plugins/agdf/mcp/server/src/worker-entry.js",
2026-10-05T12:18:43.4486808Z         "size": 964,
2026-10-05T12:18:43.4487016Z         "mode": 420
2026-10-05T12:18:43.4487217Z       },
2026-10-05T12:18:43.4487404Z       {
2026-10-05T12:18:43.4487704Z         "path": "generated/plugins/agdf/mcp/server/src/worker.js",
2026-10-05T12:18:43.4488388Z         "size": 2610,
2026-10-05T12:18:43.4488628Z         "mode": 420
2026-10-05T12:18:43.4488830Z       },
2026-10-05T12:18:43.4489021Z       {
2026-10-05T12:18:43.4489333Z         "path": "generated/plugins/agdf/meta/agdf-agent-router.md",
2026-10-05T12:18:43.4489677Z         "size": 12317,
2026-10-05T12:18:43.4489891Z         "mode": 420
2026-10-05T12:18:43.4490101Z       },
2026-10-05T12:18:43.4490278Z       {
2026-10-05T12:18:43.4490584Z         "path": "generated/plugins/agdf/meta/agdf-constitution.md",
2026-10-05T12:18:43.4490934Z         "size": 8709,
2026-10-05T12:18:43.4491143Z         "mode": 420
2026-10-05T12:18:43.4491337Z       },
2026-10-05T12:18:43.4491520Z       {
2026-10-05T12:18:43.4491865Z         "path": "generated/plugins/agdf/meta/agdf-interaction-locales.json",
2026-10-05T12:18:43.4492244Z         "size": 153294,
2026-10-05T12:18:43.4492474Z         "mode": 420
2026-10-05T12:18:43.4492672Z       },
2026-10-05T12:18:43.4492856Z       {
2026-10-05T12:18:43.4493188Z         "path": "generated/plugins/agdf/meta/agdf-mcp-capability.json",
2026-10-05T12:18:43.4493558Z         "size": 3972,
2026-10-05T12:18:43.4493771Z         "mode": 420
2026-10-05T12:18:43.4493971Z       },
2026-10-05T12:18:43.4494157Z       {
2026-10-05T12:18:43.4494495Z         "path": "generated/plugins/agdf/meta/agdf-plugin.definition.json",
2026-10-05T12:18:43.4494866Z         "size": 18450,
2026-10-05T12:18:43.4495086Z         "mode": 420
2026-10-05T12:18:43.4495282Z       },
2026-10-05T12:18:43.4495464Z       {
2026-10-05T12:18:43.4495941Z         "path": "generated/plugins/agdf/meta/agdf-runtime-contract.md",
2026-10-05T12:18:43.4496305Z         "size": 1977,
2026-10-05T12:18:43.4496513Z         "mode": 420
2026-10-05T12:18:43.4496710Z       },
2026-10-05T12:18:43.4496896Z       {
2026-10-05T12:18:43.4497182Z         "path": "generated/plugins/agdf/meta/agdf-tenets.md",
2026-10-05T12:18:43.4497506Z         "size": 8945,
2026-10-05T12:18:43.4497725Z         "mode": 420
2026-10-05T12:18:43.4498152Z       },
2026-10-05T12:18:43.4498399Z       {
2026-10-05T12:18:43.4498767Z         "path": "generated/plugins/agdf/meta/agent-skills-conformance.json",
2026-10-05T12:18:43.4499159Z         "size": 1867,
2026-10-05T12:18:43.4499373Z         "mode": 420
2026-10-05T12:18:43.4499575Z       },
2026-10-05T12:18:43.4499762Z       {
2026-10-05T12:18:43.4500073Z         "path": "generated/plugins/agdf/meta/contracts/closeout.md",
2026-10-05T12:18:43.4500426Z         "size": 4196,
2026-10-05T12:18:43.4500644Z         "mode": 420
2026-10-05T12:18:43.4500854Z       },
2026-10-05T12:18:43.4501034Z       {
2026-10-05T12:18:43.4501365Z         "path": "generated/plugins/agdf/meta/contracts/context-graph.md",
2026-10-05T12:18:43.4501734Z         "size": 2512,
2026-10-05T12:18:43.4501945Z         "mode": 420
2026-10-05T12:18:43.4502139Z       },
2026-10-05T12:18:43.4502325Z       {
2026-10-05T12:18:43.4502666Z         "path": "generated/plugins/agdf/meta/contracts/control-scaffold.md",
2026-10-05T12:18:43.4503041Z         "size": 11537,
2026-10-05T12:18:43.4503412Z         "mode": 420
2026-10-05T12:18:43.4503619Z       },
2026-10-05T12:18:43.4503794Z       {
2026-10-05T12:18:43.4504182Z         "path": "generated/plugins/agdf/meta/contracts/gate-artifact-preparation.md",
2026-10-05T12:18:43.4504597Z         "size": 5731,
2026-10-05T12:18:43.4504807Z         "mode": 420
2026-10-05T12:18:43.4505003Z       },
2026-10-05T12:18:43.4505188Z       {
2026-10-05T12:18:43.4505525Z         "path": "generated/plugins/agdf/meta/contracts/gate-transition.md",
2026-10-05T12:18:43.4505906Z         "size": 17966,
2026-10-05T12:18:43.4506127Z         "mode": 420
2026-10-05T12:18:43.4506323Z       },
2026-10-05T12:18:43.4506502Z       {
2026-10-05T12:18:43.4506825Z         "path": "generated/plugins/agdf/meta/contracts/interaction.md",
2026-10-05T12:18:43.4507181Z         "size": 46617,
2026-10-05T12:18:43.4507393Z         "mode": 420
2026-10-05T12:18:43.4507588Z       },
2026-10-05T12:18:43.4507774Z       {
2026-10-05T12:18:43.4508340Z         "path": "generated/plugins/agdf/meta/contracts/modes.md",
2026-10-05T12:18:43.4508879Z         "size": 12906,
2026-10-05T12:18:43.4509264Z         "mode": 420
2026-10-05T12:18:43.4509563Z       },
2026-10-05T12:18:43.4509934Z       {
2026-10-05T12:18:43.4510374Z         "path": "generated/plugins/agdf/meta/contracts/prd-definition.md",
2026-10-05T12:18:43.4510881Z         "size": 5034,
2026-10-05T12:18:43.4511284Z         "mode": 420
2026-10-05T12:18:43.4511567Z       },
2026-10-05T12:18:43.4511918Z       {
2026-10-05T12:18:43.4525514Z         "path": "generated/plugins/agdf/meta/contracts/quality.md",
2026-10-05T12:18:43.4525932Z         "size": 8692,
2026-10-05T12:18:43.4526181Z         "mode": 420
2026-10-05T12:18:43.4526442Z       },
2026-10-05T12:18:43.4526633Z       {
2026-10-05T12:18:43.4527017Z         "path": "generated/plugins/agdf/meta/contracts/request-activation.md",
2026-10-05T12:18:43.4527419Z         "size": 18822,
2026-10-05T12:18:43.4527640Z         "mode": 420
2026-10-05T12:18:43.4527856Z       },
2026-10-05T12:18:43.4528344Z       {
2026-10-05T12:18:43.4528706Z         "path": "generated/plugins/agdf/meta/contracts/sd-definition.md",
2026-10-05T12:18:43.4529085Z         "size": 4617,
2026-10-05T12:18:43.4529311Z         "mode": 420
2026-10-05T12:18:43.4529514Z       },
2026-10-05T12:18:43.4529697Z       {
2026-10-05T12:18:43.4530074Z         "path": "generated/plugins/agdf/meta/contracts/task-target-resolution.md",
2026-10-05T12:18:43.4530478Z         "size": 8919,
2026-10-05T12:18:43.4530693Z         "mode": 420
2026-10-05T12:18:43.4531135Z       },
2026-10-05T12:18:43.4531318Z       {
2026-10-05T12:18:43.4531644Z         "path": "generated/plugins/agdf/meta/contracts/ur-definition.md",
2026-10-05T12:18:43.4532017Z         "size": 3139,
2026-10-05T12:18:43.4532230Z         "mode": 420
2026-10-05T12:18:43.4532429Z       },
2026-10-05T12:18:43.4532609Z       {
2026-10-05T12:18:43.4532966Z         "path": "generated/plugins/agdf/meta/copilot-payload-baseline.json",
2026-10-05T12:18:43.4533347Z         "size": 276,
2026-10-05T12:18:43.4533567Z         "mode": 420
2026-10-05T12:18:43.4533772Z       },
2026-10-05T12:18:43.4533951Z       {
2026-10-05T12:18:43.4534315Z         "path": "generated/plugins/agdf/meta/distribution-profile-history.json",
2026-10-05T12:18:43.4534720Z         "size": 4398,
2026-10-05T12:18:43.4534938Z         "mode": 420
2026-10-05T12:18:43.4535137Z       },
2026-10-05T12:18:43.4535315Z       {
2026-10-05T12:18:43.4535720Z         "path": "generated/plugins/agdf/meta/schemas/agent-plugins/1.0.0/mcp.schema.json",
2026-10-05T12:18:43.4536155Z         "size": 3408,
2026-10-05T12:18:43.4536381Z         "mode": 420
2026-10-05T12:18:43.4536578Z       },
2026-10-05T12:18:43.4536759Z       {
2026-10-05T12:18:43.4537158Z         "path": "generated/plugins/agdf/meta/schemas/agent-plugins/1.0.0/plugin.schema.json",
2026-10-05T12:18:43.4537592Z         "size": 1805,
2026-10-05T12:18:43.4537797Z         "mode": 420
2026-10-05T12:18:43.4538160Z       },
2026-10-05T12:18:43.4538346Z       {
2026-10-05T12:18:43.4538861Z         "path": "generated/plugins/agdf/meta/schemas/agent-plugins/1.0.0/provenance.json",
2026-10-05T12:18:43.4539287Z         "size": 539,
2026-10-05T12:18:43.4539495Z         "mode": 420
2026-10-05T12:18:43.4539688Z       },
2026-10-05T12:18:43.4539862Z       {
2026-10-05T12:18:43.4540115Z         "path": "generated/plugins/agdf/plugin.json",
2026-10-05T12:18:43.4540411Z         "size": 526,
2026-10-05T12:18:43.4540614Z         "mode": 420
2026-10-05T12:18:43.4540804Z       },
2026-10-05T12:18:43.4540979Z       {
2026-10-05T12:18:43.4541273Z         "path": "generated/plugins/agdf/runtime/agdf-local.js",
2026-10-05T12:18:43.4541597Z         "size": 843,
2026-10-05T12:18:43.4541807Z         "mode": 420
2026-10-05T12:18:43.4542007Z       },
2026-10-05T12:18:43.4542186Z       {
2026-10-05T12:18:43.4542510Z         "path": "generated/plugins/agdf/runtime/agdf-session-check.js",
2026-10-05T12:18:43.4542865Z         "size": 9303,
2026-10-05T12:18:43.4543071Z         "mode": 420
2026-10-05T12:18:43.4543261Z       },
2026-10-05T12:18:43.4543446Z       {
2026-10-05T12:18:43.4543810Z         "path": "generated/plugins/agdf/runtime/create-agdf/bin/agdf-validator.js",
2026-10-05T12:18:43.4544204Z         "size": 323,
2026-10-05T12:18:43.4544409Z         "mode": 420
2026-10-05T12:18:43.4544598Z       },
2026-10-05T12:18:43.4544775Z       {
2026-10-05T12:18:43.4545307Z         "path": "generated/plugins/agdf/runtime/create-agdf/generated/plugins/agdf/meta/agdf-interaction-locales.json",
2026-10-05T12:18:43.4545859Z         "size": 153294,
2026-10-05T12:18:43.4546085Z         "mode": 420
2026-10-05T12:18:43.4546288Z       },
2026-10-05T12:18:43.4546471Z       {
2026-10-05T12:18:43.4546993Z         "path": "generated/plugins/agdf/runtime/create-agdf/generated/plugins/agdf/meta/agdf-plugin.definition.json",
2026-10-05T12:18:43.4547530Z         "size": 18450,
2026-10-05T12:18:43.4547752Z         "mode": 420
2026-10-05T12:18:43.4548090Z       },
2026-10-05T12:18:43.4548279Z       {
2026-10-05T12:18:43.4548786Z         "path": "generated/plugins/agdf/runtime/create-agdf/generated/plugins/agdf/meta/contracts/closeout.md",
2026-10-05T12:18:43.4549294Z         "size": 4196,
2026-10-05T12:18:43.4549507Z         "mode": 420
2026-10-05T12:18:43.4549710Z       },
2026-10-05T12:18:43.4549890Z       {
2026-10-05T12:18:43.4550395Z         "path": "generated/plugins/agdf/runtime/create-agdf/generated/plugins/agdf/meta/contracts/context-graph.md",
2026-10-05T12:18:43.4550922Z         "size": 2512,
2026-10-05T12:18:43.4551132Z         "mode": 420
2026-10-05T12:18:43.4551465Z       },
2026-10-05T12:18:43.4551641Z       {
2026-10-05T12:18:43.4552161Z         "path": "generated/plugins/agdf/runtime/create-agdf/generated/plugins/agdf/meta/contracts/control-scaffold.md",
2026-10-05T12:18:43.4552696Z         "size": 11537,
2026-10-05T12:18:43.4552906Z         "mode": 420
2026-10-05T12:18:43.4553105Z       },
2026-10-05T12:18:43.4553280Z       {
2026-10-05T12:18:43.4553839Z         "path": "generated/plugins/agdf/runtime/create-agdf/generated/plugins/agdf/meta/contracts/gate-artifact-preparation.md",
2026-10-05T12:18:43.4554413Z         "size": 5731,
2026-10-05T12:18:43.4554621Z         "mode": 420
2026-10-05T12:18:43.4554814Z       },
2026-10-05T12:18:43.4555000Z       {
2026-10-05T12:18:43.4555509Z         "path": "generated/plugins/agdf/runtime/create-agdf/generated/plugins/agdf/meta/contracts/gate-transition.md",
2026-10-05T12:18:43.4556034Z         "size": 17966,
2026-10-05T12:18:43.4556253Z         "mode": 420
2026-10-05T12:18:43.4556445Z       },
2026-10-05T12:18:43.4556625Z       {
2026-10-05T12:18:43.4557127Z         "path": "generated/plugins/agdf/runtime/create-agdf/generated/plugins/agdf/meta/contracts/interaction.md",
2026-10-05T12:18:43.4557637Z         "size": 46617,
2026-10-05T12:18:43.4557849Z         "mode": 420
2026-10-05T12:18:43.4558244Z       },
2026-10-05T12:18:43.4558430Z       {
2026-10-05T12:18:43.4558896Z         "path": "generated/plugins/agdf/runtime/create-agdf/generated/plugins/agdf/meta/contracts/modes.md",
2026-10-05T12:18:43.4559524Z         "size": 12906,
2026-10-05T12:18:43.4559753Z         "mode": 420
2026-10-05T12:18:43.4559952Z       },
2026-10-05T12:18:43.4560130Z       {
2026-10-05T12:18:43.4560639Z         "path": "generated/plugins/agdf/runtime/create-agdf/generated/plugins/agdf/meta/contracts/prd-definition.md",
2026-10-05T12:18:43.4561169Z         "size": 5034,
2026-10-05T12:18:43.4561379Z         "mode": 420
2026-10-05T12:18:43.4561586Z       },
2026-10-05T12:18:43.4561765Z       {
2026-10-05T12:18:43.4562249Z         "path": "generated/plugins/agdf/runtime/create-agdf/generated/plugins/agdf/meta/contracts/quality.md",
2026-10-05T12:18:43.4562758Z         "size": 8692,
2026-10-05T12:18:43.4562965Z         "mode": 420
2026-10-05T12:18:43.4563162Z       },
2026-10-05T12:18:43.4563341Z       {
2026-10-05T12:18:43.4563876Z         "path": "generated/plugins/agdf/runtime/create-agdf/generated/plugins/agdf/meta/contracts/request-activation.md",
2026-10-05T12:18:43.4564411Z         "size": 18822,
2026-10-05T12:18:43.4564621Z         "mode": 420
2026-10-05T12:18:43.4564827Z       },
2026-10-05T12:18:43.4565007Z       {
2026-10-05T12:18:43.4565505Z         "path": "generated/plugins/agdf/runtime/create-agdf/generated/plugins/agdf/meta/contracts/sd-definition.md",
2026-10-05T12:18:43.4566022Z         "size": 4617,
2026-10-05T12:18:43.4566229Z         "mode": 420
2026-10-05T12:18:43.4566420Z       },
2026-10-05T12:18:43.4566603Z       {
2026-10-05T12:18:43.4567145Z         "path": "generated/plugins/agdf/runtime/create-agdf/generated/plugins/agdf/meta/contracts/task-target-resolution.md",
2026-10-05T12:18:43.4567719Z         "size": 8919,
2026-10-05T12:18:43.4568095Z         "mode": 420
2026-10-05T12:18:43.4568304Z       },
2026-10-05T12:18:43.4568487Z       {
2026-10-05T12:18:43.4569007Z         "path": "generated/plugins/agdf/runtime/create-agdf/generated/plugins/agdf/meta/contracts/ur-definition.md",
2026-10-05T12:18:43.4569543Z         "size": 3139,
2026-10-05T12:18:43.4569757Z         "mode": 420
2026-10-05T12:18:43.4569955Z       },
2026-10-05T12:18:43.4570149Z       {
2026-10-05T12:18:43.4570544Z         "path": "generated/plugins/agdf/runtime/create-agdf/lib/cli/command-registry.js",
2026-10-05T12:18:43.4570978Z         "size": 25352,
2026-10-05T12:18:43.4571198Z         "mode": 420
2026-10-05T12:18:43.4571397Z       },
2026-10-05T12:18:43.4571578Z       {
2026-10-05T12:18:43.4571966Z         "path": "generated/plugins/agdf/runtime/create-agdf/lib/cli/contract-command.js",
2026-10-05T12:18:43.4572393Z         "size": 1796,
2026-10-05T12:18:43.4572748Z         "mode": 420
2026-10-05T12:18:43.4572946Z       },
2026-10-05T12:18:43.4573136Z       {
2026-10-05T12:18:43.4573582Z         "path": "generated/plugins/agdf/runtime/create-agdf/lib/cli/control-maintenance-command.js",
2026-10-05T12:18:43.4574056Z         "size": 2514,
2026-10-05T12:18:43.4574274Z         "mode": 420
2026-10-05T12:18:43.4574472Z       },
2026-10-05T12:18:43.4574655Z       {
2026-10-05T12:18:43.4575117Z         "path": "generated/plugins/agdf/runtime/create-agdf/lib/cli/delivery-path-search-command.js",
2026-10-05T12:18:43.4575582Z         "size": 9065,
2026-10-05T12:18:43.4575787Z         "mode": 420
2026-10-05T12:18:43.4575984Z       },
2026-10-05T12:18:43.4576166Z       {
2026-10-05T12:18:43.4576531Z         "path": "generated/plugins/agdf/runtime/create-agdf/lib/cli/parse-args.js",
2026-10-05T12:18:43.4576930Z         "size": 13953,
2026-10-05T12:18:43.4577145Z         "mode": 420
2026-10-05T12:18:43.4577342Z       },
2026-10-05T12:18:43.4577521Z       {
2026-10-05T12:18:43.4578060Z         "path": "generated/plugins/agdf/runtime/create-agdf/lib/cli/runtime-context.js",
2026-10-05T12:18:43.4578482Z         "size": 2217,
2026-10-05T12:18:43.4578691Z         "mode": 420
2026-10-05T12:18:43.4578893Z       },
2026-10-05T12:18:43.4579080Z       {
2026-10-05T12:18:43.4579484Z         "path": "generated/plugins/agdf/runtime/create-agdf/lib/cli/validation-handlers.js",
2026-10-05T12:18:43.4579917Z         "size": 11734,
2026-10-05T12:18:43.4580135Z         "mode": 420
2026-10-05T12:18:43.4580461Z       },
2026-10-05T12:18:43.4580649Z       {
2026-10-05T12:18:43.4581027Z         "path": "generated/plugins/agdf/runtime/create-agdf/lib/control-command.js",
2026-10-05T12:18:43.4581432Z         "size": 413,
2026-10-05T12:18:43.4581645Z         "mode": 420
2026-10-05T12:18:43.4581841Z       },
2026-10-05T12:18:43.4582025Z       {
2026-10-05T12:18:43.4582479Z         "path": "generated/plugins/agdf/runtime/create-agdf/lib/control-evaluation/git-observation.js",
2026-10-05T12:18:43.4582964Z         "size": 641,
2026-10-05T12:18:43.4583180Z         "mode": 420
2026-10-05T12:18:43.4583379Z       },
2026-10-05T12:18:43.4583560Z       {
2026-10-05T12:18:43.4584008Z         "path": "generated/plugins/agdf/runtime/create-agdf/lib/control-maintenance/interaction.js",
2026-10-05T12:18:43.4584469Z         "size": 1279,
2026-10-05T12:18:43.4584683Z         "mode": 420
2026-10-05T12:18:43.4584886Z       },
2026-10-05T12:18:43.4585081Z       {
2026-10-05T12:18:43.4585507Z         "path": "generated/plugins/agdf/runtime/create-agdf/lib/control-maintenance/repair.js",
2026-10-05T12:18:43.4585959Z         "size": 421,
2026-10-05T12:18:43.4586181Z         "mode": 420
2026-10-05T12:18:43.4586383Z       },
2026-10-05T12:18:43.4586569Z       {
2026-10-05T12:18:43.4586995Z         "path": "generated/plugins/agdf/runtime/create-agdf/lib/control-maintenance/service.js",
2026-10-05T12:18:43.4587445Z         "size": 264,
2026-10-05T12:18:43.4587655Z         "mode": 420
2026-10-05T12:18:43.4587857Z       },
2026-10-05T12:18:43.4588175Z       {
2026-10-05T12:18:43.4588591Z         "path": "generated/plugins/agdf/runtime/create-agdf/lib/control-maintenance/startup.js",
2026-10-05T12:18:43.4589044Z         "size": 1683,
2026-10-05T12:18:43.4589258Z         "mode": 420
2026-10-05T12:18:43.4589456Z       },
2026-10-05T12:18:43.4589637Z       {
2026-10-05T12:18:43.4590058Z         "path": "generated/plugins/agdf/runtime/create-agdf/lib/control-state/run-recovery.js",
2026-10-05T12:18:43.4590498Z         "size": 526,
2026-10-05T12:18:43.4590715Z         "mode": 420
2026-10-05T12:18:43.4590929Z       },
2026-10-05T12:18:43.4591113Z       {
2026-10-05T12:18:43.4591590Z         "path": "generated/plugins/agdf/runtime/create-agdf/lib/delivery-path-search/evaluators/claude.js",
2026-10-05T12:18:43.4592091Z         "size": 1525,
2026-10-05T12:18:43.4592309Z         "mode": 420
2026-10-05T12:18:43.4592510Z       },
2026-10-05T12:18:43.4592694Z       {
2026-10-05T12:18:43.4593164Z         "path": "generated/plugins/agdf/runtime/create-agdf/lib/delivery-path-search/evaluators/codex.js",
2026-10-05T12:18:43.4593841Z         "size": 1919,
2026-10-05T12:18:43.4594117Z         "mode": 420
2026-10-05T12:18:43.4594325Z       },
2026-10-05T12:18:43.4594505Z       {
2026-10-05T12:18:43.4594984Z         "path": "generated/plugins/agdf/runtime/create-agdf/lib/delivery-path-search/evaluators/opencode.js",
2026-10-05T12:18:43.4595493Z         "size": 8924,
2026-10-05T12:18:43.4595713Z         "mode": 420
2026-10-05T12:18:43.4595911Z       },
2026-10-05T12:18:43.4596109Z       {
2026-10-05T12:18:43.4596578Z         "path": "generated/plugins/agdf/runtime/create-agdf/lib/delivery-path-search/evaluators/prompt.js",
2026-10-05T12:18:43.4597069Z         "size": 753,
2026-10-05T12:18:43.4597289Z         "mode": 420
2026-10-05T12:18:43.4597486Z       },
2026-10-05T12:18:43.4597667Z       {
2026-10-05T12:18:43.4598314Z         "path": "generated/plugins/agdf/runtime/create-agdf/lib/delivery-path-search/evaluators/protocol.js",
2026-10-05T12:18:43.4598829Z         "size": 470,
2026-10-05T12:18:43.4599037Z         "mode": 420
2026-10-05T12:18:43.4599233Z       },
2026-10-05T12:18:43.4599423Z       {
2026-10-05T12:18:43.4599884Z         "path": "generated/plugins/agdf/runtime/create-agdf/lib/delivery-path-search/generators/claude.js",
2026-10-05T12:18:43.4600368Z         "size": 2203,
2026-10-05T12:18:43.4600579Z         "mode": 420
2026-10-05T12:18:43.4600777Z       },
2026-10-05T12:18:43.4600954Z       {
2026-10-05T12:18:43.4601550Z         "path": "generated/plugins/agdf/runtime/create-agdf/lib/delivery-path-search/generators/codex.js",
2026-10-05T12:18:43.4602038Z         "size": 2187,
2026-10-05T12:18:43.4602248Z         "mode": 420
2026-10-05T12:18:43.4602443Z       },
2026-10-05T12:18:43.4602632Z       {
2026-10-05T12:18:43.4603104Z         "path": "generated/plugins/agdf/runtime/create-agdf/lib/delivery-path-search/generators/protocol.js",
2026-10-05T12:18:43.4603596Z         "size": 389,
2026-10-05T12:18:43.4603816Z         "mode": 420
2026-10-05T12:18:43.4604030Z       },
2026-10-05T12:18:43.4604212Z       {
2026-10-05T12:18:43.4604727Z         "path": "generated/plugins/agdf/runtime/create-agdf/lib/delivery-path-search/surfaces/capabilities.js",
2026-10-05T12:18:43.4605250Z         "size": 1161,
2026-10-05T12:18:43.4605464Z         "mode": 420
2026-10-05T12:18:43.4605671Z       },
2026-10-05T12:18:43.4605856Z       {
2026-10-05T12:18:43.4606368Z         "path": "generated/plugins/agdf/runtime/create-agdf/lib/delivery-path-search/transports/read-only-guard.js",
2026-10-05T12:18:43.4606915Z         "size": 1271,
2026-10-05T12:18:43.4607127Z         "mode": 420
2026-10-05T12:18:43.4607331Z       },
2026-10-05T12:18:43.4607514Z       {
2026-10-05T12:18:43.4608131Z         "path": "generated/plugins/agdf/runtime/create-agdf/lib/host-adapters/claude/session-command.js",
2026-10-05T12:18:43.4608618Z         "size": 165,
2026-10-05T12:18:43.4608830Z         "mode": 420
2026-10-05T12:18:43.4609038Z       },
2026-10-05T12:18:43.4609219Z       {
2026-10-05T12:18:43.4609680Z         "path": "generated/plugins/agdf/runtime/create-agdf/lib/host-adapters/codex/session-command.js",
2026-10-05T12:18:43.4610168Z         "size": 455,
2026-10-05T12:18:43.4610378Z         "mode": 420
2026-10-05T12:18:43.4610571Z       },
2026-10-05T12:18:43.4610760Z       {
2026-10-05T12:18:43.4611213Z         "path": "generated/plugins/agdf/runtime/create-agdf/lib/host-adapters/copilot/session-command.js",
2026-10-05T12:18:43.4611693Z         "size": 91,
2026-10-05T12:18:43.4611896Z         "mode": 420
2026-10-05T12:18:43.4612101Z       },
2026-10-05T12:18:43.4612284Z       {
2026-10-05T12:18:43.4612744Z         "path": "generated/plugins/agdf/runtime/create-agdf/lib/host-adapters/opencode/session-command.js",
2026-10-05T12:18:43.4613235Z         "size": 76,
2026-10-05T12:18:43.4613436Z         "mode": 420
2026-10-05T12:18:43.4613628Z       },
2026-10-05T12:18:43.4613814Z       {
2026-10-05T12:18:43.4614244Z         "path": "generated/plugins/agdf/runtime/create-agdf/lib/host-adapters/session-command.js",
2026-10-05T12:18:43.4614835Z         "size": 609,
2026-10-05T12:18:43.4615046Z         "mode": 420
2026-10-05T12:18:43.4615242Z       },
2026-10-05T12:18:43.4615442Z       {
2026-10-05T12:18:43.4615811Z         "path": "generated/plugins/agdf/runtime/create-agdf/lib/host-command.js",
2026-10-05T12:18:43.4616218Z         "size": 5591,
2026-10-05T12:18:43.4616430Z         "mode": 420
2026-10-05T12:18:43.4616631Z       },
2026-10-05T12:18:43.4616820Z       {
2026-10-05T12:18:43.4617225Z         "path": "generated/plugins/agdf/runtime/create-agdf/lib/mcp-dispatch-runtime.js",
2026-10-05T12:18:43.4617654Z         "size": 7671,
2026-10-05T12:18:43.4617866Z         "mode": 420
2026-10-05T12:18:43.4618400Z       },
2026-10-05T12:18:43.4618590Z       {
2026-10-05T12:18:43.4618999Z         "path": "generated/plugins/agdf/runtime/create-agdf/lib/mcp-lifecycle/package.js",
2026-10-05T12:18:43.4619703Z         "size": 16097,
2026-10-05T12:18:43.4620101Z         "mode": 420
2026-10-05T12:18:43.4620448Z       },
2026-10-05T12:18:43.4620790Z       {
2026-10-05T12:18:43.4621587Z         "path": "generated/plugins/agdf/runtime/create-agdf/lib/mcp-lifecycle/plugin-runtime.js",
2026-10-05T12:18:43.4622430Z         "size": 12833,
2026-10-05T12:18:43.4622841Z         "mode": 420
2026-10-05T12:18:43.4623207Z       },
2026-10-05T12:18:43.4623539Z       {
2026-10-05T12:18:43.4624199Z         "path": "generated/plugins/agdf/runtime/create-agdf/lib/npm-invocation.js",
2026-10-05T12:18:43.4624977Z         "size": 969,
2026-10-05T12:18:43.4625600Z         "mode": 420
2026-10-05T12:18:43.4625972Z       },
2026-10-05T12:18:43.4626370Z       {
2026-10-05T12:18:43.4627095Z         "path": "generated/plugins/agdf/runtime/create-agdf/lib/repository-context.js",
2026-10-05T12:18:43.4627868Z         "size": 3033,
2026-10-05T12:18:43.4628511Z         "mode": 420
2026-10-05T12:18:43.4628851Z       },
2026-10-05T12:18:43.4629168Z       {
2026-10-05T12:18:43.4629980Z         "path": "generated/plugins/agdf/runtime/create-agdf/lib/runtime-check-consent/contract.js",
2026-10-05T12:18:43.4630869Z         "size": 3925,
2026-10-05T12:18:43.4631258Z         "mode": 420
2026-10-05T12:18:43.4631607Z       },
2026-10-05T12:18:43.4631922Z       {
2026-10-05T12:18:43.4632740Z         "path": "generated/plugins/agdf/runtime/create-agdf/lib/runtime/control-command-service.js",
2026-10-05T12:18:43.4633633Z         "size": 607,
2026-10-05T12:18:43.4634023Z         "mode": 420
2026-10-05T12:18:43.4634383Z       },
2026-10-05T12:18:43.4634709Z       {
2026-10-05T12:18:43.4635481Z         "path": "generated/plugins/agdf/runtime/create-agdf/lib/runtime/control-context.js",
2026-10-05T12:18:43.4636294Z         "size": 904,
2026-10-05T12:18:43.4636667Z         "mode": 420
2026-10-05T12:18:43.4637013Z       },
2026-10-05T12:18:43.4637335Z       {
2026-10-05T12:18:43.4638331Z         "path": "generated/plugins/agdf/runtime/create-agdf/lib/runtime/git-history.js",
2026-10-05T12:18:43.4639138Z         "size": 510,
2026-10-05T12:18:43.4639519Z         "mode": 420
2026-10-05T12:18:43.4639885Z       },
2026-10-05T12:18:43.4640203Z       {
2026-10-05T12:18:43.4640940Z         "path": "generated/plugins/agdf/runtime/create-agdf/lib/runtime/git-originals.js",
2026-10-05T12:18:43.4641748Z         "size": 2213,
2026-10-05T12:18:43.4642111Z         "mode": 420
2026-10-05T12:18:43.4642467Z       },
2026-10-05T12:18:43.4642775Z       {
2026-10-05T12:18:43.4643504Z         "path": "generated/plugins/agdf/runtime/create-agdf/lib/runtime/local-validator.js",
2026-10-05T12:18:43.4644339Z         "size": 14029,
2026-10-05T12:18:43.4644735Z         "mode": 420
2026-10-05T12:18:43.4645082Z       },
2026-10-05T12:18:43.4645394Z       {
2026-10-05T12:18:43.4646164Z         "path": "generated/plugins/agdf/runtime/create-agdf/lib/runtime/plugin-provenance.js",
2026-10-05T12:18:43.4646982Z         "size": 57,
2026-10-05T12:18:43.4647350Z         "mode": 420
2026-10-05T12:18:43.4647703Z       },
2026-10-05T12:18:43.4648279Z       {
2026-10-05T12:18:43.4649022Z         "path": "generated/plugins/agdf/runtime/create-agdf/lib/runtime/runtime-probe.js",
2026-10-05T12:18:43.4650108Z         "size": 3045,
2026-10-05T12:18:43.4650490Z         "mode": 420
2026-10-05T12:18:43.4650854Z       },
2026-10-05T12:18:43.4651185Z       {
2026-10-05T12:18:43.4652013Z         "path": "generated/plugins/agdf/runtime/create-agdf/lib/runtime/validator-application.js",
2026-10-05T12:18:43.4652866Z         "size": 1823,
2026-10-05T12:18:43.4653249Z         "mode": 420
2026-10-05T12:18:43.4653612Z       },
2026-10-05T12:18:43.4653934Z       {
2026-10-05T12:18:43.4654704Z         "path": "generated/plugins/agdf/runtime/create-agdf/lib/skill-dispatch/binding.js",
2026-10-05T12:18:43.4655519Z         "size": 642,
2026-10-05T12:18:43.4655902Z         "mode": 420
2026-10-05T12:18:43.4656260Z       },
2026-10-05T12:18:43.4656591Z       {
2026-10-05T12:18:43.4657156Z         "path": "generated/plugins/agdf/runtime/create-agdf/NOTICE",
2026-10-05T12:18:43.4657799Z         "size": 422,
2026-10-05T12:18:43.4658483Z         "mode": 420
2026-10-05T12:18:43.4658873Z       },
2026-10-05T12:18:43.4659195Z       {
2026-10-05T12:18:43.4659823Z         "path": "generated/plugins/agdf/runtime/create-agdf/package.json",
2026-10-05T12:18:43.4660529Z         "size": 220,
2026-10-05T12:18:43.4660911Z         "mode": 420
2026-10-05T12:18:43.4661267Z       },
2026-10-05T12:18:43.4661592Z       {
2026-10-05T12:18:43.4662539Z         "path": "generated/plugins/agdf/runtime/create-agdf/runtime/core/lib/control-evaluation/delivery-map.js",
2026-10-05T12:18:43.4663733Z         "size": 13111,
2026-10-05T12:18:43.4664138Z         "mode": 420
2026-10-05T12:18:43.4664488Z       },
2026-10-05T12:18:43.4664804Z       {
2026-10-05T12:18:43.4665821Z         "path": "generated/plugins/agdf/runtime/create-agdf/runtime/core/lib/control-evaluation/delivery-relationships.js",
2026-10-05T12:18:43.4666876Z         "size": 1370,
2026-10-05T12:18:43.4667253Z         "mode": 420
2026-10-05T12:18:43.4667594Z       },
2026-10-05T12:18:43.4668222Z       {
2026-10-05T12:18:43.4669117Z         "path": "generated/plugins/agdf/runtime/create-agdf/runtime/core/lib/control-evaluation/doctor.js",
2026-10-05T12:18:43.4670035Z         "size": 14393,
2026-10-05T12:18:43.4670426Z         "mode": 420
2026-10-05T12:18:43.4670777Z       },
2026-10-05T12:18:43.4671096Z       {
2026-10-05T12:18:43.4672001Z         "path": "generated/plugins/agdf/runtime/create-agdf/runtime/core/lib/control-evaluation/gate-check.js",
2026-10-05T12:18:43.4672785Z         "size": 37366,
2026-10-05T12:18:43.4673011Z         "mode": 420
2026-10-05T12:18:43.4673227Z       },
2026-10-05T12:18:43.4673421Z       {
2026-10-05T12:18:43.4673924Z         "path": "generated/plugins/agdf/runtime/create-agdf/runtime/core/lib/control-evaluation/gate-policy.js",
2026-10-05T12:18:43.4674447Z         "size": 17824,
2026-10-05T12:18:43.4674674Z         "mode": 420
2026-10-05T12:18:43.4674877Z       },
2026-10-05T12:18:43.4675058Z       {
2026-10-05T12:18:43.4675610Z         "path": "generated/plugins/agdf/runtime/create-agdf/runtime/core/lib/control-evaluation/parent-reconciliation.js",
2026-10-05T12:18:43.4676179Z         "size": 10121,
2026-10-05T12:18:43.4676398Z         "mode": 420
2026-10-05T12:18:43.4676604Z       },
2026-10-05T12:18:43.4676786Z       {
2026-10-05T12:18:43.4677288Z         "path": "generated/plugins/agdf/runtime/create-agdf/runtime/core/lib/control-evaluation/prd-readiness.js",
2026-10-05T12:18:43.4677818Z         "size": 2268,
2026-10-05T12:18:43.4678370Z         "mode": 420
2026-10-05T12:18:43.4678582Z       },
2026-10-05T12:18:43.4678779Z       {
2026-10-05T12:18:43.4679298Z         "path": "generated/plugins/agdf/runtime/create-agdf/runtime/core/lib/control-evaluation/required-files.js",
2026-10-05T12:18:43.4680042Z         "size": 337,
2026-10-05T12:18:43.4680379Z         "mode": 420
2026-10-05T12:18:43.4680588Z       },
2026-10-05T12:18:43.4680770Z       {
2026-10-05T12:18:43.4681255Z         "path": "generated/plugins/agdf/runtime/create-agdf/runtime/core/lib/control-evaluation/run-state.js",
2026-10-05T12:18:43.4681972Z         "size": 11605,
2026-10-05T12:18:43.4682185Z         "mode": 420
2026-10-05T12:18:43.4682385Z       },
2026-10-05T12:18:43.4682572Z       {
2026-10-05T12:18:43.4683088Z         "path": "generated/plugins/agdf/runtime/create-agdf/runtime/core/lib/control-evaluation/run-step-policy.js",
2026-10-05T12:18:43.4683615Z         "size": 1382,
2026-10-05T12:18:43.4683842Z         "mode": 420
2026-10-05T12:18:43.4684044Z       },
2026-10-05T12:18:43.4684226Z       {
2026-10-05T12:18:43.4684734Z         "path": "generated/plugins/agdf/runtime/create-agdf/runtime/core/lib/control-evaluation/sd-readiness.js",
2026-10-05T12:18:43.4685274Z         "size": 2561,
2026-10-05T12:18:43.4685492Z         "mode": 420
2026-10-05T12:18:43.4685692Z       },
2026-10-05T12:18:43.4685882Z       {
2026-10-05T12:18:43.4686359Z         "path": "generated/plugins/agdf/runtime/create-agdf/runtime/core/lib/control-evaluation/shared.js",
2026-10-05T12:18:43.4686856Z         "size": 10972,
2026-10-05T12:18:43.4687078Z         "mode": 420
2026-10-05T12:18:43.4687282Z       },
2026-10-05T12:18:43.4687465Z       {
2026-10-05T12:18:43.4688294Z         "path": "generated/plugins/agdf/runtime/create-agdf/runtime/core/lib/control-evaluation/traceability-readiness.js",
2026-10-05T12:18:43.4688867Z         "size": 13831,
2026-10-05T12:18:43.4689081Z         "mode": 420
2026-10-05T12:18:43.4689299Z       },
2026-10-05T12:18:43.4689493Z       {
2026-10-05T12:18:43.4690139Z         "path": "generated/plugins/agdf/runtime/create-agdf/runtime/core/lib/control-evaluation/ur-readiness.js",
2026-10-05T12:18:43.4690662Z         "size": 2045,
2026-10-05T12:18:43.4690886Z         "mode": 420
2026-10-05T12:18:43.4691093Z       },
2026-10-05T12:18:43.4691275Z       {
2026-10-05T12:18:43.4691790Z         "path": "generated/plugins/agdf/runtime/create-agdf/runtime/core/lib/control-evaluation/verified-change.js",
2026-10-05T12:18:43.4692316Z         "size": 12119,
2026-10-05T12:18:43.4692531Z         "mode": 420
2026-10-05T12:18:43.4692733Z       },
2026-10-05T12:18:43.4692919Z       {
2026-10-05T12:18:43.4693382Z         "path": "generated/plugins/agdf/runtime/create-agdf/runtime/core/lib/control-inspect/contract.js",
2026-10-05T12:18:43.4693872Z         "size": 13500,
2026-10-05T12:18:43.4694084Z         "mode": 420
2026-10-05T12:18:43.4694282Z       },
2026-10-05T12:18:43.4694463Z       {
2026-10-05T12:18:43.4694930Z         "path": "generated/plugins/agdf/runtime/create-agdf/runtime/core/lib/control-inspect/selection.js",
2026-10-05T12:18:43.4695420Z         "size": 1788,
2026-10-05T12:18:43.4695639Z         "mode": 420
2026-10-05T12:18:43.4695842Z       },
2026-10-05T12:18:43.4696019Z       {
2026-10-05T12:18:43.4696475Z         "path": "generated/plugins/agdf/runtime/create-agdf/runtime/core/lib/control-inspect/service.js",
2026-10-05T12:18:43.4696961Z         "size": 12577,
2026-10-05T12:18:43.4697174Z         "mode": 420
2026-10-05T12:18:43.4697372Z       },
2026-10-05T12:18:43.4697556Z       {
2026-10-05T12:18:43.4698334Z         "path": "generated/plugins/agdf/runtime/create-agdf/runtime/core/lib/control-maintenance/compatibility.js",
2026-10-05T12:18:43.4698881Z         "size": 8412,
2026-10-05T12:18:43.4699102Z         "mode": 420
2026-10-05T12:18:43.4699305Z       },
2026-10-05T12:18:43.4699491Z       {
2026-10-05T12:18:43.4699969Z         "path": "generated/plugins/agdf/runtime/create-agdf/runtime/core/lib/control-maintenance/contract.js",
2026-10-05T12:18:43.4700475Z         "size": 2342,
2026-10-05T12:18:43.4700689Z         "mode": 420
2026-10-05T12:18:43.4700782Z       },
2026-10-05T12:18:43.4700865Z       {
2026-10-05T12:18:43.4701263Z         "path": "generated/plugins/agdf/runtime/create-agdf/runtime/core/lib/control-maintenance/interaction.js",
2026-10-05T12:18:43.4701359Z         "size": 3207,
2026-10-05T12:18:43.4701449Z         "mode": 420
2026-10-05T12:18:43.4701527Z       },
2026-10-05T12:18:43.4701612Z       {
2026-10-05T12:18:43.4701999Z         "path": "generated/plugins/agdf/runtime/create-agdf/runtime/core/lib/control-maintenance/migration.js",
2026-10-05T12:18:43.4702236Z         "size": 5383,
2026-10-05T12:18:43.4702332Z         "mode": 420
2026-10-05T12:18:43.4702422Z       },
2026-10-05T12:18:43.4702508Z       {
2026-10-05T12:18:43.4702906Z         "path": "generated/plugins/agdf/runtime/create-agdf/runtime/core/lib/control-maintenance/presentation.js",
2026-10-05T12:18:43.4702999Z         "size": 8246,
2026-10-05T12:18:43.4703093Z         "mode": 420
2026-10-05T12:18:43.4703173Z       },
2026-10-05T12:18:43.4703258Z       {
2026-10-05T12:18:43.4703644Z         "path": "generated/plugins/agdf/runtime/create-agdf/runtime/core/lib/control-maintenance/repair.js",
2026-10-05T12:18:43.4703744Z         "size": 13216,
2026-10-05T12:18:43.4703832Z         "mode": 420
2026-10-05T12:18:43.4703920Z       },
2026-10-05T12:18:43.4704005Z       {
2026-10-05T12:18:43.4704379Z         "path": "generated/plugins/agdf/runtime/create-agdf/runtime/core/lib/control-maintenance/service.js",
2026-10-05T12:18:43.4704474Z         "size": 2412,
2026-10-05T12:18:43.4704572Z         "mode": 420
2026-10-05T12:18:43.4704654Z       },
2026-10-05T12:18:43.4704737Z       {
2026-10-05T12:18:43.4705089Z         "path": "generated/plugins/agdf/runtime/create-agdf/runtime/core/lib/control-read-boundary.js",
2026-10-05T12:18:43.4705182Z         "size": 906,
2026-10-05T12:18:43.4705266Z         "mode": 420
2026-10-05T12:18:43.4705350Z       },
2026-10-05T12:18:43.4705432Z       {
2026-10-05T12:18:43.4705914Z         "path": "generated/plugins/agdf/runtime/create-agdf/runtime/core/lib/control-state/aggregate.js",
2026-10-05T12:18:43.4706014Z         "size": 503,
2026-10-05T12:18:43.4706102Z         "mode": 420
2026-10-05T12:18:43.4706186Z       },
2026-10-05T12:18:43.4706263Z       {
2026-10-05T12:18:43.4706699Z         "path": "generated/plugins/agdf/runtime/create-agdf/runtime/core/lib/control-state/approval-command-contract.js",
2026-10-05T12:18:43.4706793Z         "size": 3748,
2026-10-05T12:18:43.4706877Z         "mode": 420
2026-10-05T12:18:43.4706960Z       },
2026-10-05T12:18:43.4707051Z       {
2026-10-05T12:18:43.4707445Z         "path": "generated/plugins/agdf/runtime/create-agdf/runtime/core/lib/control-state/approval-command.js",
2026-10-05T12:18:43.4707532Z         "size": 8139,
2026-10-05T12:18:43.4707621Z         "mode": 420
2026-10-05T12:18:43.4707704Z       },
2026-10-05T12:18:43.4707781Z       {
2026-10-05T12:18:43.4708438Z         "path": "generated/plugins/agdf/runtime/create-agdf/runtime/core/lib/control-state/approval-operations.js",
2026-10-05T12:18:43.4708544Z         "size": 6088,
2026-10-05T12:18:43.4708632Z         "mode": 420
2026-10-05T12:18:43.4708719Z       },
2026-10-05T12:18:43.4708803Z       {
2026-10-05T12:18:43.4709228Z         "path": "generated/plugins/agdf/runtime/create-agdf/runtime/core/lib/control-state/artefact-binding-proof.js",
2026-10-05T12:18:43.4709315Z         "size": 4880,
2026-10-05T12:18:43.4709406Z         "mode": 420
2026-10-05T12:18:43.4709491Z       },
2026-10-05T12:18:43.4709571Z       {
2026-10-05T12:18:43.4709965Z         "path": "generated/plugins/agdf/runtime/create-agdf/runtime/core/lib/control-state/artefact-bindings.js",
2026-10-05T12:18:43.4710063Z         "size": 6925,
2026-10-05T12:18:43.4710151Z         "mode": 420
2026-10-05T12:18:43.4710233Z       },
2026-10-05T12:18:43.4710316Z       {
2026-10-05T12:18:43.4710694Z         "path": "generated/plugins/agdf/runtime/create-agdf/runtime/core/lib/control-state/contained-file.js",
2026-10-05T12:18:43.4710783Z         "size": 2204,
2026-10-05T12:18:43.4710873Z         "mode": 420
2026-10-05T12:18:43.4710966Z       },
2026-10-05T12:18:43.4711045Z       {
2026-10-05T12:18:43.4711455Z         "path": "generated/plugins/agdf/runtime/create-agdf/runtime/core/lib/control-state/control-configuration.js",
2026-10-05T12:18:43.4711548Z         "size": 1072,
2026-10-05T12:18:43.4711641Z         "mode": 420
2026-10-05T12:18:43.4711719Z       },
2026-10-05T12:18:43.4711806Z       {
2026-10-05T12:18:43.4712226Z         "path": "generated/plugins/agdf/runtime/create-agdf/runtime/core/lib/control-state/gate-approval-validator.js",
2026-10-05T12:18:43.4712454Z         "size": 1704,
2026-10-05T12:18:43.4712546Z         "mode": 420
2026-10-05T12:18:43.4712630Z       },
2026-10-05T12:18:43.4712714Z       {
2026-10-05T12:18:43.4713052Z         "path": "generated/plugins/agdf/runtime/create-agdf/runtime/core/lib/control-state/index.js",
2026-10-05T12:18:43.4713144Z         "size": 346,
2026-10-05T12:18:43.4713234Z         "mode": 420
2026-10-05T12:18:43.4713312Z       },
2026-10-05T12:18:43.4713397Z       {
2026-10-05T12:18:43.4713797Z         "path": "generated/plugins/agdf/runtime/create-agdf/runtime/core/lib/control-state/legacy-migration.js",
2026-10-05T12:18:43.4713892Z         "size": 3088,
2026-10-05T12:18:43.4713980Z         "mode": 420
2026-10-05T12:18:43.4714064Z       },
2026-10-05T12:18:43.4714151Z       {
2026-10-05T12:18:43.4714569Z         "path": "generated/plugins/agdf/runtime/create-agdf/runtime/core/lib/control-state/legacy-projection-reader.js",
2026-10-05T12:18:43.4714663Z         "size": 1984,
2026-10-05T12:18:43.4714760Z         "mode": 420
2026-10-05T12:18:43.4714845Z       },
2026-10-05T12:18:43.4714926Z       {
2026-10-05T12:18:43.4715340Z         "path": "generated/plugins/agdf/runtime/create-agdf/runtime/core/lib/control-state/run-artefact-recording.js",
2026-10-05T12:18:43.4715434Z         "size": 6620,
2026-10-05T12:18:43.4715519Z         "mode": 420
2026-10-05T12:18:43.4715606Z       },
2026-10-05T12:18:43.4715692Z       {
2026-10-05T12:18:43.4716174Z         "path": "generated/plugins/agdf/runtime/create-agdf/runtime/core/lib/control-state/run-identity.js",
2026-10-05T12:18:43.4716272Z         "size": 573,
2026-10-05T12:18:43.4716365Z         "mode": 420
2026-10-05T12:18:43.4716451Z       },
2026-10-05T12:18:43.4716531Z       {
2026-10-05T12:18:43.4716954Z         "path": "generated/plugins/agdf/runtime/create-agdf/runtime/core/lib/control-state/run-presentation-render.js",
2026-10-05T12:18:43.4717047Z         "size": 17579,
2026-10-05T12:18:43.4717131Z         "mode": 420
2026-10-05T12:18:43.4717225Z       },
2026-10-05T12:18:43.4717308Z       {
2026-10-05T12:18:43.4717698Z         "path": "generated/plugins/agdf/runtime/create-agdf/runtime/core/lib/control-state/run-presentation.js",
2026-10-05T12:18:43.4717785Z         "size": 6777,
2026-10-05T12:18:43.4717875Z         "mode": 420
2026-10-05T12:18:43.4718200Z       },
2026-10-05T12:18:43.4718287Z       {
2026-10-05T12:18:43.4718670Z         "path": "generated/plugins/agdf/runtime/create-agdf/runtime/core/lib/control-state/run-recording.js",
2026-10-05T12:18:43.4718772Z         "size": 10751,
2026-10-05T12:18:43.4718862Z         "mode": 420
2026-10-05T12:18:43.4718942Z       },
2026-10-05T12:18:43.4719026Z       {
2026-10-05T12:18:43.4719394Z         "path": "generated/plugins/agdf/runtime/create-agdf/runtime/core/lib/control-state/run-recovery.js",
2026-10-05T12:18:43.4719480Z         "size": 17891,
2026-10-05T12:18:43.4719570Z         "mode": 420
2026-10-05T12:18:43.4719654Z       },
2026-10-05T12:18:43.4719731Z       {
2026-10-05T12:18:43.4720179Z         "path": "generated/plugins/agdf/runtime/create-agdf/runtime/core/lib/control-state/run-relationship-correction.js",
2026-10-05T12:18:43.4720272Z         "size": 5721,
2026-10-05T12:18:43.4720366Z         "mode": 420
2026-10-05T12:18:43.4720444Z       },
2026-10-05T12:18:43.4720531Z       {
2026-10-05T12:18:43.4720939Z         "path": "generated/plugins/agdf/runtime/create-agdf/runtime/core/lib/control-state/run-revision-history.js",
2026-10-05T12:18:43.4721025Z         "size": 9598,
2026-10-05T12:18:43.4721122Z         "mode": 420
2026-10-05T12:18:43.4721206Z       },
2026-10-05T12:18:43.4721290Z       {
2026-10-05T12:18:43.4721654Z         "path": "generated/plugins/agdf/runtime/create-agdf/runtime/core/lib/control-state/run-revision.js",
2026-10-05T12:18:43.4721747Z         "size": 24412,
2026-10-05T12:18:43.4721835Z         "mode": 420
2026-10-05T12:18:43.4721912Z       },
2026-10-05T12:18:43.4721998Z       {
2026-10-05T12:18:43.4722352Z         "path": "generated/plugins/agdf/runtime/create-agdf/runtime/core/lib/control-state/run-seal.js",
2026-10-05T12:18:43.4722585Z         "size": 7838,
2026-10-05T12:18:43.4722674Z         "mode": 420
2026-10-05T12:18:43.4722759Z       },
2026-10-05T12:18:43.4722842Z       {
2026-10-05T12:18:43.4723239Z         "path": "generated/plugins/agdf/runtime/create-agdf/runtime/core/lib/control-state/run-source-revisions.js",
2026-10-05T12:18:43.4723332Z         "size": 9961,
2026-10-05T12:18:43.4723422Z         "mode": 420
2026-10-05T12:18:43.4723501Z       },
2026-10-05T12:18:43.4723590Z       {
2026-10-05T12:18:43.4723977Z         "path": "generated/plugins/agdf/runtime/create-agdf/runtime/core/lib/control-state/run-state-edits.js",
2026-10-05T12:18:43.4724070Z         "size": 6233,
2026-10-05T12:18:43.4724155Z         "mode": 420
2026-10-05T12:18:43.4724240Z       },
2026-10-05T12:18:43.4724323Z       {
2026-10-05T12:18:43.4724705Z         "path": "generated/plugins/agdf/runtime/create-agdf/runtime/core/lib/control-state/run-state-parser.js",
2026-10-05T12:18:43.4724808Z         "size": 12277,
2026-10-05T12:18:43.4724898Z         "mode": 420
2026-10-05T12:18:43.4724981Z       },
2026-10-05T12:18:43.4725058Z       {
2026-10-05T12:18:43.4725441Z         "path": "generated/plugins/agdf/runtime/create-agdf/runtime/core/lib/control-state/run-state-reader.js",
2026-10-05T12:18:43.4725535Z         "size": 1875,
2026-10-05T12:18:43.4725620Z         "mode": 420
2026-10-05T12:18:43.4725708Z       },
2026-10-05T12:18:43.4725795Z       {
2026-10-05T12:18:43.4726360Z         "path": "generated/plugins/agdf/runtime/create-agdf/runtime/core/lib/control-state/run-state-repository.js",
2026-10-05T12:18:43.4726452Z         "size": 6390,
2026-10-05T12:18:43.4726545Z         "mode": 420
2026-10-05T12:18:43.4726630Z       },
2026-10-05T12:18:43.4726710Z       {
2026-10-05T12:18:43.4727107Z         "path": "generated/plugins/agdf/runtime/create-agdf/runtime/core/lib/control-state/run-state-resolver.js",
2026-10-05T12:18:43.4727202Z         "size": 1371,
2026-10-05T12:18:43.4727295Z         "mode": 420
2026-10-05T12:18:43.4727382Z       },
2026-10-05T12:18:43.4727468Z       {
2026-10-05T12:18:43.4727857Z         "path": "generated/plugins/agdf/runtime/create-agdf/runtime/core/lib/control-state/run-state-writer.js",
2026-10-05T12:18:43.4728194Z         "size": 16219,
2026-10-05T12:18:43.4728332Z         "mode": 420
2026-10-05T12:18:43.4728421Z       },
2026-10-05T12:18:43.4728499Z       {
2026-10-05T12:18:43.4728921Z         "path": "generated/plugins/agdf/runtime/create-agdf/runtime/core/lib/control-state/run-step-pending.js",
2026-10-05T12:18:43.4729013Z         "size": 620,
2026-10-05T12:18:43.4729103Z         "mode": 420
2026-10-05T12:18:43.4729180Z       },
2026-10-05T12:18:43.4729265Z       {
2026-10-05T12:18:43.4729674Z         "path": "generated/plugins/agdf/runtime/create-agdf/runtime/core/lib/control-state/run-step-transaction.js",
2026-10-05T12:18:43.4729761Z         "size": 15958,
2026-10-05T12:18:43.4729852Z         "mode": 420
2026-10-05T12:18:43.4729936Z       },
2026-10-05T12:18:43.4730020Z       {
2026-10-05T12:18:43.4730382Z         "path": "generated/plugins/agdf/runtime/create-agdf/runtime/core/lib/control-state/run-steps.js",
2026-10-05T12:18:43.4730474Z         "size": 15588,
2026-10-05T12:18:43.4730564Z         "mode": 420
2026-10-05T12:18:43.4730641Z       },
2026-10-05T12:18:43.4730725Z       {
2026-10-05T12:18:43.4731126Z         "path": "generated/plugins/agdf/runtime/create-agdf/runtime/core/lib/control-state/run-store-inspection.js",
2026-10-05T12:18:43.4731223Z         "size": 2164,
2026-10-05T12:18:43.4731313Z         "mode": 420
2026-10-05T12:18:43.4731396Z       },
2026-10-05T12:18:43.4731481Z       {
2026-10-05T12:18:43.4731861Z         "path": "generated/plugins/agdf/runtime/create-agdf/runtime/core/lib/delivery-continuation/service.js",
2026-10-05T12:18:43.4731952Z         "size": 3947,
2026-10-05T12:18:43.4732041Z         "mode": 420
2026-10-05T12:18:43.4732120Z       },
2026-10-05T12:18:43.4732205Z       {
2026-10-05T12:18:43.4732629Z         "path": "generated/plugins/agdf/runtime/create-agdf/runtime/core/lib/delivery-path-search/candidate-policy.js",
2026-10-05T12:18:43.4732861Z         "size": 3919,
2026-10-05T12:18:43.4732945Z         "mode": 420
2026-10-05T12:18:43.4733029Z       },
2026-10-05T12:18:43.4733113Z       {
2026-10-05T12:18:43.4733497Z         "path": "generated/plugins/agdf/runtime/create-agdf/runtime/core/lib/delivery-path-search/contracts.js",
2026-10-05T12:18:43.4733588Z         "size": 15955,
2026-10-05T12:18:43.4733679Z         "mode": 420
2026-10-05T12:18:43.4733768Z       },
2026-10-05T12:18:43.4733849Z       {
2026-10-05T12:18:43.4734246Z         "path": "generated/plugins/agdf/runtime/create-agdf/runtime/core/lib/delivery-path-search/persistence.js",
2026-10-05T12:18:43.4734339Z         "size": 2521,
2026-10-05T12:18:43.4734423Z         "mode": 420
2026-10-05T12:18:43.4734511Z       },
2026-10-05T12:18:43.4734595Z       {
2026-10-05T12:18:43.4734969Z         "path": "generated/plugins/agdf/runtime/create-agdf/runtime/core/lib/delivery-path-search/scoring.js",
2026-10-05T12:18:43.4735068Z         "size": 824,
2026-10-05T12:18:43.4735160Z         "mode": 420
2026-10-05T12:18:43.4735247Z       },
2026-10-05T12:18:43.4735325Z       {
2026-10-05T12:18:43.4735728Z         "path": "generated/plugins/agdf/runtime/create-agdf/runtime/core/lib/delivery-path-search/search-engine.js",
2026-10-05T12:18:43.4735823Z         "size": 11244,
2026-10-05T12:18:43.4735909Z         "mode": 420
2026-10-05T12:18:43.4735997Z       },
2026-10-05T12:18:43.4736199Z       {
2026-10-05T12:18:43.4736608Z         "path": "generated/plugins/agdf/runtime/create-agdf/runtime/core/lib/delivery-path-search/state-adapter.js",
2026-10-05T12:18:43.4736695Z         "size": 4596,
2026-10-05T12:18:43.4736787Z         "mode": 420
2026-10-05T12:18:43.4736871Z       },
2026-10-05T12:18:43.4736949Z       {
2026-10-05T12:18:43.4737256Z         "path": "generated/plugins/agdf/runtime/create-agdf/runtime/core/lib/fs-swap.js",
2026-10-05T12:18:43.4737352Z         "size": 916,
2026-10-05T12:18:43.4737449Z         "mode": 420
2026-10-05T12:18:43.4737528Z       },
2026-10-05T12:18:43.4737615Z       {
2026-10-05T12:18:43.4738081Z         "path": "generated/plugins/agdf/runtime/create-agdf/runtime/core/lib/index.js",
2026-10-05T12:18:43.4738175Z         "size": 954,
2026-10-05T12:18:43.4738266Z         "mode": 420
2026-10-05T12:18:43.4738355Z       },
2026-10-05T12:18:43.4738434Z       {
2026-10-05T12:18:43.4738841Z         "path": "generated/plugins/agdf/runtime/create-agdf/runtime/core/lib/interaction-catalog-validation.js",
2026-10-05T12:18:43.4738935Z         "size": 1453,
2026-10-05T12:18:43.4739027Z         "mode": 420
2026-10-05T12:18:43.4739107Z       },
2026-10-05T12:18:43.4739195Z       {
2026-10-05T12:18:43.4739553Z         "path": "generated/plugins/agdf/runtime/create-agdf/runtime/core/lib/interaction-catalog.js",
2026-10-05T12:18:43.4739761Z         "size": 3628,
2026-10-05T12:18:43.4739921Z         "mode": 420
2026-10-05T12:18:43.4740037Z       },
2026-10-05T12:18:43.4740327Z       {
2026-10-05T12:18:43.4740775Z         "path": "generated/plugins/agdf/runtime/create-agdf/runtime/core/lib/interaction-presentation.js",
2026-10-05T12:18:43.4740935Z         "size": 65120,
2026-10-05T12:18:43.4741054Z         "mode": 420
2026-10-05T12:18:43.4741247Z       },
2026-10-05T12:18:43.4741425Z       {
2026-10-05T12:18:43.4741868Z         "path": "generated/plugins/agdf/runtime/create-agdf/runtime/core/lib/repository-context-reader.js",
2026-10-05T12:18:43.4742030Z         "size": 3135,
2026-10-05T12:18:43.4742183Z         "mode": 420
2026-10-05T12:18:43.4742394Z       },
2026-10-05T12:18:43.4742509Z       {
2026-10-05T12:18:43.4742912Z         "path": "generated/plugins/agdf/runtime/create-agdf/runtime/core/lib/resources/binding.js",
2026-10-05T12:18:43.4743069Z         "size": 303,
2026-10-05T12:18:43.4743171Z         "mode": 420
2026-10-05T12:18:43.4743383Z       },
2026-10-05T12:18:43.4743564Z       {
2026-10-05T12:18:43.4754553Z         "path": "generated/plugins/agdf/runtime/create-agdf/runtime/core/lib/resources/context.js",
2026-10-05T12:18:43.4754917Z         "size": 3469,
2026-10-05T12:18:43.4755016Z         "mode": 420
2026-10-05T12:18:43.4755112Z       },
2026-10-05T12:18:43.4755204Z       {
2026-10-05T12:18:43.4755598Z         "path": "generated/plugins/agdf/runtime/create-agdf/runtime/core/lib/resources/contracts.js",
2026-10-05T12:18:43.4755695Z         "size": 1513,
2026-10-05T12:18:43.4755791Z         "mode": 420
2026-10-05T12:18:43.4755883Z       },
2026-10-05T12:18:43.4755966Z       {
2026-10-05T12:18:43.4756619Z         "path": "generated/plugins/agdf/runtime/create-agdf/runtime/core/lib/runtime/distribution-profile-history.js",
2026-10-05T12:18:43.4756802Z         "size": 6077,
2026-10-05T12:18:43.4756934Z         "mode": 420
2026-10-05T12:18:43.4757019Z       },
2026-10-05T12:18:43.4757106Z       {
2026-10-05T12:18:43.4757505Z         "path": "generated/plugins/agdf/runtime/create-agdf/runtime/core/lib/runtime/plugin-provenance.js",
2026-10-05T12:18:43.4757596Z         "size": 20490,
2026-10-05T12:18:43.4757695Z         "mode": 420
2026-10-05T12:18:43.4757782Z       },
2026-10-05T12:18:43.4757861Z       {
2026-10-05T12:18:43.4758445Z         "path": "generated/plugins/agdf/runtime/create-agdf/runtime/core/lib/skill-dispatch/binding.js",
2026-10-05T12:18:43.4758542Z         "size": 3647,
2026-10-05T12:18:43.4758635Z         "mode": 420
2026-10-05T12:18:43.4758714Z       },
2026-10-05T12:18:43.4758800Z       {
2026-10-05T12:18:43.4759341Z         "path": "generated/plugins/agdf/runtime/create-agdf/runtime/core/lib/skill-dispatch/contract.js",
2026-10-05T12:18:43.4759439Z         "size": 27887,
2026-10-05T12:18:43.4759534Z         "mode": 420
2026-10-05T12:18:43.4759620Z       },
2026-10-05T12:18:43.4759700Z       {
2026-10-05T12:18:43.4760098Z         "path": "generated/plugins/agdf/runtime/create-agdf/runtime/core/lib/skill-dispatch/delivery-intake.js",
2026-10-05T12:18:43.4760193Z         "size": 4635,
2026-10-05T12:18:43.4760284Z         "mode": 420
2026-10-05T12:18:43.4760368Z       },
2026-10-05T12:18:43.4760451Z       {
2026-10-05T12:18:43.4760882Z         "path": "generated/plugins/agdf/runtime/create-agdf/runtime/core/lib/skill-dispatch/delivery-run-assignment.js",
2026-10-05T12:18:43.4760971Z         "size": 4578,
2026-10-05T12:18:43.4761060Z         "mode": 420
2026-10-05T12:18:43.4761146Z       },
2026-10-05T12:18:43.4761231Z       {
2026-10-05T12:18:43.4761620Z         "path": "generated/plugins/agdf/runtime/create-agdf/runtime/core/lib/skill-dispatch/prd-definition.js",
2026-10-05T12:18:43.4761721Z         "size": 2845,
2026-10-05T12:18:43.4761816Z         "mode": 420
2026-10-05T12:18:43.4761896Z       },
2026-10-05T12:18:43.4761982Z       {
2026-10-05T12:18:43.4762364Z         "path": "generated/plugins/agdf/runtime/create-agdf/runtime/core/lib/skill-dispatch/sd-definition.js",
2026-10-05T12:18:43.4762459Z         "size": 2900,
2026-10-05T12:18:43.4762544Z         "mode": 420
2026-10-05T12:18:43.4762629Z       },
2026-10-05T12:18:43.4762714Z       {
2026-10-05T12:18:43.4763066Z         "path": "generated/plugins/agdf/runtime/create-agdf/runtime/core/lib/skill-dispatch/service.js",
2026-10-05T12:18:43.4763163Z         "size": 40882,
2026-10-05T12:18:43.4763255Z         "mode": 420
2026-10-05T12:18:43.4763342Z       },
2026-10-05T12:18:43.4763421Z       {
2026-10-05T12:18:43.4763776Z         "path": "generated/plugins/agdf/runtime/create-agdf/runtime/core/lib/task-target-resolution.js",
2026-10-05T12:18:43.4763871Z         "size": 8096,
2026-10-05T12:18:43.4763956Z         "mode": 420
2026-10-05T12:18:43.4764048Z       },
2026-10-05T12:18:43.4764134Z       {
2026-10-05T12:18:43.4764361Z         "path": "generated/plugins/agdf/runtime/runtime-manifest.json",
2026-10-05T12:18:43.4764457Z         "size": 236,
2026-10-05T12:18:43.4764547Z         "mode": 420
2026-10-05T12:18:43.4764634Z       },
2026-10-05T12:18:43.4764714Z       {
2026-10-05T12:18:43.4764973Z         "path": "generated/plugins/agdf/scripts/agent-skills-conformance.mjs",
2026-10-05T12:18:43.4765069Z         "size": 24427,
2026-10-05T12:18:43.4765277Z         "mode": 420
2026-10-05T12:18:43.4765362Z       },
2026-10-05T12:18:43.4765449Z       {
2026-10-05T12:18:43.4765695Z         "path": "generated/plugins/agdf/scripts/check-runtime-integrity.mjs",
2026-10-05T12:18:43.4765789Z         "size": 130053,
2026-10-05T12:18:43.4765883Z         "mode": 420
2026-10-05T12:18:43.4765968Z       },
2026-10-05T12:18:43.4766045Z       {
2026-10-05T12:18:43.4766288Z         "path": "generated/plugins/agdf/scripts/instruction-footprint.mjs",
2026-10-05T12:18:43.4766389Z         "size": 41754,
2026-10-05T12:18:43.4766478Z         "mode": 420
2026-10-05T12:18:43.4766555Z       },
2026-10-05T12:18:43.4766637Z       {
2026-10-05T12:18:43.4766881Z         "path": "generated/plugins/agdf/skills/brownfield-analysis/help.md",
2026-10-05T12:18:43.4766968Z         "size": 497,
2026-10-05T12:18:43.4767057Z         "mode": 420
2026-10-05T12:18:43.4767139Z       },
2026-10-05T12:18:43.4767217Z       {
2026-10-05T12:18:43.4767456Z         "path": "generated/plugins/agdf/skills/brownfield-analysis/SKILL.md",
2026-10-05T12:18:43.4767556Z         "size": 15519,
2026-10-05T12:18:43.4767645Z         "mode": 420
2026-10-05T12:18:43.4767723Z       },
2026-10-05T12:18:43.4767808Z       {
2026-10-05T12:18:43.4768239Z         "path": "generated/plugins/agdf/skills/clean-implementation-review/help.md",
2026-10-05T12:18:43.4768329Z         "size": 520,
2026-10-05T12:18:43.4768423Z         "mode": 420
2026-10-05T12:18:43.4768508Z       },
2026-10-05T12:18:43.4768718Z       {
2026-10-05T12:18:43.4769002Z         "path": "generated/plugins/agdf/skills/clean-implementation-review/SKILL.md",
2026-10-05T12:18:43.4769097Z         "size": 7536,
2026-10-05T12:18:43.4769187Z         "mode": 420
2026-10-05T12:18:43.4769266Z       },
2026-10-05T12:18:43.4769351Z       {
2026-10-05T12:18:43.4769568Z         "path": "generated/plugins/agdf/skills/code-review/help.md",
2026-10-05T12:18:43.4769655Z         "size": 407,
2026-10-05T12:18:43.4769747Z         "mode": 420
2026-10-05T12:18:43.4769839Z       },
2026-10-05T12:18:43.4769924Z       {
2026-10-05T12:18:43.4770132Z         "path": "generated/plugins/agdf/skills/code-review/SKILL.md",
2026-10-05T12:18:43.4770221Z         "size": 7635,
2026-10-05T12:18:43.4770310Z         "mode": 420
2026-10-05T12:18:43.4770386Z       },
2026-10-05T12:18:43.4770469Z       {
2026-10-05T12:18:43.4770704Z         "path": "generated/plugins/agdf/skills/delivery-closeout/help.md",
2026-10-05T12:18:43.4770793Z         "size": 416,
2026-10-05T12:18:43.4770887Z         "mode": 420
2026-10-05T12:18:43.4770969Z       },
2026-10-05T12:18:43.4771054Z       {
2026-10-05T12:18:43.4771282Z         "path": "generated/plugins/agdf/skills/delivery-closeout/SKILL.md",
2026-10-05T12:18:43.4771381Z         "size": 7197,
2026-10-05T12:18:43.4771470Z         "mode": 420
2026-10-05T12:18:43.4771546Z       },
2026-10-05T12:18:43.4771628Z       {
2026-10-05T12:18:43.4771869Z         "path": "generated/plugins/agdf/skills/delivery-path-search/help.md",
2026-10-05T12:18:43.4771968Z         "size": 555,
2026-10-05T12:18:43.4772052Z         "mode": 420
2026-10-05T12:18:43.4772140Z       },
2026-10-05T12:18:43.4772224Z       {
2026-10-05T12:18:43.4772463Z         "path": "generated/plugins/agdf/skills/delivery-path-search/SKILL.md",
2026-10-05T12:18:43.4772554Z         "size": 8035,
2026-10-05T12:18:43.4772643Z         "mode": 420
2026-10-05T12:18:43.4772724Z       },
2026-10-05T12:18:43.4772807Z       {
2026-10-05T12:18:43.4773024Z         "path": "generated/plugins/agdf/skills/gate-check/help.md",
2026-10-05T12:18:43.4773115Z         "size": 430,
2026-10-05T12:18:43.4773198Z         "mode": 420
2026-10-05T12:18:43.4773280Z       },
2026-10-05T12:18:43.4773362Z       {
2026-10-05T12:18:43.4773559Z         "path": "generated/plugins/agdf/skills/gate-check/SKILL.md",
2026-10-05T12:18:43.4773651Z         "size": 5536,
2026-10-05T12:18:43.4773740Z         "mode": 420
2026-10-05T12:18:43.4773817Z       },
2026-10-05T12:18:43.4773904Z       {
2026-10-05T12:18:43.4774127Z         "path": "generated/plugins/agdf/skills/prd-definition/help.md",
2026-10-05T12:18:43.4774345Z         "size": 551,
2026-10-05T12:18:43.4774429Z         "mode": 420
2026-10-05T12:18:43.4774512Z       },
2026-10-05T12:18:43.4774597Z       {
2026-10-05T12:18:43.4774816Z         "path": "generated/plugins/agdf/skills/prd-definition/SKILL.md",
2026-10-05T12:18:43.4774909Z         "size": 3842,
2026-10-05T12:18:43.4774999Z         "mode": 420
2026-10-05T12:18:43.4775076Z       },
2026-10-05T12:18:43.4775159Z       {
2026-10-05T12:18:43.4775361Z         "path": "generated/plugins/agdf/skills/qa-gate/help.md",
2026-10-05T12:18:43.4775454Z         "size": 385,
2026-10-05T12:18:43.4775538Z         "mode": 420
2026-10-05T12:18:43.4775623Z       },
2026-10-05T12:18:43.4775707Z       {
2026-10-05T12:18:43.4775900Z         "path": "generated/plugins/agdf/skills/qa-gate/SKILL.md",
2026-10-05T12:18:43.4775993Z         "size": 10640,
2026-10-05T12:18:43.4776083Z         "mode": 420
2026-10-05T12:18:43.4776163Z       },
2026-10-05T12:18:43.4776252Z       {
2026-10-05T12:18:43.4776462Z         "path": "generated/plugins/agdf/skills/release-or/help.md",
2026-10-05T12:18:43.4776555Z         "size": 447,
2026-10-05T12:18:43.4776641Z         "mode": 420
2026-10-05T12:18:43.4776725Z       },
2026-10-05T12:18:43.4776809Z       {
2026-10-05T12:18:43.4777006Z         "path": "generated/plugins/agdf/skills/release-or/SKILL.md",
2026-10-05T12:18:43.4777099Z         "size": 10049,
2026-10-05T12:18:43.4777193Z         "mode": 420
2026-10-05T12:18:43.4777360Z       },
2026-10-05T12:18:43.4777451Z       {
2026-10-05T12:18:43.4777668Z         "path": "generated/plugins/agdf/skills/sd-definition/help.md",
2026-10-05T12:18:43.4777760Z         "size": 531,
2026-10-05T12:18:43.4777843Z         "mode": 420
2026-10-05T12:18:43.4778073Z       },
2026-10-05T12:18:43.4778162Z       {
2026-10-05T12:18:43.4778377Z         "path": "generated/plugins/agdf/skills/sd-definition/SKILL.md",
2026-10-05T12:18:43.4778473Z         "size": 3747,
2026-10-05T12:18:43.4778571Z         "mode": 420
2026-10-05T12:18:43.4778652Z       },
2026-10-05T12:18:43.4778732Z       {
2026-10-05T12:18:43.4778961Z         "path": "generated/plugins/agdf/skills/task-plan-review/help.md",
2026-10-05T12:18:43.4779051Z         "size": 457,
2026-10-05T12:18:43.4779133Z         "mode": 420
2026-10-05T12:18:43.4779216Z       },
2026-10-05T12:18:43.4779304Z       {
2026-10-05T12:18:43.4779530Z         "path": "generated/plugins/agdf/skills/task-plan-review/SKILL.md",
2026-10-05T12:18:43.4779627Z         "size": 8292,
2026-10-05T12:18:43.4779717Z         "mode": 420
2026-10-05T12:18:43.4779797Z       },
2026-10-05T12:18:43.4779873Z       {
2026-10-05T12:18:43.4780087Z         "path": "generated/plugins/agdf/skills/ur-definition/help.md",
2026-10-05T12:18:43.4780179Z         "size": 524,
2026-10-05T12:18:43.4780263Z         "mode": 420
2026-10-05T12:18:43.4780346Z       },
2026-10-05T12:18:43.4780430Z       {
2026-10-05T12:18:43.4780641Z         "path": "generated/plugins/agdf/skills/ur-definition/SKILL.md",
2026-10-05T12:18:43.4780736Z         "size": 3720,
2026-10-05T12:18:43.4780824Z         "mode": 420
2026-10-05T12:18:43.4780906Z       },
2026-10-05T12:18:43.4780984Z       {
2026-10-05T12:18:43.4781225Z         "path": "generated/plugins/agdf/skills/ux-intent-definition/help.md",
2026-10-05T12:18:43.4781324Z         "size": 540,
2026-10-05T12:18:43.4781407Z         "mode": 420
2026-10-05T12:18:43.4781492Z       },
2026-10-05T12:18:43.4781575Z       {
2026-10-05T12:18:43.4781824Z         "path": "generated/plugins/agdf/skills/ux-intent-definition/SKILL.md",
2026-10-05T12:18:43.4781916Z         "size": 7311,
2026-10-05T12:18:43.4782004Z         "mode": 420
2026-10-05T12:18:43.4782090Z       },
2026-10-05T12:18:43.4782168Z       {
2026-10-05T12:18:43.4782406Z         "path": "generated/plugins/agdf/submission/openai/availability.md",
2026-10-05T12:18:43.4782496Z         "size": 763,
2026-10-05T12:18:43.4782579Z         "mode": 420
2026-10-05T12:18:43.4782663Z       },
2026-10-05T12:18:43.4782746Z       {
2026-10-05T12:18:43.4783152Z         "path": "generated/plugins/agdf/submission/openai/capability-matrix.json",
2026-10-05T12:18:43.4783240Z         "size": 2107,
2026-10-05T12:18:43.4783329Z         "mode": 420
2026-10-05T12:18:43.4783411Z       },
2026-10-05T12:18:43.4783488Z       {
2026-10-05T12:18:43.4783731Z         "path": "generated/plugins/agdf/submission/openai/release-notes.md",
2026-10-05T12:18:43.4783822Z         "size": 2461,
2026-10-05T12:18:43.4783905Z         "mode": 420
2026-10-05T12:18:43.4783993Z       },
2026-10-05T12:18:43.4784077Z       {
2026-10-05T12:18:43.4784333Z         "path": "generated/plugins/agdf/submission/openai/reviewer-cases.json",
2026-10-05T12:18:43.4784423Z         "size": 6324,
2026-10-05T12:18:43.4784513Z         "mode": 420
2026-10-05T12:18:43.4784600Z       },
2026-10-05T12:18:43.4784679Z       {
2026-10-05T12:18:43.4784931Z         "path": "generated/plugins/copilot/agdf/.agdf-payload-inventory.json",
2026-10-05T12:18:43.4785026Z         "size": 83835,
2026-10-05T12:18:43.4785118Z         "mode": 420
2026-10-05T12:18:43.4785201Z       },
2026-10-05T12:18:43.4785287Z       {
2026-10-05T12:18:43.4785569Z         "path": "generated/plugins/copilot/agdf/com.github.copilot/hooks/hooks.json",
2026-10-05T12:18:43.4785656Z         "size": 273,
2026-10-05T12:18:43.4785747Z         "mode": 420
2026-10-05T12:18:43.4785832Z       },
2026-10-05T12:18:43.4785911Z       {
2026-10-05T12:18:43.4786091Z         "path": "generated/plugins/copilot/agdf/LICENSE",
2026-10-05T12:18:43.4786306Z         "size": 11357,
2026-10-05T12:18:43.4786395Z         "mode": 420
2026-10-05T12:18:43.4786483Z       },
2026-10-05T12:18:43.4786571Z       {
2026-10-05T12:18:43.4786753Z         "path": "generated/plugins/copilot/agdf/mcp.json",
2026-10-05T12:18:43.4786841Z         "size": 322,
2026-10-05T12:18:43.4786933Z         "mode": 420
2026-10-05T12:18:43.4787019Z       },
2026-10-05T12:18:43.4787096Z       {
2026-10-05T12:18:43.4787322Z         "path": "generated/plugins/copilot/agdf/mcp/agdf-mcp-launch.js",
2026-10-05T12:18:43.4787423Z         "size": 314,
2026-10-05T12:18:43.4787514Z         "mode": 420
2026-10-05T12:18:43.4787591Z       },
2026-10-05T12:18:43.4787675Z       {
2026-10-05T12:18:43.4788042Z         "path": "generated/plugins/copilot/agdf/mcp/sdk/expected-sdk.json",
2026-10-05T12:18:43.4788131Z         "size": 709,
2026-10-05T12:18:43.4788219Z         "mode": 420
2026-10-05T12:18:43.4788303Z       },
2026-10-05T12:18:43.4788382Z       {
2026-10-05T12:18:43.4788622Z         "path": "generated/plugins/copilot/agdf/mcp/sdk/package-lock.json",
2026-10-05T12:18:43.4788716Z         "size": 1485,
2026-10-05T12:18:43.4788806Z         "mode": 420
2026-10-05T12:18:43.4788883Z       },
2026-10-05T12:18:43.4788967Z       {
2026-10-05T12:18:43.4789188Z         "path": "generated/plugins/copilot/agdf/mcp/sdk/package.json",
2026-10-05T12:18:43.4789274Z         "size": 124,
2026-10-05T12:18:43.4789362Z         "mode": 420
2026-10-05T12:18:43.4789447Z       },
2026-10-05T12:18:43.4789525Z       {
2026-10-05T12:18:43.4789770Z         "path": "generated/plugins/copilot/agdf/mcp/server/bin/agdf-mcp.js",
2026-10-05T12:18:43.4789861Z         "size": 659,
2026-10-05T12:18:43.4789950Z         "mode": 493
2026-10-05T12:18:43.4790027Z       },
2026-10-05T12:18:43.4790113Z       {
2026-10-05T12:18:43.4790317Z         "path": "generated/plugins/copilot/agdf/mcp/server/NOTICE",
2026-10-05T12:18:43.4790401Z         "size": 521,
2026-10-05T12:18:43.4790491Z         "mode": 420
2026-10-05T12:18:43.4790575Z       },
2026-10-05T12:18:43.4790658Z       {
2026-10-05T12:18:43.4790886Z         "path": "generated/plugins/copilot/agdf/mcp/server/package.json",
2026-10-05T12:18:43.4790976Z         "size": 1747,
2026-10-05T12:18:43.4791066Z         "mode": 420
2026-10-05T12:18:43.4791146Z       },
2026-10-05T12:18:43.4791230Z       {
2026-10-05T12:18:43.4791443Z         "path": "generated/plugins/copilot/agdf/mcp/server/README.md",
2026-10-05T12:18:43.4791528Z         "size": 2391,
2026-10-05T12:18:43.4791617Z         "mode": 420
2026-10-05T12:18:43.4791830Z       },
2026-10-05T12:18:43.4791908Z       {
2026-10-05T12:18:43.4792127Z         "path": "generated/plugins/copilot/agdf/mcp/server/src/main.js",
2026-10-05T12:18:43.4792220Z         "size": 1210,
2026-10-05T12:18:43.4792308Z         "mode": 420
2026-10-05T12:18:43.4792388Z       },
2026-10-05T12:18:43.4792473Z       {
2026-10-05T12:18:43.4792699Z         "path": "generated/plugins/copilot/agdf/mcp/server/src/server.js",
2026-10-05T12:18:43.4792784Z         "size": 3144,
2026-10-05T12:18:43.4792881Z         "mode": 420
2026-10-05T12:18:43.4792965Z       },
2026-10-05T12:18:43.4793041Z       {
2026-10-05T12:18:43.4793299Z         "path": "generated/plugins/copilot/agdf/mcp/server/src/worker-entry.js",
2026-10-05T12:18:43.4793395Z         "size": 964,
2026-10-05T12:18:43.4793485Z         "mode": 420
2026-10-05T12:18:43.4793564Z       },
2026-10-05T12:18:43.4793649Z       {
2026-10-05T12:18:43.4793874Z         "path": "generated/plugins/copilot/agdf/mcp/server/src/worker.js",
2026-10-05T12:18:43.4793963Z         "size": 2610,
2026-10-05T12:18:43.4794054Z         "mode": 420
2026-10-05T12:18:43.4794139Z       },
2026-10-05T12:18:43.4794224Z       {
2026-10-05T12:18:43.4794452Z         "path": "generated/plugins/copilot/agdf/meta/agdf-agent-router.md",
2026-10-05T12:18:43.4794548Z         "size": 12317,
2026-10-05T12:18:43.4794640Z         "mode": 420
2026-10-05T12:18:43.4794720Z       },
2026-10-05T12:18:43.4794806Z       {
2026-10-05T12:18:43.4795161Z         "path": "generated/plugins/copilot/agdf/meta/agdf-constitution.md",
2026-10-05T12:18:43.4795251Z         "size": 8709,
2026-10-05T12:18:43.4795342Z         "mode": 420
2026-10-05T12:18:43.4795425Z       },
2026-10-05T12:18:43.4795511Z       {
2026-10-05T12:18:43.4795778Z         "path": "generated/plugins/copilot/agdf/meta/agdf-plugin.definition.json",
2026-10-05T12:18:43.4795871Z         "size": 18450,
2026-10-05T12:18:43.4795965Z         "mode": 420
2026-10-05T12:18:43.4796046Z       },
2026-10-05T12:18:43.4796133Z       {
2026-10-05T12:18:43.4796396Z         "path": "generated/plugins/copilot/agdf/meta/agdf-runtime-contract.md",
2026-10-05T12:18:43.4796487Z         "size": 1977,
2026-10-05T12:18:43.4796570Z         "mode": 420
2026-10-05T12:18:43.4796656Z       },
2026-10-05T12:18:43.4796741Z       {
2026-10-05T12:18:43.4797034Z         "path": "generated/plugins/copilot/agdf/meta/distribution-profile-history.json",
2026-10-05T12:18:43.4797125Z         "size": 4398,
2026-10-05T12:18:43.4797215Z         "mode": 420
2026-10-05T12:18:43.4797302Z       },
2026-10-05T12:18:43.4797385Z       {
2026-10-05T12:18:43.4797578Z         "path": "generated/plugins/copilot/agdf/plugin.json",
2026-10-05T12:18:43.4797668Z         "size": 526,
2026-10-05T12:18:43.4797753Z         "mode": 420
2026-10-05T12:18:43.4797839Z       },
2026-10-05T12:18:43.4798100Z       {
2026-10-05T12:18:43.4798322Z         "path": "generated/plugins/copilot/agdf/runtime/agdf-local.js",
2026-10-05T12:18:43.4798414Z         "size": 843,
2026-10-05T12:18:43.4798506Z         "mode": 420
2026-10-05T12:18:43.4798597Z       },
2026-10-05T12:18:43.4798676Z       {
2026-10-05T12:18:43.4798929Z         "path": "generated/plugins/copilot/agdf/runtime/agdf-session-check.js",
2026-10-05T12:18:43.4799021Z         "size": 9303,
2026-10-05T12:18:43.4799104Z         "mode": 420
2026-10-05T12:18:43.4799189Z       },
2026-10-05T12:18:43.4799272Z       {
2026-10-05T12:18:43.4799577Z         "path": "generated/plugins/copilot/agdf/runtime/create-agdf/bin/agdf-validator.js",
2026-10-05T12:18:43.4799669Z         "size": 323,
2026-10-05T12:18:43.4799760Z         "mode": 420
2026-10-05T12:18:43.4799843Z       },
2026-10-05T12:18:43.4799921Z       {
2026-10-05T12:18:43.4800390Z         "path": "generated/plugins/copilot/agdf/runtime/create-agdf/generated/plugins/agdf/meta/agdf-interaction-locales.json",
2026-10-05T12:18:43.4800486Z         "size": 153294,
2026-10-05T12:18:43.4800570Z         "mode": 420
2026-10-05T12:18:43.4800654Z       },
2026-10-05T12:18:43.4800737Z       {
2026-10-05T12:18:43.4801327Z         "path": "generated/plugins/copilot/agdf/runtime/create-agdf/generated/plugins/agdf/meta/agdf-plugin.definition.json",
2026-10-05T12:18:43.4801415Z         "size": 18450,
2026-10-05T12:18:43.4801505Z         "mode": 420
2026-10-05T12:18:43.4801594Z       },
2026-10-05T12:18:43.4801672Z       {
2026-10-05T12:18:43.4802096Z         "path": "generated/plugins/copilot/agdf/runtime/create-agdf/generated/plugins/agdf/meta/contracts/closeout.md",
2026-10-05T12:18:43.4802191Z         "size": 4196,
2026-10-05T12:18:43.4802290Z         "mode": 420
2026-10-05T12:18:43.4802369Z       },
2026-10-05T12:18:43.4802457Z       {
2026-10-05T12:18:43.4802900Z         "path": "generated/plugins/copilot/agdf/runtime/create-agdf/generated/plugins/agdf/meta/contracts/context-graph.md",
2026-10-05T12:18:43.4802987Z         "size": 2512,
2026-10-05T12:18:43.4803076Z         "mode": 420
2026-10-05T12:18:43.4803162Z       },
2026-10-05T12:18:43.4803246Z       {
2026-10-05T12:18:43.4803692Z         "path": "generated/plugins/copilot/agdf/runtime/create-agdf/generated/plugins/agdf/meta/contracts/control-scaffold.md",
2026-10-05T12:18:43.4803791Z         "size": 11537,
2026-10-05T12:18:43.4803881Z         "mode": 420
2026-10-05T12:18:43.4803958Z       },
2026-10-05T12:18:43.4804040Z       {
2026-10-05T12:18:43.4804540Z         "path": "generated/plugins/copilot/agdf/runtime/create-agdf/generated/plugins/agdf/meta/contracts/gate-artifact-preparation.md",
2026-10-05T12:18:43.4804631Z         "size": 5731,
2026-10-05T12:18:43.4804715Z         "mode": 420
2026-10-05T12:18:43.4804924Z       },
2026-10-05T12:18:43.4805010Z       {
2026-10-05T12:18:43.4805453Z         "path": "generated/plugins/copilot/agdf/runtime/create-agdf/generated/plugins/agdf/meta/contracts/gate-transition.md",
2026-10-05T12:18:43.4805543Z         "size": 17966,
2026-10-05T12:18:43.4805631Z         "mode": 420
2026-10-05T12:18:43.4805709Z       },
2026-10-05T12:18:43.4805792Z       {
2026-10-05T12:18:43.4806222Z         "path": "generated/plugins/copilot/agdf/runtime/create-agdf/generated/plugins/agdf/meta/contracts/interaction.md",
2026-10-05T12:18:43.4806320Z         "size": 46617,
2026-10-05T12:18:43.4806403Z         "mode": 420
2026-10-05T12:18:43.4806485Z       },
2026-10-05T12:18:43.4806567Z       {
2026-10-05T12:18:43.4806963Z         "path": "generated/plugins/copilot/agdf/runtime/create-agdf/generated/plugins/agdf/meta/contracts/modes.md",
2026-10-05T12:18:43.4807057Z         "size": 12906,
2026-10-05T12:18:43.4807145Z         "mode": 420
2026-10-05T12:18:43.4807228Z       },
2026-10-05T12:18:43.4807311Z       {
2026-10-05T12:18:43.4807752Z         "path": "generated/plugins/copilot/agdf/runtime/create-agdf/generated/plugins/agdf/meta/contracts/prd-definition.md",
2026-10-05T12:18:43.4807843Z         "size": 5034,
2026-10-05T12:18:43.4808173Z         "mode": 420
2026-10-05T12:18:43.4808279Z       },
2026-10-05T12:18:43.4808366Z       {
2026-10-05T12:18:43.4808795Z         "path": "generated/plugins/copilot/agdf/runtime/create-agdf/generated/plugins/agdf/meta/contracts/quality.md",
2026-10-05T12:18:43.4808891Z         "size": 8692,
2026-10-05T12:18:43.4808986Z         "mode": 420
2026-10-05T12:18:43.4809071Z       },
2026-10-05T12:18:43.4809150Z       {
2026-10-05T12:18:43.4809617Z         "path": "generated/plugins/copilot/agdf/runtime/create-agdf/generated/plugins/agdf/meta/contracts/request-activation.md",
2026-10-05T12:18:43.4809710Z         "size": 18822,
2026-10-05T12:18:43.4809800Z         "mode": 420
2026-10-05T12:18:43.4809877Z       },
2026-10-05T12:18:43.4809961Z       {
2026-10-05T12:18:43.4810405Z         "path": "generated/plugins/copilot/agdf/runtime/create-agdf/generated/plugins/agdf/meta/contracts/sd-definition.md",
2026-10-05T12:18:43.4810490Z         "size": 4617,
2026-10-05T12:18:43.4810580Z         "mode": 420
2026-10-05T12:18:43.4810665Z       },
2026-10-05T12:18:43.4810743Z       {
2026-10-05T12:18:43.4811230Z         "path": "generated/plugins/copilot/agdf/runtime/create-agdf/generated/plugins/agdf/meta/contracts/task-target-resolution.md",
2026-10-05T12:18:43.4811470Z         "size": 8919,
2026-10-05T12:18:43.4811561Z         "mode": 420
2026-10-05T12:18:43.4811640Z       },
2026-10-05T12:18:43.4811723Z       {
2026-10-05T12:18:43.4812160Z         "path": "generated/plugins/copilot/agdf/runtime/create-agdf/generated/plugins/agdf/meta/contracts/ur-definition.md",
2026-10-05T12:18:43.4812252Z         "size": 3139,
2026-10-05T12:18:43.4812337Z         "mode": 420
2026-10-05T12:18:43.4812419Z       },
2026-10-05T12:18:43.4812502Z       {
2026-10-05T12:18:43.4812830Z         "path": "generated/plugins/copilot/agdf/runtime/create-agdf/lib/cli/command-registry.js",
2026-10-05T12:18:43.4812922Z         "size": 25352,
2026-10-05T12:18:43.4813011Z         "mode": 420
2026-10-05T12:18:43.4813090Z       },
2026-10-05T12:18:43.4813173Z       {
2026-10-05T12:18:43.4813497Z         "path": "generated/plugins/copilot/agdf/runtime/create-agdf/lib/cli/contract-command.js",
2026-10-05T12:18:43.4813589Z         "size": 1796,
2026-10-05T12:18:43.4813677Z         "mode": 420
2026-10-05T12:18:43.4813770Z       },
2026-10-05T12:18:43.4813857Z       {
2026-10-05T12:18:43.4814236Z         "path": "generated/plugins/copilot/agdf/runtime/create-agdf/lib/cli/control-maintenance-command.js",
2026-10-05T12:18:43.4814328Z         "size": 2514,
2026-10-05T12:18:43.4814419Z         "mode": 420
2026-10-05T12:18:43.4814498Z       },
2026-10-05T12:18:43.4814586Z       {
2026-10-05T12:18:43.4815137Z         "path": "generated/plugins/copilot/agdf/runtime/create-agdf/lib/cli/delivery-path-search-command.js",
2026-10-05T12:18:43.4815235Z         "size": 9065,
2026-10-05T12:18:43.4815322Z         "mode": 420
2026-10-05T12:18:43.4815408Z       },
2026-10-05T12:18:43.4815493Z       {
2026-10-05T12:18:43.4815793Z         "path": "generated/plugins/copilot/agdf/runtime/create-agdf/lib/cli/parse-args.js",
2026-10-05T12:18:43.4815888Z         "size": 13953,
2026-10-05T12:18:43.4815980Z         "mode": 420
2026-10-05T12:18:43.4816066Z       },
2026-10-05T12:18:43.4816143Z       {
2026-10-05T12:18:43.4816471Z         "path": "generated/plugins/copilot/agdf/runtime/create-agdf/lib/cli/runtime-context.js",
2026-10-05T12:18:43.4816562Z         "size": 2217,
2026-10-05T12:18:43.4816646Z         "mode": 420
2026-10-05T12:18:43.4816732Z       },
2026-10-05T12:18:43.4816815Z       {
2026-10-05T12:18:43.4817155Z         "path": "generated/plugins/copilot/agdf/runtime/create-agdf/lib/cli/validation-handlers.js",
2026-10-05T12:18:43.4817242Z         "size": 11734,
2026-10-05T12:18:43.4817330Z         "mode": 420
2026-10-05T12:18:43.4817417Z       },
2026-10-05T12:18:43.4817494Z       {
2026-10-05T12:18:43.4817796Z         "path": "generated/plugins/copilot/agdf/runtime/create-agdf/lib/control-command.js",
2026-10-05T12:18:43.4817890Z         "size": 413,
2026-10-05T12:18:43.4818124Z         "mode": 420
2026-10-05T12:18:43.4818213Z       },
2026-10-05T12:18:43.4818297Z       {
2026-10-05T12:18:43.4818688Z         "path": "generated/plugins/copilot/agdf/runtime/create-agdf/lib/control-evaluation/git-observation.js",
2026-10-05T12:18:43.4818778Z         "size": 641,
2026-10-05T12:18:43.4818870Z         "mode": 420
2026-10-05T12:18:43.4818953Z       },
2026-10-05T12:18:43.4819028Z       {
2026-10-05T12:18:43.4819403Z         "path": "generated/plugins/copilot/agdf/runtime/create-agdf/lib/control-maintenance/interaction.js",
2026-10-05T12:18:43.4819494Z         "size": 1279,
2026-10-05T12:18:43.4819583Z         "mode": 420
2026-10-05T12:18:43.4819660Z       },
2026-10-05T12:18:43.4819744Z       {
2026-10-05T12:18:43.4820102Z         "path": "generated/plugins/copilot/agdf/runtime/create-agdf/lib/control-maintenance/repair.js",
2026-10-05T12:18:43.4820191Z         "size": 421,
2026-10-05T12:18:43.4820281Z         "mode": 420
2026-10-05T12:18:43.4820365Z       },
2026-10-05T12:18:43.4820443Z       {
2026-10-05T12:18:43.4820803Z         "path": "generated/plugins/copilot/agdf/runtime/create-agdf/lib/control-maintenance/service.js",
2026-10-05T12:18:43.4820895Z         "size": 264,
2026-10-05T12:18:43.4820986Z         "mode": 420
2026-10-05T12:18:43.4821201Z       },
2026-10-05T12:18:43.4821286Z       {
2026-10-05T12:18:43.4821640Z         "path": "generated/plugins/copilot/agdf/runtime/create-agdf/lib/control-maintenance/startup.js",
2026-10-05T12:18:43.4821727Z         "size": 1683,
2026-10-05T12:18:43.4821816Z         "mode": 420
2026-10-05T12:18:43.4821901Z       },
2026-10-05T12:18:43.4821985Z       {
2026-10-05T12:18:43.4822327Z         "path": "generated/plugins/copilot/agdf/runtime/create-agdf/lib/control-state/run-recovery.js",
2026-10-05T12:18:43.4822425Z         "size": 526,
2026-10-05T12:18:43.4822516Z         "mode": 420
2026-10-05T12:18:43.4822595Z       },
2026-10-05T12:18:43.4822679Z       {
2026-10-05T12:18:43.4823086Z         "path": "generated/plugins/copilot/agdf/runtime/create-agdf/lib/delivery-path-search/evaluators/claude.js",
2026-10-05T12:18:43.4823178Z         "size": 1525,
2026-10-05T12:18:43.4823262Z         "mode": 420
2026-10-05T12:18:43.4823345Z       },
2026-10-05T12:18:43.4823428Z       {
2026-10-05T12:18:43.4823825Z         "path": "generated/plugins/copilot/agdf/runtime/create-agdf/lib/delivery-path-search/evaluators/codex.js",
2026-10-05T12:18:43.4823917Z         "size": 1919,
2026-10-05T12:18:43.4824006Z         "mode": 420
2026-10-05T12:18:43.4824084Z       },
2026-10-05T12:18:43.4824168Z       {
2026-10-05T12:18:43.4824602Z         "path": "generated/plugins/copilot/agdf/runtime/create-agdf/lib/delivery-path-search/evaluators/opencode.js",
2026-10-05T12:18:43.4824698Z         "size": 8924,
2026-10-05T12:18:43.4824909Z         "mode": 420
2026-10-05T12:18:43.4824999Z       },
2026-10-05T12:18:43.4825084Z       {
2026-10-05T12:18:43.4825492Z         "path": "generated/plugins/copilot/agdf/runtime/create-agdf/lib/delivery-path-search/evaluators/prompt.js",
2026-10-05T12:18:43.4825586Z         "size": 753,
2026-10-05T12:18:43.4825680Z         "mode": 420
2026-10-05T12:18:43.4825767Z       },
2026-10-05T12:18:43.4825846Z       {
2026-10-05T12:18:43.4826264Z         "path": "generated/plugins/copilot/agdf/runtime/create-agdf/lib/delivery-path-search/evaluators/protocol.js",
2026-10-05T12:18:43.4826403Z         "size": 470,
2026-10-05T12:18:43.4826491Z         "mode": 420
2026-10-05T12:18:43.4826578Z       },
2026-10-05T12:18:43.4826662Z       {
2026-10-05T12:18:43.4827067Z         "path": "generated/plugins/copilot/agdf/runtime/create-agdf/lib/delivery-path-search/generators/claude.js",
2026-10-05T12:18:43.4827154Z         "size": 2203,
2026-10-05T12:18:43.4827243Z         "mode": 420
2026-10-05T12:18:43.4827329Z       },
2026-10-05T12:18:43.4827409Z       {
2026-10-05T12:18:43.4827806Z         "path": "generated/plugins/copilot/agdf/runtime/create-agdf/lib/delivery-path-search/generators/codex.js",
2026-10-05T12:18:43.4828022Z         "size": 2187,
2026-10-05T12:18:43.4828111Z         "mode": 420
2026-10-05T12:18:43.4828193Z       },
2026-10-05T12:18:43.4828327Z       {
2026-10-05T12:18:43.4828914Z         "path": "generated/plugins/copilot/agdf/runtime/create-agdf/lib/delivery-path-search/generators/protocol.js",
2026-10-05T12:18:43.4829011Z         "size": 389,
2026-10-05T12:18:43.4829100Z         "mode": 420
2026-10-05T12:18:43.4829183Z       },
2026-10-05T12:18:43.4829261Z       {
2026-10-05T12:18:43.4829693Z         "path": "generated/plugins/copilot/agdf/runtime/create-agdf/lib/delivery-path-search/surfaces/capabilities.js",
2026-10-05T12:18:43.4829786Z         "size": 1161,
2026-10-05T12:18:43.4829875Z         "mode": 420
2026-10-05T12:18:43.4829953Z       },
2026-10-05T12:18:43.4830036Z       {
2026-10-05T12:18:43.4830490Z         "path": "generated/plugins/copilot/agdf/runtime/create-agdf/lib/delivery-path-search/transports/read-only-guard.js",
2026-10-05T12:18:43.4830576Z         "size": 1271,
2026-10-05T12:18:43.4830664Z         "mode": 420
2026-10-05T12:18:43.4830747Z       },
2026-10-05T12:18:43.4830826Z       {
2026-10-05T12:18:43.4831222Z         "path": "generated/plugins/copilot/agdf/runtime/create-agdf/lib/host-adapters/claude/session-command.js",
2026-10-05T12:18:43.4831314Z         "size": 165,
2026-10-05T12:18:43.4831554Z         "mode": 420
2026-10-05T12:18:43.4831631Z       },
2026-10-05T12:18:43.4831715Z       {
2026-10-05T12:18:43.4832104Z         "path": "generated/plugins/copilot/agdf/runtime/create-agdf/lib/host-adapters/codex/session-command.js",
2026-10-05T12:18:43.4832189Z         "size": 455,
2026-10-05T12:18:43.4832277Z         "mode": 420
2026-10-05T12:18:43.4832360Z       },
2026-10-05T12:18:43.4832442Z       {
2026-10-05T12:18:43.4832855Z         "path": "generated/plugins/copilot/agdf/runtime/create-agdf/lib/host-adapters/copilot/session-command.js",
2026-10-05T12:18:43.4832949Z         "size": 91,
2026-10-05T12:18:43.4833040Z         "mode": 420
2026-10-05T12:18:43.4833118Z       },
2026-10-05T12:18:43.4833204Z       {
2026-10-05T12:18:43.4833599Z         "path": "generated/plugins/copilot/agdf/runtime/create-agdf/lib/host-adapters/opencode/session-command.js",
2026-10-05T12:18:43.4833685Z         "size": 76,
2026-10-05T12:18:43.4833776Z         "mode": 420
2026-10-05T12:18:43.4833867Z       },
2026-10-05T12:18:43.4833946Z       {
2026-10-05T12:18:43.4834318Z         "path": "generated/plugins/copilot/agdf/runtime/create-agdf/lib/host-adapters/session-command.js",
2026-10-05T12:18:43.4834414Z         "size": 609,
2026-10-05T12:18:43.4834503Z         "mode": 420
2026-10-05T12:18:43.4834582Z       },
2026-10-05T12:18:43.4834666Z       {
2026-10-05T12:18:43.4834965Z         "path": "generated/plugins/copilot/agdf/runtime/create-agdf/lib/host-command.js",
2026-10-05T12:18:43.4835173Z         "size": 5591,
2026-10-05T12:18:43.4835270Z         "mode": 420
2026-10-05T12:18:43.4835356Z       },
2026-10-05T12:18:43.4835438Z       {
2026-10-05T12:18:43.4835762Z         "path": "generated/plugins/copilot/agdf/runtime/create-agdf/lib/mcp-dispatch-runtime.js",
2026-10-05T12:18:43.4835853Z         "size": 7671,
2026-10-05T12:18:43.4835941Z         "mode": 420
2026-10-05T12:18:43.4836019Z       },
2026-10-05T12:18:43.4836104Z       {
2026-10-05T12:18:43.4836431Z         "path": "generated/plugins/copilot/agdf/runtime/create-agdf/lib/mcp-lifecycle/package.js",
2026-10-05T12:18:43.4836529Z         "size": 16097,
2026-10-05T12:18:43.4836613Z         "mode": 420
2026-10-05T12:18:43.4836697Z       },
2026-10-05T12:18:43.4836780Z       {
2026-10-05T12:18:43.4837137Z         "path": "generated/plugins/copilot/agdf/runtime/create-agdf/lib/mcp-lifecycle/plugin-runtime.js",
2026-10-05T12:18:43.4837230Z         "size": 12833,
2026-10-05T12:18:43.4837320Z         "mode": 420
2026-10-05T12:18:43.4837399Z       },
2026-10-05T12:18:43.4837490Z       {
2026-10-05T12:18:43.4837791Z         "path": "generated/plugins/copilot/agdf/runtime/create-agdf/lib/npm-invocation.js",
2026-10-05T12:18:43.4837883Z         "size": 969,
2026-10-05T12:18:43.4838263Z         "mode": 420
2026-10-05T12:18:43.4838351Z       },
2026-10-05T12:18:43.4838434Z       {
2026-10-05T12:18:43.4838759Z         "path": "generated/plugins/copilot/agdf/runtime/create-agdf/lib/repository-context.js",
2026-10-05T12:18:43.4838854Z         "size": 3033,
2026-10-05T12:18:43.4838950Z         "mode": 420
2026-10-05T12:18:43.4839035Z       },
2026-10-05T12:18:43.4839114Z       {
2026-10-05T12:18:43.4839495Z         "path": "generated/plugins/copilot/agdf/runtime/create-agdf/lib/runtime-check-consent/contract.js",
2026-10-05T12:18:43.4839588Z         "size": 3925,
2026-10-05T12:18:43.4839671Z         "mode": 420
2026-10-05T12:18:43.4839754Z       },
2026-10-05T12:18:43.4839838Z       {
2026-10-05T12:18:43.4840218Z         "path": "generated/plugins/copilot/agdf/runtime/create-agdf/lib/runtime/control-command-service.js",
2026-10-05T12:18:43.4840310Z         "size": 607,
2026-10-05T12:18:43.4840398Z         "mode": 420
2026-10-05T12:18:43.4840481Z       },
2026-10-05T12:18:43.4840559Z       {
2026-10-05T12:18:43.4840897Z         "path": "generated/plugins/copilot/agdf/runtime/create-agdf/lib/runtime/control-context.js",
2026-10-05T12:18:43.4840990Z         "size": 904,
2026-10-05T12:18:43.4841074Z         "mode": 420
2026-10-05T12:18:43.4841159Z       },
2026-10-05T12:18:43.4841388Z       {
2026-10-05T12:18:43.4841711Z         "path": "generated/plugins/copilot/agdf/runtime/create-agdf/lib/runtime/git-history.js",
2026-10-05T12:18:43.4841797Z         "size": 510,
2026-10-05T12:18:43.4841889Z         "mode": 420
2026-10-05T12:18:43.4841972Z       },
2026-10-05T12:18:43.4842049Z       {
2026-10-05T12:18:43.4842376Z         "path": "generated/plugins/copilot/agdf/runtime/create-agdf/lib/runtime/git-originals.js",
2026-10-05T12:18:43.4842469Z         "size": 2213,
2026-10-05T12:18:43.4842562Z         "mode": 420
2026-10-05T12:18:43.4842647Z       },
2026-10-05T12:18:43.4842730Z       {
2026-10-05T12:18:43.4843067Z         "path": "generated/plugins/copilot/agdf/runtime/create-agdf/lib/runtime/local-validator.js",
2026-10-05T12:18:43.4843153Z         "size": 14029,
2026-10-05T12:18:43.4843288Z         "mode": 420
2026-10-05T12:18:43.4843444Z       },
2026-10-05T12:18:43.4843578Z       {
2026-10-05T12:18:43.4844220Z         "path": "generated/plugins/copilot/agdf/runtime/create-agdf/lib/runtime/plugin-provenance.js",
2026-10-05T12:18:43.4844394Z         "size": 57,
2026-10-05T12:18:43.4844547Z         "mode": 420
2026-10-05T12:18:43.4844678Z       },
2026-10-05T12:18:43.4844819Z       {
2026-10-05T12:18:43.4845390Z         "path": "generated/plugins/copilot/agdf/runtime/create-agdf/lib/runtime/runtime-probe.js",
2026-10-05T12:18:43.4845528Z         "size": 3045,
2026-10-05T12:18:43.4845662Z         "mode": 420
2026-10-05T12:18:43.4845803Z       },
2026-10-05T12:18:43.4845928Z       {
2026-10-05T12:18:43.4846699Z         "path": "generated/plugins/copilot/agdf/runtime/create-agdf/lib/runtime/validator-application.js",
2026-10-05T12:18:43.4846810Z         "size": 1823,
2026-10-05T12:18:43.4846906Z         "mode": 420
2026-10-05T12:18:43.4846987Z       },
2026-10-05T12:18:43.4847073Z       {
2026-10-05T12:18:43.4847415Z         "path": "generated/plugins/copilot/agdf/runtime/create-agdf/lib/skill-dispatch/binding.js",
2026-10-05T12:18:43.4847504Z         "size": 642,
2026-10-05T12:18:43.4847600Z         "mode": 420
2026-10-05T12:18:43.4847686Z       },
2026-10-05T12:18:43.4847770Z       {
2026-10-05T12:18:43.4848277Z         "path": "generated/plugins/copilot/agdf/runtime/create-agdf/NOTICE",
2026-10-05T12:18:43.4848381Z         "size": 422,
2026-10-05T12:18:43.4848472Z         "mode": 420
2026-10-05T12:18:43.4848550Z       },
2026-10-05T12:18:43.4848634Z       {
2026-10-05T12:18:43.4848912Z         "path": "generated/plugins/copilot/agdf/runtime/create-agdf/package.json",
2026-10-05T12:18:43.4849008Z         "size": 220,
2026-10-05T12:18:43.4849100Z         "mode": 420
2026-10-05T12:18:43.4849183Z       },
2026-10-05T12:18:43.4849265Z       {
2026-10-05T12:18:43.4849710Z         "path": "generated/plugins/copilot/agdf/runtime/create-agdf/runtime/core/lib/control-evaluation/delivery-map.js",
2026-10-05T12:18:43.4849804Z         "size": 13111,
2026-10-05T12:18:43.4849893Z         "mode": 420
2026-10-05T12:18:43.4849970Z       },
2026-10-05T12:18:43.4850057Z       {
2026-10-05T12:18:43.4850548Z         "path": "generated/plugins/copilot/agdf/runtime/create-agdf/runtime/core/lib/control-evaluation/delivery-relationships.js",
2026-10-05T12:18:43.4850639Z         "size": 1370,
2026-10-05T12:18:43.4850722Z         "mode": 420
2026-10-05T12:18:43.4850805Z       },
2026-10-05T12:18:43.4850890Z       {
2026-10-05T12:18:43.4851289Z         "path": "generated/plugins/copilot/agdf/runtime/create-agdf/runtime/core/lib/control-evaluation/doctor.js",
2026-10-05T12:18:43.4851381Z         "size": 14393,
2026-10-05T12:18:43.4851486Z         "mode": 420
2026-10-05T12:18:43.4851571Z       },
2026-10-05T12:18:43.4851651Z       {
2026-10-05T12:18:43.4852067Z         "path": "generated/plugins/copilot/agdf/runtime/create-agdf/runtime/core/lib/control-evaluation/gate-check.js",
2026-10-05T12:18:43.4852161Z         "size": 37366,
2026-10-05T12:18:43.4852246Z         "mode": 420
2026-10-05T12:18:43.4852330Z       },
2026-10-05T12:18:43.4852414Z       {
2026-10-05T12:18:43.4852837Z         "path": "generated/plugins/copilot/agdf/runtime/create-agdf/runtime/core/lib/control-evaluation/gate-policy.js",
2026-10-05T12:18:43.4853078Z         "size": 17824,
2026-10-05T12:18:43.4853168Z         "mode": 420
2026-10-05T12:18:43.4853250Z       },
2026-10-05T12:18:43.4853327Z       {
2026-10-05T12:18:43.4853802Z         "path": "generated/plugins/copilot/agdf/runtime/create-agdf/runtime/core/lib/control-evaluation/parent-reconciliation.js",
2026-10-05T12:18:43.4853896Z         "size": 10121,
2026-10-05T12:18:43.4853979Z         "mode": 420
2026-10-05T12:18:43.4854069Z       },
2026-10-05T12:18:43.4854153Z       {
2026-10-05T12:18:43.4854588Z         "path": "generated/plugins/copilot/agdf/runtime/create-agdf/runtime/core/lib/control-evaluation/prd-readiness.js",
2026-10-05T12:18:43.4854675Z         "size": 2268,
2026-10-05T12:18:43.4854765Z         "mode": 420
2026-10-05T12:18:43.4854849Z       },
2026-10-05T12:18:43.4854928Z       {
2026-10-05T12:18:43.4855361Z         "path": "generated/plugins/copilot/agdf/runtime/create-agdf/runtime/core/lib/control-evaluation/required-files.js",
2026-10-05T12:18:43.4855457Z         "size": 337,
2026-10-05T12:18:43.4855548Z         "mode": 420
2026-10-05T12:18:43.4855625Z       },
2026-10-05T12:18:43.4855709Z       {
2026-10-05T12:18:43.4856124Z         "path": "generated/plugins/copilot/agdf/runtime/create-agdf/runtime/core/lib/control-evaluation/run-state.js",
2026-10-05T12:18:43.4856211Z         "size": 11605,
2026-10-05T12:18:43.4856301Z         "mode": 420
2026-10-05T12:18:43.4856386Z       },
2026-10-05T12:18:43.4856588Z       {
2026-10-05T12:18:43.4857025Z         "path": "generated/plugins/copilot/agdf/runtime/create-agdf/runtime/core/lib/control-evaluation/run-step-policy.js",
2026-10-05T12:18:43.4857120Z         "size": 1382,
2026-10-05T12:18:43.4857211Z         "mode": 420
2026-10-05T12:18:43.4857291Z       },
2026-10-05T12:18:43.4857375Z       {
2026-10-05T12:18:43.4857800Z         "path": "generated/plugins/copilot/agdf/runtime/create-agdf/runtime/core/lib/control-evaluation/sd-readiness.js",
2026-10-05T12:18:43.4858132Z         "size": 2561,
2026-10-05T12:18:43.4858295Z         "mode": 420
2026-10-05T12:18:43.4858441Z       },
2026-10-05T12:18:43.4858529Z       {
2026-10-05T12:18:43.4858939Z         "path": "generated/plugins/copilot/agdf/runtime/create-agdf/runtime/core/lib/control-evaluation/shared.js",
2026-10-05T12:18:43.4859033Z         "size": 10972,
2026-10-05T12:18:43.4859126Z         "mode": 420
2026-10-05T12:18:43.4859204Z       },
2026-10-05T12:18:43.4859290Z       {
2026-10-05T12:18:43.4859778Z         "path": "generated/plugins/copilot/agdf/runtime/create-agdf/runtime/core/lib/control-evaluation/traceability-readiness.js",
2026-10-05T12:18:43.4859872Z         "size": 13831,
2026-10-05T12:18:43.4859958Z         "mode": 420
2026-10-05T12:18:43.4860042Z       },
2026-10-05T12:18:43.4860128Z       {
2026-10-05T12:18:43.4860545Z         "path": "generated/plugins/copilot/agdf/runtime/create-agdf/runtime/core/lib/control-evaluation/ur-readiness.js",
2026-10-05T12:18:43.4860640Z         "size": 2045,
2026-10-05T12:18:43.4860729Z         "mode": 420
2026-10-05T12:18:43.4860811Z       },
2026-10-05T12:18:43.4860889Z       {
2026-10-05T12:18:43.4861323Z         "path": "generated/plugins/copilot/agdf/runtime/create-agdf/runtime/core/lib/control-evaluation/verified-change.js",
2026-10-05T12:18:43.4861414Z         "size": 12119,
2026-10-05T12:18:43.4861497Z         "mode": 420
2026-10-05T12:18:43.4861579Z       },
2026-10-05T12:18:43.4861662Z       {
2026-10-05T12:18:43.4862064Z         "path": "generated/plugins/copilot/agdf/runtime/create-agdf/runtime/core/lib/control-inspect/contract.js",
2026-10-05T12:18:43.4862150Z         "size": 13500,
2026-10-05T12:18:43.4862241Z         "mode": 420
2026-10-05T12:18:43.4862323Z       },
2026-10-05T12:18:43.4862401Z       {
2026-10-05T12:18:43.4862799Z         "path": "generated/plugins/copilot/agdf/runtime/create-agdf/runtime/core/lib/control-inspect/selection.js",
2026-10-05T12:18:43.4862892Z         "size": 1788,
2026-10-05T12:18:43.4862983Z         "mode": 420
2026-10-05T12:18:43.4863226Z       },
2026-10-05T12:18:43.4863310Z       {
2026-10-05T12:18:43.4863702Z         "path": "generated/plugins/copilot/agdf/runtime/create-agdf/runtime/core/lib/control-inspect/service.js",
2026-10-05T12:18:43.4863788Z         "size": 12577,
2026-10-05T12:18:43.4863877Z         "mode": 420
2026-10-05T12:18:43.4863966Z       },
2026-10-05T12:18:43.4864043Z       {
2026-10-05T12:18:43.4864488Z         "path": "generated/plugins/copilot/agdf/runtime/create-agdf/runtime/core/lib/control-maintenance/compatibility.js",
2026-10-05T12:18:43.4864580Z         "size": 8412,
2026-10-05T12:18:43.4864669Z         "mode": 420
2026-10-05T12:18:43.4864748Z       },
2026-10-05T12:18:43.4864831Z       {
2026-10-05T12:18:43.4865238Z         "path": "generated/plugins/copilot/agdf/runtime/create-agdf/runtime/core/lib/control-maintenance/contract.js",
2026-10-05T12:18:43.4865323Z         "size": 2342,
2026-10-05T12:18:43.4865412Z         "mode": 420
2026-10-05T12:18:43.4865494Z       },
2026-10-05T12:18:43.4865582Z       {
2026-10-05T12:18:43.4865999Z         "path": "generated/plugins/copilot/agdf/runtime/create-agdf/runtime/core/lib/control-maintenance/interaction.js",
2026-10-05T12:18:43.4866090Z         "size": 3207,
2026-10-05T12:18:43.4866180Z         "mode": 420
2026-10-05T12:18:43.4866257Z       },
2026-10-05T12:18:43.4866345Z       {
2026-10-05T12:18:43.4866761Z         "path": "generated/plugins/copilot/agdf/runtime/create-agdf/runtime/core/lib/control-maintenance/migration.js",
2026-10-05T12:18:43.4866971Z         "size": 5383,
2026-10-05T12:18:43.4867063Z         "mode": 420
2026-10-05T12:18:43.4867147Z       },
2026-10-05T12:18:43.4867235Z       {
2026-10-05T12:18:43.4867660Z         "path": "generated/plugins/copilot/agdf/runtime/create-agdf/runtime/core/lib/control-maintenance/presentation.js",
2026-10-05T12:18:43.4867753Z         "size": 8246,
2026-10-05T12:18:43.4867842Z         "mode": 420
2026-10-05T12:18:43.4868175Z       },
2026-10-05T12:18:43.4868275Z       {
2026-10-05T12:18:43.4868691Z         "path": "generated/plugins/copilot/agdf/runtime/create-agdf/runtime/core/lib/control-maintenance/repair.js",
2026-10-05T12:18:43.4868789Z         "size": 13216,
2026-10-05T12:18:43.4868873Z         "mode": 420
2026-10-05T12:18:43.4868956Z       },
2026-10-05T12:18:43.4869040Z       {
2026-10-05T12:18:43.4869444Z         "path": "generated/plugins/copilot/agdf/runtime/create-agdf/runtime/core/lib/control-maintenance/service.js",
2026-10-05T12:18:43.4869538Z         "size": 2412,
2026-10-05T12:18:43.4869633Z         "mode": 420
2026-10-05T12:18:43.4869719Z       },
2026-10-05T12:18:43.4869797Z       {
2026-10-05T12:18:43.4870188Z         "path": "generated/plugins/copilot/agdf/runtime/create-agdf/runtime/core/lib/control-read-boundary.js",
2026-10-05T12:18:43.4870280Z         "size": 906,
2026-10-05T12:18:43.4870367Z         "mode": 420
2026-10-05T12:18:43.4870453Z       },
2026-10-05T12:18:43.4870538Z       {
2026-10-05T12:18:43.4870930Z         "path": "generated/plugins/copilot/agdf/runtime/create-agdf/runtime/core/lib/control-state/aggregate.js",
2026-10-05T12:18:43.4871022Z         "size": 503,
2026-10-05T12:18:43.4871113Z         "mode": 420
2026-10-05T12:18:43.4871202Z       },
2026-10-05T12:18:43.4871282Z       {
2026-10-05T12:18:43.4871752Z         "path": "generated/plugins/copilot/agdf/runtime/create-agdf/runtime/core/lib/control-state/approval-command-contract.js",
2026-10-05T12:18:43.4871851Z         "size": 3748,
2026-10-05T12:18:43.4871943Z         "mode": 420
2026-10-05T12:18:43.4872027Z       },
2026-10-05T12:18:43.4872113Z       {
2026-10-05T12:18:43.4872540Z         "path": "generated/plugins/copilot/agdf/runtime/create-agdf/runtime/core/lib/control-state/approval-command.js",
2026-10-05T12:18:43.4872627Z         "size": 8139,
2026-10-05T12:18:43.4872717Z         "mode": 420
2026-10-05T12:18:43.4872802Z       },
2026-10-05T12:18:43.4872880Z       {
2026-10-05T12:18:43.4873324Z         "path": "generated/plugins/copilot/agdf/runtime/create-agdf/runtime/core/lib/control-state/approval-operations.js",
2026-10-05T12:18:43.4873549Z         "size": 6088,
2026-10-05T12:18:43.4873638Z         "mode": 420
2026-10-05T12:18:43.4873715Z       },
2026-10-05T12:18:43.4873799Z       {
2026-10-05T12:18:43.4874256Z         "path": "generated/plugins/copilot/agdf/runtime/create-agdf/runtime/core/lib/control-state/artefact-binding-proof.js",
2026-10-05T12:18:43.4874341Z         "size": 4880,
2026-10-05T12:18:43.4874430Z         "mode": 420
2026-10-05T12:18:43.4874512Z       },
2026-10-05T12:18:43.4874604Z       {
2026-10-05T12:18:43.4875027Z         "path": "generated/plugins/copilot/agdf/runtime/create-agdf/runtime/core/lib/control-state/artefact-bindings.js",
2026-10-05T12:18:43.4875118Z         "size": 6925,
2026-10-05T12:18:43.4875208Z         "mode": 420
2026-10-05T12:18:43.4875286Z       },
2026-10-05T12:18:43.4875371Z       {
2026-10-05T12:18:43.4875782Z         "path": "generated/plugins/copilot/agdf/runtime/create-agdf/runtime/core/lib/control-state/contained-file.js",
2026-10-05T12:18:43.4875879Z         "size": 2204,
2026-10-05T12:18:43.4875964Z         "mode": 420
2026-10-05T12:18:43.4876047Z       },
2026-10-05T12:18:43.4876130Z       {
2026-10-05T12:18:43.4876571Z         "path": "generated/plugins/copilot/agdf/runtime/create-agdf/runtime/core/lib/control-state/control-configuration.js",
2026-10-05T12:18:43.4876662Z         "size": 1072,
2026-10-05T12:18:43.4876752Z         "mode": 420
2026-10-05T12:18:43.4876836Z       },
2026-10-05T12:18:43.4876915Z       {
2026-10-05T12:18:43.4877492Z         "path": "generated/plugins/copilot/agdf/runtime/create-agdf/runtime/core/lib/control-state/gate-approval-validator.js",
2026-10-05T12:18:43.4877590Z         "size": 1704,
2026-10-05T12:18:43.4877675Z         "mode": 420
2026-10-05T12:18:43.4877761Z       },
2026-10-05T12:18:43.4877846Z       {
2026-10-05T12:18:43.4878508Z         "path": "generated/plugins/copilot/agdf/runtime/create-agdf/runtime/core/lib/control-state/index.js",
2026-10-05T12:18:43.4878605Z         "size": 346,
2026-10-05T12:18:43.4878702Z         "mode": 420
2026-10-05T12:18:43.4878785Z       },
2026-10-05T12:18:43.4878863Z       {
2026-10-05T12:18:43.4879289Z         "path": "generated/plugins/copilot/agdf/runtime/create-agdf/runtime/core/lib/control-state/legacy-migration.js",
2026-10-05T12:18:43.4879382Z         "size": 3088,
2026-10-05T12:18:43.4879467Z         "mode": 420
2026-10-05T12:18:43.4879551Z       },
2026-10-05T12:18:43.4879635Z       {
2026-10-05T12:18:43.4880102Z         "path": "generated/plugins/copilot/agdf/runtime/create-agdf/runtime/core/lib/control-state/legacy-projection-reader.js",
2026-10-05T12:18:43.4880188Z         "size": 1984,
2026-10-05T12:18:43.4880280Z         "mode": 420
2026-10-05T12:18:43.4880365Z       },
2026-10-05T12:18:43.4880444Z       {
2026-10-05T12:18:43.4880889Z         "path": "generated/plugins/copilot/agdf/runtime/create-agdf/runtime/core/lib/control-state/run-artefact-recording.js",
2026-10-05T12:18:43.4880979Z         "size": 6620,
2026-10-05T12:18:43.4881070Z         "mode": 420
2026-10-05T12:18:43.4881167Z       },
2026-10-05T12:18:43.4881256Z       {
2026-10-05T12:18:43.4881659Z         "path": "generated/plugins/copilot/agdf/runtime/create-agdf/runtime/core/lib/control-state/run-identity.js",
2026-10-05T12:18:43.4881746Z         "size": 573,
2026-10-05T12:18:43.4881842Z         "mode": 420
2026-10-05T12:18:43.4881931Z       },
2026-10-05T12:18:43.4882009Z       {
2026-10-05T12:18:43.4882468Z         "path": "generated/plugins/copilot/agdf/runtime/create-agdf/runtime/core/lib/control-state/run-presentation-render.js",
2026-10-05T12:18:43.4882564Z         "size": 17579,
2026-10-05T12:18:43.4882655Z         "mode": 420
2026-10-05T12:18:43.4882737Z       },
2026-10-05T12:18:43.4882824Z       {
2026-10-05T12:18:43.4883247Z         "path": "generated/plugins/copilot/agdf/runtime/create-agdf/runtime/core/lib/control-state/run-presentation.js",
2026-10-05T12:18:43.4883334Z         "size": 6777,
2026-10-05T12:18:43.4883427Z         "mode": 420
2026-10-05T12:18:43.4883512Z       },
2026-10-05T12:18:43.4883734Z       {
2026-10-05T12:18:43.4884135Z         "path": "generated/plugins/copilot/agdf/runtime/create-agdf/runtime/core/lib/control-state/run-recording.js",
2026-10-05T12:18:43.4884230Z         "size": 10751,
2026-10-05T12:18:43.4884320Z         "mode": 420
2026-10-05T12:18:43.4884398Z       },
2026-10-05T12:18:43.4884483Z       {
2026-10-05T12:18:43.4884885Z         "path": "generated/plugins/copilot/agdf/runtime/create-agdf/runtime/core/lib/control-state/run-recovery.js",
2026-10-05T12:18:43.4884984Z         "size": 17891,
2026-10-05T12:18:43.4885070Z         "mode": 420
2026-10-05T12:18:43.4885153Z       },
2026-10-05T12:18:43.4885236Z       {
2026-10-05T12:18:43.4885707Z         "path": "generated/plugins/copilot/agdf/runtime/create-agdf/runtime/core/lib/control-state/run-relationship-correction.js",
2026-10-05T12:18:43.4885802Z         "size": 5721,
2026-10-05T12:18:43.4885892Z         "mode": 420
2026-10-05T12:18:43.4885977Z       },
2026-10-05T12:18:43.4886055Z       {
2026-10-05T12:18:43.4886498Z         "path": "generated/plugins/copilot/agdf/runtime/create-agdf/runtime/core/lib/control-state/run-revision-history.js",
2026-10-05T12:18:43.4886591Z         "size": 9598,
2026-10-05T12:18:43.4886676Z         "mode": 420
2026-10-05T12:18:43.4886761Z       },
2026-10-05T12:18:43.4886843Z       {
2026-10-05T12:18:43.4887244Z         "path": "generated/plugins/copilot/agdf/runtime/create-agdf/runtime/core/lib/control-state/run-revision.js",
2026-10-05T12:18:43.4887332Z         "size": 24412,
2026-10-05T12:18:43.4887537Z         "mode": 420
2026-10-05T12:18:43.4887630Z       },
2026-10-05T12:18:43.4887708Z       {
2026-10-05T12:18:43.4888325Z         "path": "generated/plugins/copilot/agdf/runtime/create-agdf/runtime/core/lib/control-state/run-seal.js",
2026-10-05T12:18:43.4888424Z         "size": 7838,
2026-10-05T12:18:43.4888509Z         "mode": 420
2026-10-05T12:18:43.4888594Z       },
2026-10-05T12:18:43.4888680Z       {
2026-10-05T12:18:43.4889121Z         "path": "generated/plugins/copilot/agdf/runtime/create-agdf/runtime/core/lib/control-state/run-source-revisions.js",
2026-10-05T12:18:43.4889215Z         "size": 9961,
2026-10-05T12:18:43.4889309Z         "mode": 420
2026-10-05T12:18:43.4889393Z       },
2026-10-05T12:18:43.4889471Z       {
2026-10-05T12:18:43.4889886Z         "path": "generated/plugins/copilot/agdf/runtime/create-agdf/runtime/core/lib/control-state/run-state-edits.js",
2026-10-05T12:18:43.4889980Z         "size": 6233,
2026-10-05T12:18:43.4890069Z         "mode": 420
2026-10-05T12:18:43.4890153Z       },
2026-10-05T12:18:43.4890242Z       {
2026-10-05T12:18:43.4890661Z         "path": "generated/plugins/copilot/agdf/runtime/create-agdf/runtime/core/lib/control-state/run-state-parser.js",
2026-10-05T12:18:43.4890749Z         "size": 12277,
2026-10-05T12:18:43.4890842Z         "mode": 420
2026-10-05T12:18:43.4890928Z       },
2026-10-05T12:18:43.4891006Z       {
2026-10-05T12:18:43.4891431Z         "path": "generated/plugins/copilot/agdf/runtime/create-agdf/runtime/core/lib/control-state/run-state-reader.js",
2026-10-05T12:18:43.4891529Z         "size": 1875,
2026-10-05T12:18:43.4891620Z         "mode": 420
2026-10-05T12:18:43.4891699Z       },
2026-10-05T12:18:43.4891784Z       {
2026-10-05T12:18:43.4892224Z         "path": "generated/plugins/copilot/agdf/runtime/create-agdf/runtime/core/lib/control-state/run-state-repository.js",
2026-10-05T12:18:43.4892314Z         "size": 6390,
2026-10-05T12:18:43.4892397Z         "mode": 420
2026-10-05T12:18:43.4892482Z       },
2026-10-05T12:18:43.4892571Z       {
2026-10-05T12:18:43.4892999Z         "path": "generated/plugins/copilot/agdf/runtime/create-agdf/runtime/core/lib/control-state/run-state-resolver.js",
2026-10-05T12:18:43.4893091Z         "size": 1371,
2026-10-05T12:18:43.4893183Z         "mode": 420
2026-10-05T12:18:43.4893263Z       },
2026-10-05T12:18:43.4893353Z       {
2026-10-05T12:18:43.4893772Z         "path": "generated/plugins/copilot/agdf/runtime/create-agdf/runtime/core/lib/control-state/run-state-writer.js",
2026-10-05T12:18:43.4894005Z         "size": 16219,
2026-10-05T12:18:43.4894092Z         "mode": 420
2026-10-05T12:18:43.4894177Z       },
2026-10-05T12:18:43.4894263Z       {
2026-10-05T12:18:43.4894676Z         "path": "generated/plugins/copilot/agdf/runtime/create-agdf/runtime/core/lib/control-state/run-step-pending.js",
2026-10-05T12:18:43.4894771Z         "size": 620,
2026-10-05T12:18:43.4894865Z         "mode": 420
2026-10-05T12:18:43.4894949Z       },
2026-10-05T12:18:43.4895028Z       {
2026-10-05T12:18:43.4895469Z         "path": "generated/plugins/copilot/agdf/runtime/create-agdf/runtime/core/lib/control-state/run-step-transaction.js",
2026-10-05T12:18:43.4895563Z         "size": 15958,
2026-10-05T12:18:43.4895649Z         "mode": 420
2026-10-05T12:18:43.4895735Z       },
2026-10-05T12:18:43.4895821Z       {
2026-10-05T12:18:43.4896215Z         "path": "generated/plugins/copilot/agdf/runtime/create-agdf/runtime/core/lib/control-state/run-steps.js",
2026-10-05T12:18:43.4896304Z         "size": 15588,
2026-10-05T12:18:43.4896400Z         "mode": 420
2026-10-05T12:18:43.4896482Z       },
2026-10-05T12:18:43.4896561Z       {
2026-10-05T12:18:43.4896994Z         "path": "generated/plugins/copilot/agdf/runtime/create-agdf/runtime/core/lib/control-state/run-store-inspection.js",
2026-10-05T12:18:43.4897090Z         "size": 2164,
2026-10-05T12:18:43.4897174Z         "mode": 420
2026-10-05T12:18:43.4897256Z       },
2026-10-05T12:18:43.4897338Z       {
2026-10-05T12:18:44.0827393Z         "path": "generated/plugins/copilot/agdf/runtime/create-agdf/runtime/core/lib/delivery-continuation/service.js",
2026-10-05T12:18:44.0828930Z         "size": 3947,
2026-10-05T12:18:44.0829374Z         "mode": 420
2026-10-05T12:18:44.0829704Z       },
2026-10-05T12:18:44.0829996Z       {
2026-10-05T12:18:44.0830981Z         "path": "generated/plugins/copilot/agdf/runtime/create-agdf/runtime/core/lib/delivery-path-search/candidate-policy.js",
2026-10-05T12:18:44.0832035Z         "size": 3919,
2026-10-05T12:18:44.0832445Z         "mode": 420
2026-10-05T12:18:44.0832892Z       },
2026-10-05T12:18:44.0833252Z       {
2026-10-05T12:18:44.0834222Z         "path": "generated/plugins/copilot/agdf/runtime/create-agdf/runtime/core/lib/delivery-path-search/contracts.js",
2026-10-05T12:18:44.0835309Z         "size": 15955,
2026-10-05T12:18:44.0835709Z         "mode": 420
2026-10-05T12:18:44.0836072Z       },
2026-10-05T12:18:44.0836402Z       {
2026-10-05T12:18:44.0837350Z         "path": "generated/plugins/copilot/agdf/runtime/create-agdf/runtime/core/lib/delivery-path-search/persistence.js",
2026-10-05T12:18:44.0838582Z         "size": 2521,
2026-10-05T12:18:44.0838934Z         "mode": 420
2026-10-05T12:18:44.0839195Z       },
2026-10-05T12:18:44.0839401Z       {
2026-10-05T12:18:44.0840072Z         "path": "generated/plugins/copilot/agdf/runtime/create-agdf/runtime/core/lib/delivery-path-search/scoring.js",
2026-10-05T12:18:44.0840750Z         "size": 824,
2026-10-05T12:18:44.0841010Z         "mode": 420
2026-10-05T12:18:44.0841241Z       },
2026-10-05T12:18:44.0841501Z       {
2026-10-05T12:18:44.0842178Z         "path": "generated/plugins/copilot/agdf/runtime/create-agdf/runtime/core/lib/delivery-path-search/search-engine.js",
2026-10-05T12:18:44.0842876Z         "size": 11244,
2026-10-05T12:18:44.0843154Z         "mode": 420
2026-10-05T12:18:44.0843402Z       },
2026-10-05T12:18:44.0843593Z       {
2026-10-05T12:18:44.0844177Z         "path": "generated/plugins/copilot/agdf/runtime/create-agdf/runtime/core/lib/delivery-path-search/state-adapter.js",
2026-10-05T12:18:44.0844850Z         "size": 4596,
2026-10-05T12:18:44.0845088Z         "mode": 420
2026-10-05T12:18:44.0845333Z       },
2026-10-05T12:18:44.0845564Z       {
2026-10-05T12:18:44.0846065Z         "path": "generated/plugins/copilot/agdf/runtime/create-agdf/runtime/core/lib/fs-swap.js",
2026-10-05T12:18:44.0846554Z         "size": 916,
2026-10-05T12:18:44.0846800Z         "mode": 420
2026-10-05T12:18:44.0847020Z       },
2026-10-05T12:18:44.0847213Z       {
2026-10-05T12:18:44.0847688Z         "path": "generated/plugins/copilot/agdf/runtime/create-agdf/runtime/core/lib/index.js",
2026-10-05T12:18:44.0849191Z         "size": 954,
2026-10-05T12:18:44.0849474Z         "mode": 420
2026-10-05T12:18:44.0849685Z       },
2026-10-05T12:18:44.0849905Z       {
2026-10-05T12:18:44.0850497Z         "path": "generated/plugins/copilot/agdf/runtime/create-agdf/runtime/core/lib/interaction-catalog-validation.js",
2026-10-05T12:18:44.0851310Z         "size": 1453,
2026-10-05T12:18:44.0851559Z         "mode": 420
2026-10-05T12:18:44.0851782Z       },
2026-10-05T12:18:44.0851967Z       {
2026-10-05T12:18:44.0852497Z         "path": "generated/plugins/copilot/agdf/runtime/create-agdf/runtime/core/lib/interaction-catalog.js",
2026-10-05T12:18:44.0853034Z         "size": 3628,
2026-10-05T12:18:44.0853474Z         "mode": 420
2026-10-05T12:18:44.0853830Z       },
2026-10-05T12:18:44.0854201Z       {
2026-10-05T12:18:44.0854929Z         "path": "generated/plugins/copilot/agdf/runtime/create-agdf/runtime/core/lib/interaction-presentation.js",
2026-10-05T12:18:44.0855500Z         "size": 65120,
2026-10-05T12:18:44.0855732Z         "mode": 420
2026-10-05T12:18:44.0855938Z       },
2026-10-05T12:18:44.0856118Z       {
2026-10-05T12:18:44.0856641Z         "path": "generated/plugins/copilot/agdf/runtime/create-agdf/runtime/core/lib/repository-context-reader.js",
2026-10-05T12:18:44.0857187Z         "size": 3135,
2026-10-05T12:18:44.0857409Z         "mode": 420
2026-10-05T12:18:44.0857616Z       },
2026-10-05T12:18:44.0857796Z       {
2026-10-05T12:18:44.0858774Z         "path": "generated/plugins/copilot/agdf/runtime/create-agdf/runtime/core/lib/resources/binding.js",
2026-10-05T12:18:44.0859309Z         "size": 296,
2026-10-05T12:18:44.0859530Z         "mode": 420
2026-10-05T12:18:44.0859730Z       },
2026-10-05T12:18:44.0859916Z       {
2026-10-05T12:18:44.0860393Z         "path": "generated/plugins/copilot/agdf/runtime/create-agdf/runtime/core/lib/resources/context.js",
2026-10-05T12:18:44.0860895Z         "size": 3469,
2026-10-05T12:18:44.0861128Z         "mode": 420
2026-10-05T12:18:44.0861329Z       },
2026-10-05T12:18:44.0861509Z       {
2026-10-05T12:18:44.0861989Z         "path": "generated/plugins/copilot/agdf/runtime/create-agdf/runtime/core/lib/resources/contracts.js",
2026-10-05T12:18:44.0862520Z         "size": 1513,
2026-10-05T12:18:44.0862737Z         "mode": 420
2026-10-05T12:18:44.0862947Z       },
2026-10-05T12:18:44.0863130Z       {
2026-10-05T12:18:44.0863703Z         "path": "generated/plugins/copilot/agdf/runtime/create-agdf/runtime/core/lib/runtime/distribution-profile-history.js",
2026-10-05T12:18:44.0864287Z         "size": 6077,
2026-10-05T12:18:44.0864503Z         "mode": 420
2026-10-05T12:18:44.0864704Z       },
2026-10-05T12:18:44.0864941Z       {
2026-10-05T12:18:44.0865446Z         "path": "generated/plugins/copilot/agdf/runtime/create-agdf/runtime/core/lib/runtime/plugin-provenance.js",
2026-10-05T12:18:44.0865969Z         "size": 20490,
2026-10-05T12:18:44.0866191Z         "mode": 420
2026-10-05T12:18:44.0866399Z       },
2026-10-05T12:18:44.0866578Z       {
2026-10-05T12:18:44.0867076Z         "path": "generated/plugins/copilot/agdf/runtime/create-agdf/runtime/core/lib/skill-dispatch/binding.js",
2026-10-05T12:18:44.0867596Z         "size": 3647,
2026-10-05T12:18:44.0867810Z         "mode": 420
2026-10-05T12:18:44.0868229Z       },
2026-10-05T12:18:44.0868504Z       {
2026-10-05T12:18:44.0869227Z         "path": "generated/plugins/copilot/agdf/runtime/create-agdf/runtime/core/lib/skill-dispatch/contract.js",
2026-10-05T12:18:44.0884952Z         "size": 27887,
2026-10-05T12:18:44.0885277Z         "mode": 420
2026-10-05T12:18:44.0885517Z       },
2026-10-05T12:18:44.0885712Z       {
2026-10-05T12:18:44.0886291Z         "path": "generated/plugins/copilot/agdf/runtime/create-agdf/runtime/core/lib/skill-dispatch/delivery-intake.js",
2026-10-05T12:18:44.0886881Z         "size": 4635,
2026-10-05T12:18:44.0887109Z         "mode": 420
2026-10-05T12:18:44.0887327Z       },
2026-10-05T12:18:44.0887520Z       {
2026-10-05T12:18:44.0888776Z         "path": "generated/plugins/copilot/agdf/runtime/create-agdf/runtime/core/lib/skill-dispatch/delivery-run-assignment.js",
2026-10-05T12:18:44.0889393Z         "size": 4578,
2026-10-05T12:18:44.0889630Z         "mode": 420
2026-10-05T12:18:44.0889836Z       },
2026-10-05T12:18:44.0890025Z       {
2026-10-05T12:18:44.0890563Z         "path": "generated/plugins/copilot/agdf/runtime/create-agdf/runtime/core/lib/skill-dispatch/prd-definition.js",
2026-10-05T12:18:44.0891125Z         "size": 2845,
2026-10-05T12:18:44.0891346Z         "mode": 420
2026-10-05T12:18:44.0891552Z       },
2026-10-05T12:18:44.0891740Z       {
2026-10-05T12:18:44.0892264Z         "path": "generated/plugins/copilot/agdf/runtime/create-agdf/runtime/core/lib/skill-dispatch/sd-definition.js",
2026-10-05T12:18:44.0892803Z         "size": 2900,
2026-10-05T12:18:44.0893029Z         "mode": 420
2026-10-05T12:18:44.0893234Z       },
2026-10-05T12:18:44.0893418Z       {
2026-10-05T12:18:44.0893935Z         "path": "generated/plugins/copilot/agdf/runtime/create-agdf/runtime/core/lib/skill-dispatch/service.js",
2026-10-05T12:18:44.0894469Z         "size": 40882,
2026-10-05T12:18:44.0894691Z         "mode": 420
2026-10-05T12:18:44.0894902Z       },
2026-10-05T12:18:44.0895083Z       {
2026-10-05T12:18:44.0895578Z         "path": "generated/plugins/copilot/agdf/runtime/create-agdf/runtime/core/lib/task-target-resolution.js",
2026-10-05T12:18:44.0896090Z         "size": 8096,
2026-10-05T12:18:44.0896310Z         "mode": 420
2026-10-05T12:18:44.0896693Z       },
2026-10-05T12:18:44.0896927Z       {
2026-10-05T12:18:44.0897309Z         "path": "generated/plugins/copilot/agdf/runtime/runtime-manifest.json",
2026-10-05T12:18:44.0897703Z         "size": 236,
2026-10-05T12:18:44.0898341Z         "mode": 420
2026-10-05T12:18:44.0898710Z       },
2026-10-05T12:18:44.0898900Z       {
2026-10-05T12:18:44.0899301Z         "path": "generated/plugins/copilot/agdf/skills/agdf-brownfield-analysis/SKILL.md",
2026-10-05T12:18:44.0899753Z         "size": 15460,
2026-10-05T12:18:44.0899968Z         "mode": 420
2026-10-05T12:18:44.0900168Z       },
2026-10-05T12:18:44.0900351Z       {
2026-10-05T12:18:44.0900789Z         "path": "generated/plugins/copilot/agdf/skills/agdf-clean-implementation-review/SKILL.md",
2026-10-05T12:18:44.0901252Z         "size": 7501,
2026-10-05T12:18:44.0901473Z         "mode": 420
2026-10-05T12:18:44.0901669Z       },
2026-10-05T12:18:44.0901848Z       {
2026-10-05T12:18:44.0902253Z         "path": "generated/plugins/copilot/agdf/skills/agdf-code-review/SKILL.md",
2026-10-05T12:18:44.0902662Z         "size": 7600,
2026-10-05T12:18:44.0902875Z         "mode": 420
2026-10-05T12:18:44.0903076Z       },
2026-10-05T12:18:44.0903265Z       {
2026-10-05T12:18:44.0903656Z         "path": "generated/plugins/copilot/agdf/skills/agdf-delivery-closeout/SKILL.md",
2026-10-05T12:18:44.0904081Z         "size": 7162,
2026-10-05T12:18:44.0904298Z         "mode": 420
2026-10-05T12:18:44.0904499Z       },
2026-10-05T12:18:44.0904680Z       {
2026-10-05T12:18:44.0905097Z         "path": "generated/plugins/copilot/agdf/skills/agdf-delivery-path-search/SKILL.md",
2026-10-05T12:18:44.0905534Z         "size": 8000,
2026-10-05T12:18:44.0905781Z         "mode": 420
2026-10-05T12:18:44.0905981Z       },
2026-10-05T12:18:44.0906170Z       {
2026-10-05T12:18:44.0906558Z         "path": "generated/plugins/copilot/agdf/skills/agdf-gate-check/SKILL.md",
2026-10-05T12:18:44.0907083Z         "size": 5485,
2026-10-05T12:18:44.0907310Z         "mode": 420
2026-10-05T12:18:44.0907519Z       },
2026-10-05T12:18:44.0907700Z       {
2026-10-05T12:18:44.0908507Z         "path": "generated/plugins/copilot/agdf/skills/agdf-interaction-locales.json",
2026-10-05T12:18:44.0909018Z         "size": 153294,
2026-10-05T12:18:44.0909241Z         "mode": 420
2026-10-05T12:18:44.0909439Z       },
2026-10-05T12:18:44.0909621Z       {
2026-10-05T12:18:44.0909995Z         "path": "generated/plugins/copilot/agdf/skills/agdf-prd-definition/SKILL.md",
2026-10-05T12:18:44.0910639Z         "size": 3815,
2026-10-05T12:18:44.0910856Z         "mode": 420
2026-10-05T12:18:44.0911054Z       },
2026-10-05T12:18:44.0911231Z       {
2026-10-05T12:18:44.0911589Z         "path": "generated/plugins/copilot/agdf/skills/agdf-qa-gate/SKILL.md",
2026-10-05T12:18:44.0911978Z         "size": 10589,
2026-10-05T12:18:44.0912191Z         "mode": 420
2026-10-05T12:18:44.0912394Z       },
2026-10-05T12:18:44.0912571Z       {
2026-10-05T12:18:44.0912936Z         "path": "generated/plugins/copilot/agdf/skills/agdf-release-or/SKILL.md",
2026-10-05T12:18:44.0913327Z         "size": 9998,
2026-10-05T12:18:44.0913543Z         "mode": 420
2026-10-05T12:18:44.0913741Z       },
2026-10-05T12:18:44.0913925Z       {
2026-10-05T12:18:44.0914289Z         "path": "generated/plugins/copilot/agdf/skills/agdf-runtime-contract.md",
2026-10-05T12:18:44.0914676Z         "size": 1977,
2026-10-05T12:18:44.0914887Z         "mode": 420
2026-10-05T12:18:44.0915093Z       },
2026-10-05T12:18:44.0915277Z       {
2026-10-05T12:18:44.0915652Z         "path": "generated/plugins/copilot/agdf/skills/agdf-sd-definition/SKILL.md",
2026-10-05T12:18:44.0916061Z         "size": 3720,
2026-10-05T12:18:44.0916305Z         "mode": 420
2026-10-05T12:18:44.0916507Z       },
2026-10-05T12:18:44.0916734Z       {
2026-10-05T12:18:44.0917228Z         "path": "generated/plugins/copilot/agdf/skills/agdf-task-plan-review/SKILL.md",
2026-10-05T12:18:44.0917648Z         "size": 8249,
2026-10-05T12:18:44.0917862Z         "mode": 420
2026-10-05T12:18:44.0918452Z       },
2026-10-05T12:18:44.0918941Z       {
2026-10-05T12:18:44.0919340Z         "path": "generated/plugins/copilot/agdf/skills/agdf-ur-definition/SKILL.md",
2026-10-05T12:18:44.0919756Z         "size": 3701,
2026-10-05T12:18:44.0919970Z         "mode": 420
2026-10-05T12:18:44.0920171Z       },
2026-10-05T12:18:44.0920353Z       {
2026-10-05T12:18:44.0920764Z         "path": "generated/plugins/copilot/agdf/skills/agdf-ux-intent-definition/SKILL.md",
2026-10-05T12:18:44.0921197Z         "size": 7284,
2026-10-05T12:18:44.0921411Z         "mode": 420
2026-10-05T12:18:44.0921618Z       },
2026-10-05T12:18:44.0921796Z       {
2026-10-05T12:18:44.0922144Z         "path": "generated/plugins/copilot/agdf/skills/contracts/closeout.md",
2026-10-05T12:18:44.0922535Z         "size": 4196,
2026-10-05T12:18:44.0922746Z         "mode": 420
2026-10-05T12:18:44.0922943Z       },
2026-10-05T12:18:44.0923129Z       {
2026-10-05T12:18:44.0923497Z         "path": "generated/plugins/copilot/agdf/skills/contracts/context-graph.md",
2026-10-05T12:18:44.0923910Z         "size": 2512,
2026-10-05T12:18:44.0924121Z         "mode": 420
2026-10-05T12:18:44.0924324Z       },
2026-10-05T12:18:44.0924501Z       {
2026-10-05T12:18:44.0924884Z         "path": "generated/plugins/copilot/agdf/skills/contracts/control-scaffold.md",
2026-10-05T12:18:44.0925318Z         "size": 11537,
2026-10-05T12:18:44.0925544Z         "mode": 420
2026-10-05T12:18:44.0925744Z       },
2026-10-05T12:18:44.0925931Z       {
2026-10-05T12:18:44.0926368Z         "path": "generated/plugins/copilot/agdf/skills/contracts/gate-artifact-preparation.md",
2026-10-05T12:18:44.0926834Z         "size": 5731,
2026-10-05T12:18:44.0927055Z         "mode": 420
2026-10-05T12:18:44.0927256Z       },
2026-10-05T12:18:44.0927436Z       {
2026-10-05T12:18:44.0927811Z         "path": "generated/plugins/copilot/agdf/skills/contracts/gate-transition.md",
2026-10-05T12:18:44.0928485Z         "size": 17966,
2026-10-05T12:18:44.0928704Z         "mode": 420
2026-10-05T12:18:44.0928903Z       },
2026-10-05T12:18:44.0929093Z       {
2026-10-05T12:18:44.0929449Z         "path": "generated/plugins/copilot/agdf/skills/contracts/interaction.md",
2026-10-05T12:18:44.0929844Z         "size": 46599,
2026-10-05T12:18:44.0930064Z         "mode": 420
2026-10-05T12:18:44.0930264Z       },
2026-10-05T12:18:44.0930443Z       {
2026-10-05T12:18:44.0930779Z         "path": "generated/plugins/copilot/agdf/skills/contracts/modes.md",
2026-10-05T12:18:44.0931164Z         "size": 12906,
2026-10-05T12:18:44.0931623Z         "mode": 420
2026-10-05T12:18:44.0931827Z       },
2026-10-05T12:18:44.0932012Z       {
2026-10-05T12:18:44.0932390Z         "path": "generated/plugins/copilot/agdf/skills/contracts/prd-definition.md",
2026-10-05T12:18:44.0932795Z         "size": 5034,
2026-10-05T12:18:44.0933013Z         "mode": 420
2026-10-05T12:18:44.0933206Z       },
2026-10-05T12:18:44.0933385Z       {
2026-10-05T12:18:44.0933729Z         "path": "generated/plugins/copilot/agdf/skills/contracts/quality.md",
2026-10-05T12:18:44.0934112Z         "size": 8692,
2026-10-05T12:18:44.0934323Z         "mode": 420
2026-10-05T12:18:44.0934518Z       },
2026-10-05T12:18:44.0934700Z       {
2026-10-05T12:18:44.0935083Z         "path": "generated/plugins/copilot/agdf/skills/contracts/request-activation.md",
2026-10-05T12:18:44.0935504Z         "size": 18822,
2026-10-05T12:18:44.0935723Z         "mode": 420
2026-10-05T12:18:44.0935924Z       },
2026-10-05T12:18:44.0936104Z       {
2026-10-05T12:18:44.0936482Z         "path": "generated/plugins/copilot/agdf/skills/contracts/sd-definition.md",
2026-10-05T12:18:44.0936884Z         "size": 4617,
2026-10-05T12:18:44.0937093Z         "mode": 420
2026-10-05T12:18:44.0937291Z       },
2026-10-05T12:18:44.0937478Z       {
2026-10-05T12:18:44.0937881Z         "path": "generated/plugins/copilot/agdf/skills/contracts/task-target-resolution.md",
2026-10-05T12:18:44.0938570Z         "size": 8919,
2026-10-05T12:18:44.0938794Z         "mode": 420
2026-10-05T12:18:44.0938991Z       },
2026-10-05T12:18:44.0939171Z       {
2026-10-05T12:18:44.0939697Z         "path": "generated/plugins/copilot/agdf/skills/contracts/ur-definition.md",
2026-10-05T12:18:44.0940104Z         "size": 3139,
2026-10-05T12:18:44.0940331Z         "mode": 420
2026-10-05T12:18:44.0940529Z       },
2026-10-05T12:18:44.0940708Z       {
2026-10-05T12:18:44.0941070Z         "path": "generated/submissions/openai/agdf/.codex-plugin/plugin.json",
2026-10-05T12:18:44.0941461Z         "size": 1889,
2026-10-05T12:18:44.0941674Z         "mode": 420
2026-10-05T12:18:44.0941887Z       },
2026-10-05T12:18:44.0942069Z       {
2026-10-05T12:18:44.0942400Z         "path": "generated/submissions/openai/agdf/assets/agdf-icon.svg",
2026-10-05T12:18:44.0942771Z         "size": 924,
2026-10-05T12:18:44.0942993Z         "mode": 420
2026-10-05T12:18:44.0943191Z       },
2026-10-05T12:18:44.0943368Z       {
2026-10-05T12:18:44.0943699Z         "path": "generated/submissions/openai/agdf/assets/agdf-logo.svg",
2026-10-05T12:18:44.0944059Z         "size": 962,
2026-10-05T12:18:44.0944280Z         "mode": 420
2026-10-05T12:18:44.0944488Z       },
2026-10-05T12:18:44.0944671Z       {
2026-10-05T12:18:44.0945023Z         "path": "generated/submissions/openai/agdf/meta/agdf-agent-router.md",
2026-10-05T12:18:44.0945416Z         "size": 12317,
2026-10-05T12:18:44.0945634Z         "mode": 420
2026-10-05T12:18:44.0945836Z       },
2026-10-05T12:18:44.0946017Z       {
2026-10-05T12:18:44.0946371Z         "path": "generated/submissions/openai/agdf/meta/agdf-constitution.md",
2026-10-05T12:18:44.0946754Z         "size": 8709,
2026-10-05T12:18:44.0946967Z         "mode": 420
2026-10-05T12:18:44.0947171Z       },
2026-10-05T12:18:44.0947346Z       {
2026-10-05T12:18:44.0947736Z         "path": "generated/submissions/openai/agdf/meta/agdf-interaction-locales.json",
2026-10-05T12:18:44.0948555Z         "size": 153294,
2026-10-05T12:18:44.0948780Z         "mode": 420
2026-10-05T12:18:44.0948977Z       },
2026-10-05T12:18:44.0949157Z       {
2026-10-05T12:18:44.0949554Z         "path": "generated/submissions/openai/agdf/meta/agdf-plugin.definition.json",
2026-10-05T12:18:44.0949966Z         "size": 18450,
2026-10-05T12:18:44.0950181Z         "mode": 420
2026-10-05T12:18:44.0950381Z       },
2026-10-05T12:18:44.0950562Z       {
2026-10-05T12:18:44.0950929Z         "path": "generated/submissions/openai/agdf/meta/agdf-runtime-contract.md",
2026-10-05T12:18:44.0951334Z         "size": 1977,
2026-10-05T12:18:44.0951544Z         "mode": 420
2026-10-05T12:18:44.0951743Z       },
2026-10-05T12:18:44.0952098Z       {
2026-10-05T12:18:44.0952422Z         "path": "generated/submissions/openai/agdf/meta/agdf-tenets.md",
2026-10-05T12:18:44.0952780Z         "size": 8945,
2026-10-05T12:18:44.0952993Z         "mode": 420
2026-10-05T12:18:44.0953201Z       },
2026-10-05T12:18:44.0953383Z       {
2026-10-05T12:18:44.0953769Z         "path": "generated/submissions/openai/agdf/meta/agent-skills-conformance.json",
2026-10-05T12:18:44.0954193Z         "size": 1867,
2026-10-05T12:18:44.0954406Z         "mode": 420
2026-10-05T12:18:44.0954610Z       },
2026-10-05T12:18:44.0954798Z       {
2026-10-05T12:18:44.0955152Z         "path": "generated/submissions/openai/agdf/meta/contracts/closeout.md",
2026-10-05T12:18:44.0955542Z         "size": 4196,
2026-10-05T12:18:44.0955754Z         "mode": 420
2026-10-05T12:18:44.0955958Z       },
2026-10-05T12:18:44.0956142Z       {
2026-10-05T12:18:44.0956517Z         "path": "generated/submissions/openai/agdf/meta/contracts/context-graph.md",
2026-10-05T12:18:44.0956934Z         "size": 2512,
2026-10-05T12:18:44.0957148Z         "mode": 420
2026-10-05T12:18:44.0957346Z       },
2026-10-05T12:18:44.0957532Z       {
2026-10-05T12:18:44.0958093Z         "path": "generated/submissions/openai/agdf/meta/contracts/control-scaffold.md",
2026-10-05T12:18:44.0958580Z         "size": 11537,
2026-10-05T12:18:44.0958806Z         "mode": 420
2026-10-05T12:18:44.0959005Z       },
2026-10-05T12:18:44.0959185Z       {
2026-10-05T12:18:44.0959772Z         "path": "generated/submissions/openai/agdf/meta/contracts/gate-artifact-preparation.md",
2026-10-05T12:18:44.0960243Z         "size": 5731,
2026-10-05T12:18:44.0960454Z         "mode": 420
2026-10-05T12:18:44.0960653Z       },
2026-10-05T12:18:44.0960841Z       {
2026-10-05T12:18:44.0961214Z         "path": "generated/submissions/openai/agdf/meta/contracts/gate-transition.md",
2026-10-05T12:18:44.0961625Z         "size": 17966,
2026-10-05T12:18:44.0961844Z         "mode": 420
2026-10-05T12:18:44.0962043Z       },
2026-10-05T12:18:44.0962224Z       {
2026-10-05T12:18:44.0962596Z         "path": "generated/submissions/openai/agdf/meta/contracts/interaction.md",
2026-10-05T12:18:44.0962990Z         "size": 46617,
2026-10-05T12:18:44.0963207Z         "mode": 420
2026-10-05T12:18:44.0963404Z       },
2026-10-05T12:18:44.0963589Z       {
2026-10-05T12:18:44.0963927Z         "path": "generated/submissions/openai/agdf/meta/contracts/modes.md",
2026-10-05T12:18:44.0964301Z         "size": 12906,
2026-10-05T12:18:44.0964521Z         "mode": 420
2026-10-05T12:18:44.0964719Z       },
2026-10-05T12:18:44.0964949Z       {
2026-10-05T12:18:44.0965329Z         "path": "generated/submissions/openai/agdf/meta/contracts/prd-definition.md",
2026-10-05T12:18:44.0965736Z         "size": 5034,
2026-10-05T12:18:44.0965945Z         "mode": 420
2026-10-05T12:18:44.0966142Z       },
2026-10-05T12:18:44.0966335Z       {
2026-10-05T12:18:44.0966687Z         "path": "generated/submissions/openai/agdf/meta/contracts/quality.md",
2026-10-05T12:18:44.0967063Z         "size": 8692,
2026-10-05T12:18:44.0967291Z         "mode": 420
2026-10-05T12:18:44.0967492Z       },
2026-10-05T12:18:44.0967674Z       {
2026-10-05T12:18:44.0968329Z         "path": "generated/submissions/openai/agdf/meta/contracts/request-activation.md",
2026-10-05T12:18:44.0968771Z         "size": 18822,
2026-10-05T12:18:44.0968989Z         "mode": 420
2026-10-05T12:18:44.0969190Z       },
2026-10-05T12:18:44.0969369Z       {
2026-10-05T12:18:44.0969737Z         "path": "generated/submissions/openai/agdf/meta/contracts/sd-definition.md",
2026-10-05T12:18:44.0970139Z         "size": 4617,
2026-10-05T12:18:44.0970356Z         "mode": 420
2026-10-05T12:18:44.0970552Z       },
2026-10-05T12:18:44.0970729Z       {
2026-10-05T12:18:44.0971297Z         "path": "generated/submissions/openai/agdf/meta/contracts/task-target-resolution.md",
2026-10-05T12:18:44.0971748Z         "size": 8919,
2026-10-05T12:18:44.0971956Z         "mode": 420
2026-10-05T12:18:44.0972153Z       },
2026-10-05T12:18:44.0972332Z       {
2026-10-05T12:18:44.0972695Z         "path": "generated/submissions/openai/agdf/meta/contracts/ur-definition.md",
2026-10-05T12:18:44.0973274Z         "size": 3139,
2026-10-05T12:18:44.0973486Z         "mode": 420
2026-10-05T12:18:44.0973683Z       },
2026-10-05T12:18:44.0973879Z       {
2026-10-05T12:18:44.0974278Z         "path": "generated/submissions/openai/agdf/meta/copilot-payload-baseline.json",
2026-10-05T12:18:44.0974702Z         "size": 276,
2026-10-05T12:18:44.0974915Z         "mode": 420
2026-10-05T12:18:44.0975118Z       },
2026-10-05T12:18:44.0975323Z       {
2026-10-05T12:18:44.0975749Z         "path": "generated/submissions/openai/agdf/meta/distribution-profile-history.json",
2026-10-05T12:18:44.0976200Z         "size": 4398,
2026-10-05T12:18:44.0976432Z         "mode": 420
2026-10-05T12:18:44.0976641Z       },
2026-10-05T12:18:44.0976825Z       {
2026-10-05T12:18:44.0977276Z         "path": "generated/submissions/openai/agdf/meta/schemas/agent-plugins/1.0.0/mcp.schema.json",
2026-10-05T12:18:44.0977748Z         "size": 3408,
2026-10-05T12:18:44.0978200Z         "mode": 420
2026-10-05T12:18:44.0978529Z       },
2026-10-05T12:18:44.0978721Z       {
2026-10-05T12:18:44.0979205Z         "path": "generated/submissions/openai/agdf/meta/schemas/agent-plugins/1.0.0/plugin.schema.json",
2026-10-05T12:18:44.0979703Z         "size": 1805,
2026-10-05T12:18:44.0979921Z         "mode": 420
2026-10-05T12:18:44.0980121Z       },
2026-10-05T12:18:44.0980300Z       {
2026-10-05T12:18:44.0980905Z         "path": "generated/submissions/openai/agdf/meta/schemas/agent-plugins/1.0.0/provenance.json",
2026-10-05T12:18:44.0981633Z         "size": 539,
2026-10-05T12:18:44.0981859Z         "mode": 420
2026-10-05T12:18:44.0982070Z       },
2026-10-05T12:18:44.0982250Z       {
2026-10-05T12:18:44.0982708Z         "path": "generated/submissions/openai/agdf/plugin.json",
2026-10-05T12:18:44.0983085Z         "size": 2104,
2026-10-05T12:18:44.0983300Z         "mode": 420
2026-10-05T12:18:44.0983499Z       },
2026-10-05T12:18:44.0983752Z       {
2026-10-05T12:18:44.0984260Z         "path": "generated/submissions/openai/agdf/skills/brownfield-analysis/help.md",
2026-10-05T12:18:44.0984701Z         "size": 497,
2026-10-05T12:18:44.0985029Z         "mode": 420
2026-10-05T12:18:44.0985282Z       },
2026-10-05T12:18:44.0985465Z       {
2026-10-05T12:18:44.0985858Z         "path": "generated/submissions/openai/agdf/skills/brownfield-analysis/SKILL.md",
2026-10-05T12:18:44.0986474Z         "size": 15519,
2026-10-05T12:18:44.0986696Z         "mode": 420
2026-10-05T12:18:44.0986905Z       },
2026-10-05T12:18:44.0987089Z       {
2026-10-05T12:18:44.0987676Z         "path": "generated/submissions/openai/agdf/skills/clean-implementation-review/help.md",
2026-10-05T12:18:44.0988349Z         "size": 520,
2026-10-05T12:18:44.0988728Z         "mode": 420
2026-10-05T12:18:44.0989097Z       },
2026-10-05T12:18:44.0989301Z       {
2026-10-05T12:18:44.0989739Z         "path": "generated/submissions/openai/agdf/skills/clean-implementation-review/SKILL.md",
2026-10-05T12:18:44.0990221Z         "size": 7536,
2026-10-05T12:18:44.0990440Z         "mode": 420
2026-10-05T12:18:44.0990637Z       },
2026-10-05T12:18:44.0990821Z       {
2026-10-05T12:18:44.0991179Z         "path": "generated/submissions/openai/agdf/skills/code-review/help.md",
2026-10-05T12:18:44.0991574Z         "size": 407,
2026-10-05T12:18:44.0991791Z         "mode": 420
2026-10-05T12:18:44.0991988Z       },
2026-10-05T12:18:44.0992165Z       {
2026-10-05T12:18:44.0992531Z         "path": "generated/submissions/openai/agdf/skills/code-review/SKILL.md",
2026-10-05T12:18:44.0992926Z         "size": 7635,
2026-10-05T12:18:44.0993145Z         "mode": 420
2026-10-05T12:18:44.0993342Z       },
2026-10-05T12:18:44.0993526Z       {
2026-10-05T12:18:44.0993901Z         "path": "generated/submissions/openai/agdf/skills/delivery-closeout/help.md",
2026-10-05T12:18:44.0994313Z         "size": 416,
2026-10-05T12:18:44.0994529Z         "mode": 420
2026-10-05T12:18:44.0994729Z       },
2026-10-05T12:18:44.0994907Z       {
2026-10-05T12:18:44.0995479Z         "path": "generated/submissions/openai/agdf/skills/delivery-closeout/SKILL.md",
2026-10-05T12:18:44.0995900Z         "size": 7197,
2026-10-05T12:18:44.0996113Z         "mode": 420
2026-10-05T12:18:44.0996311Z       },
2026-10-05T12:18:44.0996501Z       {
2026-10-05T12:18:44.0996895Z         "path": "generated/submissions/openai/agdf/skills/delivery-path-search/help.md",
2026-10-05T12:18:44.0997320Z         "size": 555,
2026-10-05T12:18:44.0997538Z         "mode": 420
2026-10-05T12:18:44.0997736Z       },
2026-10-05T12:18:44.0998136Z       {
2026-10-05T12:18:44.0998817Z         "path": "generated/submissions/openai/agdf/skills/delivery-path-search/SKILL.md",
2026-10-05T12:18:44.0999259Z         "size": 8035,
2026-10-05T12:18:44.0999478Z         "mode": 420
2026-10-05T12:18:44.0999679Z       },
2026-10-05T12:18:44.0999870Z       {
2026-10-05T12:18:44.1000227Z         "path": "generated/submissions/openai/agdf/skills/gate-check/help.md",
2026-10-05T12:18:44.1000612Z         "size": 430,
2026-10-05T12:18:44.1000839Z         "mode": 420
2026-10-05T12:18:44.1001040Z       },
2026-10-05T12:18:44.1001220Z       {
2026-10-05T12:18:44.1001581Z         "path": "generated/submissions/openai/agdf/skills/gate-check/SKILL.md",
2026-10-05T12:18:44.1001968Z         "size": 5536,
2026-10-05T12:18:44.1002181Z         "mode": 420
2026-10-05T12:18:44.1002373Z       },
2026-10-05T12:18:44.1002556Z       {
2026-10-05T12:18:44.1002926Z         "path": "generated/submissions/openai/agdf/skills/prd-definition/help.md",
2026-10-05T12:18:44.1003482Z         "size": 551,
2026-10-05T12:18:44.1003704Z         "mode": 420
2026-10-05T12:18:44.1003905Z       },
2026-10-05T12:18:44.1004084Z       {
2026-10-05T12:18:44.1004458Z         "path": "generated/submissions/openai/agdf/skills/prd-definition/SKILL.md",
2026-10-05T12:18:44.1004860Z         "size": 3842,
2026-10-05T12:18:44.1005071Z         "mode": 420
2026-10-05T12:18:44.1005272Z       },
2026-10-05T12:18:44.1005455Z       {
2026-10-05T12:18:44.1005794Z         "path": "generated/submissions/openai/agdf/skills/qa-gate/help.md",
2026-10-05T12:18:44.1006171Z         "size": 385,
2026-10-05T12:18:44.1006386Z         "mode": 420
2026-10-05T12:18:44.1006585Z       },
2026-10-05T12:18:44.1006765Z       {
2026-10-05T12:18:44.1007109Z         "path": "generated/submissions/openai/agdf/skills/qa-gate/SKILL.md",
2026-10-05T12:18:44.1007488Z         "size": 10640,
2026-10-05T12:18:44.1007709Z         "mode": 420
2026-10-05T12:18:44.1008085Z       },
2026-10-05T12:18:44.1008395Z       {
2026-10-05T12:18:44.1008755Z         "path": "generated/submissions/openai/agdf/skills/release-or/help.md",
2026-10-05T12:18:44.1009139Z         "size": 447,
2026-10-05T12:18:44.1009356Z         "mode": 420
2026-10-05T12:18:44.1009556Z       },
2026-10-05T12:18:44.1009734Z       {
2026-10-05T12:18:44.1010092Z         "path": "generated/submissions/openai/agdf/skills/release-or/SKILL.md",
2026-10-05T12:18:44.1010481Z         "size": 10049,
2026-10-05T12:18:44.1010700Z         "mode": 420
2026-10-05T12:18:44.1010909Z       },
2026-10-05T12:18:44.1011087Z       {
2026-10-05T12:18:44.1011453Z         "path": "generated/submissions/openai/agdf/skills/sd-definition/help.md",
2026-10-05T12:18:44.1011851Z         "size": 531,
2026-10-05T12:18:44.1012065Z         "mode": 420
2026-10-05T12:18:44.1012263Z       },
2026-10-05T12:18:44.1012442Z       {
2026-10-05T12:18:44.1012814Z         "path": "generated/submissions/openai/agdf/skills/sd-definition/SKILL.md",
2026-10-05T12:18:44.1013205Z         "size": 3747,
2026-10-05T12:18:44.1013423Z         "mode": 420
2026-10-05T12:18:44.1013623Z       },
2026-10-05T12:18:44.1013804Z       {
2026-10-05T12:18:44.1014177Z         "path": "generated/submissions/openai/agdf/skills/task-plan-review/help.md",
2026-10-05T12:18:44.1014587Z         "size": 457,
2026-10-05T12:18:44.1014798Z         "mode": 420
2026-10-05T12:18:44.1014994Z       },
2026-10-05T12:18:44.1015173Z       {
2026-10-05T12:18:44.1015554Z         "path": "generated/submissions/openai/agdf/skills/task-plan-review/SKILL.md",
2026-10-05T12:18:44.1016119Z         "size": 8292,
2026-10-05T12:18:44.1016331Z         "mode": 420
2026-10-05T12:18:44.1016537Z       },
2026-10-05T12:18:44.1016722Z       {
2026-10-05T12:18:44.1017088Z         "path": "generated/submissions/openai/agdf/skills/ur-definition/help.md",
2026-10-05T12:18:44.1017493Z         "size": 524,
2026-10-05T12:18:44.1017711Z         "mode": 420
2026-10-05T12:18:44.1018046Z       },
2026-10-05T12:18:44.1018236Z       {
2026-10-05T12:18:44.1018619Z         "path": "generated/submissions/openai/agdf/skills/ur-definition/SKILL.md",
2026-10-05T12:18:44.1019017Z         "size": 3720,
2026-10-05T12:18:44.1019237Z         "mode": 420
2026-10-05T12:18:44.1019441Z       },
2026-10-05T12:18:44.1019624Z       {
2026-10-05T12:18:44.1020020Z         "path": "generated/submissions/openai/agdf/skills/ux-intent-definition/help.md",
2026-10-05T12:18:44.1020449Z         "size": 540,
2026-10-05T12:18:44.1020661Z         "mode": 420
2026-10-05T12:18:44.1020857Z       },
2026-10-05T12:18:44.1021075Z       {
2026-10-05T12:18:44.1021467Z         "path": "generated/submissions/openai/agdf/skills/ux-intent-definition/SKILL.md",
2026-10-05T12:18:44.1021897Z         "size": 7311,
2026-10-05T12:18:44.1022120Z         "mode": 420
2026-10-05T12:18:44.1022324Z       },
2026-10-05T12:18:44.1022510Z       {
2026-10-05T12:18:44.1022890Z         "path": "generated/submissions/openai/agdf/submission/openai/availability.md",
2026-10-05T12:18:44.1023318Z         "size": 763,
2026-10-05T12:18:44.1023532Z         "mode": 420
2026-10-05T12:18:44.1023874Z       },
2026-10-05T12:18:44.1024073Z       {
2026-10-05T12:18:44.1024508Z         "path": "generated/submissions/openai/agdf/submission/openai/capability-matrix.json",
2026-10-05T12:18:44.1024966Z         "size": 2107,
2026-10-05T12:18:44.1025190Z         "mode": 420
2026-10-05T12:18:44.1025393Z       },
2026-10-05T12:18:44.1025575Z       {
2026-10-05T12:18:44.1025952Z         "path": "generated/submissions/openai/agdf/submission/openai/inventory.json",
2026-10-05T12:18:44.1026378Z         "size": 8870,
2026-10-05T12:18:44.1026592Z         "mode": 420
2026-10-05T12:18:44.1026792Z       },
2026-10-05T12:18:44.1026979Z       {
2026-10-05T12:18:44.1027351Z         "path": "generated/submissions/openai/agdf/submission/openai/listing.json",
2026-10-05T12:18:44.1027755Z         "size": 1745,
2026-10-05T12:18:44.1028196Z         "mode": 420
2026-10-05T12:18:44.1028407Z       },
2026-10-05T12:18:44.1028597Z       {
2026-10-05T12:18:44.1028990Z         "path": "generated/submissions/openai/agdf/submission/openai/readiness.json",
2026-10-05T12:18:44.1029400Z         "size": 1138,
2026-10-05T12:18:44.1029619Z         "mode": 420
2026-10-05T12:18:44.1029819Z       },
2026-10-05T12:18:44.1030009Z       {
2026-10-05T12:18:44.1030378Z         "path": "generated/submissions/openai/agdf/submission/openai/readiness.md",
2026-10-05T12:18:44.1030777Z         "size": 920,
2026-10-05T12:18:44.1030998Z         "mode": 420
2026-10-05T12:18:44.1031195Z       },
2026-10-05T12:18:44.1031383Z       {
2026-10-05T12:18:44.1031772Z         "path": "generated/submissions/openai/agdf/submission/openai/release-notes.md",
2026-10-05T12:18:44.1032193Z         "size": 2461,
2026-10-05T12:18:44.1032409Z         "mode": 420
2026-10-05T12:18:44.1032612Z       },
2026-10-05T12:18:44.1032805Z       {
2026-10-05T12:18:44.1033207Z         "path": "generated/submissions/openai/agdf/submission/openai/reviewer-cases.json",
2026-10-05T12:18:44.1033642Z         "size": 6324,
2026-10-05T12:18:44.1033863Z         "mode": 420
2026-10-05T12:18:44.1034073Z       },
2026-10-05T12:18:44.1034265Z       {
2026-10-05T12:18:44.1034515Z         "path": "lib/cli/application.js",
2026-10-05T12:18:44.1034799Z         "size": 50643,
2026-10-05T12:18:44.1035015Z         "mode": 420
2026-10-05T12:18:44.1035218Z       },
2026-10-05T12:18:44.1035397Z       {
2026-10-05T12:18:44.1035641Z         "path": "lib/cli/command-registry.js",
2026-10-05T12:18:44.1035932Z         "size": 25352,
2026-10-05T12:18:44.1036153Z         "mode": 420
2026-10-05T12:18:44.1036515Z       },
2026-10-05T12:18:44.1036699Z       {
2026-10-05T12:18:44.1036948Z         "path": "lib/cli/contract-command.js",
2026-10-05T12:18:44.1037233Z         "size": 1796,
2026-10-05T12:18:44.1037442Z         "mode": 420
2026-10-05T12:18:44.1037639Z       },
2026-10-05T12:18:44.1037823Z       {
2026-10-05T12:18:44.1038294Z         "path": "lib/cli/control-maintenance-command.js",
2026-10-05T12:18:44.1038733Z         "size": 2514,
2026-10-05T12:18:44.1038961Z         "mode": 420
2026-10-05T12:18:44.1039170Z       },
2026-10-05T12:18:44.1039347Z       {
2026-10-05T12:18:44.1039641Z         "path": "lib/cli/delivery-path-search-command.js",
2026-10-05T12:18:44.1039962Z         "size": 9065,
2026-10-05T12:18:44.1040174Z         "mode": 420
2026-10-05T12:18:44.1040369Z       },
2026-10-05T12:18:44.1040558Z       {
2026-10-05T12:18:44.1040791Z         "path": "lib/cli/parse-args.js",
2026-10-05T12:18:44.1041070Z         "size": 13953,
2026-10-05T12:18:44.1041298Z         "mode": 420
2026-10-05T12:18:44.1041503Z       },
2026-10-05T12:18:44.1041683Z       {
2026-10-05T12:18:44.1041935Z         "path": "lib/cli/runtime-context.js",
2026-10-05T12:18:44.1042228Z         "size": 2217,
2026-10-05T12:18:44.1042444Z         "mode": 420
2026-10-05T12:18:44.1042651Z       },
2026-10-05T12:18:44.1042842Z       {
2026-10-05T12:18:44.1043101Z         "path": "lib/cli/validation-handlers.js",
2026-10-05T12:18:44.1043404Z         "size": 11734,
2026-10-05T12:18:44.1043626Z         "mode": 420
2026-10-05T12:18:44.1043982Z       },
2026-10-05T12:18:44.1044175Z       {
2026-10-05T12:18:44.1044422Z         "path": "lib/control-command.js",
2026-10-05T12:18:44.1044694Z         "size": 413,
2026-10-05T12:18:44.1044909Z         "mode": 420
2026-10-05T12:18:44.1045108Z       },
2026-10-05T12:18:44.1045297Z       {
2026-10-05T12:18:44.1045588Z         "path": "lib/control-evaluation/git-observation.js",
2026-10-05T12:18:44.1045915Z         "size": 641,
2026-10-05T12:18:44.1046132Z         "mode": 420
2026-10-05T12:18:44.1046338Z       },
2026-10-05T12:18:44.1046517Z       {
2026-10-05T12:18:44.1046800Z         "path": "lib/control-maintenance/interaction.js",
2026-10-05T12:18:44.1047118Z         "size": 1279,
2026-10-05T12:18:44.1047332Z         "mode": 420
2026-10-05T12:18:44.1047531Z       },
2026-10-05T12:18:44.1047719Z       {
2026-10-05T12:18:44.1048272Z         "path": "lib/control-maintenance/repair.js",
2026-10-05T12:18:44.1048622Z         "size": 421,
2026-10-05T12:18:44.1048839Z         "mode": 420
2026-10-05T12:18:44.1049046Z       },
2026-10-05T12:18:44.1049226Z       {
2026-10-05T12:18:44.1049498Z         "path": "lib/control-maintenance/service.js",
2026-10-05T12:18:44.1049800Z         "size": 264,
2026-10-05T12:18:44.1050009Z         "mode": 420
2026-10-05T12:18:44.1050206Z       },
2026-10-05T12:18:44.1050394Z       {
2026-10-05T12:18:44.1050656Z         "path": "lib/control-maintenance/startup.js",
2026-10-05T12:18:44.1050959Z         "size": 1683,
2026-10-05T12:18:44.1051180Z         "mode": 420
2026-10-05T12:18:44.1051388Z       },
2026-10-05T12:18:44.1051570Z       {
2026-10-05T12:18:44.1051836Z         "path": "lib/control-state/run-recovery.js",
2026-10-05T12:18:44.1052146Z         "size": 526,
2026-10-05T12:18:44.1052360Z         "mode": 420
2026-10-05T12:18:44.1052558Z       },
2026-10-05T12:18:44.1052751Z       {
2026-10-05T12:18:44.1053058Z         "path": "lib/delivery-path-search/evaluators/claude.js",
2026-10-05T12:18:44.1053397Z         "size": 1525,
2026-10-05T12:18:44.1053623Z         "mode": 420
2026-10-05T12:18:44.1053830Z       },
2026-10-05T12:18:44.1054015Z       {
2026-10-05T12:18:44.1054317Z         "path": "lib/delivery-path-search/evaluators/codex.js",
2026-10-05T12:18:44.1054650Z         "size": 1919,
2026-10-05T12:18:44.1054864Z         "mode": 420
2026-10-05T12:18:44.1055059Z       },
2026-10-05T12:18:44.1055242Z       {
2026-10-05T12:18:44.1055549Z         "path": "lib/delivery-path-search/evaluators/opencode.js",
2026-10-05T12:18:44.1055892Z         "size": 8924,
2026-10-05T12:18:44.1056267Z         "mode": 420
2026-10-05T12:18:44.1056465Z       },
2026-10-05T12:18:44.1056643Z       {
2026-10-05T12:18:44.1056946Z         "path": "lib/delivery-path-search/evaluators/prompt.js",
2026-10-05T12:18:44.1057280Z         "size": 753,
2026-10-05T12:18:44.1057493Z         "mode": 420
2026-10-05T12:18:44.1057691Z       },
2026-10-05T12:18:44.1057877Z       {
2026-10-05T12:18:44.1058328Z         "path": "lib/delivery-path-search/evaluators/protocol.js",
2026-10-05T12:18:44.1058671Z         "size": 470,
2026-10-05T12:18:44.1058894Z         "mode": 420
2026-10-05T12:18:44.1059094Z       },
2026-10-05T12:18:44.1059277Z       {
2026-10-05T12:18:44.1059581Z         "path": "lib/delivery-path-search/generators/claude.js",
2026-10-05T12:18:44.1059917Z         "size": 2203,
2026-10-05T12:18:44.1060132Z         "mode": 420
2026-10-05T12:18:44.1060331Z       },
2026-10-05T12:18:44.1060519Z       {
2026-10-05T12:18:44.1060815Z         "path": "lib/delivery-path-search/generators/codex.js",
2026-10-05T12:18:44.1061153Z         "size": 2187,
2026-10-05T12:18:44.1061371Z         "mode": 420
2026-10-05T12:18:44.1061589Z       },
2026-10-05T12:18:44.1061775Z       {
2026-10-05T12:18:44.1062092Z         "path": "lib/delivery-path-search/generators/protocol.js",
2026-10-05T12:18:44.1062432Z         "size": 389,
2026-10-05T12:18:44.1062647Z         "mode": 420
2026-10-05T12:18:44.1062852Z       },
2026-10-05T12:18:44.1063041Z       {
2026-10-05T12:18:44.1063365Z         "path": "lib/delivery-path-search/surfaces/capabilities.js",
2026-10-05T12:18:44.1063859Z         "size": 1161,
2026-10-05T12:18:44.1064089Z         "mode": 420
2026-10-05T12:18:44.1064286Z       },
2026-10-05T12:18:44.1064467Z       {
2026-10-05T12:18:44.1064843Z         "path": "lib/delivery-path-search/transports/read-only-guard.js",
2026-10-05T12:18:44.1065218Z         "size": 1271,
2026-10-05T12:18:44.1065428Z         "mode": 420
2026-10-05T12:18:44.1078177Z       },
2026-10-05T12:18:44.1078513Z       {
2026-10-05T12:18:44.1078870Z         "path": "lib/host-adapters/claude/loaded-sessions.js",
2026-10-05T12:18:44.1079253Z         "size": 1927,
2026-10-05T12:18:44.1079486Z         "mode": 420
2026-10-05T12:18:44.1079699Z       },
2026-10-05T12:18:44.1079897Z       {
2026-10-05T12:18:44.1080196Z         "path": "lib/host-adapters/claude/marketplace.js",
2026-10-05T12:18:44.1080527Z         "size": 131,
2026-10-05T12:18:44.1080752Z         "mode": 420
2026-10-05T12:18:44.1080958Z       },
2026-10-05T12:18:44.1081142Z       {
2026-10-05T12:18:44.1081467Z         "path": "lib/host-adapters/claude/permission-rules.js",
2026-10-05T12:18:44.1081814Z         "size": 1149,
2026-10-05T12:18:44.1082032Z         "mode": 420
2026-10-05T12:18:44.1082232Z       },
2026-10-05T12:18:44.1082421Z       {
2026-10-05T12:18:44.1082705Z         "path": "lib/host-adapters/claude/plugin-mcp.js",
2026-10-05T12:18:44.1083030Z         "size": 1936,
2026-10-05T12:18:44.1083249Z         "mode": 420
2026-10-05T12:18:44.1083447Z       },
2026-10-05T12:18:44.1083625Z       {
2026-10-05T12:18:44.1083902Z         "path": "lib/host-adapters/claude/plugin.js",
2026-10-05T12:18:44.1084206Z         "size": 8982,
2026-10-05T12:18:44.1084415Z         "mode": 420
2026-10-05T12:18:44.1084612Z       },
2026-10-05T12:18:44.1084799Z       {
2026-10-05T12:18:44.1085084Z         "path": "lib/host-adapters/claude/runtime-check.js",
2026-10-05T12:18:44.1085405Z         "size": 1747,
2026-10-05T12:18:44.1085630Z         "mode": 420
2026-10-05T12:18:44.1085842Z       },
2026-10-05T12:18:44.1086024Z       {
2026-10-05T12:18:44.1086346Z         "path": "lib/host-adapters/claude/session-command.js",
2026-10-05T12:18:44.1086700Z         "size": 165,
2026-10-05T12:18:44.1086916Z         "mode": 420
2026-10-05T12:18:44.1087117Z       },
2026-10-05T12:18:44.1087307Z       {
2026-10-05T12:18:44.1087594Z         "path": "lib/host-adapters/claude/uninstall.js",
2026-10-05T12:18:44.1088135Z         "size": 4583,
2026-10-05T12:18:44.1088521Z         "mode": 420
2026-10-05T12:18:44.1088734Z       },
2026-10-05T12:18:44.1089199Z       {
2026-10-05T12:18:44.1089479Z         "path": "lib/host-adapters/codex/identity.js",
2026-10-05T12:18:44.1089787Z         "size": 840,
2026-10-05T12:18:44.1090002Z         "mode": 420
2026-10-05T12:18:44.1090208Z       },
2026-10-05T12:18:44.1090387Z       {
2026-10-05T12:18:44.1090660Z         "path": "lib/host-adapters/codex/plugin-mcp.js",
2026-10-05T12:18:44.1090973Z         "size": 2066,
2026-10-05T12:18:44.1091181Z         "mode": 420
2026-10-05T12:18:44.1091376Z       },
2026-10-05T12:18:44.1091561Z       {
2026-10-05T12:18:44.1091824Z         "path": "lib/host-adapters/codex/plugin.js",
2026-10-05T12:18:44.1092124Z         "size": 12230,
2026-10-05T12:18:44.1092337Z         "mode": 420
2026-10-05T12:18:44.1092539Z       },
2026-10-05T12:18:44.1092719Z       {
2026-10-05T12:18:44.1092996Z         "path": "lib/host-adapters/codex/runtime-check.js",
2026-10-05T12:18:44.1093322Z         "size": 2085,
2026-10-05T12:18:44.1093534Z         "mode": 420
2026-10-05T12:18:44.1093730Z       },
2026-10-05T12:18:44.1093914Z       {
2026-10-05T12:18:44.1094206Z         "path": "lib/host-adapters/codex/session-command.js",
2026-10-05T12:18:44.1094527Z         "size": 455,
2026-10-05T12:18:44.1094734Z         "mode": 420
2026-10-05T12:18:44.1094934Z       },
2026-10-05T12:18:44.1095115Z       {
2026-10-05T12:18:44.1095378Z         "path": "lib/host-adapters/copilot/plugin.js",
2026-10-05T12:18:44.1095690Z         "size": 13888,
2026-10-05T12:18:44.1095900Z         "mode": 420
2026-10-05T12:18:44.1096101Z       },
2026-10-05T12:18:44.1096422Z       {
2026-10-05T12:18:44.1096720Z         "path": "lib/host-adapters/copilot/session-command.js",
2026-10-05T12:18:44.1097048Z         "size": 91,
2026-10-05T12:18:44.1097254Z         "mode": 420
2026-10-05T12:18:44.1097457Z       },
2026-10-05T12:18:44.1097636Z       {
2026-10-05T12:18:44.1098095Z         "path": "lib/host-adapters/opencode/runtime-check.js",
2026-10-05T12:18:44.1098438Z         "size": 2198,
2026-10-05T12:18:44.1098650Z         "mode": 420
2026-10-05T12:18:44.1098861Z       },
2026-10-05T12:18:44.1099040Z       {
2026-10-05T12:18:44.1099348Z         "path": "lib/host-adapters/opencode/session-command.js",
2026-10-05T12:18:44.1099682Z         "size": 76,
2026-10-05T12:18:44.1099886Z         "mode": 420
2026-10-05T12:18:44.1100087Z       },
2026-10-05T12:18:44.1100264Z       {
2026-10-05T12:18:44.1100527Z         "path": "lib/host-adapters/opencode/status.js",
2026-10-05T12:18:44.1100834Z         "size": 2119,
2026-10-05T12:18:44.1101040Z         "mode": 420
2026-10-05T12:18:44.1101244Z       },
2026-10-05T12:18:44.1101429Z       {
2026-10-05T12:18:44.1101699Z         "path": "lib/host-adapters/session-command.js",
2026-10-05T12:18:44.1101996Z         "size": 609,
2026-10-05T12:18:44.1102200Z         "mode": 420
2026-10-05T12:18:44.1102398Z       },
2026-10-05T12:18:44.1102577Z       {
2026-10-05T12:18:44.1102808Z         "path": "lib/host-command.js",
2026-10-05T12:18:44.1103078Z         "size": 5591,
2026-10-05T12:18:44.1103285Z         "mode": 420
2026-10-05T12:18:44.1103484Z       },
2026-10-05T12:18:44.1103662Z       {
2026-10-05T12:18:44.1103915Z         "path": "lib/install-setup/contract.js",
2026-10-05T12:18:44.1104209Z         "size": 16559,
2026-10-05T12:18:44.1104423Z         "mode": 420
2026-10-05T12:18:44.1104625Z       },
2026-10-05T12:18:44.1104806Z       {
2026-10-05T12:18:44.1105083Z         "path": "lib/install-setup/control-migration.js",
2026-10-05T12:18:44.1105407Z         "size": 609,
2026-10-05T12:18:44.1105612Z         "mode": 420
2026-10-05T12:18:44.1105813Z       },
2026-10-05T12:18:44.1105992Z       {
2026-10-05T12:18:44.1106262Z         "path": "lib/install-setup/control-repair.js",
2026-10-05T12:18:44.1106560Z         "size": 100,
2026-10-05T12:18:44.1106767Z         "mode": 420
2026-10-05T12:18:44.1106967Z       },
2026-10-05T12:18:44.1107149Z       {
2026-10-05T12:18:44.1107399Z         "path": "lib/install-setup/interaction.js",
2026-10-05T12:18:44.1107711Z         "size": 4950,
2026-10-05T12:18:44.1108105Z         "mode": 420
2026-10-05T12:18:44.1108545Z       },
2026-10-05T12:18:44.1108733Z       {
2026-10-05T12:18:44.1109016Z         "path": "lib/install-setup/presentation.js",
2026-10-05T12:18:44.1109332Z         "size": 15298,
2026-10-05T12:18:44.1109546Z         "mode": 420
2026-10-05T12:18:44.1109748Z       },
2026-10-05T12:18:44.1109924Z       {
2026-10-05T12:18:44.1110180Z         "path": "lib/install-setup/service.js",
2026-10-05T12:18:44.1110485Z         "size": 19652,
2026-10-05T12:18:44.1110706Z         "mode": 420
2026-10-05T12:18:44.1110910Z       },
2026-10-05T12:18:44.1111094Z       {
2026-10-05T12:18:44.1111390Z         "path": "lib/installers/claude-cache-recovery.js",
2026-10-05T12:18:44.1111715Z         "size": 3047,
2026-10-05T12:18:44.1111928Z         "mode": 420
2026-10-05T12:18:44.1112130Z       },
2026-10-05T12:18:44.1112307Z       {
2026-10-05T12:18:44.1112626Z         "path": "lib/installers/copilot-marketplace-transport.js",
2026-10-05T12:18:44.1112984Z         "size": 4086,
2026-10-05T12:18:44.1113202Z         "mode": 420
2026-10-05T12:18:44.1113398Z       },
2026-10-05T12:18:44.1113574Z       {
2026-10-05T12:18:44.1113853Z         "path": "lib/installers/copilot-precedence.js",
2026-10-05T12:18:44.1114164Z         "size": 1432,
2026-10-05T12:18:44.1114378Z         "mode": 420
2026-10-05T12:18:44.1114581Z       },
2026-10-05T12:18:44.1114760Z       {
2026-10-05T12:18:44.1115018Z         "path": "lib/installers/copilot-settings.js",
2026-10-05T12:18:44.1115327Z         "size": 12074,
2026-10-05T12:18:44.1115690Z         "mode": 420
2026-10-05T12:18:44.1115892Z       },
2026-10-05T12:18:44.1116072Z       {
2026-10-05T12:18:44.1116372Z         "path": "lib/installers/copilot-skill-discovery.js",
2026-10-05T12:18:44.1116693Z         "size": 1551,
2026-10-05T12:18:44.1116904Z         "mode": 420
2026-10-05T12:18:44.1117109Z       },
2026-10-05T12:18:44.1117290Z       {
2026-10-05T12:18:44.1117552Z         "path": "lib/installers/local-development.js",
2026-10-05T12:18:44.1117864Z         "size": 11485,
2026-10-05T12:18:44.1118261Z         "mode": 420
2026-10-05T12:18:44.1118467Z       },
2026-10-05T12:18:44.1118651Z       {
2026-10-05T12:18:44.1118919Z         "path": "lib/installers/local-marketplace.js",
2026-10-05T12:18:44.1119218Z         "size": 39624,
2026-10-05T12:18:44.1119429Z         "mode": 420
2026-10-05T12:18:44.1119628Z       },
2026-10-05T12:18:44.1119803Z       {
2026-10-05T12:18:44.1120054Z         "path": "lib/installers/npm-invocation.js",
2026-10-05T12:18:44.1120350Z         "size": 194,
2026-10-05T12:18:44.1120571Z         "mode": 420
2026-10-05T12:18:44.1120768Z       },
2026-10-05T12:18:44.1120945Z       {
2026-10-05T12:18:44.1121222Z         "path": "lib/installers/opencode-activation.js",
2026-10-05T12:18:44.1121530Z         "size": 866,
2026-10-05T12:18:44.1121734Z         "mode": 420
2026-10-05T12:18:44.1121933Z       },
2026-10-05T12:18:44.1122122Z       {
2026-10-05T12:18:44.1122371Z         "path": "lib/installers/opencode.js",
2026-10-05T12:18:44.1122657Z         "size": 51900,
2026-10-05T12:18:44.1122883Z         "mode": 420
2026-10-05T12:18:44.1123078Z       },
2026-10-05T12:18:44.1123267Z       {
2026-10-05T12:18:44.1123524Z         "path": "lib/installers/plugin-command.js",
2026-10-05T12:18:44.1123832Z         "size": 4513,
2026-10-05T12:18:44.1124046Z         "mode": 420
2026-10-05T12:18:44.1124244Z       },
2026-10-05T12:18:44.1124429Z       {
2026-10-05T12:18:44.1124689Z         "path": "lib/installers/plugin-installers.js",
2026-10-05T12:18:44.1124994Z         "size": 1395,
2026-10-05T12:18:44.1125224Z         "mode": 420
2026-10-05T12:18:44.1125423Z       },
2026-10-05T12:18:44.1125606Z       {
2026-10-05T12:18:44.1125856Z         "path": "lib/lifecycle/operations.js",
2026-10-05T12:18:44.1126151Z         "size": 7301,
2026-10-05T12:18:44.1126360Z         "mode": 420
2026-10-05T12:18:44.1126559Z       },
2026-10-05T12:18:44.1126744Z       {
2026-10-05T12:18:44.1126997Z         "path": "lib/lifecycle/owned-mutation.js",
2026-10-05T12:18:44.1127294Z         "size": 2374,
2026-10-05T12:18:44.1127662Z         "mode": 420
2026-10-05T12:18:44.1127858Z       },
2026-10-05T12:18:44.1128271Z       {
2026-10-05T12:18:44.1128661Z         "path": "lib/lifecycle/presentation.js",
2026-10-05T12:18:44.1128983Z         "size": 8106,
2026-10-05T12:18:44.1129196Z         "mode": 420
2026-10-05T12:18:44.1129395Z       },
2026-10-05T12:18:44.1129580Z       {
2026-10-05T12:18:44.1129814Z         "path": "lib/lifecycle/result.js",
2026-10-05T12:18:44.1130091Z         "size": 13388,
2026-10-05T12:18:44.1130315Z         "mode": 420
2026-10-05T12:18:44.1130513Z       },
2026-10-05T12:18:44.1130690Z       {
2026-10-05T12:18:44.1130924Z         "path": "lib/lifecycle/status.js",
2026-10-05T12:18:44.1131206Z         "size": 9584,
2026-10-05T12:18:44.1131417Z         "mode": 420
2026-10-05T12:18:44.1131616Z       },
2026-10-05T12:18:44.1131801Z       {
2026-10-05T12:18:44.1132080Z         "path": "lib/live-agent/read-only-structured.js",
2026-10-05T12:18:44.1132398Z         "size": 1864,
2026-10-05T12:18:44.1132621Z         "mode": 420
2026-10-05T12:18:44.1132819Z       },
2026-10-05T12:18:44.1133005Z       {
2026-10-05T12:18:44.1133258Z         "path": "lib/mcp-dispatch-runtime.js",
2026-10-05T12:18:44.1133555Z         "size": 7671,
2026-10-05T12:18:44.1133764Z         "mode": 420
2026-10-05T12:18:44.1133961Z       },
2026-10-05T12:18:44.1134146Z       {
2026-10-05T12:18:44.1134421Z         "path": "lib/mcp-lifecycle/adapter-contract.js",
2026-10-05T12:18:44.1134732Z         "size": 2654,
2026-10-05T12:18:44.1135119Z         "mode": 420
2026-10-05T12:18:44.1135335Z       },
2026-10-05T12:18:44.1135518Z       {
2026-10-05T12:18:44.1135788Z         "path": "lib/mcp-lifecycle/adapters/claude.js",
2026-10-05T12:18:44.1136105Z         "size": 6298,
2026-10-05T12:18:44.1136315Z         "mode": 420
2026-10-05T12:18:44.1136512Z       },
2026-10-05T12:18:44.1136698Z       {
2026-10-05T12:18:44.1136955Z         "path": "lib/mcp-lifecycle/adapters/codex.js",
2026-10-05T12:18:44.1137254Z         "size": 7829,
2026-10-05T12:18:44.1137469Z         "mode": 420
2026-10-05T12:18:44.1137668Z       },
2026-10-05T12:18:44.1137844Z       {
2026-10-05T12:18:44.1138276Z         "path": "lib/mcp-lifecycle/adapters/copilot.js",
2026-10-05T12:18:44.1138589Z         "size": 5351,
2026-10-05T12:18:44.1138800Z         "mode": 420
2026-10-05T12:18:44.1138993Z       },
2026-10-05T12:18:44.1139175Z       {
2026-10-05T12:18:44.1139455Z         "path": "lib/mcp-lifecycle/adapters/file-utils.js",
2026-10-05T12:18:44.1139772Z         "size": 3292,
2026-10-05T12:18:44.1139988Z         "mode": 420
2026-10-05T12:18:44.1140188Z       },
2026-10-05T12:18:44.1140365Z       {
2026-10-05T12:18:44.1140634Z         "path": "lib/mcp-lifecycle/adapters/opencode.js",
2026-10-05T12:18:44.1140953Z         "size": 8173,
2026-10-05T12:18:44.1141164Z         "mode": 420
2026-10-05T12:18:44.1141360Z       },
2026-10-05T12:18:44.1141544Z       {
2026-10-05T12:18:44.1141792Z         "path": "lib/mcp-lifecycle/evidence.js",
2026-10-05T12:18:44.1142079Z         "size": 3556,
2026-10-05T12:18:44.1142294Z         "mode": 420
2026-10-05T12:18:44.1142500Z       },
2026-10-05T12:18:44.1142682Z       {
2026-10-05T12:18:44.1142931Z         "path": "lib/mcp-lifecycle/host-config.js",
2026-10-05T12:18:44.1143234Z         "size": 2865,
2026-10-05T12:18:44.1143444Z         "mode": 420
2026-10-05T12:18:44.1143641Z       },
2026-10-05T12:18:44.1143824Z       {
2026-10-05T12:18:44.1144069Z         "path": "lib/mcp-lifecycle/package.js",
2026-10-05T12:18:44.1144368Z         "size": 16097,
2026-10-05T12:18:44.1144589Z         "mode": 420
2026-10-05T12:18:44.1144792Z       },
2026-10-05T12:18:44.1144974Z       {
2026-10-05T12:18:44.1145241Z         "path": "lib/mcp-lifecycle/plugin-runtime.js",
2026-10-05T12:18:44.1145556Z         "size": 12833,
2026-10-05T12:18:44.1145768Z         "mode": 420
2026-10-05T12:18:44.1145966Z       },
2026-10-05T12:18:44.1146151Z       {
2026-10-05T12:18:44.1146408Z         "path": "lib/mcp-lifecycle/presentation.js",
2026-10-05T12:18:44.1146706Z         "size": 2925,
2026-10-05T12:18:44.1147086Z         "mode": 420
2026-10-05T12:18:44.1147295Z       },
2026-10-05T12:18:44.1147471Z       {
2026-10-05T12:18:44.1147738Z         "path": "lib/mcp-lifecycle/profile-context.js",
2026-10-05T12:18:44.1148215Z         "size": 473,
2026-10-05T12:18:44.1148426Z         "mode": 420
2026-10-05T12:18:44.1148618Z       },
2026-10-05T12:18:44.1148799Z       {
2026-10-05T12:18:44.1149042Z         "path": "lib/mcp-lifecycle/profile.js",
2026-10-05T12:18:44.1149329Z         "size": 4171,
2026-10-05T12:18:44.1149543Z         "mode": 420
2026-10-05T12:18:44.1149751Z       },
2026-10-05T12:18:44.1149931Z       {
2026-10-05T12:18:44.1150171Z         "path": "lib/mcp-lifecycle/result.js",
2026-10-05T12:18:44.1150478Z         "size": 3846,
2026-10-05T12:18:44.1150700Z         "mode": 420
2026-10-05T12:18:44.1150904Z       },
2026-10-05T12:18:44.1151084Z       {
2026-10-05T12:18:44.1151336Z         "path": "lib/mcp-lifecycle/service.js",
2026-10-05T12:18:44.1151623Z         "size": 18831,
2026-10-05T12:18:44.1151843Z         "mode": 420
2026-10-05T12:18:44.1152048Z       },
2026-10-05T12:18:44.1152232Z       {
2026-10-05T12:18:44.1152461Z         "path": "lib/npm-invocation.js",
2026-10-05T12:18:44.1152733Z         "size": 969,
2026-10-05T12:18:44.1152948Z         "mode": 420
2026-10-05T12:18:44.1153143Z       },
2026-10-05T12:18:44.1153328Z       {
2026-10-05T12:18:44.1153574Z         "path": "lib/repository-context.js",
2026-10-05T12:18:44.1153857Z         "size": 3033,
2026-10-05T12:18:44.1154214Z         "mode": 420
2026-10-05T12:18:44.1154420Z       },
2026-10-05T12:18:44.1154599Z       {
2026-10-05T12:18:44.1154779Z         "path": "lib/runtime-check-consent/adapters.js",
2026-10-05T12:18:44.1154865Z         "size": 314,
2026-10-05T12:18:44.1154954Z         "mode": 420
2026-10-05T12:18:44.1155038Z       },
2026-10-05T12:18:44.1155116Z       {
2026-10-05T12:18:44.1155317Z         "path": "lib/runtime-check-consent/claude-settings.js",
2026-10-05T12:18:44.1155410Z         "size": 2458,
2026-10-05T12:18:44.1155499Z         "mode": 420
2026-10-05T12:18:44.1155583Z       },
2026-10-05T12:18:44.1155667Z       {
2026-10-05T12:18:44.1155853Z         "path": "lib/runtime-check-consent/codex-hooks.js",
2026-10-05T12:18:44.1155939Z         "size": 4261,
2026-10-05T12:18:44.1156029Z         "mode": 420
2026-10-05T12:18:44.1156114Z       },
2026-10-05T12:18:44.1156193Z       {
2026-10-05T12:18:44.1156414Z         "path": "lib/runtime-check-consent/codex-plugin-consent.js",
2026-10-05T12:18:44.1156505Z         "size": 6474,
2026-10-05T12:18:44.1156594Z         "mode": 420
2026-10-05T12:18:44.1156681Z       },
2026-10-05T12:18:44.1156766Z       {
2026-10-05T12:18:44.1156938Z         "path": "lib/runtime-check-consent/contract.js",
2026-10-05T12:18:44.1157027Z         "size": 3925,
2026-10-05T12:18:44.1157117Z         "mode": 420
2026-10-05T12:18:44.1157203Z       },
2026-10-05T12:18:44.1157282Z       {
2026-10-05T12:18:44.1157462Z         "path": "lib/runtime-check-consent/coordinator.js",
2026-10-05T12:18:44.1157561Z         "size": 1866,
2026-10-05T12:18:44.1157645Z         "mode": 420
2026-10-05T12:18:44.1157728Z       },
2026-10-05T12:18:44.1157812Z       {
2026-10-05T12:18:44.1158144Z         "path": "lib/runtime-check-consent/service.js",
2026-10-05T12:18:44.1158234Z         "size": 8988,
2026-10-05T12:18:44.1158324Z         "mode": 420
2026-10-05T12:18:44.1158412Z       },
2026-10-05T12:18:44.1158491Z       {
2026-10-05T12:18:44.1158655Z         "path": "lib/runtime-check-consent/state.js",
2026-10-05T12:18:44.1158752Z         "size": 4910,
2026-10-05T12:18:44.1158837Z         "mode": 420
2026-10-05T12:18:44.1158927Z       },
2026-10-05T12:18:44.1159013Z       {
2026-10-05T12:18:44.1159193Z         "path": "lib/runtime/control-command-service.js",
2026-10-05T12:18:44.1159280Z         "size": 607,
2026-10-05T12:18:44.1159370Z         "mode": 420
2026-10-05T12:18:44.1159456Z       },
2026-10-05T12:18:44.1159534Z       {
2026-10-05T12:18:44.1159691Z         "path": "lib/runtime/control-context.js",
2026-10-05T12:18:44.1159926Z         "size": 904,
2026-10-05T12:18:44.1160011Z         "mode": 420
2026-10-05T12:18:44.1160098Z       },
2026-10-05T12:18:44.1160182Z       {
2026-10-05T12:18:44.1160330Z         "path": "lib/runtime/git-history.js",
2026-10-05T12:18:44.1160417Z         "size": 510,
2026-10-05T12:18:44.1160506Z         "mode": 420
2026-10-05T12:18:44.1160590Z       },
2026-10-05T12:18:44.1160667Z       {
2026-10-05T12:18:44.1160815Z         "path": "lib/runtime/git-originals.js",
2026-10-05T12:18:44.1160911Z         "size": 2213,
2026-10-05T12:18:44.1160999Z         "mode": 420
2026-10-05T12:18:44.1161085Z       },
2026-10-05T12:18:44.1161166Z       {
2026-10-05T12:18:44.1161320Z         "path": "lib/runtime/local-validator.js",
2026-10-05T12:18:44.1161405Z         "size": 14029,
2026-10-05T12:18:44.1161495Z         "mode": 420
2026-10-05T12:18:44.1161577Z       },
2026-10-05T12:18:44.1161661Z       {
2026-10-05T12:18:44.1161820Z         "path": "lib/runtime/plugin-provenance.js",
2026-10-05T12:18:44.1161915Z         "size": 57,
2026-10-05T12:18:44.1161999Z         "mode": 420
2026-10-05T12:18:44.1162081Z       },
2026-10-05T12:18:44.1162163Z       {
2026-10-05T12:18:44.1162302Z         "path": "lib/runtime/runtime-probe.js",
2026-10-05T12:18:44.1162392Z         "size": 3045,
2026-10-05T12:18:44.1162482Z         "mode": 420
2026-10-05T12:18:44.1162563Z       },
2026-10-05T12:18:44.1162642Z       {
2026-10-05T12:18:44.1162821Z         "path": "lib/runtime/validator-application.js",
2026-10-05T12:18:44.1163046Z         "size": 1823,
2026-10-05T12:18:44.1163135Z         "mode": 420
2026-10-05T12:18:44.1163220Z       },
2026-10-05T12:18:44.1163312Z       {
2026-10-05T12:18:44.1163463Z         "path": "lib/scaffold/canonical-init.js",
2026-10-05T12:18:44.1163557Z         "size": 27671,
2026-10-05T12:18:44.1163647Z         "mode": 420
2026-10-05T12:18:44.1163731Z       },
2026-10-05T12:18:44.1163809Z       {
2026-10-05T12:18:44.1163943Z         "path": "lib/scaffold/plan.js",
2026-10-05T12:18:44.1164035Z         "size": 6801,
2026-10-05T12:18:44.1164126Z         "mode": 420
2026-10-05T12:18:44.1164209Z       },
2026-10-05T12:18:44.1164295Z       {
2026-10-05T12:18:44.1164437Z         "path": "lib/scaffold/presentation.js",
2026-10-05T12:18:44.1164530Z         "size": 6227,
2026-10-05T12:18:44.1164618Z         "mode": 420
2026-10-05T12:18:44.1164700Z       },
2026-10-05T12:18:44.1164776Z       {
2026-10-05T12:18:44.1164955Z         "path": "lib/scaffold/write.js",
2026-10-05T12:18:44.1165049Z         "size": 1862,
2026-10-05T12:18:44.1165139Z         "mode": 420
2026-10-05T12:18:44.1165226Z       },
2026-10-05T12:18:44.1165311Z       {
2026-10-05T12:18:44.1165456Z         "path": "lib/skill-dispatch/binding.js",
2026-10-05T12:18:44.1165549Z         "size": 642,
2026-10-05T12:18:44.1165639Z         "mode": 420
2026-10-05T12:18:44.1165724Z       },
2026-10-05T12:18:44.1165803Z       {
2026-10-05T12:18:44.1165942Z         "path": "opencode-plugin.js",
2026-10-05T12:18:44.1166033Z         "size": 8893,
2026-10-05T12:18:44.1166120Z         "mode": 420
2026-10-05T12:18:44.1166207Z       },
2026-10-05T12:18:44.1166290Z       {
2026-10-05T12:18:44.1166409Z         "path": "package.json",
2026-10-05T12:18:44.1166503Z         "size": 1496,
2026-10-05T12:18:44.1166592Z         "mode": 420
2026-10-05T12:18:44.1166676Z       },
2026-10-05T12:18:44.1166756Z       {
2026-10-05T12:18:44.1166988Z         "path": "runtime/core/lib/control-evaluation/delivery-map.js",
2026-10-05T12:18:44.1167086Z         "size": 13111,
2026-10-05T12:18:44.1167177Z         "mode": 420
2026-10-05T12:18:44.1167261Z       },
2026-10-05T12:18:44.1167345Z       {
2026-10-05T12:18:44.1167605Z         "path": "runtime/core/lib/control-evaluation/delivery-relationships.js",
2026-10-05T12:18:44.1167700Z         "size": 1370,
2026-10-05T12:18:44.1167797Z         "mode": 420
2026-10-05T12:18:44.1167882Z       },
2026-10-05T12:18:44.1168091Z       {
2026-10-05T12:18:44.1168412Z         "path": "runtime/core/lib/control-evaluation/doctor.js",
2026-10-05T12:18:44.1168579Z         "size": 14393,
2026-10-05T12:18:44.1168857Z         "mode": 420
2026-10-05T12:18:44.1168952Z       },
2026-10-05T12:18:44.1169042Z       {
2026-10-05T12:18:44.1169273Z         "path": "runtime/core/lib/control-evaluation/gate-check.js",
2026-10-05T12:18:44.1169372Z         "size": 37366,
2026-10-05T12:18:44.1169464Z         "mode": 420
2026-10-05T12:18:44.1169545Z       },
2026-10-05T12:18:44.1169624Z       {
2026-10-05T12:18:44.1169852Z         "path": "runtime/core/lib/control-evaluation/gate-policy.js",
2026-10-05T12:18:44.1169951Z         "size": 17824,
2026-10-05T12:18:44.1170035Z         "mode": 420
2026-10-05T12:18:44.1170118Z       },
2026-10-05T12:18:44.1170201Z       {
2026-10-05T12:18:44.1170460Z         "path": "runtime/core/lib/control-evaluation/parent-reconciliation.js",
2026-10-05T12:18:44.1170554Z         "size": 10121,
2026-10-05T12:18:44.1170642Z         "mode": 420
2026-10-05T12:18:44.1170725Z       },
2026-10-05T12:18:44.1170803Z       {
2026-10-05T12:18:44.1171032Z         "path": "runtime/core/lib/control-evaluation/prd-readiness.js",
2026-10-05T12:18:44.1171132Z         "size": 2268,
2026-10-05T12:18:44.1171215Z         "mode": 420
2026-10-05T12:18:44.1171303Z       },
2026-10-05T12:18:44.1171386Z       {
2026-10-05T12:18:44.1171614Z         "path": "runtime/core/lib/control-evaluation/required-files.js",
2026-10-05T12:18:44.1171702Z         "size": 337,
2026-10-05T12:18:44.1171791Z         "mode": 420
2026-10-05T12:18:44.1171875Z       },
2026-10-05T12:18:44.1171952Z       {
2026-10-05T12:18:44.1172293Z         "path": "runtime/core/lib/control-evaluation/run-state.js",
2026-10-05T12:18:44.1172390Z         "size": 11605,
2026-10-05T12:18:44.1172475Z         "mode": 420
2026-10-05T12:18:44.1172564Z       },
2026-10-05T12:18:44.1172647Z       {
2026-10-05T12:18:44.1172883Z         "path": "runtime/core/lib/control-evaluation/run-step-policy.js",
2026-10-05T12:18:44.1172969Z         "size": 1382,
2026-10-05T12:18:44.1173059Z         "mode": 420
2026-10-05T12:18:44.1173144Z       },
2026-10-05T12:18:44.1173227Z       {
2026-10-05T12:18:44.1173450Z         "path": "runtime/core/lib/control-evaluation/sd-readiness.js",
2026-10-05T12:18:44.1173541Z         "size": 2561,
2026-10-05T12:18:44.1173625Z         "mode": 420
2026-10-05T12:18:44.1173708Z       },
2026-10-05T12:18:44.1173791Z       {
2026-10-05T12:18:44.1173991Z         "path": "runtime/core/lib/control-evaluation/shared.js",
2026-10-05T12:18:44.1174078Z         "size": 10972,
2026-10-05T12:18:44.1174169Z         "mode": 420
2026-10-05T12:18:44.1174261Z       },
2026-10-05T12:18:44.1174338Z       {
2026-10-05T12:18:44.1174603Z         "path": "runtime/core/lib/control-evaluation/traceability-readiness.js",
2026-10-05T12:18:44.1174697Z         "size": 13831,
2026-10-05T12:18:44.1174782Z         "mode": 420
2026-10-05T12:18:44.1174867Z       },
2026-10-05T12:18:44.1174951Z       {
2026-10-05T12:18:44.1175167Z         "path": "runtime/core/lib/control-evaluation/ur-readiness.js",
2026-10-05T12:18:44.1175254Z         "size": 2045,
2026-10-05T12:18:44.1175349Z         "mode": 420
2026-10-05T12:18:44.1175434Z       },
2026-10-05T12:18:44.1175512Z       {
2026-10-05T12:18:44.1175742Z         "path": "runtime/core/lib/control-evaluation/verified-change.js",
2026-10-05T12:18:44.1175834Z         "size": 12119,
2026-10-05T12:18:44.1175922Z         "mode": 420
2026-10-05T12:18:44.1176001Z       },
2026-10-05T12:18:44.1176085Z       {
2026-10-05T12:18:44.1176285Z         "path": "runtime/core/lib/control-inspect/contract.js",
2026-10-05T12:18:44.1176377Z         "size": 13500,
2026-10-05T12:18:44.1176472Z         "mode": 420
2026-10-05T12:18:44.1176561Z       },
2026-10-05T12:18:44.1176640Z       {
2026-10-05T12:18:44.1176840Z         "path": "runtime/core/lib/control-inspect/selection.js",
2026-10-05T12:18:44.1176934Z         "size": 1788,
2026-10-05T12:18:44.1177025Z         "mode": 420
2026-10-05T12:18:44.1177103Z       },
2026-10-05T12:18:44.1177192Z       {
2026-10-05T12:18:44.1177390Z         "path": "runtime/core/lib/control-inspect/service.js",
2026-10-05T12:18:44.1177575Z         "size": 12577,
2026-10-05T12:18:44.1177668Z         "mode": 420
2026-10-05T12:18:44.1177752Z       },
2026-10-05T12:18:44.1177830Z       {
2026-10-05T12:18:44.1178268Z         "path": "runtime/core/lib/control-maintenance/compatibility.js",
2026-10-05T12:18:44.1178372Z         "size": 8412,
2026-10-05T12:18:44.1178465Z         "mode": 420
2026-10-05T12:18:44.1178542Z       },
2026-10-05T12:18:44.1178624Z       {
2026-10-05T12:18:44.1178841Z         "path": "runtime/core/lib/control-maintenance/contract.js",
2026-10-05T12:18:44.1178928Z         "size": 2342,
2026-10-05T12:18:44.1179016Z         "mode": 420
2026-10-05T12:18:44.1179102Z       },
2026-10-05T12:18:44.1179178Z       {
2026-10-05T12:18:44.1179393Z         "path": "runtime/core/lib/control-maintenance/interaction.js",
2026-10-05T12:18:44.1179485Z         "size": 3207,
2026-10-05T12:18:44.1179573Z         "mode": 420
2026-10-05T12:18:44.1179649Z       },
2026-10-05T12:18:44.1179733Z       {
2026-10-05T12:18:44.1179946Z         "path": "runtime/core/lib/control-maintenance/migration.js",
2026-10-05T12:18:44.1180032Z         "size": 5383,
2026-10-05T12:18:44.1180121Z         "mode": 420
2026-10-05T12:18:44.1180202Z       },
2026-10-05T12:18:44.1180278Z       {
2026-10-05T12:18:44.1180502Z         "path": "runtime/core/lib/control-maintenance/presentation.js",
2026-10-05T12:18:44.1180593Z         "size": 8246,
2026-10-05T12:18:44.1180682Z         "mode": 420
2026-10-05T12:18:44.1180759Z       },
2026-10-05T12:18:44.1180844Z       {
2026-10-05T12:18:44.1181177Z         "path": "runtime/core/lib/control-maintenance/repair.js",
2026-10-05T12:18:44.1181268Z         "size": 13216,
2026-10-05T12:18:44.1181360Z         "mode": 420
2026-10-05T12:18:44.1181442Z       },
2026-10-05T12:18:44.1181520Z       {
2026-10-05T12:18:44.1181728Z         "path": "runtime/core/lib/control-maintenance/service.js",
2026-10-05T12:18:44.1181823Z         "size": 2412,
2026-10-05T12:18:44.1181912Z         "mode": 420
2026-10-05T12:18:44.1181993Z       },
2026-10-05T12:18:44.1182087Z       {
2026-10-05T12:18:44.1182278Z         "path": "runtime/core/lib/control-read-boundary.js",
2026-10-05T12:18:44.1182363Z         "size": 906,
2026-10-05T12:18:44.1182457Z         "mode": 420
2026-10-05T12:18:44.1182541Z       },
2026-10-05T12:18:44.1182622Z       {
2026-10-05T12:18:44.1182810Z         "path": "runtime/core/lib/control-state/aggregate.js",
2026-10-05T12:18:44.1182901Z         "size": 503,
2026-10-05T12:18:44.1182993Z         "mode": 420
2026-10-05T12:18:44.1183080Z       },
2026-10-05T12:18:44.1183166Z       {
2026-10-05T12:18:44.1183424Z         "path": "runtime/core/lib/control-state/approval-command-contract.js",
2026-10-05T12:18:44.1183509Z         "size": 3748,
2026-10-05T12:18:44.1183602Z         "mode": 420
2026-10-05T12:18:44.1183685Z       },
2026-10-05T12:18:44.1183765Z       {
2026-10-05T12:18:44.1183981Z         "path": "runtime/core/lib/control-state/approval-command.js",
2026-10-05T12:18:44.1184072Z         "size": 8139,
2026-10-05T12:18:44.1184166Z         "mode": 420
2026-10-05T12:18:44.1184243Z       },
2026-10-05T12:18:44.1184327Z       {
2026-10-05T12:18:44.1184554Z         "path": "runtime/core/lib/control-state/approval-operations.js",
2026-10-05T12:18:44.1184640Z         "size": 6088,
2026-10-05T12:18:44.1184731Z         "mode": 420
2026-10-05T12:18:44.1184831Z       },
2026-10-05T12:18:44.1184919Z       {
2026-10-05T12:18:44.1185157Z         "path": "runtime/core/lib/control-state/artefact-binding-proof.js",
2026-10-05T12:18:44.1185253Z         "size": 4880,
2026-10-05T12:18:44.1185346Z         "mode": 420
2026-10-05T12:18:44.1185424Z       },
2026-10-05T12:18:44.1185512Z       {
2026-10-05T12:18:44.1185727Z         "path": "runtime/core/lib/control-state/artefact-bindings.js",
2026-10-05T12:18:44.1185813Z         "size": 6925,
2026-10-05T12:18:44.1185905Z         "mode": 420
2026-10-05T12:18:44.1185992Z       },
2026-10-05T12:18:44.1186078Z       {
2026-10-05T12:18:44.1186283Z         "path": "runtime/core/lib/control-state/contained-file.js",
2026-10-05T12:18:44.1186563Z         "size": 2204,
2026-10-05T12:18:44.1186659Z         "mode": 420
2026-10-05T12:18:44.1186737Z       },
2026-10-05T12:18:44.1186823Z       {
2026-10-05T12:18:44.1187059Z         "path": "runtime/core/lib/control-state/control-configuration.js",
2026-10-05T12:18:44.1187145Z         "size": 1072,
2026-10-05T12:18:44.1187234Z         "mode": 420
2026-10-05T12:18:44.1187317Z       },
2026-10-05T12:18:44.1187401Z       {
2026-10-05T12:18:44.1187646Z         "path": "runtime/core/lib/control-state/gate-approval-validator.js",
2026-10-05T12:18:44.1187736Z         "size": 1704,
2026-10-05T12:18:44.1187825Z         "mode": 420
2026-10-05T12:18:44.1188088Z       },
2026-10-05T12:18:44.1188179Z       {
2026-10-05T12:18:44.1188361Z         "path": "runtime/core/lib/control-state/index.js",
2026-10-05T12:18:44.1188453Z         "size": 346,
2026-10-05T12:18:44.1188538Z         "mode": 420
2026-10-05T12:18:44.1188622Z       },
2026-10-05T12:18:44.1188704Z       {
2026-10-05T12:18:44.1188920Z         "path": "runtime/core/lib/control-state/legacy-migration.js",
2026-10-05T12:18:44.1189011Z         "size": 3088,
2026-10-05T12:18:44.1189100Z         "mode": 420
2026-10-05T12:18:44.1189179Z       },
2026-10-05T12:18:44.1189264Z       {
2026-10-05T12:18:44.1189516Z         "path": "runtime/core/lib/control-state/legacy-projection-reader.js",
2026-10-05T12:18:44.1189606Z         "size": 1984,
2026-10-05T12:18:44.1189689Z         "mode": 420
2026-10-05T12:18:44.1189774Z       },
2026-10-05T12:18:44.1190003Z       {
2026-10-05T12:18:44.1190244Z         "path": "runtime/core/lib/control-state/run-artefact-recording.js",
2026-10-05T12:18:44.1190335Z         "size": 6620,
2026-10-05T12:18:44.1190425Z         "mode": 420
2026-10-05T12:18:44.1190504Z       },
2026-10-05T12:18:44.1190592Z       {
2026-10-05T12:18:44.1190794Z         "path": "runtime/core/lib/control-state/run-identity.js",
2026-10-05T12:18:44.1190885Z         "size": 573,
2026-10-05T12:18:44.1190968Z         "mode": 420
2026-10-05T12:18:44.1191056Z       },
2026-10-05T12:18:44.1191139Z       {
2026-10-05T12:18:44.1191372Z         "path": "runtime/core/lib/control-state/run-presentation-render.js",
2026-10-05T12:18:44.1191465Z         "size": 17579,
2026-10-05T12:18:44.1191555Z         "mode": 420
2026-10-05T12:18:44.1191633Z       },
2026-10-05T12:18:44.1191717Z       {
2026-10-05T12:18:44.1191931Z         "path": "runtime/core/lib/control-state/run-presentation.js",
2026-10-05T12:18:44.1192024Z         "size": 6777,
2026-10-05T12:18:44.1192114Z         "mode": 420
2026-10-05T12:18:44.1192197Z       },
2026-10-05T12:18:44.1192287Z       {
2026-10-05T12:18:44.1192486Z         "path": "runtime/core/lib/control-state/run-recording.js",
2026-10-05T12:18:44.1192579Z         "size": 10751,
2026-10-05T12:18:44.1192668Z         "mode": 420
2026-10-05T12:18:44.1192746Z       },
2026-10-05T12:18:44.1192830Z       {
2026-10-05T12:18:44.1193029Z         "path": "runtime/core/lib/control-state/run-recovery.js",
2026-10-05T12:18:44.1193128Z         "size": 17891,
2026-10-05T12:18:44.1193217Z         "mode": 420
2026-10-05T12:18:44.1193300Z       },
2026-10-05T12:18:44.1193383Z       {
2026-10-05T12:18:44.1193641Z         "path": "runtime/core/lib/control-state/run-relationship-correction.js",
2026-10-05T12:18:44.1193736Z         "size": 5721,
2026-10-05T12:18:44.1193825Z         "mode": 420
2026-10-05T12:18:44.1193910Z       },
2026-10-05T12:18:44.1193989Z       {
2026-10-05T12:18:44.1194223Z         "path": "runtime/core/lib/control-state/run-revision-history.js",
2026-10-05T12:18:44.1194326Z         "size": 9598,
2026-10-05T12:18:44.1194410Z         "mode": 420
2026-10-05T12:18:44.1194496Z       },
2026-10-05T12:18:44.1194580Z       {
2026-10-05T12:18:44.1194770Z         "path": "runtime/core/lib/control-state/run-revision.js",
2026-10-05T12:18:44.1194863Z         "size": 24412,
2026-10-05T12:18:44.1194954Z         "mode": 420
2026-10-05T12:18:44.1195038Z       },
2026-10-05T12:18:44.1195115Z       {
2026-10-05T12:18:44.1195303Z         "path": "runtime/core/lib/control-state/run-seal.js",
2026-10-05T12:18:44.1195523Z         "size": 7838,
2026-10-05T12:18:44.1195611Z         "mode": 420
2026-10-05T12:18:44.1195696Z       },
2026-10-05T12:18:44.1195784Z       {
2026-10-05T12:18:44.1196010Z         "path": "runtime/core/lib/control-state/run-source-revisions.js",
2026-10-05T12:18:44.1196107Z         "size": 9961,
2026-10-05T12:18:44.1196198Z         "mode": 420
2026-10-05T12:18:44.1196280Z       },
2026-10-05T12:18:44.1196358Z       {
2026-10-05T12:18:44.1196583Z         "path": "runtime/core/lib/control-state/run-state-edits.js",
2026-10-05T12:18:44.1196678Z         "size": 6233,
2026-10-05T12:18:44.1196762Z         "mode": 420
2026-10-05T12:18:44.1196844Z       },
2026-10-05T12:18:44.1196927Z       {
2026-10-05T12:18:44.1197139Z         "path": "runtime/core/lib/control-state/run-state-parser.js",
2026-10-05T12:18:44.1197230Z         "size": 12277,
2026-10-05T12:18:44.1197319Z         "mode": 420
2026-10-05T12:18:44.1197402Z       },
2026-10-05T12:18:44.1197483Z       {
2026-10-05T12:18:44.1197693Z         "path": "runtime/core/lib/control-state/run-state-reader.js",
2026-10-05T12:18:44.1197783Z         "size": 1875,
2026-10-05T12:18:44.1197867Z         "mode": 420
2026-10-05T12:18:44.1198086Z       },
2026-10-05T12:18:44.1198171Z       {
2026-10-05T12:18:44.1198395Z         "path": "runtime/core/lib/control-state/run-state-repository.js",
2026-10-05T12:18:44.1198486Z         "size": 6390,
2026-10-05T12:18:44.1198573Z         "mode": 420
2026-10-05T12:18:44.1198842Z       },
2026-10-05T12:18:44.1198924Z       {
2026-10-05T12:18:44.1199155Z         "path": "runtime/core/lib/control-state/run-state-resolver.js",
2026-10-05T12:18:44.1199246Z         "size": 1371,
2026-10-05T12:18:44.1199331Z         "mode": 420
2026-10-05T12:18:44.1199415Z       },
2026-10-05T12:18:44.1199499Z       {
2026-10-05T12:18:44.1199709Z         "path": "runtime/core/lib/control-state/run-state-writer.js",
2026-10-05T12:18:44.1199794Z         "size": 16219,
2026-10-05T12:18:44.1199893Z         "mode": 420
2026-10-05T12:18:44.1199978Z       },
2026-10-05T12:18:44.1200059Z       {
2026-10-05T12:18:44.1200273Z         "path": "runtime/core/lib/control-state/run-step-pending.js",
2026-10-05T12:18:44.1200365Z         "size": 620,
2026-10-05T12:18:44.1200448Z         "mode": 420
2026-10-05T12:18:44.1200531Z       },
2026-10-05T12:18:44.1200614Z       {
2026-10-05T12:18:44.1200836Z         "path": "runtime/core/lib/control-state/run-step-transaction.js",
2026-10-05T12:18:44.1200921Z         "size": 15958,
2026-10-05T12:18:44.1201017Z         "mode": 420
2026-10-05T12:18:44.1201103Z       },
2026-10-05T12:18:44.1201182Z       {
2026-10-05T12:18:44.1201376Z         "path": "runtime/core/lib/control-state/run-steps.js",
2026-10-05T12:18:44.1201469Z         "size": 15588,
2026-10-05T12:18:44.1201554Z         "mode": 420
2026-10-05T12:18:44.1201640Z       },
2026-10-05T12:18:44.1201726Z       {
2026-10-05T12:18:44.1201950Z         "path": "runtime/core/lib/control-state/run-store-inspection.js",
2026-10-05T12:18:44.1202041Z         "size": 2164,
2026-10-05T12:18:44.1202129Z         "mode": 420
2026-10-05T12:18:44.1202213Z       },
2026-10-05T12:18:44.1202291Z       {
2026-10-05T12:18:44.1202499Z         "path": "runtime/core/lib/delivery-continuation/service.js",
2026-10-05T12:18:44.1202589Z         "size": 3947,
2026-10-05T12:18:44.1202673Z         "mode": 420
2026-10-05T12:18:44.1202758Z       },
2026-10-05T12:18:44.1202844Z       {
2026-10-05T12:18:44.1203095Z         "path": "runtime/core/lib/delivery-path-search/candidate-policy.js",
2026-10-05T12:18:44.1203190Z         "size": 3919,
2026-10-05T12:18:44.1203282Z         "mode": 420
2026-10-05T12:18:44.1203367Z       },
2026-10-05T12:18:44.1203448Z       {
2026-10-05T12:18:44.1203661Z         "path": "runtime/core/lib/delivery-path-search/contracts.js",
2026-10-05T12:18:44.1203757Z         "size": 15955,
2026-10-05T12:18:44.1203842Z         "mode": 420
2026-10-05T12:18:44.1203925Z       },
2026-10-05T12:18:44.1204008Z       {
2026-10-05T12:18:44.1204357Z         "path": "runtime/core/lib/delivery-path-search/persistence.js",
2026-10-05T12:18:44.1204443Z         "size": 2521,
2026-10-05T12:18:44.1204535Z         "mode": 420
2026-10-05T12:18:44.1204623Z       },
2026-10-05T12:18:44.1204702Z       {
2026-10-05T12:18:44.1204915Z         "path": "runtime/core/lib/delivery-path-search/scoring.js",
2026-10-05T12:18:44.1205010Z         "size": 824,
2026-10-05T12:18:44.1205100Z         "mode": 420
2026-10-05T12:18:44.1205178Z       },
2026-10-05T12:18:44.1205261Z       {
2026-10-05T12:18:44.1205493Z         "path": "runtime/core/lib/delivery-path-search/search-engine.js",
2026-10-05T12:18:44.1205580Z         "size": 11244,
2026-10-05T12:18:44.1205675Z         "mode": 420
2026-10-05T12:18:44.1205757Z       },
2026-10-05T12:18:44.1205833Z       {
2026-10-05T12:18:44.1206062Z         "path": "runtime/core/lib/delivery-path-search/state-adapter.js",
2026-10-05T12:18:44.1206153Z         "size": 4596,
2026-10-05T12:18:44.1206241Z         "mode": 420
2026-10-05T12:18:44.1206325Z       },
2026-10-05T12:18:44.1206407Z       {
2026-10-05T12:18:44.1206558Z         "path": "runtime/core/lib/fs-swap.js",
2026-10-05T12:18:44.1206644Z         "size": 916,
2026-10-05T12:18:44.1206735Z         "mode": 420
2026-10-05T12:18:44.1206820Z       },
2026-10-05T12:18:44.1206895Z       {
2026-10-05T12:18:44.1207041Z         "path": "runtime/core/lib/index.js",
2026-10-05T12:18:44.1207133Z         "size": 954,
2026-10-05T12:18:44.1207223Z         "mode": 420
2026-10-05T12:18:44.1207300Z       },
2026-10-05T12:18:44.1207471Z       {
2026-10-05T12:18:44.1207696Z         "path": "runtime/core/lib/interaction-catalog-validation.js",
2026-10-05T12:18:44.1207782Z         "size": 1453,
2026-10-05T12:18:44.1207872Z         "mode": 420
2026-10-05T12:18:44.1208092Z       },
2026-10-05T12:18:44.1208173Z       {
2026-10-05T12:18:44.1208518Z         "path": "runtime/core/lib/interaction-catalog.js",
2026-10-05T12:18:44.1208678Z         "size": 3628,
2026-10-05T12:18:44.1208773Z         "mode": 420
2026-10-05T12:18:44.1208861Z       },
2026-10-05T12:18:44.1208945Z       {
2026-10-05T12:18:44.1209152Z         "path": "runtime/core/lib/interaction-presentation.js",
2026-10-05T12:18:44.1209238Z         "size": 65120,
2026-10-05T12:18:44.1209331Z         "mode": 420
2026-10-05T12:18:44.1209417Z       },
2026-10-05T12:18:44.1209497Z       {
2026-10-05T12:18:44.1209703Z         "path": "runtime/core/lib/repository-context-reader.js",
2026-10-05T12:18:44.1209795Z         "size": 3135,
2026-10-05T12:18:44.1209884Z         "mode": 420
2026-10-05T12:18:44.1209968Z       },
2026-10-05T12:18:44.1210054Z       {
2026-10-05T12:18:44.1210226Z         "path": "runtime/core/lib/resources/binding.js",
2026-10-05T12:18:44.1210312Z         "size": 303,
2026-10-05T12:18:44.1210403Z         "mode": 420
2026-10-05T12:18:44.1210485Z       },
2026-10-05T12:18:44.1210565Z       {
2026-10-05T12:18:44.1210735Z         "path": "runtime/core/lib/resources/context.js",
2026-10-05T12:18:44.1210828Z         "size": 3469,
2026-10-05T12:18:44.1210925Z         "mode": 420
2026-10-05T12:18:44.1211002Z       },
2026-10-05T12:18:44.1211086Z       {
2026-10-05T12:18:44.1211262Z         "path": "runtime/core/lib/resources/contracts.js",
2026-10-05T12:18:44.1211346Z         "size": 1513,
2026-10-05T12:18:44.1211441Z         "mode": 420
2026-10-05T12:18:44.1211525Z       },
2026-10-05T12:18:44.1211606Z       {
2026-10-05T12:18:44.1211857Z         "path": "runtime/core/lib/runtime/distribution-profile-history.js",
2026-10-05T12:18:44.1211949Z         "size": 6077,
2026-10-05T12:18:44.1212044Z         "mode": 420
2026-10-05T12:18:44.1212123Z       },
2026-10-05T12:18:44.1212206Z       {
2026-10-05T12:18:44.1212409Z         "path": "runtime/core/lib/runtime/plugin-provenance.js",
2026-10-05T12:18:44.1212499Z         "size": 20490,
2026-10-05T12:18:44.1212589Z         "mode": 420
2026-10-05T12:18:44.1212676Z       },
2026-10-05T12:18:44.1212756Z       {
2026-10-05T12:18:44.1212955Z         "path": "runtime/core/lib/skill-dispatch/binding.js",
2026-10-05T12:18:44.1213198Z         "size": 3647,
2026-10-05T12:18:44.1213300Z         "mode": 420
2026-10-05T12:18:44.1213379Z       },
2026-10-05T12:18:44.1213467Z       {
2026-10-05T12:18:44.1213665Z         "path": "runtime/core/lib/skill-dispatch/contract.js",
2026-10-05T12:18:44.1213753Z         "size": 27887,
2026-10-05T12:18:44.1213847Z         "mode": 420
2026-10-05T12:18:44.1213931Z       },
2026-10-05T12:18:44.1214009Z       {
2026-10-05T12:18:44.1214227Z         "path": "runtime/core/lib/skill-dispatch/delivery-intake.js",
2026-10-05T12:18:44.1214323Z         "size": 4635,
2026-10-05T12:18:44.1214414Z         "mode": 420
2026-10-05T12:18:44.1214492Z       },
2026-10-05T12:18:44.1214575Z       {
2026-10-05T12:18:44.1214829Z         "path": "runtime/core/lib/skill-dispatch/delivery-run-assignment.js",
2026-10-05T12:18:44.1214915Z         "size": 4578,
2026-10-05T12:18:44.1215005Z         "mode": 420
2026-10-05T12:18:44.1215087Z       },
2026-10-05T12:18:44.1215163Z       {
2026-10-05T12:18:44.1215378Z         "path": "runtime/core/lib/skill-dispatch/prd-definition.js",
2026-10-05T12:18:44.1215474Z         "size": 2845,
2026-10-05T12:18:44.1215564Z         "mode": 420
2026-10-05T12:18:44.1215642Z       },
2026-10-05T12:18:44.1215725Z       {
2026-10-05T12:18:44.1215935Z         "path": "runtime/core/lib/skill-dispatch/sd-definition.js",
2026-10-05T12:18:44.1216024Z         "size": 2900,
2026-10-05T12:18:44.1216116Z         "mode": 420
2026-10-05T12:18:44.1216198Z       },
2026-10-05T12:18:44.1216276Z       {
2026-10-05T12:18:44.1216589Z         "path": "runtime/core/lib/skill-dispatch/service.js",
2026-10-05T12:18:44.1216686Z         "size": 40882,
2026-10-05T12:18:44.1216778Z         "mode": 420
2026-10-05T12:18:44.1216859Z       },
2026-10-05T12:18:44.1216943Z       {
2026-10-05T12:18:44.1217137Z         "path": "runtime/core/lib/task-target-resolution.js",
2026-10-05T12:18:44.1217226Z         "size": 8096,
2026-10-05T12:18:44.1217320Z         "mode": 420
2026-10-05T12:18:44.1217403Z       }
2026-10-05T12:18:44.1217494Z     ],
2026-10-05T12:18:44.1217588Z     "entryCount": 761,
2026-10-05T12:18:44.1217683Z     "bundled": []
2026-10-05T12:18:44.1217771Z   }
2026-10-05T12:18:44.1217857Z ]
2026-10-05T12:18:44.1218128Z [
2026-10-05T12:18:44.1218218Z   {
2026-10-05T12:18:44.1218317Z     "id": "@agdf/cli@0.14.5",
2026-10-05T12:18:44.1218418Z     "name": "@agdf/cli",
2026-10-05T12:18:44.1218516Z     "version": "0.14.5",
2026-10-05T12:18:44.1218606Z     "size": 8032,
2026-10-05T12:18:44.1218712Z     "unpackedSize": 22320,
2026-10-05T12:18:44.1218903Z     "shasum": "17488d5e043d8075bee788085d5a8a67c4fd5e36",
2026-10-05T12:18:44.1219375Z     "integrity": "sha512-oKD8494HurBVHH2YZzCKpjTP6CyzjUv1XZzYDVBx3Gp18QxwkIBzJNvZX/xg6VbJTj1r5t3fF6wXom8YBk9/hg==",
2026-10-05T12:18:44.1219511Z     "filename": "agdf-cli-0.14.5.tgz",
2026-10-05T12:18:44.1219606Z     "files": [
2026-10-05T12:18:44.1219693Z       {
2026-10-05T12:18:44.1219788Z         "path": "LICENSE",
2026-10-05T12:18:44.1219882Z         "size": 11357,
2026-10-05T12:18:44.1219978Z         "mode": 420
2026-10-05T12:18:44.1220065Z       },
2026-10-05T12:18:44.1220144Z       {
2026-10-05T12:18:44.1220243Z         "path": "NOTICE",
2026-10-05T12:18:44.1220337Z         "size": 483,
2026-10-05T12:18:44.1220441Z         "mode": 420
2026-10-05T12:18:44.1220528Z       },
2026-10-05T12:18:44.1220613Z       {
2026-10-05T12:18:44.1220711Z         "path": "README.md",
2026-10-05T12:18:44.1220808Z         "size": 9382,
2026-10-05T12:18:44.1220904Z         "mode": 420
2026-10-05T12:18:44.1220983Z       },
2026-10-05T12:18:44.1221074Z       {
2026-10-05T12:18:44.1221200Z         "path": "bin/agdf.js",
2026-10-05T12:18:44.1221293Z         "size": 47,
2026-10-05T12:18:44.1221378Z         "mode": 420
2026-10-05T12:18:44.1221464Z       },
2026-10-05T12:18:44.1221549Z       {
2026-10-05T12:18:44.1221670Z         "path": "package.json",
2026-10-05T12:18:44.1221762Z         "size": 1051,
2026-10-05T12:18:44.1221852Z         "mode": 420
2026-10-05T12:18:44.1221933Z       }
2026-10-05T12:18:44.1222018Z     ],
2026-10-05T12:18:44.1222248Z     "entryCount": 5,
2026-10-05T12:18:44.1222344Z     "bundled": []
2026-10-05T12:18:44.1222421Z   }
2026-10-05T12:18:44.1222504Z ]
2026-10-05T12:18:44.1222587Z [
2026-10-05T12:18:44.1222664Z   {
2026-10-05T12:18:44.1222797Z     "id": "@agdf/mcp-server@0.14.5",
2026-10-05T12:18:44.1222919Z     "name": "@agdf/mcp-server",
2026-10-05T12:18:44.1223011Z     "version": "0.14.5",
2026-10-05T12:18:44.1223102Z     "size": 8369,
2026-10-05T12:18:44.1223204Z     "unpackedSize": 23720,
2026-10-05T12:18:44.1223398Z     "shasum": "f95c711e473b04ed61b4356bad30b14c8aa8ceb3",
2026-10-05T12:18:44.1223863Z     "integrity": "sha512-tF915GIqo13z+UDBXn0W80+3Dt6JiAW8X18i7Vj0g9njqmm2bZFnGyH8xH01psn+02P6Nxv7j20WhN7FHnscmA==",
2026-10-05T12:18:44.1224018Z     "filename": "agdf-mcp-server-0.14.5.tgz",
2026-10-05T12:18:44.1235532Z     "files": [
2026-10-05T12:18:44.1235682Z       {
2026-10-05T12:18:44.1235796Z         "path": "LICENSE",
2026-10-05T12:18:44.1235899Z         "size": 11357,
2026-10-05T12:18:44.1236015Z         "mode": 420
2026-10-05T12:18:44.1236101Z       },
2026-10-05T12:18:44.1236191Z       {
2026-10-05T12:18:44.1236299Z         "path": "NOTICE",
2026-10-05T12:18:44.1236390Z         "size": 521,
2026-10-05T12:18:44.1236482Z         "mode": 420
2026-10-05T12:18:44.1236572Z       },
2026-10-05T12:18:44.1236659Z       {
2026-10-05T12:18:44.1236759Z         "path": "README.md",
2026-10-05T12:18:44.1236855Z         "size": 2391,
2026-10-05T12:18:44.1236946Z         "mode": 420
2026-10-05T12:18:44.1237026Z       },
2026-10-05T12:18:44.1237333Z       {
2026-10-05T12:18:44.1237483Z         "path": "bin/agdf-mcp.js",
2026-10-05T12:18:44.1237573Z         "size": 659,
2026-10-05T12:18:44.1237668Z         "mode": 493
2026-10-05T12:18:44.1237754Z       },
2026-10-05T12:18:44.1237840Z       {
2026-10-05T12:18:44.1238268Z         "path": "package.json",
2026-10-05T12:18:44.1238375Z         "size": 864,
2026-10-05T12:18:44.1238471Z         "mode": 420
2026-10-05T12:18:44.1238550Z       },
2026-10-05T12:18:44.1238642Z       {
2026-10-05T12:18:44.1238769Z         "path": "src/main.js",
2026-10-05T12:18:44.1238857Z         "size": 1210,
2026-10-05T12:18:44.1238950Z         "mode": 420
2026-10-05T12:18:44.1239033Z       },
2026-10-05T12:18:44.1239115Z       {
2026-10-05T12:18:44.1239238Z         "path": "src/server.js",
2026-10-05T12:18:44.1239330Z         "size": 3144,
2026-10-05T12:18:44.1239420Z         "mode": 420
2026-10-05T12:18:44.1239497Z       },
2026-10-05T12:18:44.1239583Z       {
2026-10-05T12:18:44.1239730Z         "path": "src/worker-entry.js",
2026-10-05T12:18:44.1239816Z         "size": 964,
2026-10-05T12:18:44.1239906Z         "mode": 420
2026-10-05T12:18:44.1239988Z       },
2026-10-05T12:18:44.1240070Z       {
2026-10-05T12:18:44.1240196Z         "path": "src/worker.js",
2026-10-05T12:18:44.1240290Z         "size": 2610,
2026-10-05T12:18:44.1240383Z         "mode": 420
2026-10-05T12:18:44.1240461Z       }
2026-10-05T12:18:44.1240547Z     ],
2026-10-05T12:18:44.1240648Z     "entryCount": 9,
2026-10-05T12:18:44.1240740Z     "bundled": []
2026-10-05T12:18:44.1240825Z   }
2026-10-05T12:18:44.1240913Z ]
2026-10-05T12:18:49.4680592Z Three normal archives: manifests, Core bytes, CLI/bootstrap, exports, blocked-network offline profiles and both MCP protocols passed.
2026-10-05T12:18:49.6563657Z [verify-ci] cli-smoke
2026-10-05T12:18:49.7587069Z 
2026-10-05T12:18:49.7587869Z > create-agdf@0.14.5 smoke-test
2026-10-05T12:18:49.7603302Z > npm run release:prepare && npm run test:release-workflows && npm run test:release-registry-state && npm run test:instruction-footprint && npm run test:request-activation && npm run test:gate-check-missing-control && npm run test:canonical-init && npm run test:cli-modularization && npm run test:install-setup-contract && npm run test:install-setup-interaction && npm run test:install-setup-service && npm run test:install-control-migration && npm run test:install-control-repair && npm run test:control-maintenance && npm run test:runtime-check-consent && npm run test:task-target-resolution && npm run test:skill-dispatch && npm run test:control-inspect && npm run test:host-command && npm run test:mcp-lifecycle && npm run test:plugin-mcp-runtime && npm run test:claude-plugin-mcp && npm run test:codex-plugin-mcp && npm run test:mcp-server && npm run test:local-validator && npm run test:local-marketplace && npm run test:claude-cache-recovery && npm run test:copilot-profile && npm run test:copilot-installer && npm run test:local-preparation && npm run test:local-development-install && npm run test:package-build && npm run test:package-contents && npm run test:lifecycle && npm run test:copilot-repository-retention && npm run test:control-command && npm run test:control-command-process && npm run test:control-command-package && npm run test:cli-gates && npm run test:control-state && npm run test:run-step-transaction && npm run test:run-recovery && npm run test:run-lock && npm run test:prd-readiness && npm run test:run-revision && npm run test:late-source-revision && npm run test:intake-continuation && npm run test:prd-definition && npm run test:sd-readiness && npm run test:sd-definition && npm run test:artifact-language && npm run test:parent-reconciliation && npm run test:interaction-presentation && npm run test:operational-localization && npm run test:verified-change && npm run test:runtime-integrity-layout && npm run test:runtime-integrity-negative && npm run test:agent-skills-conformance && npm run test:skill-evals && npm run eval:skills && npm run test:proportionality && npm run test:delivery-path-search && npm run test:delivery-path-search-unit && npm run test:delivery-path-search-generator && npm run test:opencode-hardening && node scripts/smoke-test.js && node scripts/test-routing.js
2026-10-05T12:18:49.7612265Z 
2026-10-05T12:18:49.8836589Z 
2026-10-05T12:18:49.8837326Z > create-agdf@0.14.5 release:prepare
2026-10-05T12:18:49.8839464Z > npm run sync-package-assets && npm run test:distribution-profile-history && npm run test:release-bump && npm run test:release-version-coherence && npm run test:public-plugin && npm run test:portable-plugin
2026-10-05T12:18:49.8840692Z 
2026-10-05T12:18:50.0117111Z 
2026-10-05T12:18:50.0117768Z > create-agdf@0.14.5 sync-package-assets
2026-10-05T12:18:50.0118888Z > node ../../scripts/sync-package-assets.js
2026-10-05T12:18:50.0119303Z 
2026-10-05T12:18:50.5955190Z 
2026-10-05T12:18:50.5956123Z > create-agdf@0.14.5 test:distribution-profile-history
2026-10-05T12:18:50.5956818Z > node scripts/distribution-profile-history-test.js
2026-10-05T12:18:50.5957174Z 
2026-10-05T12:18:50.6558909Z Distribution profile history passed (8 exact releases, malformed and closed-policy matrices)
2026-10-05T12:18:50.7902948Z 
2026-10-05T12:18:50.7903667Z > create-agdf@0.14.5 test:release-bump
2026-10-05T12:18:50.7904513Z > node scripts/release-bump-test.js
2026-10-05T12:18:50.7904953Z 
2026-10-05T12:18:51.0754182Z Release bump passed (20 transactional files; repair, forward, review, rollback and recovery)
2026-10-05T12:18:51.2301698Z 
2026-10-05T12:18:51.2302700Z > create-agdf@0.14.5 test:release-version-coherence
2026-10-05T12:18:51.2303723Z > node scripts/release-version-coherence-test.js
2026-10-05T12:18:51.2304199Z 
2026-10-05T12:18:52.4850379Z Release version coherence passed (50 surfaces at 0.14.5; 8 profile snapshots)
2026-10-05T12:18:52.6171857Z 
2026-10-05T12:18:52.6172502Z > create-agdf@0.14.5 test:public-plugin
2026-10-05T12:18:52.6173093Z > node scripts/public-plugin-test.js
2026-10-05T12:18:52.6173383Z 
2026-10-05T12:18:52.9230953Z Public plugin tests passed (60 inventoried candidate files; digest 416c48ca8fe420b133c90d0a967d9e834341c3b1578d8ca02e43db39b4b173e5)
2026-10-05T12:18:53.0508977Z 
2026-10-05T12:18:53.0509675Z > create-agdf@0.14.5 test:portable-plugin
2026-10-05T12:18:53.0510439Z > node scripts/portable-plugin-test.js
2026-10-05T12:18:53.0510741Z 
2026-10-05T12:18:53.6169812Z Portable plugin schema/profile/resource/selection/retry tests passed; digest 416c48ca8fe420b133c90d0a967d9e834341c3b1578d8ca02e43db39b4b173e5
2026-10-05T12:18:53.7490994Z 
2026-10-05T12:18:53.7492147Z > create-agdf@0.14.5 test:release-workflows
2026-10-05T12:18:53.7493005Z > node scripts/release-workflow-contract-test.js
2026-10-05T12:18:53.7493451Z 
2026-10-05T12:18:53.8475308Z Coupled release workflow contract passed.
2026-10-05T12:18:54.2153952Z Evidence publication tests passed (create, update, path rejection, stale source; isolated Git remote and mocked GitHub).
2026-10-05T12:18:54.3694646Z 
2026-10-05T12:18:54.3695384Z > create-agdf@0.14.5 test:release-registry-state
2026-10-05T12:18:54.3696121Z > node scripts/release-registry-state-test.js
2026-10-05T12:18:54.3696434Z 
2026-10-05T12:18:54.4032135Z Release registry state classification passed.
2026-10-05T12:18:54.5329027Z 
2026-10-05T12:18:54.5329976Z > create-agdf@0.14.5 test:instruction-footprint
2026-10-05T12:18:54.5330599Z > node scripts/instruction-footprint-test.js
2026-10-05T12:18:54.5330910Z 
2026-10-05T12:18:56.1413000Z {
2026-10-05T12:18:56.1413531Z   "status": "pass",
2026-10-05T12:18:56.1414047Z   "evidence_plane": "source_composed",
2026-10-05T12:18:56.1414833Z   "profile_surface": "generated_and_temporary_install_fixture",
2026-10-05T12:18:56.1415522Z   "evaluator_surface": "node_deterministic",
2026-10-05T12:18:56.1416047Z   "loaded_host_evidence": false,
2026-10-05T12:18:56.1416871Z   "generated_digest": "bc78aac08bebc1db1b1af4c8af34e7280b931343248e9109e9d3dc23118fd39d",
2026-10-05T12:18:56.1418583Z   "canonical_kernel_fingerprint": "sha256:af2f01f9e18a3ba1c520faf0691aa1cd4a4299bdfa027cf83651c5d14319bfdc",
2026-10-05T12:18:56.1419959Z   "measurements": [
2026-10-05T12:18:56.1420400Z     {
2026-10-05T12:18:56.1420825Z       "surface_id": "activationKernel",
2026-10-05T12:18:56.1421331Z       "instance_id": "canonical",
2026-10-05T12:18:56.1421868Z       "raw_bytes": 1087,
2026-10-05T12:18:56.1422336Z       "normalized_bytes": 1087,
2026-10-05T12:18:56.1422841Z       "max_normalized_bytes": 1100,
2026-10-05T12:18:56.1423338Z       "status": "pass"
2026-10-05T12:18:56.1423657Z     },
2026-10-05T12:18:56.1423851Z     {
2026-10-05T12:18:56.1424152Z       "surface_id": "skillDiscoveryDescription",
2026-10-05T12:18:56.1424532Z       "instance_id": "delivery-path-search",
2026-10-05T12:18:56.1424838Z       "raw_bytes": 281,
2026-10-05T12:18:56.1425309Z       "normalized_bytes": 281,
2026-10-05T12:18:56.1425838Z       "max_normalized_bytes": 420,
2026-10-05T12:18:56.1426326Z       "status": "pass"
2026-10-05T12:18:56.1426719Z     },
2026-10-05T12:18:56.1426923Z     {
2026-10-05T12:18:56.1427390Z       "surface_id": "skillDiscoveryDescription",
2026-10-05T12:18:56.1428345Z       "instance_id": "brownfield-analysis",
2026-10-05T12:18:56.1428886Z       "raw_bytes": 287,
2026-10-05T12:18:56.1429348Z       "normalized_bytes": 287,
2026-10-05T12:18:56.1429846Z       "max_normalized_bytes": 420,
2026-10-05T12:18:56.1430124Z       "status": "pass"
2026-10-05T12:18:56.1430549Z     },
2026-10-05T12:18:56.1430876Z     {
2026-10-05T12:18:56.1431285Z       "surface_id": "skillDiscoveryDescription",
2026-10-05T12:18:56.1431855Z       "instance_id": "ux-intent-definition",
2026-10-05T12:18:56.1432397Z       "raw_bytes": 278,
2026-10-05T12:18:56.1432722Z       "normalized_bytes": 278,
2026-10-05T12:18:56.1433206Z       "max_normalized_bytes": 420,
2026-10-05T12:18:56.1433693Z       "status": "pass"
2026-10-05T12:18:56.1434015Z     },
2026-10-05T12:18:56.1434333Z     {
2026-10-05T12:18:56.1434796Z       "surface_id": "skillDiscoveryDescription",
2026-10-05T12:18:56.1435322Z       "instance_id": "clean-implementation-review",
2026-10-05T12:18:56.1435896Z       "raw_bytes": 231,
2026-10-05T12:18:56.1436329Z       "normalized_bytes": 231,
2026-10-05T12:18:56.1436783Z       "max_normalized_bytes": 420,
2026-10-05T12:18:56.1437257Z       "status": "pass"
2026-10-05T12:18:56.1437646Z     },
2026-10-05T12:18:56.1438165Z     {
2026-10-05T12:18:56.1438670Z       "surface_id": "skillDiscoveryDescription",
2026-10-05T12:18:56.1439198Z       "instance_id": "code-review",
2026-10-05T12:18:56.1439692Z       "raw_bytes": 243,
2026-10-05T12:18:56.1440109Z       "normalized_bytes": 243,
2026-10-05T12:18:56.1440986Z       "max_normalized_bytes": 420,
2026-10-05T12:18:56.1441498Z       "status": "pass"
2026-10-05T12:18:56.1441885Z     },
2026-10-05T12:18:56.1442189Z     {
2026-10-05T12:18:56.1442692Z       "surface_id": "skillDiscoveryDescription",
2026-10-05T12:18:56.1443269Z       "instance_id": "delivery-closeout",
2026-10-05T12:18:56.1443701Z       "raw_bytes": 186,
2026-10-05T12:18:56.1444159Z       "normalized_bytes": 186,
2026-10-05T12:18:56.1444585Z       "max_normalized_bytes": 420,
2026-10-05T12:18:56.1445118Z       "status": "pass"
2026-10-05T12:18:56.1445504Z     },
2026-10-05T12:18:56.1445837Z     {
2026-10-05T12:18:56.1446318Z       "surface_id": "skillDiscoveryDescription",
2026-10-05T12:18:56.1446951Z       "instance_id": "ur-definition",
2026-10-05T12:18:56.1447464Z       "raw_bytes": 252,
2026-10-05T12:18:56.1447847Z       "normalized_bytes": 252,
2026-10-05T12:18:56.1448609Z       "max_normalized_bytes": 420,
2026-10-05T12:18:56.1449068Z       "status": "pass"
2026-10-05T12:18:56.1449397Z     },
2026-10-05T12:18:56.1449728Z     {
2026-10-05T12:18:56.1450196Z       "surface_id": "skillDiscoveryDescription",
2026-10-05T12:18:56.1450813Z       "instance_id": "prd-definition",
2026-10-05T12:18:56.1451323Z       "raw_bytes": 279,
2026-10-05T12:18:56.1451799Z       "normalized_bytes": 279,
2026-10-05T12:18:56.1452337Z       "max_normalized_bytes": 420,
2026-10-05T12:18:56.1452826Z       "status": "pass"
2026-10-05T12:18:56.1453176Z     },
2026-10-05T12:18:56.1453458Z     {
2026-10-05T12:18:56.1454186Z       "surface_id": "skillDiscoveryDescription",
2026-10-05T12:18:56.1454834Z       "instance_id": "sd-definition",
2026-10-05T12:18:56.1455336Z       "raw_bytes": 191,
2026-10-05T12:18:56.1455821Z       "normalized_bytes": 191,
2026-10-05T12:18:56.1456332Z       "max_normalized_bytes": 420,
2026-10-05T12:18:56.1456806Z       "status": "pass"
2026-10-05T12:18:56.1457208Z     },
2026-10-05T12:18:56.1457572Z     {
2026-10-05T12:18:56.1458265Z       "surface_id": "skillDiscoveryDescription",
2026-10-05T12:18:56.1458925Z       "instance_id": "gate-check",
2026-10-05T12:18:56.1459407Z       "raw_bytes": 190,
2026-10-05T12:18:56.1459891Z       "normalized_bytes": 190,
2026-10-05T12:18:56.1460423Z       "max_normalized_bytes": 420,
2026-10-05T12:18:56.1460910Z       "status": "pass"
2026-10-05T12:18:56.1461306Z     },
2026-10-05T12:18:56.1461507Z     {
2026-10-05T12:18:56.1462015Z       "surface_id": "skillDiscoveryDescription",
2026-10-05T12:18:56.1462620Z       "instance_id": "qa-gate",
2026-10-05T12:18:56.1463006Z       "raw_bytes": 186,
2026-10-05T12:18:56.1463270Z       "normalized_bytes": 186,
2026-10-05T12:18:56.1463737Z       "max_normalized_bytes": 420,
2026-10-05T12:18:56.1464217Z       "status": "pass"
2026-10-05T12:18:56.1464494Z     },
2026-10-05T12:18:56.1464835Z     {
2026-10-05T12:18:56.1465312Z       "surface_id": "skillDiscoveryDescription",
2026-10-05T12:18:56.1465923Z       "instance_id": "release-or",
2026-10-05T12:18:56.1466348Z       "raw_bytes": 168,
2026-10-05T12:18:56.1466856Z       "normalized_bytes": 168,
2026-10-05T12:18:56.1467353Z       "max_normalized_bytes": 420,
2026-10-05T12:18:56.1467851Z       "status": "pass"
2026-10-05T12:18:56.1468546Z     },
2026-10-05T12:18:56.1468868Z     {
2026-10-05T12:18:56.1469345Z       "surface_id": "skillDiscoveryDescription",
2026-10-05T12:18:56.1469980Z       "instance_id": "task-plan-review",
2026-10-05T12:18:56.1470491Z       "raw_bytes": 227,
2026-10-05T12:18:56.1470956Z       "normalized_bytes": 227,
2026-10-05T12:18:56.1471475Z       "max_normalized_bytes": 420,
2026-10-05T12:18:56.1471970Z       "status": "pass"
2026-10-05T12:18:56.1472350Z     },
2026-10-05T12:18:56.1472680Z     {
2026-10-05T12:18:56.1473179Z       "surface_id": "allSkillDiscoveryDescriptions",
2026-10-05T12:18:56.1473891Z       "instance_id": "definition-order",
2026-10-05T12:18:56.1474416Z       "raw_bytes": 2999,
2026-10-05T12:18:56.1474871Z       "normalized_bytes": 2999,
2026-10-05T12:18:56.1475393Z       "max_normalized_bytes": 3000,
2026-10-05T12:18:56.1476207Z       "status": "pass"
2026-10-05T12:18:56.1476605Z     },
2026-10-05T12:18:56.1476962Z     {
2026-10-05T12:18:56.1477385Z       "surface_id": "sessionStartBase",
2026-10-05T12:18:56.1477841Z       "instance_id": "codex",
2026-10-05T12:18:56.1478517Z       "raw_bytes": 1981,
2026-10-05T12:18:56.1478999Z       "normalized_bytes": 1898,
2026-10-05T12:18:56.1479449Z       "max_normalized_bytes": 1900,
2026-10-05T12:18:56.1479939Z       "status": "pass"
2026-10-05T12:18:56.1480399Z     },
2026-10-05T12:18:56.1480744Z     {
2026-10-05T12:18:56.1481172Z       "surface_id": "sessionStartBase",
2026-10-05T12:18:56.1481769Z       "instance_id": "claude",
2026-10-05T12:18:56.1482235Z       "raw_bytes": 1982,
2026-10-05T12:18:56.1482627Z       "normalized_bytes": 1899,
2026-10-05T12:18:56.1483142Z       "max_normalized_bytes": 1900,
2026-10-05T12:18:56.1483610Z       "status": "pass"
2026-10-05T12:18:56.1484026Z     },
2026-10-05T12:18:56.1484359Z     {
2026-10-05T12:18:56.1484792Z       "surface_id": "sessionStartBase",
2026-10-05T12:18:56.1485378Z       "instance_id": "copilot",
2026-10-05T12:18:56.1485850Z       "raw_bytes": 1983,
2026-10-05T12:18:56.1486319Z       "normalized_bytes": 1900,
2026-10-05T12:18:56.1486863Z       "max_normalized_bytes": 1900,
2026-10-05T12:18:56.1487344Z       "status": "pass"
2026-10-05T12:18:56.1487749Z     },
2026-10-05T12:18:56.1488307Z     {
2026-10-05T12:18:56.1488772Z       "surface_id": "runtimeCheckSupplement",
2026-10-05T12:18:56.1489430Z       "instance_id": "codex-consented",
2026-10-05T12:18:56.1490187Z       "raw_bytes": 1327,
2026-10-05T12:18:56.1490692Z       "normalized_bytes": 771,
2026-10-05T12:18:56.1491197Z       "max_normalized_bytes": 1200,
2026-10-05T12:18:56.1491676Z       "status": "pass"
2026-10-05T12:18:56.1492089Z     },
2026-10-05T12:18:56.1492417Z     {
2026-10-05T12:18:56.1492888Z       "surface_id": "openCodeEagerInstructions",
2026-10-05T12:18:56.1493562Z       "instance_id": "repository",
2026-10-05T12:18:56.1494063Z       "raw_bytes": 1496,
2026-10-05T12:18:56.1494538Z       "normalized_bytes": 1496,
2026-10-05T12:18:56.1495061Z       "max_normalized_bytes": 4000,
2026-10-05T12:18:56.1495551Z       "status": "pass"
2026-10-05T12:18:56.1495939Z     },
2026-10-05T12:18:56.1496303Z     {
2026-10-05T12:18:56.1496775Z       "surface_id": "openCodeEagerInstructions",
2026-10-05T12:18:56.1497429Z       "instance_id": "global-installed",
2026-10-05T12:18:56.1498212Z       "raw_bytes": 1572,
2026-10-05T12:18:56.1498724Z       "normalized_bytes": 1572,
2026-10-05T12:18:56.1499236Z       "max_normalized_bytes": 4000,
2026-10-05T12:18:56.1499739Z       "status": "pass"
2026-10-05T12:18:56.1500124Z     },
2026-10-05T12:18:56.1500480Z     {
2026-10-05T12:18:56.1500975Z       "surface_id": "openCodeActiveDynamicContext",
2026-10-05T12:18:56.1501608Z       "instance_id": "active",
2026-10-05T12:18:56.1502072Z       "raw_bytes": 903,
2026-10-05T12:18:56.1502571Z       "normalized_bytes": 748,
2026-10-05T12:18:56.1503103Z       "max_normalized_bytes": 1000,
2026-10-05T12:18:56.1503640Z       "status": "pass"
2026-10-05T12:18:56.1504028Z     },
2026-10-05T12:18:56.1504362Z     {
2026-10-05T12:18:56.1504875Z       "surface_id": "openCodeInactiveDynamicContext",
2026-10-05T12:18:56.1505485Z       "instance_id": "inactive",
2026-10-05T12:18:56.1505901Z       "raw_bytes": 0,
2026-10-05T12:18:56.1506312Z       "normalized_bytes": 0,
2026-10-05T12:18:56.1506805Z       "max_normalized_bytes": 0,
2026-10-05T12:18:56.1507270Z       "status": "pass"
2026-10-05T12:18:56.1507657Z     },
2026-10-05T12:18:56.1508248Z     {
2026-10-05T12:18:56.1508835Z       "surface_id": "openCodeComposedStaticAndActiveDynamic",
2026-10-05T12:18:56.1509589Z       "instance_id": "repository",
2026-10-05T12:18:56.1510049Z       "raw_bytes": 2400,
2026-10-05T12:18:56.1510573Z       "normalized_bytes": 2245,
2026-10-05T12:18:56.1511079Z       "max_normalized_bytes": 5000,
2026-10-05T12:18:56.1511599Z       "status": "pass"
2026-10-05T12:18:56.1511995Z     },
2026-10-05T12:18:56.1512337Z     {
2026-10-05T12:18:56.1513166Z       "surface_id": "openCodeComposedStaticAndActiveDynamic",
2026-10-05T12:18:56.1513951Z       "instance_id": "global-installed",
2026-10-05T12:18:56.1514497Z       "raw_bytes": 2476,
2026-10-05T12:18:56.1515001Z       "normalized_bytes": 2321,
2026-10-05T12:18:56.1515542Z       "max_normalized_bytes": 5000,
2026-10-05T12:18:56.1516035Z       "status": "pass"
2026-10-05T12:18:56.1516427Z     },
2026-10-05T12:18:56.1516750Z     {
2026-10-05T12:18:56.1517237Z       "surface_id": "openCodeCompactionAddition",
2026-10-05T12:18:56.1517849Z       "instance_id": "active",
2026-10-05T12:18:56.1518522Z       "raw_bytes": 1087,
2026-10-05T12:18:56.1519027Z       "normalized_bytes": 1087,
2026-10-05T12:18:56.1519542Z       "max_normalized_bytes": 1100,
2026-10-05T12:18:56.1520042Z       "status": "pass"
2026-10-05T12:18:56.1520429Z     },
2026-10-05T12:18:56.1520793Z     {
2026-10-05T12:18:56.1521246Z       "surface_id": "selectedGateCheckSkill",
2026-10-05T12:18:56.1521881Z       "instance_id": "canonical-generated",
2026-10-05T12:18:56.1522439Z       "raw_bytes": 5536,
2026-10-05T12:18:56.1522947Z       "normalized_bytes": 5536,
2026-10-05T12:18:56.1523460Z       "max_normalized_bytes": 6900,
2026-10-05T12:18:56.1523944Z       "status": "pass"
2026-10-05T12:18:56.1524339Z     },
2026-10-05T12:18:56.1524659Z     {
2026-10-05T12:18:56.1525146Z       "surface_id": "selectedGateCheckSkill",
2026-10-05T12:18:56.1525779Z       "instance_id": "global-installed",
2026-10-05T12:18:56.1526299Z       "raw_bytes": 6839,
2026-10-05T12:18:56.1527062Z       "normalized_bytes": 6839,
2026-10-05T12:18:56.1527631Z       "max_normalized_bytes": 6900,
2026-10-05T12:18:56.1528375Z       "status": "pass"
2026-10-05T12:18:56.1528784Z     }
2026-10-05T12:18:56.1529120Z   ]
2026-10-05T12:18:56.1529475Z }
2026-10-05T12:18:56.1529961Z Instruction-footprint tests passed
2026-10-05T12:18:56.3857566Z 
2026-10-05T12:18:56.3858418Z > create-agdf@0.14.5 test:request-activation
2026-10-05T12:18:56.3860233Z > npm run test:instruction-footprint && node scripts/request-activation-test.js && node scripts/request-activation-evals-test.js && npm run test:request-activation-callbacks && npm run test:request-activation-host-schema
2026-10-05T12:18:56.3861412Z 
2026-10-05T12:18:56.5038845Z 
2026-10-05T12:18:56.5039446Z > create-agdf@0.14.5 test:instruction-footprint
2026-10-05T12:18:56.5040043Z > node scripts/instruction-footprint-test.js
2026-10-05T12:18:56.5040340Z 
2026-10-05T12:18:58.1064866Z {
2026-10-05T12:18:58.1065552Z   "status": "pass",
2026-10-05T12:18:58.1066299Z   "evidence_plane": "source_composed",
2026-10-05T12:18:58.1067338Z   "profile_surface": "generated_and_temporary_install_fixture",
2026-10-05T12:18:58.1068746Z   "evaluator_surface": "node_deterministic",
2026-10-05T12:18:58.1069588Z   "loaded_host_evidence": false,
2026-10-05T12:18:58.1071065Z   "generated_digest": "bc78aac08bebc1db1b1af4c8af34e7280b931343248e9109e9d3dc23118fd39d",
2026-10-05T12:18:58.1073251Z   "canonical_kernel_fingerprint": "sha256:af2f01f9e18a3ba1c520faf0691aa1cd4a4299bdfa027cf83651c5d14319bfdc",
2026-10-05T12:18:58.1074781Z   "measurements": [
2026-10-05T12:18:58.1075356Z     {
2026-10-05T12:18:58.1075679Z       "surface_id": "activationKernel",
2026-10-05T12:18:58.1076089Z       "instance_id": "canonical",
2026-10-05T12:18:58.1076427Z       "raw_bytes": 1087,
2026-10-05T12:18:58.1076764Z       "normalized_bytes": 1087,
2026-10-05T12:18:58.1077222Z       "max_normalized_bytes": 1100,
2026-10-05T12:18:58.1077566Z       "status": "pass"
2026-10-05T12:18:58.1078155Z     },
2026-10-05T12:18:58.1078416Z     {
2026-10-05T12:18:58.1078757Z       "surface_id": "skillDiscoveryDescription",
2026-10-05T12:18:58.1079327Z       "instance_id": "delivery-path-search",
2026-10-05T12:18:58.1079710Z       "raw_bytes": 281,
2026-10-05T12:18:58.1080115Z       "normalized_bytes": 281,
2026-10-05T12:18:58.1080481Z       "max_normalized_bytes": 420,
2026-10-05T12:18:58.1080898Z       "status": "pass"
2026-10-05T12:18:58.1081173Z     },
2026-10-05T12:18:58.1081471Z     {
2026-10-05T12:18:58.1082088Z       "surface_id": "skillDiscoveryDescription",
2026-10-05T12:18:58.1082643Z       "instance_id": "brownfield-analysis",
2026-10-05T12:18:58.1083096Z       "raw_bytes": 287,
2026-10-05T12:18:58.1083428Z       "normalized_bytes": 287,
2026-10-05T12:18:58.1083869Z       "max_normalized_bytes": 420,
2026-10-05T12:18:58.1084205Z       "status": "pass"
2026-10-05T12:18:58.1084548Z     },
2026-10-05T12:18:58.1084782Z     {
2026-10-05T12:18:58.1085113Z       "surface_id": "skillDiscoveryDescription",
2026-10-05T12:18:58.1085652Z       "instance_id": "ux-intent-definition",
2026-10-05T12:18:58.1086011Z       "raw_bytes": 278,
2026-10-05T12:18:58.1086257Z       "normalized_bytes": 278,
2026-10-05T12:18:58.1086529Z       "max_normalized_bytes": 420,
2026-10-05T12:18:58.1086864Z       "status": "pass"
2026-10-05T12:18:58.1087071Z     },
2026-10-05T12:18:58.1087247Z     {
2026-10-05T12:18:58.1087502Z       "surface_id": "skillDiscoveryDescription",
2026-10-05T12:18:58.1087872Z       "instance_id": "clean-implementation-review",
2026-10-05T12:18:58.1088483Z       "raw_bytes": 231,
2026-10-05T12:18:58.1088737Z       "normalized_bytes": 231,
2026-10-05T12:18:58.1089019Z       "max_normalized_bytes": 420,
2026-10-05T12:18:58.1089374Z       "status": "pass"
2026-10-05T12:18:58.1089584Z     },
2026-10-05T12:18:58.1089766Z     {
2026-10-05T12:18:58.1090086Z       "surface_id": "skillDiscoveryDescription",
2026-10-05T12:18:58.1090410Z       "instance_id": "code-review",
2026-10-05T12:18:58.1090672Z       "raw_bytes": 243,
2026-10-05T12:18:58.1091163Z       "normalized_bytes": 243,
2026-10-05T12:18:58.1091450Z       "max_normalized_bytes": 420,
2026-10-05T12:18:58.1091786Z       "status": "pass"
2026-10-05T12:18:58.1092003Z     },
2026-10-05T12:18:58.1092178Z     {
2026-10-05T12:18:58.1092418Z       "surface_id": "skillDiscoveryDescription",
2026-10-05T12:18:58.1092756Z       "instance_id": "delivery-closeout",
2026-10-05T12:18:58.1093120Z       "raw_bytes": 186,
2026-10-05T12:18:58.1093370Z       "normalized_bytes": 186,
2026-10-05T12:18:58.1093658Z       "max_normalized_bytes": 420,
2026-10-05T12:18:58.1093990Z       "status": "pass"
2026-10-05T12:18:58.1094200Z     },
2026-10-05T12:18:58.1094383Z     {
2026-10-05T12:18:58.1094636Z       "surface_id": "skillDiscoveryDescription",
2026-10-05T12:18:58.1094972Z       "instance_id": "ur-definition",
2026-10-05T12:18:58.1095239Z       "raw_bytes": 252,
2026-10-05T12:18:58.1095489Z       "normalized_bytes": 252,
2026-10-05T12:18:58.1095760Z       "max_normalized_bytes": 420,
2026-10-05T12:18:58.1096097Z       "status": "pass"
2026-10-05T12:18:58.1096307Z     },
2026-10-05T12:18:58.1096483Z     {
2026-10-05T12:18:58.1096802Z       "surface_id": "skillDiscoveryDescription",
2026-10-05T12:18:58.1097137Z       "instance_id": "prd-definition",
2026-10-05T12:18:58.1097405Z       "raw_bytes": 279,
2026-10-05T12:18:58.1097720Z       "normalized_bytes": 279,
2026-10-05T12:18:58.1098136Z       "max_normalized_bytes": 420,
2026-10-05T12:18:58.1098413Z       "status": "pass"
2026-10-05T12:18:58.1098628Z     },
2026-10-05T12:18:58.1098805Z     {
2026-10-05T12:18:58.1099065Z       "surface_id": "skillDiscoveryDescription",
2026-10-05T12:18:58.1099491Z       "instance_id": "sd-definition",
2026-10-05T12:18:58.1099759Z       "raw_bytes": 191,
2026-10-05T12:18:58.1100014Z       "normalized_bytes": 191,
2026-10-05T12:18:58.1100362Z       "max_normalized_bytes": 420,
2026-10-05T12:18:58.1100621Z       "status": "pass"
2026-10-05T12:18:58.1100831Z     },
2026-10-05T12:18:58.1101088Z     {
2026-10-05T12:18:58.1101349Z       "surface_id": "skillDiscoveryDescription",
2026-10-05T12:18:58.1101673Z       "instance_id": "gate-check",
2026-10-05T12:18:58.1101927Z       "raw_bytes": 190,
2026-10-05T12:18:58.1102172Z       "normalized_bytes": 190,
2026-10-05T12:18:58.1102519Z       "max_normalized_bytes": 420,
2026-10-05T12:18:58.1102779Z       "status": "pass"
2026-10-05T12:18:58.1102983Z     },
2026-10-05T12:18:58.1103230Z     {
2026-10-05T12:18:58.1103487Z       "surface_id": "skillDiscoveryDescription",
2026-10-05T12:18:58.1103956Z       "instance_id": "qa-gate",
2026-10-05T12:18:58.1104208Z       "raw_bytes": 186,
2026-10-05T12:18:58.1104453Z       "normalized_bytes": 186,
2026-10-05T12:18:58.1104730Z       "max_normalized_bytes": 420,
2026-10-05T12:18:58.1104984Z       "status": "pass"
2026-10-05T12:18:58.1105188Z     },
2026-10-05T12:18:58.1105370Z     {
2026-10-05T12:18:58.1105622Z       "surface_id": "skillDiscoveryDescription",
2026-10-05T12:18:58.1106027Z       "instance_id": "release-or",
2026-10-05T12:18:58.1106293Z       "raw_bytes": 168,
2026-10-05T12:18:58.1106536Z       "normalized_bytes": 168,
2026-10-05T12:18:58.1106805Z       "max_normalized_bytes": 420,
2026-10-05T12:18:58.1107061Z       "status": "pass"
2026-10-05T12:18:58.1107267Z     },
2026-10-05T12:18:58.1107516Z     {
2026-10-05T12:18:58.1107785Z       "surface_id": "skillDiscoveryDescription",
2026-10-05T12:18:58.1108483Z       "instance_id": "task-plan-review",
2026-10-05T12:18:58.1108773Z       "raw_bytes": 227,
2026-10-05T12:18:58.1109040Z       "normalized_bytes": 227,
2026-10-05T12:18:58.1109392Z       "max_normalized_bytes": 420,
2026-10-05T12:18:58.1109650Z       "status": "pass"
2026-10-05T12:18:58.1109870Z     },
2026-10-05T12:18:58.1110121Z     {
2026-10-05T12:18:58.1110391Z       "surface_id": "allSkillDiscoveryDescriptions",
2026-10-05T12:18:58.1110831Z       "instance_id": "definition-order",
2026-10-05T12:18:58.1111108Z       "raw_bytes": 2999,
2026-10-05T12:18:58.1111363Z       "normalized_bytes": 2999,
2026-10-05T12:18:58.1111872Z       "max_normalized_bytes": 3000,
2026-10-05T12:18:58.1112141Z       "status": "pass"
2026-10-05T12:18:58.1112349Z     },
2026-10-05T12:18:58.1112526Z     {
2026-10-05T12:18:58.1112757Z       "surface_id": "sessionStartBase",
2026-10-05T12:18:58.1113138Z       "instance_id": "codex",
2026-10-05T12:18:58.1113388Z       "raw_bytes": 1981,
2026-10-05T12:18:58.1113723Z       "normalized_bytes": 1898,
2026-10-05T12:18:58.1114005Z       "max_normalized_bytes": 1900,
2026-10-05T12:18:58.1114268Z       "status": "pass"
2026-10-05T12:18:58.1114484Z     },
2026-10-05T12:18:58.1114733Z     {
2026-10-05T12:18:58.1114960Z       "surface_id": "sessionStartBase",
2026-10-05T12:18:58.1115263Z       "instance_id": "claude",
2026-10-05T12:18:58.1115590Z       "raw_bytes": 1982,
2026-10-05T12:18:58.1115844Z       "normalized_bytes": 1899,
2026-10-05T12:18:58.1116188Z       "max_normalized_bytes": 1900,
2026-10-05T12:18:58.1116454Z       "status": "pass"
2026-10-05T12:18:58.1116660Z     },
2026-10-05T12:18:58.1116907Z     {
2026-10-05T12:18:58.1117145Z       "surface_id": "sessionStartBase",
2026-10-05T12:18:58.1117437Z       "instance_id": "copilot",
2026-10-05T12:18:58.1117760Z       "raw_bytes": 1983,
2026-10-05T12:18:58.1118147Z       "normalized_bytes": 1900,
2026-10-05T12:18:58.1118433Z       "max_normalized_bytes": 1900,
2026-10-05T12:18:58.1118771Z       "status": "pass"
2026-10-05T12:18:58.1118986Z     },
2026-10-05T12:18:58.1119172Z     {
2026-10-05T12:18:58.1119423Z       "surface_id": "runtimeCheckSupplement",
2026-10-05T12:18:58.1119838Z       "instance_id": "codex-consented",
2026-10-05T12:18:58.1120116Z       "raw_bytes": 1327,
2026-10-05T12:18:58.1120365Z       "normalized_bytes": 771,
2026-10-05T12:18:58.1120638Z       "max_normalized_bytes": 1200,
2026-10-05T12:18:58.1120899Z       "status": "pass"
2026-10-05T12:18:58.1121109Z     },
2026-10-05T12:18:58.1121290Z     {
2026-10-05T12:18:58.1121537Z       "surface_id": "openCodeEagerInstructions",
2026-10-05T12:18:58.1121870Z       "instance_id": "repository",
2026-10-05T12:18:58.1122207Z       "raw_bytes": 1496,
2026-10-05T12:18:58.1122460Z       "normalized_bytes": 1496,
2026-10-05T12:18:58.1122736Z       "max_normalized_bytes": 4000,
2026-10-05T12:18:58.1122989Z       "status": "pass"
2026-10-05T12:18:58.1123195Z     },
2026-10-05T12:18:58.1123374Z     {
2026-10-05T12:18:58.1123618Z       "surface_id": "openCodeEagerInstructions",
2026-10-05T12:18:58.1123950Z       "instance_id": "global-installed",
2026-10-05T12:18:58.1124299Z       "raw_bytes": 1572,
2026-10-05T12:18:58.1124688Z       "normalized_bytes": 1572,
2026-10-05T12:18:58.1125056Z       "max_normalized_bytes": 4000,
2026-10-05T12:18:58.1125318Z       "status": "pass"
2026-10-05T12:18:58.1125533Z     },
2026-10-05T12:18:58.1125786Z     {
2026-10-05T12:18:58.1126046Z       "surface_id": "openCodeActiveDynamicContext",
2026-10-05T12:18:58.1126387Z       "instance_id": "active",
2026-10-05T12:18:58.1126708Z       "raw_bytes": 903,
2026-10-05T12:18:58.1126958Z       "normalized_bytes": 748,
2026-10-05T12:18:58.1127245Z       "max_normalized_bytes": 1000,
2026-10-05T12:18:58.1127578Z       "status": "pass"
2026-10-05T12:18:58.1127786Z     },
2026-10-05T12:18:58.1128219Z     {
2026-10-05T12:18:58.1128546Z       "surface_id": "openCodeInactiveDynamicContext",
2026-10-05T12:18:58.1128903Z       "instance_id": "inactive",
2026-10-05T12:18:58.1129249Z       "raw_bytes": 0,
2026-10-05T12:18:58.1129482Z       "normalized_bytes": 0,
2026-10-05T12:18:58.1129752Z       "max_normalized_bytes": 0,
2026-10-05T12:18:58.1130096Z       "status": "pass"
2026-10-05T12:18:58.1130313Z     },
2026-10-05T12:18:58.1130490Z     {
2026-10-05T12:18:58.1130860Z       "surface_id": "openCodeComposedStaticAndActiveDynamic",
2026-10-05T12:18:58.1131261Z       "instance_id": "repository",
2026-10-05T12:18:58.1131595Z       "raw_bytes": 2400,
2026-10-05T12:18:58.1131850Z       "normalized_bytes": 2245,
2026-10-05T12:18:58.1132137Z       "max_normalized_bytes": 5000,
2026-10-05T12:18:58.1132471Z       "status": "pass"
2026-10-05T12:18:58.1132818Z     },
2026-10-05T12:18:58.1133007Z     {
2026-10-05T12:18:58.1133400Z       "surface_id": "openCodeComposedStaticAndActiveDynamic",
2026-10-05T12:18:58.1133788Z       "instance_id": "global-installed",
2026-10-05T12:18:58.1134137Z       "raw_bytes": 2476,
2026-10-05T12:18:58.1134396Z       "normalized_bytes": 2321,
2026-10-05T12:18:58.1134742Z       "max_normalized_bytes": 5000,
2026-10-05T12:18:58.1135002Z       "status": "pass"
2026-10-05T12:18:58.1135214Z     },
2026-10-05T12:18:58.1135397Z     {
2026-10-05T12:18:58.1135728Z       "surface_id": "openCodeCompactionAddition",
2026-10-05T12:18:58.1136063Z       "instance_id": "active",
2026-10-05T12:18:58.1136378Z       "raw_bytes": 1087,
2026-10-05T12:18:58.1136632Z       "normalized_bytes": 1087,
2026-10-05T12:18:58.1136904Z       "max_normalized_bytes": 1100,
2026-10-05T12:18:58.1137239Z       "status": "pass"
2026-10-05T12:18:58.1137445Z     },
2026-10-05T12:18:58.1137620Z     {
2026-10-05T12:18:58.1138077Z       "surface_id": "selectedGateCheckSkill",
2026-10-05T12:18:58.1138429Z       "instance_id": "canonical-generated",
2026-10-05T12:18:58.1138715Z       "raw_bytes": 5536,
2026-10-05T12:18:58.1139060Z       "normalized_bytes": 5536,
2026-10-05T12:18:58.1139335Z       "max_normalized_bytes": 6900,
2026-10-05T12:18:58.1139589Z       "status": "pass"
2026-10-05T12:18:58.1139796Z     },
2026-10-05T12:18:58.1139980Z     {
2026-10-05T12:18:58.1140223Z       "surface_id": "selectedGateCheckSkill",
2026-10-05T12:18:58.1140549Z       "instance_id": "global-installed",
2026-10-05T12:18:58.1140835Z       "raw_bytes": 6839,
2026-10-05T12:18:58.1141165Z       "normalized_bytes": 6839,
2026-10-05T12:18:58.1141440Z       "max_normalized_bytes": 6900,
2026-10-05T12:18:58.1141704Z       "status": "pass"
2026-10-05T12:18:58.1141915Z     }
2026-10-05T12:18:58.1142093Z   ]
2026-10-05T12:18:58.1142271Z }
2026-10-05T12:18:58.1142533Z Instruction-footprint tests passed
2026-10-05T12:18:58.6184141Z Request activation projection tests passed
2026-10-05T12:18:59.4567078Z Request Activation eval tests passed (39 cases; source and callback policy current)
2026-10-05T12:18:59.5830665Z 
2026-10-05T12:18:59.5832041Z > create-agdf@0.14.5 test:request-activation-callbacks
2026-10-05T12:18:59.5832782Z > node scripts/request-activation-callback-test.js
2026-10-05T12:18:59.5833143Z 
2026-10-05T12:18:59.6252766Z Request Activation callback and ordering integration tests passed
2026-10-05T12:18:59.7560335Z 
2026-10-05T12:18:59.7561379Z > create-agdf@0.14.5 test:request-activation-host-schema
2026-10-05T12:18:59.7562568Z > node scripts/request-activation-host-schema-test.js
2026-10-05T12:18:59.7562939Z 
2026-10-05T12:19:00.1794237Z Request Activation host observation schema tests passed
2026-10-05T12:19:00.3164409Z 
2026-10-05T12:19:00.3165207Z > create-agdf@0.14.5 test:gate-check-missing-control
2026-10-05T12:19:00.3166149Z > node scripts/gate-check-missing-control-test.js
2026-10-05T12:19:00.3166631Z 
2026-10-05T12:19:00.7834110Z Gate-check missing-control tests passed.
2026-10-05T12:19:00.9223072Z 
2026-10-05T12:19:00.9223980Z > create-agdf@0.14.5 test:canonical-init
2026-10-05T12:19:00.9224521Z > node scripts/canonical-init-test.js
2026-10-05T12:19:00.9224787Z 
2026-10-05T12:19:01.8045394Z Canonical init tests passed.
2026-10-05T12:19:02.0105221Z 
2026-10-05T12:19:02.0105909Z > create-agdf@0.14.5 test:cli-modularization
2026-10-05T12:19:02.0106498Z > node scripts/cli-modularization-test.js
2026-10-05T12:19:02.0106786Z 
2026-10-05T12:19:04.1979955Z cli modularization tests passed
2026-10-05T12:19:04.3326361Z 
2026-10-05T12:19:04.3327169Z > create-agdf@0.14.5 test:install-setup-contract
2026-10-05T12:19:04.3328167Z > node scripts/install-setup-contract-test.js
2026-10-05T12:19:04.3328552Z 
2026-10-05T12:19:04.4050528Z install setup contract tests passed
2026-10-05T12:19:04.5369386Z 
2026-10-05T12:19:04.5370246Z > create-agdf@0.14.5 test:install-setup-interaction
2026-10-05T12:19:04.5371016Z > node scripts/install-setup-interaction-test.js
2026-10-05T12:19:04.5371401Z 
2026-10-05T12:19:04.8203484Z install setup interaction tests passed
2026-10-05T12:19:04.9525001Z 
2026-10-05T12:19:04.9526238Z > create-agdf@0.14.5 test:install-setup-service
2026-10-05T12:19:04.9527208Z > node scripts/install-setup-service-test.js
2026-10-05T12:19:04.9527840Z 
2026-10-05T12:19:05.0889485Z install setup service tests passed
2026-10-05T12:19:05.2322261Z 
2026-10-05T12:19:05.2322846Z > create-agdf@0.14.5 test:install-control-migration
2026-10-05T12:19:05.2323623Z > node ../core/test/install-control-migration-test.js
2026-10-05T12:19:05.2324037Z 
2026-10-05T12:19:06.0207858Z Installation control migration: batch consent, partial migration, read-only deferral, bound snapshots, backups, CLI/JSON and EN/DE rendering passed.
2026-10-05T12:19:06.2009080Z 
2026-10-05T12:19:06.2009930Z > create-agdf@0.14.5 test:install-control-repair
2026-10-05T12:19:06.2010668Z > node scripts/install-control-repair-test.js
2026-10-05T12:19:06.2011038Z 
2026-10-05T12:19:07.6756852Z Installation repair: 1/2/3, verified checkpoint/Git sources, missing inputs, backups, approval reset, conflicts, interruptions, CLI and EN/DE passed.
2026-10-05T12:19:07.9036732Z 
2026-10-05T12:19:07.9037482Z > create-agdf@0.14.5 test:control-maintenance
2026-10-05T12:19:07.9039254Z > node scripts/control-maintenance-test.js && node scripts/control-maintenance-command-test.js && node ./scripts/repository-control-startup-test.js
2026-10-05T12:19:07.9040153Z 
2026-10-05T12:19:08.5970468Z Control maintenance shared service and interaction tests passed.
2026-10-05T12:19:10.3780910Z Control maintenance source/generated command tests passed.
2026-10-05T12:19:12.5375331Z Repository control bounded startup, consent and reentry tests passed.
2026-10-05T12:19:12.6750158Z 
2026-10-05T12:19:12.6750972Z > create-agdf@0.14.5 test:runtime-check-consent
2026-10-05T12:19:12.6752102Z > node scripts/runtime-check-consent-test.js && node scripts/codex-plugin-consent-test.js
2026-10-05T12:19:12.6752741Z 
2026-10-05T12:19:12.8991040Z Codex hook observation tests passed.
2026-10-05T12:19:14.2623928Z Runtime-check consent tests passed
2026-10-05T12:19:14.4315954Z Codex plugin consent: exact tool policy, readback, disable preservation, failures and input validation passed; revocation removes only the approval key.
2026-10-05T12:19:14.5596192Z 
2026-10-05T12:19:14.5596892Z > create-agdf@0.14.5 test:task-target-resolution
2026-10-05T12:19:14.5597619Z > node ../core/test/task-target-resolution-test.js
2026-10-05T12:19:14.5598219Z 
2026-10-05T12:19:14.7536279Z task target resolution tests passed
2026-10-05T12:19:14.8994673Z 
2026-10-05T12:19:14.8995346Z > create-agdf@0.14.5 test:skill-dispatch
2026-10-05T12:19:14.8997447Z > node ../core/test/skill-names-test.js && node scripts/skill-dispatch-function-contract-test.js && node scripts/skill-dispatch-test.js && node scripts/skill-dispatch-binding-test.js && node scripts/delivery-run-assignment-test.js
2026-10-05T12:19:14.8999126Z 
2026-10-05T12:19:15.7559934Z skill names tests passed
2026-10-05T12:19:16.3268351Z Skill dispatch semantic function contract tests passed
2026-10-05T12:19:16.3286586Z agdf_inspect function contract pins passed.
2026-10-05T12:19:16.7639395Z skill dispatch tests passed
2026-10-05T12:19:16.7700319Z presentation_required preview tests passed.
2026-10-05T12:19:29.7997444Z 40 adapter-to-dispatch cases passed (generated SessionStart and source-composed OpenCode, not loaded-host evidence)
2026-10-05T12:19:29.8343017Z Skill dispatch binding tests passed
2026-10-05T12:19:30.5442033Z Delivery run assignment: zero/one/multiple runs, UR references, explicit scope binding, new scope, stale and racing revisions, ambient selector, integrity and EN/DE status passed.
2026-10-05T12:19:30.6819313Z 
2026-10-05T12:19:30.6819980Z > create-agdf@0.14.5 test:control-inspect
2026-10-05T12:19:30.6820944Z > node scripts/control-inspect-test.js && node scripts/active-run-inventory-test.js
2026-10-05T12:19:30.6821533Z 
2026-10-05T12:19:43.8019126Z control-inspect parity, shared selection, read-only and preview tests passed.
2026-10-05T12:19:44.2539667Z Active-run inventory routing corpus, target binding, localized output and read-only runtime tests passed.
2026-10-05T12:19:44.3861751Z 
2026-10-05T12:19:44.3862337Z > create-agdf@0.14.5 test:host-command
2026-10-05T12:19:44.3862898Z > node scripts/host-command-test.js
2026-10-05T12:19:44.3863185Z 
2026-10-05T12:19:44.4260816Z [host-command-test] SKIPPED live Windows shim assertions on linux
2026-10-05T12:19:44.4262311Z Host command tests passed
2026-10-05T12:19:44.5581678Z 
2026-10-05T12:19:44.5582360Z > create-agdf@0.14.5 test:mcp-lifecycle
2026-10-05T12:19:44.5583178Z > node scripts/mcp-lifecycle-test.js
2026-10-05T12:19:44.5583565Z 
2026-10-05T12:19:50.8272755Z AGDF MCP lifecycle, package acquisition and host adapter tests passed.
2026-10-05T12:19:50.9615126Z 
2026-10-05T12:19:50.9615845Z > create-agdf@0.14.5 test:plugin-mcp-runtime
2026-10-05T12:19:50.9616686Z > node scripts/plugin-mcp-runtime-test.js
2026-10-05T12:19:50.9617110Z 
2026-10-05T12:19:53.1706731Z Plugin MCP runtime tests passed
2026-10-05T12:19:53.3083635Z 
2026-10-05T12:19:53.3084341Z > create-agdf@0.14.5 test:claude-plugin-mcp
2026-10-05T12:19:53.3084930Z > node scripts/claude-plugin-mcp-test.js
2026-10-05T12:19:53.3085207Z 
2026-10-05T12:19:53.8389663Z Claude plugin MCP tests passed
2026-10-05T12:19:53.9758520Z 
2026-10-05T12:19:53.9759218Z > create-agdf@0.14.5 test:codex-plugin-mcp
2026-10-05T12:19:53.9760020Z > node scripts/codex-plugin-mcp-test.js
2026-10-05T12:19:53.9760415Z 
2026-10-05T12:19:54.4304338Z Codex plugin MCP tests passed
2026-10-05T12:19:54.5673557Z 
2026-10-05T12:19:54.5674227Z > create-agdf@0.14.5 test:mcp-server
2026-10-05T12:19:54.5674775Z > npm --prefix ../mcp-server test
2026-10-05T12:19:54.5675052Z 
2026-10-05T12:19:54.6888552Z 
2026-10-05T12:19:54.6889204Z > @agdf/mcp-server@0.14.5 test
2026-10-05T12:19:54.6891087Z > npm run test:contract && npm run test:continuation && npm run test:late-source-revision && npm run test:protocol && npm run test:safety && npm run test:provenance && npm run test:performance && npm run test:package && npm run test:sdk-digest
2026-10-05T12:19:54.6892365Z 
2026-10-05T12:19:54.8096547Z 
2026-10-05T12:19:54.8097322Z > @agdf/mcp-server@0.14.5 test:contract
2026-10-05T12:19:54.8098239Z > node ./test/contract.test.js
2026-10-05T12:19:54.8098515Z 
2026-10-05T12:19:55.2916199Z AGDF MCP semantic contract tests passed.
2026-10-05T12:19:55.4218230Z 
2026-10-05T12:19:55.4219027Z > @agdf/mcp-server@0.14.5 test:continuation
2026-10-05T12:19:55.4219827Z > node ./test/continuation.test.js
2026-10-05T12:19:55.4220583Z 
2026-10-05T12:20:06.3313948Z All catalog-registered MCP judgement skill continuations supply exact packaged contracts without a hook binding.
2026-10-05T12:20:06.4597497Z 
2026-10-05T12:20:06.4598499Z > @agdf/mcp-server@0.14.5 test:late-source-revision
2026-10-05T12:20:06.4599375Z > node ./test/late-source-revision.test.js
2026-10-05T12:20:06.4599794Z 
2026-10-05T12:20:23.0457716Z Late source revision CLI/Core/MCP parity passed (actual stdio server, synthetic fixture approvals).
2026-10-05T12:20:23.4699639Z 
2026-10-05T12:20:23.4700418Z > @agdf/mcp-server@0.14.5 test:protocol
2026-10-05T12:20:23.4701255Z > node ./test/protocol.test.js && node ./test/skill-names.test.js
2026-10-05T12:20:23.4701728Z 
2026-10-05T12:20:24.9451412Z AGDF MCP 2025-11-25 and 2026-07-28 separate language-matrix protocol tests passed.
2026-10-05T12:20:48.7647310Z CLI/MCP host skill name parity passed
2026-10-05T12:20:48.9063204Z 
2026-10-05T12:20:48.9063901Z > @agdf/mcp-server@0.14.5 test:safety
2026-10-05T12:20:48.9064453Z > node ./test/safety.test.js
2026-10-05T12:20:48.9064689Z 
2026-10-05T12:20:49.0988698Z AGDF MCP isolation, timeout, cancellation and static safety tests passed.
2026-10-05T12:20:49.2619015Z 
2026-10-05T12:20:49.2619663Z > @agdf/mcp-server@0.14.5 test:provenance
2026-10-05T12:20:49.2620398Z > node ./test/provenance.test.js
2026-10-05T12:20:49.2620741Z 
2026-10-05T12:20:52.8721755Z AGDF MCP owned-runtime provenance, shutdown and tamper tests passed.
2026-10-05T12:20:53.0003344Z 
2026-10-05T12:20:53.0004238Z > @agdf/mcp-server@0.14.5 test:performance
2026-10-05T12:20:53.0004793Z > node ./test/performance.test.js
2026-10-05T12:20:53.0005036Z 
2026-10-05T12:21:06.6973587Z {"node":"v22.23.3","platform":"linux-x64","runs":20,"cold_tools_list_ms":[336.619,325.727,332.351,338.069,341.245,327.573,319.454,310.682,328.92,340.066,343.124,313.673,305.285,322.042,308.588,303.569,308.222,321.409,310.397,315.488],"cold_p95_ms":341.245,"warm_dispatch_ms":[320.346,299.498,315.256,324.77,287.595,303.572,313.123,314.797,321.811,325.359,319.763,314.567,311.447,301.249,308.49,325.729,305.366,297.82,312.261,291.703],"warm_p95_ms":325.359}
2026-10-05T12:21:07.0391381Z 
2026-10-05T12:21:07.0392110Z > @agdf/mcp-server@0.14.5 test:package
2026-10-05T12:21:07.0392700Z > node ./test/package.test.js
2026-10-05T12:21:07.0392959Z 
2026-10-05T12:21:07.4466912Z AGDF MCP package boundary tests passed.
2026-10-05T12:21:07.5991976Z 
2026-10-05T12:21:07.5992863Z > @agdf/mcp-server@0.14.5 test:sdk-digest
2026-10-05T12:21:07.5993614Z > node ./test/sdk-digest.test.js
2026-10-05T12:21:07.5993976Z 
2026-10-05T12:21:07.7574439Z MCP SDK digest tests passed
2026-10-05T12:21:07.9156358Z 
2026-10-05T12:21:07.9157102Z > create-agdf@0.14.5 test:local-validator
2026-10-05T12:21:07.9157901Z > node scripts/local-validator-test.js
2026-10-05T12:21:07.9158613Z 
2026-10-05T12:21:08.2243602Z Local validator tests passed
2026-10-05T12:21:08.3722524Z 
2026-10-05T12:21:08.3723644Z > create-agdf@0.14.5 test:local-marketplace
2026-10-05T12:21:08.3724265Z > node scripts/local-marketplace-test.js
2026-10-05T12:21:08.3724605Z 
2026-10-05T12:21:16.5162200Z Local marketplace tests passed
2026-10-05T12:21:16.9589972Z 
2026-10-05T12:21:16.9590897Z > create-agdf@0.14.5 test:claude-cache-recovery
2026-10-05T12:21:16.9591797Z > node scripts/claude-cache-recovery-test.js
2026-10-05T12:21:16.9592129Z 
2026-10-05T12:21:16.9983972Z Claude cache recovery tests passed
2026-10-05T12:21:17.1284851Z 
2026-10-05T12:21:17.1285545Z > create-agdf@0.14.5 test:copilot-profile
2026-10-05T12:21:17.1286493Z > node ../../scripts/skill-name-projection-test.mjs && node scripts/copilot-profile-test.js
2026-10-05T12:21:17.1287053Z 
2026-10-05T12:21:17.2578414Z skill name projections passed
2026-10-05T12:21:17.4984693Z Copilot profile tests passed (inventory, drift, exclusions and growth fail closed)
2026-10-05T12:21:17.6256080Z 
2026-10-05T12:21:17.6256718Z > create-agdf@0.14.5 test:copilot-installer
2026-10-05T12:21:17.6257269Z > node scripts/copilot-installer-test.js
2026-10-05T12:21:17.6257560Z 
2026-10-05T12:21:20.3693927Z Copilot installer tests passed (native Git checkout, same-version updates, migration, rollback, discovery and isolation)
2026-10-05T12:21:20.6170712Z 
2026-10-05T12:21:20.6171363Z > create-agdf@0.14.5 test:local-preparation
2026-10-05T12:21:20.6171886Z > node scripts/local-preparation-test.js
2026-10-05T12:21:20.6172147Z 
2026-10-05T12:21:24.6044323Z local host preparation: isolation, clean bootstrap, runtime validation and release guard passed
2026-10-05T12:21:25.4082611Z 
2026-10-05T12:21:25.4083357Z > create-agdf@0.14.5 test:local-development-install
2026-10-05T12:21:25.4084161Z > npm run release:prepare && node scripts/local-development-install-test.js
2026-10-05T12:21:25.4084592Z 
2026-10-05T12:21:25.5279750Z 
2026-10-05T12:21:25.5280393Z > create-agdf@0.14.5 release:prepare
2026-10-05T12:21:25.5282418Z > npm run sync-package-assets && npm run test:distribution-profile-history && npm run test:release-bump && npm run test:release-version-coherence && npm run test:public-plugin && npm run test:portable-plugin
2026-10-05T12:21:25.5283591Z 
2026-10-05T12:21:25.6495251Z 
2026-10-05T12:21:25.6495859Z > create-agdf@0.14.5 sync-package-assets
2026-10-05T12:21:25.6496447Z > node ../../scripts/sync-package-assets.js
2026-10-05T12:21:25.6496758Z 
2026-10-05T12:21:26.2234760Z 
2026-10-05T12:21:26.2235591Z > create-agdf@0.14.5 test:distribution-profile-history
2026-10-05T12:21:26.2236307Z > node scripts/distribution-profile-history-test.js
2026-10-05T12:21:26.2236645Z 
2026-10-05T12:21:26.2820337Z Distribution profile history passed (8 exact releases, malformed and closed-policy matrices)
2026-10-05T12:21:26.4089753Z 
2026-10-05T12:21:26.4090400Z > create-agdf@0.14.5 test:release-bump
2026-10-05T12:21:26.4090968Z > node scripts/release-bump-test.js
2026-10-05T12:21:26.4091222Z 
2026-10-05T12:21:26.6785072Z Release bump passed (20 transactional files; repair, forward, review, rollback and recovery)
2026-10-05T12:21:26.8333901Z 
2026-10-05T12:21:26.8334728Z > create-agdf@0.14.5 test:release-version-coherence
2026-10-05T12:21:26.8335525Z > node scripts/release-version-coherence-test.js
2026-10-05T12:21:26.8335876Z 
2026-10-05T12:21:28.0124500Z Release version coherence passed (50 surfaces at 0.14.5; 8 profile snapshots)
2026-10-05T12:21:28.1391543Z 
2026-10-05T12:21:28.1392174Z > create-agdf@0.14.5 test:public-plugin
2026-10-05T12:21:28.1392947Z > node scripts/public-plugin-test.js
2026-10-05T12:21:28.1393337Z 
2026-10-05T12:21:28.4309929Z Public plugin tests passed (60 inventoried candidate files; digest 416c48ca8fe420b133c90d0a967d9e834341c3b1578d8ca02e43db39b4b173e5)
2026-10-05T12:21:28.5566142Z 
2026-10-05T12:21:28.5566626Z > create-agdf@0.14.5 test:portable-plugin
2026-10-05T12:21:28.5567211Z > node scripts/portable-plugin-test.js
2026-10-05T12:21:28.5567506Z 
2026-10-05T12:21:29.1123469Z Portable plugin schema/profile/resource/selection/retry tests passed; digest 416c48ca8fe420b133c90d0a967d9e834341c3b1578d8ca02e43db39b4b173e5
2026-10-05T12:21:39.5235152Z Local development install tests passed
2026-10-05T12:21:40.3943500Z 
2026-10-05T12:21:40.3944230Z > create-agdf@0.14.5 test:package-build
2026-10-05T12:21:40.3944782Z > node scripts/package-build-test.js
2026-10-05T12:21:40.3945053Z 
2026-10-05T12:21:41.8888323Z Package build tests passed (all generated profiles byte-identical across complete builds; source untouched)
2026-10-05T12:21:42.0186762Z 
2026-10-05T12:21:42.0187426Z > create-agdf@0.14.5 test:package-contents
2026-10-05T12:21:42.0188101Z > node scripts/package-contents-test.js
2026-10-05T12:21:42.0188350Z 
2026-10-05T12:21:43.8453496Z Package contents tests passed (761 files; complete release-built plugin present)
2026-10-05T12:21:43.9896343Z 
2026-10-05T12:21:43.9896849Z > create-agdf@0.14.5 test:lifecycle
2026-10-05T12:21:43.9897370Z > node scripts/lifecycle-test.js
2026-10-05T12:21:43.9897608Z 
2026-10-05T12:21:44.4992359Z lifecycle tests passed
2026-10-05T12:21:44.6370888Z 
2026-10-05T12:21:44.6373706Z > create-agdf@0.14.5 test:copilot-repository-retention
2026-10-05T12:21:44.6374679Z > node scripts/copilot-repository-retention-test.js
2026-10-05T12:21:44.6375536Z 
2026-10-05T12:21:45.6760685Z Copilot repository retention tests passed (install, update, status, disable, uninstall and failure)
2026-10-05T12:21:45.8375384Z 
2026-10-05T12:21:45.8376028Z > create-agdf@0.14.5 test:control-command
2026-10-05T12:21:45.8376609Z > node scripts/control-command-test.js
2026-10-05T12:21:45.8376865Z 
2026-10-05T12:21:47.1618230Z PASS SCN-016 Windows replay flush uses a writable handle without changing canonical bytes
2026-10-05T12:21:47.1627260Z PASS SCN-002 undeclared {"role":"user"}
2026-10-05T12:21:47.1628720Z PASS SCN-002 undeclared {"seen":true}
2026-10-05T12:21:47.1630469Z PASS SCN-002 undeclared {"trusted":true}
2026-10-05T12:21:47.1631573Z PASS SCN-002 undeclared {"tool_provenance":"human"}
2026-10-05T12:21:47.1634617Z PASS SCN-002 accessor schema_version rejected without evaluation
2026-10-05T12:21:47.1635591Z PASS SCN-002 accessor action rejected without evaluation
2026-10-05T12:21:47.1637171Z PASS SCN-002 accessor target_id rejected without evaluation
2026-10-05T12:21:47.1640433Z PASS SCN-002 accessor run_id rejected without evaluation
2026-10-05T12:21:47.1643842Z PASS SCN-002 accessor gate rejected without evaluation
2026-10-05T12:21:47.1644880Z PASS SCN-002 accessor expected_revision_id rejected without evaluation
2026-10-05T12:21:47.1645963Z PASS SCN-002 accessor presentation_id rejected without evaluation
2026-10-05T12:21:47.1646941Z PASS SCN-002 accessor response rejected without evaluation
2026-10-05T12:21:47.1648681Z PASS SCN-002 accessor operation_id rejected without evaluation
2026-10-05T12:21:47.1649752Z PASS SCN-002 accessor assurance rejected without evaluation
2026-10-05T12:21:47.1650551Z PASS SCN-009 "authenticated_human"
2026-10-05T12:21:47.1651185Z PASS SCN-009 "verified_human"
2026-10-05T12:21:47.1651725Z PASS SCN-009 "host_attested"
2026-10-05T12:21:47.1652222Z PASS SCN-009 "signed"
2026-10-05T12:21:47.1652815Z PASS SCN-009 "trusted"
2026-10-05T12:21:47.1653204Z PASS SCN-009 ""
2026-10-05T12:21:47.1653782Z PASS SCN-002 malformed {"schema_version":"2"}
2026-10-05T12:21:47.1654548Z PASS SCN-002 malformed {"action":"present"}
2026-10-05T12:21:47.1655333Z PASS SCN-002 malformed {"operation_id":"x"}
2026-10-05T12:21:47.1656884Z PASS SCN-002 malformed {"run_id":"../foreign"}
2026-10-05T12:21:47.1657753Z PASS SCN-002 malformed {"expected_revision_id":null}
2026-10-05T12:21:47.1658745Z PASS SCN-002 malformed {}
2026-10-05T12:21:47.3348794Z PASS SCN-002/009 closed schema and unsupported authority, zero mutation
2026-10-05T12:21:48.4229440Z PASS SCN-008 ""
2026-10-05T12:21:48.6057318Z PASS SCN-008 "Ja"
2026-10-05T12:21:48.7780608Z PASS SCN-008 "Leg los"
2026-10-05T12:21:48.9512711Z PASS SCN-008 "Approval: PRD"
2026-10-05T12:21:49.1241017Z PASS SCN-008 "`Approval: UR`"
2026-10-05T12:21:49.2990458Z PASS SCN-008 "Zitat: Approval: UR"
2026-10-05T12:21:49.2991417Z PASS SCN-007/008 read, present, derived and nonexact replies do not approve
2026-10-05T12:21:49.3876833Z PASS SCN-011 {"target_id":"sha256:aaaaaaaaaaaaaaaaaaaaaaaaaaaaaaaaaaaaaaaaaaaaaaaaaaaaaaaaaaaaaaaa"}
2026-10-05T12:21:49.5601185Z PASS SCN-011 {"expected_revision_id":"74aebc6a-8f81-4b80-8407-1c74c8dfd800"}
2026-10-05T12:21:49.7340853Z PASS SCN-011 {"presentation_id":"76a05118-8607-4892-9e45-685660fa43c8"}
2026-10-05T12:21:49.9069097Z PASS SCN-011 {"gate":"PRD"}
2026-10-05T12:21:49.9981964Z PASS SCN-011 exact target, revision and presentation bindings
2026-10-05T12:21:50.1751063Z PASS SCN-015 live and unknown locks are retained and never succeed
2026-10-05T12:21:50.5262607Z PASS SCN-020 temp_opened
2026-10-05T12:21:50.8744685Z PASS SCN-020 temp_written
2026-10-05T12:21:51.2215518Z PASS SCN-020 after_file_sync
2026-10-05T12:21:51.5708827Z PASS SCN-020 before_rename
2026-10-05T12:21:51.5709543Z PASS SCN-020 write checkpoints before rename leave no approval or receipt
2026-10-05T12:21:51.7470627Z PASS SCN-012 final presentation validation under lock
2026-10-05T12:21:52.0086572Z PASS SCN-012 prepared presentation mutation is rejected at final validation
2026-10-05T12:21:52.3307309Z PASS SCN-001/003/004/010 one revision, atomic receipt and explicit cooperative result
2026-10-05T12:21:52.3314320Z PASS SCN-025 invalid receipt subcase 0
2026-10-05T12:21:52.3318155Z PASS SCN-025 invalid receipt subcase 1
2026-10-05T12:21:52.3322546Z PASS SCN-025 invalid receipt subcase 2
2026-10-05T12:21:52.3326547Z PASS SCN-025 invalid receipt subcase 3
2026-10-05T12:21:52.3330567Z PASS SCN-025 invalid receipt subcase 4
2026-10-05T12:21:52.3334261Z PASS SCN-025 invalid receipt subcase 5
2026-10-05T12:21:52.3338302Z PASS SCN-025 invalid receipt subcase 6
2026-10-05T12:21:52.3350118Z PASS SCN-023/025 receipt version, row identity, effect and encoding validation
2026-10-05T12:21:52.5822356Z PASS SCN-016/017 same request replays; changed bytes conflict without a revision
2026-10-05T12:21:52.6747346Z PASS SCN-018/019 historical effect survives revocation, current state is separately observed
2026-10-05T12:21:52.6797745Z PASS SCN-023/025 receipt corruption, deletion and seal tampering fail closed
2026-10-05T12:21:52.7742231Z PASS SCN-018 receipt-preserving recovery never restores approval
2026-10-05T12:21:53.5963735Z PASS SCN-022 postrename failure exposes canonical effect; retry acknowledges without writing
2026-10-05T12:21:53.6672076Z PASS SCN-018 bounded PRD supersession preserves UR receipt and never reapproves PRD
2026-10-05T12:21:55.5293085Z PASS SCN-024 legacy seal bytes and CLI rejection/assurance remain compatible
2026-10-05T12:21:55.5886553Z PASS SCN-011 symlink run paths are rejected before mutation
2026-10-05T12:21:55.5922492Z Control command tests passed: 18 scenario groups.
2026-10-05T12:21:57.1439118Z PASS SCN-020/022 postcommit after_directory_sync acknowledged without another revision
2026-10-05T12:21:58.7046329Z PASS SCN-020/022 postcommit before_response acknowledged without another revision
2026-10-05T12:22:00.3489103Z PASS SCN-020/022 postcommit before_lock_release acknowledged without another revision
2026-10-05T12:22:01.9746230Z PASS SCN-020/022 postcommit after_lock_release acknowledged without another revision
2026-10-05T12:22:02.1127256Z 
2026-10-05T12:22:02.1128183Z > create-agdf@0.14.5 test:control-command-process
2026-10-05T12:22:02.1129036Z > node scripts/control-command-process-test.js
2026-10-05T12:22:02.1129468Z 
2026-10-05T12:22:04.1989568Z PASS SCN-021/016 kill before_rename, confirmed death, one committed revision
2026-10-05T12:22:05.8851765Z PASS SCN-021/016 kill after_rename, confirmed death, one committed revision
2026-10-05T12:22:07.5564788Z PASS SCN-021/016 kill before_response, confirmed death, one committed revision
2026-10-05T12:22:09.8559534Z PASS SCN-013/014/015 CLI/API concurrent identical
2026-10-05T12:22:12.2681225Z PASS SCN-013/014/015 CLI/API concurrent distinct
2026-10-05T12:22:14.5917555Z PASS SCN-013/014/015 CLI/API concurrent changed_payload
2026-10-05T12:22:14.5954312Z Control command process tests passed on linux/x64.
2026-10-05T12:22:16.7966337Z PASS SCN-026 real legacy CLI interruption before_rename
2026-10-05T12:22:18.7447308Z PASS SCN-026 real legacy CLI interruption after_rename
2026-10-05T12:22:18.7496940Z SCN-026 INTERRUPTION_METRICS [{"lane":"command","point":"before_rename","interrupted_calls":1,"retry_calls":1,"resulting_revision_count":1,"replay_outcome":"accepted","manual_corrections":0,"human_decision":"unavailable"},{"lane":"command","point":"after_rename","interrupted_calls":1,"retry_calls":1,"resulting_revision_count":1,"replay_outcome":"already_applied","manual_corrections":0,"human_decision":"unavailable"},{"lane":"command","point":"before_response","interrupted_calls":1,"retry_calls":1,"resulting_revision_count":1,"replay_outcome":"already_applied","manual_corrections":0,"human_decision":"unavailable"},{"lane":"legacy","point":"before_rename","interrupted_calls":1,"retry_calls":1,"resulting_revision_count":1,"replay_outcome":"approved","manual_corrections":0,"human_decision":"unavailable"},{"lane":"legacy","point":"after_rename","interrupted_calls":1,"retry_calls":1,"resulting_revision_count":1,"replay_outcome":"rejected","manual_corrections":0,"human_decision":"unavailable"}]
2026-10-05T12:22:18.7595563Z PROCESS_EVIDENCE [{"point":"before_rename","child_pid":10701,"observed_exit":{"code":null,"signal":"SIGKILL"},"interrupted_revision":"76863ff9-1df7-437f-bcb0-cd4bb8a03665","retry":{"schema_version":"1","outcome":"accepted","reason":null,"operation_id":"31761652-7dd5-46e6-9dbf-723633ce6c2a","request_digest":"sha256:fcd354fb2f2404ef40c44a59659295b9872b08d1f4eeeaa6267db5f56445fd10","binding":{"target_id":"sha256:65007e9112d60f84d89d9d746cdd0e44f6cdbfb239dec191e331115be864c3ff","run_id":"command-test","gate":"UR","expected_revision_id":"76863ff9-1df7-437f-bcb0-cd4bb8a03665","presentation_id":"d606285c-42f2-46d7-ac80-ac1ad868c267"},"effect":{"previous_revision_id":"76863ff9-1df7-437f-bcb0-cd4bb8a03665","resulting_revision_id":"98428e75-d354-4c7a-be73-90513d0c265e","revision":3,"gate":"UR","approval":"Approval: UR","artefact_digest":"sha256:316ee25501048fbea4206beee4a1d9d7d92981377a792f9e1c111270d8d753bb","presentation_digest":"sha256:2ca79230dead5f1ad29c60666f14bfb6dad3973047aa935e8098ef4f273ddb67","next_gate_after_approval":"Brownfield Review","allowed_after_approval":"Run Brownfield Review after G-00 before drafting PRD, or mark Brownfield Review not_applicable with evidence."},"assurance":{"lane":"cooperative_local","reply_provenance":"caller_forwarded_deliberate_reply","independent_human_proof":"unavailable"},"current":{"available":true,"revision":3,"revision_id":"98428e75-d354-4c7a-be73-90513d0c265e","approval_status":"approved","lifecycle":"active","gate":"Brownfield Review","status":"open","missing_approval":"none","next_allowed_action":"Run Brownfield Review after G-00 before drafting PRD, or mark Brownfield Review not_applicable with evidence.","blocking_reason":"none"},"observations":{"commit":"canonical_receipt_observed","durability":"file_and_directory_sync_completed","independent_human_proof":"unavailable"},"recovery":null}},{"point":"after_rename","child_pid":10744,"observed_exit":{"code":null,"signal":"SIGKILL"},"interrupted_revision":"6cedace1-2d37-4076-8e18-c7855300cc2f","retry":{"schema_version":"1","outcome":"already_applied","reason":null,"operation_id":"0fc0bd6e-18b8-4f45-a38f-ed897628a799","request_digest":"sha256:1d81abc7855a0871b045d4f209ae5e3bd4907d6e7948c4cf403221afadb9c8b5","binding":{"target_id":"sha256:d3fef7cc4529fab66bcac006e7492974452cc0ad86817249702e30768b6ae554","run_id":"command-test","gate":"UR","expected_revision_id":"995dbb53-ccc1-4696-8b5c-a0d7ce68f8dc","presentation_id":"0b5b3610-dc6a-4482-911e-a2ecd292806f"},"effect":{"allowed_after_approval":"Run Brownfield Review after G-00 before drafting PRD, or mark Brownfield Review not_applicable with evidence.","approval":"Approval: UR","artefact_digest":"sha256:316ee25501048fbea4206beee4a1d9d7d92981377a792f9e1c111270d8d753bb","gate":"UR","next_gate_after_approval":"Brownfield Review","presentation_digest":"sha256:0aed74ab04d5487f6ad74f32226515711f2232da7dff160bf5d6da00830ab817","previous_revision_id":"995dbb53-ccc1-4696-8b5c-a0d7ce68f8dc","resulting_revision_id":"6cedace1-2d37-4076-8e18-c7855300cc2f","revision":3},"assurance":{"lane":"cooperative_local","reply_provenance":"caller_forwarded_deliberate_reply","independent_human_proof":"unavailable"},"current":{"available":true,"revision":3,"revision_id":"6cedace1-2d37-4076-8e18-c7855300cc2f","approval_status":"approved","lifecycle":"active","gate":"Brownfield Review","status":"open","missing_approval":"none","next_allowed_action":"Run Brownfield Review after G-00 before drafting PRD, or mark Brownfield Review not_applicable with evidence.","blocking_reason":"none"},"observations":{"commit":"canonical_receipt_observed","durability":"file_and_directory_sync_completed","independent_human_proof":"unavailable"},"recovery":null}},{"point":"before_response","child_pid":10787,"observed_exit":{"code":null,"signal":"SIGKILL"},"interrupted_revision":"04514b6e-fc9e-44ac-bfe1-61750325ce07","retry":{"schema_version":"1","outcome":"already_applied","reason":null,"operation_id":"3f63dcee-44a4-4f9f-88f6-45d9c47be963","request_digest":"sha256:7781ac0ce1938452ace8339d5a2ba93ec2250e5fdb02146be4b6fbfd44ca983a","binding":{"target_id":"sha256:919a27f6337925820393329921e6ecdeef7099b43f4198436cf4b31482148731","run_id":"command-test","gate":"UR","expected_revision_id":"843a4dd7-bcc7-4628-9200-e530ab8b4027","presentation_id":"50e36dd1-be41-498e-8904-d9bcc6e0d397"},"effect":{"allowed_after_approval":"Run Brownfield Review after G-00 before drafting PRD, or mark Brownfield Review not_applicable with evidence.","approval":"Approval: UR","artefact_digest":"sha256:316ee25501048fbea4206beee4a1d9d7d92981377a792f9e1c111270d8d753bb","gate":"UR","next_gate_after_approval":"Brownfield Review","presentation_digest":"sha256:8d140335a1312bee16edfe15291aac8ea80671efb64bfa81e82cfa02eb07718f","previous_revision_id":"843a4dd7-bcc7-4628-9200-e530ab8b4027","resulting_revision_id":"04514b6e-fc9e-44ac-bfe1-61750325ce07","revision":3},"assurance":{"lane":"cooperative_local","reply_provenance":"caller_forwarded_deliberate_reply","independent_human_proof":"unavailable"},"current":{"available":true,"revision":3,"revision_id":"04514b6e-fc9e-44ac-bfe1-61750325ce07","approval_status":"approved","lifecycle":"active","gate":"Brownfield Review","status":"open","missing_approval":"none","next_allowed_action":"Run Brownfield Review after G-00 before drafting PRD, or mark Brownfield Review not_applicable with evidence.","blocking_reason":"none"},"observations":{"commit":"canonical_receipt_observed","durability":"file_and_directory_sync_completed","independent_human_proof":"unavailable"},"recovery":null}},{"mode":"identical","child_pid":10830,"winner":{"schema_version":"1","outcome":"accepted","reason":null,"operation_id":"eb1fe9e6-a2f3-4e57-b231-1136b55fb6bc","request_digest":"sha256:df555c79bf8115e1abf5d3ec7c037550ca11f8a24c5d28664a23abb3d1b7f270","binding":{"target_id":"sha256:3843a80c19f260b97b4fa8596db44354d833911587cbc363da0ac5c12b277740","run_id":"command-test","gate":"UR","expected_revision_id":"4dccc7c4-46c6-4d45-9017-6b4d1ffff633","presentation_id":"23c17001-ebe4-4461-9c7e-7b736965dc1b"},"effect":{"previous_revision_id":"4dccc7c4-46c6-4d45-9017-6b4d1ffff633","resulting_revision_id":"50e1e802-f9b6-407c-9bda-2f9ac9941d88","revision":3,"gate":"UR","approval":"Approval: UR","artefact_digest":"sha256:316ee25501048fbea4206beee4a1d9d7d92981377a792f9e1c111270d8d753bb","presentation_digest":"sha256:25b58ba2303754908a1f754ac05bbab02120d403d23a424012084ed19be49ad2","next_gate_after_approval":"Brownfield Review","allowed_after_approval":"Run Brownfield Review after G-00 before drafting PRD, or mark Brownfield Review not_applicable with evidence."},"assurance":{"lane":"cooperative_local","reply_provenance":"caller_forwarded_deliberate_reply","independent_human_proof":"unavailable"},"current":{"available":true,"revision":3,"revision_id":"50e1e802-f9b6-407c-9bda-2f9ac9941d88","approval_status":"approved","lifecycle":"active","gate":"Brownfield Review","status":"open","missing_approval":"none","next_allowed_action":"Run Brownfield Review after G-00 before drafting PRD, or mark Brownfield Review not_applicable with evidence.","blocking_reason":"none"},"observations":{"commit":"canonical_receipt_observed","durability":"file_and_directory_sync_completed","independent_human_proof":"unavailable"},"recovery":null},"concurrent":{"code":2,"result":{"schema_version":"1","outcome":"retryable_failure","reason":"run_write_locked","operation_id":"eb1fe9e6-a2f3-4e57-b231-1136b55fb6bc","request_digest":"sha256:df555c79bf8115e1abf5d3ec7c037550ca11f8a24c5d28664a23abb3d1b7f270","binding":{"target_id":"sha256:3843a80c19f260b97b4fa8596db44354d833911587cbc363da0ac5c12b277740","run_id":"command-test","gate":"UR","expected_revision_id":"4dccc7c4-46c6-4d45-9017-6b4d1ffff633","presentation_id":"23c17001-ebe4-4461-9c7e-7b736965dc1b"},"effect":null,"assurance":{"lane":"cooperative_local","reply_provenance":"caller_forwarded_deliberate_reply","independent_human_proof":"unavailable"},"current":{"available":true,"revision":2,"revision_id":"4dccc7c4-46c6-4d45-9017-6b4d1ffff633","approval_status":"missing","lifecycle":"active","gate":"UR","status":"open","missing_approval":"Approval: UR","next_allowed_action":"Fill the current UR control state, persist the UR draft, and request exact approval: Approval: UR.","blocking_reason":"none"},"observations":{"commit":"no_receipt_acknowledged","durability":"unconfirmed","independent_human_proof":"unavailable"},"recovery":"Retry the identical command with the original operation UUID and payload; do not create a new decision."}},"retried":{"code":0,"result":{"schema_version":"1","outcome":"already_applied","reason":null,"operation_id":"eb1fe9e6-a2f3-4e57-b231-1136b55fb6bc","request_digest":"sha256:df555c79bf8115e1abf5d3ec7c037550ca11f8a24c5d28664a23abb3d1b7f270","binding":{"target_id":"sha256:3843a80c19f260b97b4fa8596db44354d833911587cbc363da0ac5c12b277740","run_id":"command-test","gate":"UR","expected_revision_id":"4dccc7c4-46c6-4d45-9017-6b4d1ffff633","presentation_id":"23c17001-ebe4-4461-9c7e-7b736965dc1b"},"effect":{"allowed_after_approval":"Run Brownfield Review after G-00 before drafting PRD, or mark Brownfield Review not_applicable with evidence.","approval":"Approval: UR","artefact_digest":"sha256:316ee25501048fbea4206beee4a1d9d7d92981377a792f9e1c111270d8d753bb","gate":"UR","next_gate_after_approval":"Brownfield Review","presentation_digest":"sha256:25b58ba2303754908a1f754ac05bbab02120d403d23a424012084ed19be49ad2","previous_revision_id":"4dccc7c4-46c6-4d45-9017-6b4d1ffff633","resulting_revision_id":"50e1e802-f9b6-407c-9bda-2f9ac9941d88","revision":3},"assurance":{"lane":"cooperative_local","reply_provenance":"caller_forwarded_deliberate_reply","independent_human_proof":"unavailable"},"current":{"available":true,"revision":3,"revision_id":"50e1e802-f9b6-407c-9bda-2f9ac9941d88","approval_status":"approved","lifecycle":"active","gate":"Brownfield Review","status":"open","missing_approval":"none","next_allowed_action":"Run Brownfield Review after G-00 before drafting PRD, or mark Brownfield Review not_applicable with evidence.","blocking_reason":"none"},"observations":{"commit":"canonical_receipt_observed","durability":"file_and_directory_sync_completed","independent_human_proof":"unavailable"},"recovery":null}}},{"mode":"distinct","child_pid":10888,"winner":{"schema_version":"1","outcome":"accepted","reason":null,"operation_id":"ea25ea7d-d68b-4d51-b7c3-f1bd341f8d9f","request_digest":"sha256:ba5c5b01fc60ccdb1c4e645ad6ff56a2fddcceea0f05a97e2953b4bc1c920582","binding":{"target_id":"sha256:920cd83a4051abee6f64f23c2566efc3733642141207fa7e1cac9caabf294928","run_id":"command-test","gate":"UR","expected_revision_id":"9edb05c0-e4db-4939-8f5e-686629ddac49","presentation_id":"e96ef194-4ab5-48ff-afd6-c8f1dee6e160"},"effect":{"previous_revision_id":"9edb05c0-e4db-4939-8f5e-686629ddac49","resulting_revision_id":"b9cdba3a-182d-4f0f-b1e0-49b1b7f0db96","revision":3,"gate":"UR","approval":"Approval: UR","artefact_digest":"sha256:316ee25501048fbea4206beee4a1d9d7d92981377a792f9e1c111270d8d753bb","presentation_digest":"sha256:0abae5aab5523b4ba0f89da495166a394803af988963d14430eaf273962ee885","next_gate_after_approval":"Brownfield Review","allowed_after_approval":"Run Brownfield Review after G-00 before drafting PRD, or mark Brownfield Review not_applicable with evidence."},"assurance":{"lane":"cooperative_local","reply_provenance":"caller_forwarded_deliberate_reply","independent_human_proof":"unavailable"},"current":{"available":true,"revision":3,"revision_id":"b9cdba3a-182d-4f0f-b1e0-49b1b7f0db96","approval_status":"approved","lifecycle":"active","gate":"Brownfield Review","status":"open","missing_approval":"none","next_allowed_action":"Run Brownfield Review after G-00 before drafting PRD, or mark Brownfield Review not_applicable with evidence.","blocking_reason":"none"},"observations":{"commit":"canonical_receipt_observed","durability":"file_and_directory_sync_completed","independent_human_proof":"unavailable"},"recovery":null},"concurrent":{"code":2,"result":{"schema_version":"1","outcome":"retryable_failure","reason":"run_write_locked","operation_id":"54f24ece-4393-4938-ba20-93998db77bfa","request_digest":"sha256:ba5c5b01fc60ccdb1c4e645ad6ff56a2fddcceea0f05a97e2953b4bc1c920582","binding":{"target_id":"sha256:920cd83a4051abee6f64f23c2566efc3733642141207fa7e1cac9caabf294928","run_id":"command-test","gate":"UR","expected_revision_id":"9edb05c0-e4db-4939-8f5e-686629ddac49","presentation_id":"e96ef194-4ab5-48ff-afd6-c8f1dee6e160"},"effect":null,"assurance":{"lane":"cooperative_local","reply_provenance":"caller_forwarded_deliberate_reply","independent_human_proof":"unavailable"},"current":{"available":true,"revision":2,"revision_id":"9edb05c0-e4db-4939-8f5e-686629ddac49","approval_status":"missing","lifecycle":"active","gate":"UR","status":"open","missing_approval":"Approval: UR","next_allowed_action":"Fill the current UR control state, persist the UR draft, and request exact approval: Approval: UR.","blocking_reason":"none"},"observations":{"commit":"no_receipt_acknowledged","durability":"unconfirmed","independent_human_proof":"unavailable"},"recovery":"Retry the identical command with the original operation UUID and payload; do not create a new decision."}},"retried":{"code":2,"result":{"schema_version":"1","outcome":"rejected","reason":"gate_not_ready","operation_id":"54f24ece-4393-4938-ba20-93998db77bfa","request_digest":"sha256:ba5c5b01fc60ccdb1c4e645ad6ff56a2fddcceea0f05a97e2953b4bc1c920582","binding":{"target_id":"sha256:920cd83a4051abee6f64f23c2566efc3733642141207fa7e1cac9caabf294928","run_id":"command-test","gate":"UR","expected_revision_id":"9edb05c0-e4db-4939-8f5e-686629ddac49","presentation_id":"e96ef194-4ab5-48ff-afd6-c8f1dee6e160"},"effect":null,"assurance":{"lane":"cooperative_local","reply_provenance":"caller_forwarded_deliberate_reply","independent_human_proof":"unavailable"},"current":{"available":true,"revision":3,"revision_id":"b9cdba3a-182d-4f0f-b1e0-49b1b7f0db96","approval_status":"approved","lifecycle":"active","gate":"Brownfield Review","status":"open","missing_approval":"none","next_allowed_action":"Run Brownfield Review after G-00 before drafting PRD, or mark Brownfield Review not_applicable with evidence.","blocking_reason":"none"},"observations":{"commit":"no_receipt_acknowledged","durability":"unconfirmed","independent_human_proof":"unavailable"},"recovery":"Follow current.next_allowed_action. For a changed binding, prepare the current presentation and obtain a NEW deliberate reply; never rebind an earlier reply."}}},{"mode":"changed_payload","child_pid":10945,"winner":{"schema_version":"1","outcome":"accepted","reason":null,"operation_id":"879b2351-9df7-4217-b1cc-ae5be88e4766","request_digest":"sha256:a8e0bd532e0b1979ff7c8824af5231a7896da6f1e24a01ebc44326e2b45ef408","binding":{"target_id":"sha256:6922784d30bd5f6bbebe62e447be68f4a2e0340617268fc5f16e63d15660db7d","run_id":"command-test","gate":"UR","expected_revision_id":"24f3df9a-a1c7-461c-8ae3-a2312d453768","presentation_id":"8830ae7e-03b2-43ec-8dec-ab0648da53c9"},"effect":{"previous_revision_id":"24f3df9a-a1c7-461c-8ae3-a2312d453768","resulting_revision_id":"91942c1d-7875-4b6c-91f8-ca2dcbd268d5","revision":3,"gate":"UR","approval":"Approval: UR","artefact_digest":"sha256:316ee25501048fbea4206beee4a1d9d7d92981377a792f9e1c111270d8d753bb","presentation_digest":"sha256:6b209ce7f145a1820f7297ae136aefec511c37dfcc19d43bcb863a9718e55a68","next_gate_after_approval":"Brownfield Review","allowed_after_approval":"Run Brownfield Review after G-00 before drafting PRD, or mark Brownfield Review not_applicable with evidence."},"assurance":{"lane":"cooperative_local","reply_provenance":"caller_forwarded_deliberate_reply","independent_human_proof":"unavailable"},"current":{"available":true,"revision":3,"revision_id":"91942c1d-7875-4b6c-91f8-ca2dcbd268d5","approval_status":"approved","lifecycle":"active","gate":"Brownfield Review","status":"open","missing_approval":"none","next_allowed_action":"Run Brownfield Review after G-00 before drafting PRD, or mark Brownfield Review not_applicable with evidence.","blocking_reason":"none"},"observations":{"commit":"canonical_receipt_observed","durability":"file_and_directory_sync_completed","independent_human_proof":"unavailable"},"recovery":null},"concurrent":{"code":2,"result":{"schema_version":"1","outcome":"retryable_failure","reason":"run_write_locked","operation_id":"879b2351-9df7-4217-b1cc-ae5be88e4766","request_digest":"sha256:6093f27f2767094fc8a8e1acbbd7c5af54ce3fe453620749c7b6756c5ed0e3a9","binding":{"target_id":"sha256:6922784d30bd5f6bbebe62e447be68f4a2e0340617268fc5f16e63d15660db7d","run_id":"command-test","gate":"UR","expected_revision_id":"24f3df9a-a1c7-461c-8ae3-a2312d453768","presentation_id":"8830ae7e-03b2-43ec-8dec-ab0648da53c9"},"effect":null,"assurance":{"lane":"cooperative_local","reply_provenance":"caller_forwarded_deliberate_reply","independent_human_proof":"unavailable"},"current":{"available":true,"revision":2,"revision_id":"24f3df9a-a1c7-461c-8ae3-a2312d453768","approval_status":"missing","lifecycle":"active","gate":"UR","status":"open","missing_approval":"Approval: UR","next_allowed_action":"Fill the current UR control state, persist the UR draft, and request exact approval: Approval: UR.","blocking_reason":"none"},"observations":{"commit":"no_receipt_acknowledged","durability":"unconfirmed","independent_human_proof":"unavailable"},"recovery":"Retry the identical command with the original operation UUID and payload; do not create a new decision."}},"retried":{"code":2,"result":{"schema_version":"1","outcome":"rejected","reason":"operation_payload_conflict","operation_id":"879b2351-9df7-4217-b1cc-ae5be88e4766","request_digest":"sha256:6093f27f2767094fc8a8e1acbbd7c5af54ce3fe453620749c7b6756c5ed0e3a9","binding":{"target_id":"sha256:6922784d30bd5f6bbebe62e447be68f4a2e0340617268fc5f16e63d15660db7d","run_id":"command-test","gate":"UR","expected_revision_id":"24f3df9a-a1c7-461c-8ae3-a2312d453768","presentation_id":"8830ae7e-03b2-43ec-8dec-ab0648da53c9"},"effect":null,"assurance":{"lane":"cooperative_local","reply_provenance":"caller_forwarded_deliberate_reply","independent_human_proof":"unavailable"},"current":{"available":true,"revision":3,"revision_id":"91942c1d-7875-4b6c-91f8-ca2dcbd268d5","approval_status":"approved","lifecycle":"active","gate":"Brownfield Review","status":"open","missing_approval":"none","next_allowed_action":"Run Brownfield Review after G-00 before drafting PRD, or mark Brownfield Review not_applicable with evidence.","blocking_reason":"none"},"observations":{"commit":"no_receipt_acknowledged","durability":"unconfirmed","independent_human_proof":"unavailable"},"recovery":null}}}]
2026-10-05T12:22:20.2598392Z PASS SCN-012 real child final-checkpoint artefact, no command effect
2026-10-05T12:22:20.2603366Z FRESHNESS_EVIDENCE {"kind":"artefact","child_pid":11104,"result":{"schema_version":"1","outcome":"recovery_required","reason":"canonical_state_unconfirmed","operation_id":"a844eeb9-0d1a-4f3b-920b-f04d63c8ab2a","request_digest":"sha256:614f8a03bfc7b58bf01a114ff99c3387b670f3ddf1515787eca6e8cf4f4d23bb","binding":{"target_id":"sha256:0c1df7a99b87e19c744d0d9f4613774500d9ef513e2a3aeccee2bdb16699dc58","run_id":"command-test","gate":"UR","expected_revision_id":"b902d045-4892-4ffc-87aa-aa113ef23613","presentation_id":"fc3f4a27-e341-4b74-b510-4f0e1ca7994f"},"effect":null,"assurance":{"lane":"cooperative_local","reply_provenance":"caller_forwarded_deliberate_reply","independent_human_proof":"unavailable"},"current":{"available":false,"reason":"seal_invalid"},"observations":{"commit":"no_receipt_acknowledged","durability":"unconfirmed","independent_human_proof":"unavailable"},"recovery":"Inspect the canonical run and pending transaction before retrying; do not infer approval from this response."}}
2026-10-05T12:22:21.8544934Z PASS SCN-012 real child final-checkpoint presentation, no command effect
2026-10-05T12:22:21.8552914Z FRESHNESS_EVIDENCE {"kind":"presentation","child_pid":11147,"result":{"schema_version":"1","outcome":"rejected","reason":"stale_revision","operation_id":"50f3336c-9591-4e0c-9e65-9cbe37d0f3f5","request_digest":"sha256:2368cc3ba7897c3387e0a6f8c80cc0d4adc88f58963ca96fdde8d5e8aa4f8c11","binding":{"target_id":"sha256:2e1c1cab8988e7f8a5f8c3e0bd0d1cf0457bda1f937e3b60c09fac8730a2fecb","run_id":"command-test","gate":"UR","expected_revision_id":"b087e7e0-b4b6-4353-a7b1-7e2c6d12cd65","presentation_id":"e037f3f7-f8a4-41d4-a0af-a27ca8d1b56f"},"effect":null,"assurance":{"lane":"cooperative_local","reply_provenance":"caller_forwarded_deliberate_reply","independent_human_proof":"unavailable"},"current":{"available":true,"revision":2,"revision_id":"b087e7e0-b4b6-4353-a7b1-7e2c6d12cd65","approval_status":"missing","lifecycle":"active","gate":"UR","status":"open","missing_approval":"Approval: UR","next_allowed_action":"Fill the current UR control state, persist the UR draft, and request exact approval: Approval: UR.","blocking_reason":"none"},"observations":{"commit":"no_receipt_acknowledged","durability":"unconfirmed","independent_human_proof":"unavailable"},"recovery":"Prepare the current presentation and obtain a NEW deliberate reply; never rebind an earlier reply."}}
2026-10-05T12:22:23.4518449Z PASS SCN-012 real child final-checkpoint revision, no command effect
2026-10-05T12:22:23.4526310Z FRESHNESS_EVIDENCE {"kind":"revision","child_pid":11190,"result":{"schema_version":"1","outcome":"rejected","reason":"stale_revision","operation_id":"1621160e-f89d-4638-8708-16ce22e9fbe1","request_digest":"sha256:16a0e741067628336f5107adcb8c51b367adbf8fb162b71d544030099a6308ab","binding":{"target_id":"sha256:a963015a5c7c8fde826a32463c5ab5b30e6a0cf5a794c70e8f97aee1205fc850","run_id":"command-test","gate":"UR","expected_revision_id":"87f15620-c29b-47d3-92c0-32c593a39582","presentation_id":"e4378205-eac0-4b14-b70e-493f907212fb"},"effect":null,"assurance":{"lane":"cooperative_local","reply_provenance":"caller_forwarded_deliberate_reply","independent_human_proof":"unavailable"},"current":{"available":true,"revision":3,"revision_id":"d9e934c0-54b0-473c-b3a8-845cc7340491","approval_status":"missing","lifecycle":"active","gate":"UR","status":"open","missing_approval":"Approval: UR","next_allowed_action":"Fill the current UR control state, persist the UR draft, and request exact approval: Approval: UR.","blocking_reason":"none"},"observations":{"commit":"no_receipt_acknowledged","durability":"unconfirmed","independent_human_proof":"unavailable"},"recovery":"Prepare the current presentation and obtain a NEW deliberate reply; never rebind an earlier reply."}}
2026-10-05T12:22:25.0623350Z PASS SCN-012 real child final-checkpoint gate_eligibility, no command effect
2026-10-05T12:22:25.0632072Z FRESHNESS_EVIDENCE {"kind":"gate_eligibility","child_pid":11233,"result":{"schema_version":"1","outcome":"rejected","reason":"stale_revision","operation_id":"0c774864-7bb6-4949-9de8-224bfa156097","request_digest":"sha256:0d192901ae8a72958fb54717ab6e73d0c78c9d4b7bc1384727592f64b1cc8a7c","binding":{"target_id":"sha256:a78e959ae25ce4a6bc70f185d088b77e988cb9ecc4f6d68d4748432f5199b61a","run_id":"command-test","gate":"UR","expected_revision_id":"43bd7574-5c51-4328-b6f4-8cefb11e78bf","presentation_id":"aa8b937e-3218-40a8-b8e7-013c93930c93"},"effect":null,"assurance":{"lane":"cooperative_local","reply_provenance":"caller_forwarded_deliberate_reply","independent_human_proof":"unavailable"},"current":{"available":true,"revision":2,"revision_id":"43bd7574-5c51-4328-b6f4-8cefb11e78bf","approval_status":"missing","lifecycle":"completed","gate":"UR","status":"open","missing_approval":"Approval: UR","next_allowed_action":"Fill the current UR control state, persist the UR draft, and request exact approval: Approval: UR.","blocking_reason":"none"},"observations":{"commit":"no_receipt_acknowledged","durability":"unconfirmed","independent_human_proof":"unavailable"},"recovery":"Prepare the current presentation and obtain a NEW deliberate reply; never rebind an earlier reply."}}
2026-10-05T12:22:25.1911602Z 
2026-10-05T12:22:25.1912176Z > create-agdf@0.14.5 test:control-command-package
2026-10-05T12:22:25.1912901Z > node scripts/control-command-package-test.js
2026-10-05T12:22:25.1913274Z 
2026-10-05T12:22:25.2696374Z PASS package containment accepts POSIX/Windows dependencies and rejects sibling, parent and foreign-drive paths
2026-10-05T12:22:28.6716505Z PASS SCN-024/028 CLI modularization against the current source and documentation in isolated snapshot
2026-10-05T12:22:30.0685327Z PASS SCN-029/032 isolated package-build regression
2026-10-05T12:22:30.3077590Z PASS SCN-029/032 isolated copilot-profile regression
2026-10-05T12:22:31.4512528Z PASS SCN-029/032 isolated release-version-coherence regression
2026-10-05T12:22:33.2390253Z PASS SCN-029/032 isolated package-contents regression
2026-10-05T12:22:33.5517874Z PASS SCN-029/032 isolated local-validator regression
2026-10-05T12:22:35.7834215Z PASS SCN-029/032 isolated plugin-mcp-runtime regression
2026-10-05T12:22:38.8396429Z PASS SCN-029/032 isolated runtime-integrity-layout regression
2026-10-05T12:23:01.1447236Z PASS SCN-029/032 isolated runtime-integrity-negative regression
2026-10-05T12:23:03.0207113Z PASS SCN-005/006/027 package exports and 48 pure runtime dependency modules
2026-10-05T12:23:03.0986836Z PASS SCN-006 external import has only package-owned reads and no target/process/write/print/exit effects
2026-10-05T12:23:04.7880736Z SCN-001 PACKED_API_RESULT {"schema_version":"1","outcome":"accepted","reason":null,"operation_id":"0636e2aa-7cc0-4aa8-8388-ee735348a1e5","request_digest":"sha256:76dfbe5ddd1986943e3fbd5551516e83486854115db33a86821ed306a46cab20","binding":{"target_id":"sha256:a6420510a48cef5540f5ec6e128f492ae0cd3c4d0bb054a8d8c2e7c4f1d201db","run_id":"external-consumer","gate":"UR","expected_revision_id":"50810505-e7c9-4349-93f5-420d63955540","presentation_id":"0372d64c-b50a-411d-b0ce-2b7a3f6f9b8e"},"effect":{"previous_revision_id":"50810505-e7c9-4349-93f5-420d63955540","resulting_revision_id":"756ef2df-0320-41f9-9340-4dea25f847e3","revision":3,"gate":"UR","approval":"Approval: UR","artefact_digest":"sha256:316ee25501048fbea4206beee4a1d9d7d92981377a792f9e1c111270d8d753bb","presentation_digest":"sha256:227307f151d694b00316f943d3c5fb09ecf1809a0f6d2173116f38457a692d39","next_gate_after_approval":"Brownfield Review","allowed_after_approval":"Run Brownfield Review after G-00 before drafting PRD, or mark Brownfield Review not_applicable with evidence."},"assurance":{"lane":"cooperative_local","reply_provenance":"caller_forwarded_deliberate_reply","independent_human_proof":"unavailable"},"current":{"available":true,"revision":3,"revision_id":"756ef2df-0320-41f9-9340-4dea25f847e3","approval_status":"approved","lifecycle":"active","gate":"Brownfield Review","status":"open","missing_approval":"none","next_allowed_action":"Run Brownfield Review after G-00 before drafting PRD, or mark Brownfield Review not_applicable with evidence.","blocking_reason":"none"},"observations":{"commit":"canonical_receipt_observed","durability":"file_and_directory_sync_completed","independent_human_proof":"unavailable"},"recovery":null}
2026-10-05T12:23:05.5305121Z PASS SCN-001/028/029 packed external CLI/API approve/replay/Git/locale parity
2026-10-05T12:23:05.6042017Z PASS SCN-029 missing packed locale resource fails without canonical mutation
2026-10-05T12:23:07.3886307Z SCN-032 RUNTIME_IDENTITY {"profile":"generated/plugins/agdf","version":"0.14.5","digest":"671e4edcc391fd96300526b923d5cda3ce0105d22c28e2b9c4906390673cd052","result":{"schema_version":"1","outcome":"accepted","reason":null,"operation_id":"704b7a4e-4c57-4a7f-a13b-0d4cecd3172a","request_digest":"sha256:f141cbfd09ffb0fd1cdde61613916e06d671b334edbdeab5a74f3a0ab8e1484c","binding":{"target_id":"sha256:b35df14a27e2004c7035fe81cceebc3bb266590fc7ce7c58fbbb2a9ba5f0475d","run_id":"generated-shared","gate":"UR","expected_revision_id":"1d893c35-6128-44d2-ad7a-170ed4bf57bf","presentation_id":"09206ddd-64aa-44ce-9956-d31c0c21ea6a"},"effect":{"previous_revision_id":"1d893c35-6128-44d2-ad7a-170ed4bf57bf","resulting_revision_id":"747cbb04-8515-4767-9dfb-ebc320287455","revision":3,"gate":"UR","approval":"Approval: UR","artefact_digest":"sha256:316ee25501048fbea4206beee4a1d9d7d92981377a792f9e1c111270d8d753bb","presentation_digest":"sha256:c3a76de940b051621577f9f098ad218d4a9193f1d0dcb42bcd3ba50c9d837234","next_gate_after_approval":"Brownfield Review","allowed_after_approval":"Run Brownfield Review after G-00 before drafting PRD, or mark Brownfield Review not_applicable with evidence."},"assurance":{"lane":"cooperative_local","reply_provenance":"caller_forwarded_deliberate_reply","independent_human_proof":"unavailable"},"current":{"available":true,"revision":3,"revision_id":"747cbb04-8515-4767-9dfb-ebc320287455","approval_status":"approved","lifecycle":"active","gate":"Brownfield Review","status":"open","missing_approval":"none","next_allowed_action":"Run Brownfield Review after G-00 before drafting PRD, or mark Brownfield Review not_applicable with evidence.","blocking_reason":"none"},"observations":{"commit":"canonical_receipt_observed","durability":"file_and_directory_sync_completed","independent_human_proof":"unavailable"},"recovery":null}}
2026-10-05T12:23:07.7567756Z PASS SCN-032 generated generated/plugins/agdf module/resource closure and missing resource fail closed
2026-10-05T12:23:09.5495190Z SCN-032 RUNTIME_IDENTITY {"profile":"generated/plugins/copilot/agdf","version":"0.14.5","digest":"c4c1db3ef284f53442ae3c55bea17c5a9be727072797e81b92d4ee2b8a5ceef3","result":{"schema_version":"1","outcome":"accepted","reason":null,"operation_id":"361d9fe4-f21e-4a14-8f40-307e494216bc","request_digest":"sha256:050af4a44016dc7ddd9e443e9b972ddb1b9b83f28a66cc84f74dd685cf6f5893","binding":{"target_id":"sha256:4ee2b5b34ea390c9e263558d70ae0fdd1446cbee05643c8d35c11ba77d5583f8","run_id":"generated-copilot","gate":"UR","expected_revision_id":"4c64ffc2-5cef-475a-a30e-cf836828d5f6","presentation_id":"1aedd979-c8b5-4b20-8f40-7c6bb5237b15"},"effect":{"previous_revision_id":"4c64ffc2-5cef-475a-a30e-cf836828d5f6","resulting_revision_id":"615b97e1-2a5c-4f07-96ef-d8d6eb1ea8fe","revision":3,"gate":"UR","approval":"Approval: UR","artefact_digest":"sha256:316ee25501048fbea4206beee4a1d9d7d92981377a792f9e1c111270d8d753bb","presentation_digest":"sha256:3cffd3e129e84beaa773ec6f49031c6de6a5b1818f917cf10d6381c7a36cca59","next_gate_after_approval":"Brownfield Review","allowed_after_approval":"Run Brownfield Review after G-00 before drafting PRD, or mark Brownfield Review not_applicable with evidence."},"assurance":{"lane":"cooperative_local","reply_provenance":"caller_forwarded_deliberate_reply","independent_human_proof":"unavailable"},"current":{"available":true,"revision":3,"revision_id":"615b97e1-2a5c-4f07-96ef-d8d6eb1ea8fe","approval_status":"approved","lifecycle":"active","gate":"Brownfield Review","status":"open","missing_approval":"none","next_allowed_action":"Run Brownfield Review after G-00 before drafting PRD, or mark Brownfield Review not_applicable with evidence.","blocking_reason":"none"},"observations":{"commit":"canonical_receipt_observed","durability":"file_and_directory_sync_completed","independent_human_proof":"unavailable"},"recovery":null}}
2026-10-05T12:23:09.9312252Z PASS SCN-032 generated generated/plugins/copilot/agdf module/resource closure and missing resource fail closed
2026-10-05T12:23:15.1439666Z SCN-026 WORKFLOW_METRICS [{"lane":"legacy","boundary":"recorded_UR_to_inspected_approval","success_calls":3,"presentation_prepared":1,"presentations_visibly_shown":"unavailable","manual_corrections":0,"simulated_replies":1,"observed_human_decisions":"unavailable","retry_calls":1,"retry_outcome":"rejected","stale_calls":1,"stale_outcome":"rejected"},{"lane":"command","boundary":"recorded_UR_to_inspected_approval","success_calls":3,"presentation_prepared":1,"presentations_visibly_shown":"unavailable","manual_corrections":0,"simulated_replies":1,"observed_human_decisions":"unavailable","retry_calls":1,"retry_outcome":"already_applied","stale_calls":1,"stale_outcome":"rejected"}]
2026-10-05T12:23:15.1445177Z SCN-030/031 QUALIFICATION {"source":"passed","packed_external":"passed","generated_validator":"passed","native_platform":"linux/x64","native_linux":"unavailable","native_windows":"unavailable","new_installed_plugin":"not_installed","visible_host":"not_observed","independent_human_proof":"unavailable"}
2026-10-05T12:23:15.1448710Z PACKAGE_IDENTITY {"version":"0.14.5","tarball_sha256":"f8170aa0ba401f41cb30e0d0fb1dad6a71bdb6dc998bef66d545879d9cadddd4","command_schema_version":"1","receipt_schema_version":"1","approval_seal_legacy_version":"1","receipt_approval_seal_version":"2","files":761,"node":"v22.23.3","platform":"linux","arch":"x64"}
2026-10-05T12:23:15.1450365Z Control command package tests passed (761 real packed files).
2026-10-05T12:23:16.1508565Z 
2026-10-05T12:23:16.1509286Z > create-agdf@0.14.5 test:cli-gates
2026-10-05T12:23:16.1509864Z > node scripts/cli-gate-scenarios-test.js
2026-10-05T12:23:16.1510178Z 
2026-10-05T12:23:16.2074835Z [cli-gates] START new-ur
2026-10-05T12:23:18.5612049Z [cli-gates] PASS new-ur (2.4s)
2026-10-05T12:23:18.5612564Z [cli-gates] START duplicate-prd
2026-10-05T12:23:21.1369316Z [cli-gates] PASS duplicate-prd (2.6s)
2026-10-05T12:23:21.1370139Z [cli-gates] START bound-ur
2026-10-05T12:23:23.9206832Z [cli-gates] PASS bound-ur (2.8s)
2026-10-05T12:23:24.0436359Z 
2026-10-05T12:23:24.0437036Z > create-agdf@0.14.5 test:control-state
2026-10-05T12:23:24.0437619Z > node ../core/test/control-state-test.js
2026-10-05T12:23:24.0438084Z 
2026-10-05T12:23:29.6702243Z artefact recording/correction tests passed (210 assertions)
2026-10-05T12:23:45.1721642Z control-state tests passed
2026-10-05T12:23:45.1722240Z backlog status vocabulary tests passed
2026-10-05T12:23:45.3072266Z 
2026-10-05T12:23:45.3072984Z > create-agdf@0.14.5 test:run-step-transaction
2026-10-05T12:23:45.3073610Z > node ../core/test/run-step-transaction-test.js
2026-10-05T12:23:45.3073923Z 
2026-10-05T12:23:48.3896845Z Run-step transaction boundaries passed.
2026-10-05T12:23:48.5223321Z 
2026-10-05T12:23:48.5223933Z > create-agdf@0.14.5 test:run-recovery
2026-10-05T12:23:48.5224438Z > node scripts/run-recovery-test.js
2026-10-05T12:23:48.5224698Z 
2026-10-05T12:23:49.3025864Z run recovery tests passed
2026-10-05T12:23:49.4388172Z 
2026-10-05T12:23:49.4389203Z > create-agdf@0.14.5 test:run-lock
2026-10-05T12:23:49.4390029Z > node ../core/test/run-lock-test.js
2026-10-05T12:23:49.4390443Z 
2026-10-05T12:23:49.5022465Z Run lock owner recovery passed.
2026-10-05T12:23:49.6327378Z 
2026-10-05T12:23:49.6328256Z > create-agdf@0.14.5 test:prd-readiness
2026-10-05T12:23:49.6328911Z > node ../core/test/prd-readiness-test.js
2026-10-05T12:23:49.6329188Z 
2026-10-05T12:23:49.6915062Z PRD readiness tests passed
2026-10-05T12:23:49.8203912Z 
2026-10-05T12:23:49.8204687Z > create-agdf@0.14.5 test:run-revision
2026-10-05T12:23:49.8205403Z > node ../core/test/run-revision-test.js
2026-10-05T12:23:49.8205704Z 
2026-10-05T12:23:51.1657819Z run-revise tests passed
2026-10-05T12:23:51.2930647Z 
2026-10-05T12:23:51.2931363Z > create-agdf@0.14.5 test:late-source-revision
2026-10-05T12:23:51.2933424Z > node ../core/test/run-source-revisions-test.js && node scripts/late-source-revision-test.js && npm run test:late-source-revision-performance
2026-10-05T12:23:51.2934754Z 
2026-10-05T12:24:26.7162866Z {"suite":"source-revisions","scenarios":["SCN-001","SCN-003","SCN-004","SCN-005","SCN-007","SCN-008","SCN-011","SCN-012","SCN-013","SCN-014","SCN-018","SCN-009","SCN-010","SCN-015","SCN-017","SCN-019","SCN-020","SCN-016","SCN-021","SCN-006"],"fixture_authority":"synthetic_only"}
2026-10-05T12:24:44.0936738Z {"suite":"late-source-revision-cli","candidate":"/home/runner/work/ai-native-governance-delivery-framework/ai-native-governance-delivery-framework/dist/npm/create-agdf","cases":51,"fixture_authority":"synthetic_only"}
2026-10-05T12:24:44.2261059Z 
2026-10-05T12:24:44.2261911Z > create-agdf@0.14.5 test:late-source-revision-performance
2026-10-05T12:24:44.2262992Z > node scripts/late-source-revision-performance-test.js
2026-10-05T12:24:44.2263526Z 
2026-10-05T12:25:22.7675189Z {"scenario_id":"SCN-028","cycles":[{"cycle":1,"preview_ms":19.24460100000033,"apply_ms":82.98219400000016,"history_files":17,"history_bytes":35150},{"cycle":2,"preview_ms":20.59787100000085,"apply_ms":102.80682400000023,"history_files":34,"history_bytes":77036},{"cycle":3,"preview_ms":25.907058999999208,"apply_ms":132.9438710000013,"history_files":51,"history_bytes":125415},{"cycle":4,"preview_ms":34.53560800000014,"apply_ms":176.39202699999987,"history_files":68,"history_bytes":180287},{"cycle":5,"preview_ms":39.6515159999999,"apply_ms":230.68955599999936,"history_files":85,"history_bytes":241652},{"cycle":6,"preview_ms":54.685624999998254,"apply_ms":273.82069599999886,"history_files":102,"history_bytes":309510},{"cycle":7,"preview_ms":60.24645099999907,"apply_ms":323.5985929999988,"history_files":119,"history_bytes":383861},{"cycle":8,"preview_ms":70.4303170000021,"apply_ms":376.15289400000256,"history_files":136,"history_bytes":464705},{"cycle":9,"preview_ms":84.37476700000116,"apply_ms":434.47939699999915,"history_files":153,"history_bytes":552042},{"cycle":10,"preview_ms":97.26222599999892,"apply_ms":510.42768100000103,"history_files":170,"history_bytes":645872}],"unrelated_history_reads":0,"competition":{"elapsed_ms":821.1933250000002,"results":[{"code":0,"result":{"outcome":"reopened","authorizes":false,"run_id":"revision-performance","operation_id":"96e9732a-8554-4a05-8121-8c9d1ebc5f5c","gate":"TP","revision_id":"9f0f571b-0fa2-4e9c-8306-a4f9b8de63cf","revision":"63","impact":{"source_gate":"TP","retained":["UR","PRD","SD"],"superseded":["TP"],"invalidated_bindings":["4f57a534-bc8e-4185-a86b-5fe628bf1cf6"],"analyses":[{"type":"Brownfield Review","disposition":"retain","path":".agdf/control/artefacts/revision-performance/BROWNFIELD_REVIEW.md","digest":"sha256:64ce92f3dbffa8b295dd5ae9ee82cb9384045b84977ec89d401c2d773b8c785f","reason":"Synthetic reviewed applicability assessment under unchanged or renewed UR"}],"invalidated_steps":["Brownfield Analysis","CD+Tests","CR"],"retained_work":"Code and test files are retained; fulfillment and evidence require the renewed TP.","next_gate":"TP","implementation_authority":false},"next_action":"Draft or refine the Task/Test Plan; do not implement before TP is approved."}},{"code":0,"result":{"schema_version":"1","outcome":"rejected","run_id":"revision-performance","reason":"run_write_locked","lock_path":"/tmp/agdf-revision-performance-Zc5MFY/.agdf/control/runs/revision-performance/RUN_STATE.md.lock","authorizes":false}}]}}
2026-10-05T12:25:22.9390272Z 
2026-10-05T12:25:22.9392780Z > create-agdf@0.14.5 test:intake-continuation
2026-10-05T12:25:22.9393752Z > node scripts/intake-continuation-test.js
2026-10-05T12:25:22.9394096Z 
2026-10-05T12:25:40.9156817Z intake continuation packaged-runtime E2E passed (new/resume, binding, rejection, read-only, recovery, route); runtime sha256:90628ade81f47b45dc20cce5819d7aaa5258851c75cc3c2b6f688e20f5e25aa5
2026-10-05T12:25:41.0666075Z 
2026-10-05T12:25:41.0666809Z > create-agdf@0.14.5 test:prd-definition
2026-10-05T12:25:41.0667390Z > node scripts/prd-definition-test.js
2026-10-05T12:25:41.0667688Z 
2026-10-05T12:26:01.9821291Z PRD packaged authoring/clarification/revision/binding/presentation/approval boundaries passed.
2026-10-05T12:26:02.1233886Z 
2026-10-05T12:26:02.1236297Z > create-agdf@0.14.5 test:sd-readiness
2026-10-05T12:26:02.1237353Z > node ../core/test/sd-readiness-test.js
2026-10-05T12:26:02.1237789Z 
2026-10-05T12:26:02.1735929Z SD declared-decision readiness: resolved/open/malformed/legacy boundaries passed.
2026-10-05T12:26:02.2957424Z 
2026-10-05T12:26:02.2958320Z > create-agdf@0.14.5 test:sd-definition
2026-10-05T12:26:02.2958901Z > node scripts/sd-definition-test.js
2026-10-05T12:26:02.2959187Z 
2026-10-05T12:26:17.1977795Z SD assembled authoring/source/readiness/revision/approval boundaries passed (synthetic fixtures).
2026-10-05T12:26:17.3178314Z 
2026-10-05T12:26:17.3179204Z > create-agdf@0.14.5 test:artifact-language
2026-10-05T12:26:17.3180254Z > node scripts/artifact-language-test.js
2026-10-05T12:26:17.3180800Z 
2026-10-05T12:26:19.7335966Z artifact language tests passed (config source, English defaults, dispatcher recovery)
2026-10-05T12:26:19.8761577Z 
2026-10-05T12:26:19.8762372Z > create-agdf@0.14.5 test:parent-reconciliation
2026-10-05T12:26:19.8763514Z > node ../core/test/parent-reconciliation-test.js
2026-10-05T12:26:19.8764124Z 
2026-10-05T12:26:20.6274865Z AGDF parent reconciliation tests passed
2026-10-05T12:26:20.7516971Z 
2026-10-05T12:26:20.7517752Z > create-agdf@0.14.5 test:interaction-presentation
2026-10-05T12:26:20.7518807Z > node ../core/test/interaction-presentation-test.js
2026-10-05T12:26:20.7519204Z 
2026-10-05T12:26:22.7016509Z interaction presentation tests passed
2026-10-05T12:26:22.8780496Z gate rationale and why tests passed
2026-10-05T12:26:22.9949393Z scope classification card tests passed
2026-10-05T12:26:23.1283663Z task target orientation tests passed
2026-10-05T12:26:23.2622507Z 
2026-10-05T12:26:23.2623331Z > create-agdf@0.14.5 test:operational-localization
2026-10-05T12:26:23.2624102Z > node scripts/operational-localization-test.js
2026-10-05T12:26:23.2624420Z 
2026-10-05T12:26:36.1856600Z operational localization tests passed
2026-10-05T12:26:36.3180942Z 
2026-10-05T12:26:36.3181543Z > create-agdf@0.14.5 test:verified-change
2026-10-05T12:26:36.3182222Z > node scripts/verified-change-test.js
2026-10-05T12:26:36.3182500Z 
2026-10-05T12:26:46.5465274Z Verified Change tests passed
2026-10-05T12:26:46.6777752Z 
2026-10-05T12:26:46.6778835Z > create-agdf@0.14.5 test:runtime-integrity-layout
2026-10-05T12:26:46.6779766Z > node scripts/runtime-integrity-layout-test.js
2026-10-05T12:26:46.6780236Z 
2026-10-05T12:26:49.6824299Z Runtime integrity layout tests passed
2026-10-05T12:26:49.8186245Z 
2026-10-05T12:26:49.8187105Z > create-agdf@0.14.5 test:runtime-integrity-negative
2026-10-05T12:26:49.8188386Z > node scripts/runtime-integrity-negative-test.js
2026-10-05T12:26:49.8188911Z 
2026-10-05T12:27:11.6813876Z Runtime integrity negative tests passed
2026-10-05T12:27:11.8496803Z 
2026-10-05T12:27:11.8497677Z > create-agdf@0.14.5 test:agent-skills-conformance
2026-10-05T12:27:11.8498865Z > node scripts/agent-skills-conformance-test.js
2026-10-05T12:27:11.8499305Z 
2026-10-05T12:27:12.5063391Z Agent Skills conformance tests passed (source, policy, metadata, resources, symlinks and 4 generated surfaces)
2026-10-05T12:27:12.6310993Z 
2026-10-05T12:27:12.6311948Z > create-agdf@0.14.5 test:skill-evals
2026-10-05T12:27:12.6312596Z > node scripts/skill-evals-test.js
2026-10-05T12:27:12.6312904Z 
2026-10-05T12:27:12.7676395Z AGDF skill eval tests passed
2026-10-05T12:27:12.8916313Z 
2026-10-05T12:27:12.8916936Z > create-agdf@0.14.5 eval:skills
2026-10-05T12:27:12.8917671Z > node ../../evals/scripts/run-skill-evals.js
2026-10-05T12:27:12.8918241Z 
2026-10-05T12:27:12.9965488Z AGDF skill evals: pass (102/102 cases; 13 skills; deterministic replay, not live host execution)
2026-10-05T12:27:13.1226114Z 
2026-10-05T12:27:13.1226698Z > create-agdf@0.14.5 test:proportionality
2026-10-05T12:27:13.1227412Z > node scripts/proportionality-benchmark-test.js
2026-10-05T12:27:13.1227807Z 
2026-10-05T12:27:15.2564483Z AGDF proportionality benchmark tests passed
2026-10-05T12:27:15.3910608Z 
2026-10-05T12:27:15.3911211Z > create-agdf@0.14.5 test:delivery-path-search
2026-10-05T12:27:15.3911852Z > node scripts/delivery-path-search-test.js
2026-10-05T12:27:15.3912172Z 
2026-10-05T12:27:15.9672471Z Delivery Path Search focused tests passed.
2026-10-05T12:27:16.0947768Z 
2026-10-05T12:27:16.0948859Z > create-agdf@0.14.5 test:delivery-path-search-unit
2026-10-05T12:27:16.0950068Z > node ../core/test/delivery-path-search-unit-test.js
2026-10-05T12:27:16.0950643Z 
2026-10-05T12:27:16.1377591Z Delivery Path Search unit tests passed.
2026-10-05T12:27:16.2638830Z 
2026-10-05T12:27:16.2639798Z > create-agdf@0.14.5 test:delivery-path-search-generator
2026-10-05T12:27:16.2640929Z > node scripts/delivery-path-search-generator-test.js
2026-10-05T12:27:16.2641505Z 
2026-10-05T12:27:16.4377298Z Delivery Path Search generator tests passed.
2026-10-05T12:27:16.5594014Z 
2026-10-05T12:27:16.5594791Z > create-agdf@0.14.5 test:opencode-hardening
2026-10-05T12:27:16.5595610Z > node scripts/opencode-hardening-test.js
2026-10-05T12:27:16.5595975Z 
2026-10-05T12:27:16.7808488Z OpenCode hardening tests passed.
2026-10-05T12:27:16.8489417Z [smoke 0.0s] CLI metadata and release guards
2026-10-05T12:27:17.0133125Z [smoke 0.2s] codex global
2026-10-05T12:27:18.4289389Z [smoke 1.6s] host installer scenarios
2026-10-05T12:27:18.8730781Z [smoke 2.0s] claude install
2026-10-05T12:27:20.3402802Z [smoke 3.5s] claude update
2026-10-05T12:27:21.8710615Z [smoke 5.0s] Claude installer scenarios
2026-10-05T12:27:23.6936378Z [smoke 6.8s] OpenCode global installation and validator
2026-10-05T12:27:25.9399698Z [smoke 9.1s] OpenCode installation and status scenarios
2026-10-05T12:27:27.3122008Z [smoke 10.5s] opencode global preservation
2026-10-05T12:27:29.8699629Z [smoke 13.0s] opencode global collision
2026-10-05T12:27:30.1490913Z [smoke 13.3s] opencode validator package collision
2026-10-05T12:27:33.7537139Z [smoke 16.9s] repository bootstrap scenarios
2026-10-05T12:27:34.1215086Z [smoke 17.3s] opencode agent migration
2026-10-05T12:27:34.2925552Z [smoke 17.4s] opencode existing config
2026-10-05T12:27:34.4781345Z [smoke 17.6s] configuration and locale scenarios
2026-10-05T12:27:34.6481945Z [smoke 17.8s] init
2026-10-05T12:27:35.2686383Z [smoke 18.4s] gate check status card
2026-10-05T12:27:35.9360274Z [smoke 19.1s] language explicit
2026-10-05T12:27:36.1416272Z [smoke 19.3s] language config update
2026-10-05T12:27:36.5136645Z [smoke 19.7s] language locale
2026-10-05T12:27:36.7181806Z [smoke 19.9s] localized status cards
2026-10-05T12:27:37.6703754Z [smoke 20.8s] status card tp transition
2026-10-05T12:27:38.6825664Z [smoke 21.8s] gate check implicit consent
2026-10-05T12:27:39.3267627Z [smoke 22.5s] late gate transition scenarios
2026-10-05T12:27:48.4416146Z [smoke 31.6s] QA and UAT gate scenarios
2026-10-05T12:27:49.1409147Z [smoke 32.3s] doctor qa status mismatch
2026-10-05T12:27:49.7229070Z [smoke 32.9s] doctor missing
2026-10-05T12:27:50.1373559Z [smoke 33.3s] gate check ur triage
2026-10-05T12:27:50.8047769Z [smoke 34.0s] gate-check presentation scenarios
2026-10-05T12:27:51.8037298Z [smoke 35.0s] Mode and slice decision scenarios
2026-10-05T12:27:52.8826938Z [smoke 36.0s] gate check or handoff
2026-10-05T12:27:53.8934491Z [smoke 37.0s] gate check mode slice incomplete
2026-10-05T12:27:54.6058854Z [smoke 37.8s] delivery map chain
2026-10-05T12:27:55.5584220Z [smoke 38.7s] delivery map and backlog scenarios
2026-10-05T12:27:56.1214966Z [smoke 39.3s] invalid compact backlog
2026-10-05T12:27:56.4956084Z [smoke 39.6s] completed only backlog
2026-10-05T12:27:56.8663464Z [smoke 40.0s] gate check missing ur artifact
2026-10-05T12:27:57.5120533Z [smoke 40.7s] missing artefact and package compatibility scenarios
2026-10-05T12:28:00.1013208Z [smoke 43.3s] generated host surface scenarios
2026-10-05T12:28:00.4305844Z create-agdf smoke test passed
2026-10-05T12:28:00.4676542Z AGDF routing render test passed for plugin-only Copilot skills
2026-10-05T12:28:00.4770804Z [verify-ci] wrapper-smoke
2026-10-05T12:28:00.5717010Z 
2026-10-05T12:28:00.5717560Z > @agdf/cli@0.14.5 smoke-test
2026-10-05T12:28:00.5718390Z > node ./scripts/smoke-test.js
2026-10-05T12:28:00.5718607Z 
2026-10-05T12:28:04.9096915Z agdf CLI smoke test passed
2026-10-05T12:28:04.9200874Z [verify-ci] pages-install
2026-10-05T12:28:07.1609288Z npm warn deprecated tsconfck@3.1.6: unmaintained
2026-10-05T12:28:13.2835189Z 
2026-10-05T12:28:13.2836096Z added 431 packages, and audited 432 packages in 8s
2026-10-05T12:28:13.2836591Z 
2026-10-05T12:28:13.2836877Z 179 packages are looking for funding
2026-10-05T12:28:13.2837382Z   run `npm fund` for details
2026-10-05T12:28:13.3466648Z 
2026-10-05T12:28:13.3467568Z 19 vulnerabilities (2 low, 1 moderate, 15 high, 1 critical)
2026-10-05T12:28:13.3468217Z 
2026-10-05T12:28:13.3468579Z To address issues that do not require attention, run:
2026-10-05T12:28:13.3469081Z   npm audit fix
2026-10-05T12:28:13.3469275Z 
2026-10-05T12:28:13.3469611Z To address all issues (including breaking changes), run:
2026-10-05T12:28:13.3470135Z   npm audit fix --force
2026-10-05T12:28:13.3470358Z 
2026-10-05T12:28:13.3470533Z Run `npm audit` for details.
2026-10-05T12:28:13.3750398Z [verify-ci] pages
2026-10-05T12:28:13.4704761Z 
2026-10-05T12:28:13.4705728Z > agdf-web@0.14.5 check
2026-10-05T12:28:13.4706139Z > astro check
2026-10-05T12:28:13.4706632Z 
2026-10-05T12:28:15.1754738Z [2m12:28:15[22m [34m[content][39m Syncing content
2026-10-05T12:28:15.1786560Z [2m12:28:15[22m [34m[content][39m Synced content
2026-10-05T12:28:15.1793702Z [2m12:28:15[22m [34m[types][39m Generated [2m125ms[22m
2026-10-05T12:28:15.1860773Z [2m12:28:15[22m [34m[check][39m Getting diagnostics for Astro files in /home/runner/work/ai-native-governance-delivery-framework/ai-native-governance-delivery-framework/pages...
2026-10-05T12:28:17.6437192Z Result (12 files): 
2026-10-05T12:28:17.6437774Z - 0 errors
2026-10-05T12:28:17.6438549Z - 0 warnings
2026-10-05T12:28:17.6439009Z - 0 hints
2026-10-05T12:28:17.6439288Z 
2026-10-05T12:28:17.7811308Z 
2026-10-05T12:28:17.7812027Z > agdf-web@0.14.5 test:landing
2026-10-05T12:28:17.7812942Z > npm run build && node ./scripts/landing-page-test.mjs
2026-10-05T12:28:17.7813444Z 
2026-10-05T12:28:17.9041863Z 
2026-10-05T12:28:17.9042503Z > agdf-web@0.14.5 build
2026-10-05T12:28:17.9043051Z > astro build
2026-10-05T12:28:17.9043329Z 
2026-10-05T12:28:19.1039151Z [2m12:28:19[22m [34m[content][39m Syncing content
2026-10-05T12:28:19.1077306Z [2m12:28:19[22m [34m[content][39m Synced content
2026-10-05T12:28:19.1085116Z [2m12:28:19[22m [34m[types][39m Generated [2m41ms[22m
2026-10-05T12:28:19.1088308Z [2m12:28:19[22m [34m[build][39m output: [34m"static"[39m
2026-10-05T12:28:19.1089440Z [2m12:28:19[22m [34m[build][39m mode: [34m"static"[39m
2026-10-05T12:28:19.1091680Z [2m12:28:19[22m [34m[build][39m directory: [34m/home/runner/work/ai-native-governance-delivery-framework/ai-native-governance-delivery-framework/pages/dist/[39m
2026-10-05T12:28:19.1093253Z [2m12:28:19[22m [34m[build][39m Collecting build info...
2026-10-05T12:28:19.1094646Z [2m12:28:19[22m [34m[build][39m [32m✓ Completed in 99ms.[39m
2026-10-05T12:28:19.1106830Z [2m12:28:19[22m [34m[build][39m Building static entrypoints...
2026-10-05T12:28:20.4379951Z [2m12:28:20[22m [34m[vite][39m [32m✓ built in 1.29s[39m
2026-10-05T12:28:20.4381188Z [2m12:28:20[22m [34m[build][39m [32m✓ Completed in 1.33s.[39m
2026-10-05T12:28:20.4424136Z 
2026-10-05T12:28:20.4424896Z [42m[30m generating static routes [39m[49m
2026-10-05T12:28:20.4499235Z [2m12:28:20[22m [32m▶[39m src/pages/[document].astro
2026-10-05T12:28:20.4561340Z [2m12:28:20[22m   [34m├─[39m [2m/privacy/index.html[22m [2m(+7ms)[22m 
2026-10-05T12:28:20.4576388Z [2m12:28:20[22m   [34m├─[39m [2m/terms/index.html[22m [2m(+2ms)[22m 
2026-10-05T12:28:20.4592444Z [2m12:28:20[22m   [34m└─[39m [2m/support/index.html[22m [2m(+2ms)[22m 
2026-10-05T12:28:20.4630795Z [2m12:28:20[22m [32m▶[39m src/pages/index.astro
2026-10-05T12:28:20.4674015Z [2m12:28:20[22m   [34m└─[39m [2m/index.html[22m [2m(+4ms)[22m 
2026-10-05T12:28:20.4674817Z [2m12:28:20[22m [32m✓ Completed in 26ms.
2026-10-05T12:28:20.4675154Z [39m
2026-10-05T12:28:20.4699873Z [2m12:28:20[22m [34m[build][39m 4 page(s) built in [1m1.46s[22m
2026-10-05T12:28:20.4700770Z [2m12:28:20[22m [34m[build][39m [1mComplete![22m
2026-10-05T12:28:20.5423128Z Landing-page visible word count: 1711 (editorial target 1500–1800; hard maximum 2200)
2026-10-05T12:28:20.5448710Z Landing-page local image payload: 1210792 bytes across 2 unique assets
2026-10-05T12:28:20.5538993Z Landing-page structure, copy, boundary, metadata, No-JS and payload tests passed
2026-10-05T12:28:20.6660551Z 
2026-10-05T12:28:20.6661245Z > agdf-web@0.14.5 test:public-documents
2026-10-05T12:28:20.6661918Z > npm run build && node ./scripts/public-documents-test.mjs
2026-10-05T12:28:20.6662267Z 
2026-10-05T12:28:20.7878977Z 
2026-10-05T12:28:20.7879610Z > agdf-web@0.14.5 build
2026-10-05T12:28:20.7880146Z > astro build
2026-10-05T12:28:20.7880378Z 
2026-10-05T12:28:21.9504353Z [2m12:28:21[22m [34m[content][39m Syncing content
2026-10-05T12:28:21.9532597Z [2m12:28:21[22m [34m[content][39m Synced content
2026-10-05T12:28:21.9540650Z [2m12:28:21[22m [34m[types][39m Generated [2m49ms[22m
2026-10-05T12:28:21.9544676Z [2m12:28:21[22m [34m[build][39m output: [34m"static"[39m
2026-10-05T12:28:21.9545850Z [2m12:28:21[22m [34m[build][39m mode: [34m"static"[39m
2026-10-05T12:28:21.9548461Z [2m12:28:21[22m [34m[build][39m directory: [34m/home/runner/work/ai-native-governance-delivery-framework/ai-native-governance-delivery-framework/pages/dist/[39m
2026-10-05T12:28:21.9550309Z [2m12:28:21[22m [34m[build][39m Collecting build info...
2026-10-05T12:28:21.9551387Z [2m12:28:21[22m [34m[build][39m [32m✓ Completed in 107ms.[39m
2026-10-05T12:28:21.9596842Z [2m12:28:21[22m [34m[build][39m Building static entrypoints...
2026-10-05T12:28:23.2596591Z [2m12:28:23[22m [34m[vite][39m [32m✓ built in 1.27s[39m
2026-10-05T12:28:23.2597763Z [2m12:28:23[22m [34m[build][39m [32m✓ Completed in 1.30s.[39m
2026-10-05T12:28:23.2639045Z 
2026-10-05T12:28:23.2639952Z [42m[30m generating static routes [39m[49m
2026-10-05T12:28:23.2687244Z [2m12:28:23[22m [32m▶[39m src/pages/[document].astro
2026-10-05T12:28:23.2766316Z [2m12:28:23[22m   [34m├─[39m [2m/privacy/index.html[22m [2m(+6ms)[22m 
2026-10-05T12:28:23.2782384Z [2m12:28:23[22m   [34m├─[39m [2m/terms/index.html[22m [2m(+2ms)[22m 
2026-10-05T12:28:23.2800222Z [2m12:28:23[22m   [34m└─[39m [2m/support/index.html[22m [2m(+2ms)[22m 
2026-10-05T12:28:23.2836329Z [2m12:28:23[22m [32m▶[39m src/pages/index.astro
2026-10-05T12:28:23.2875375Z [2m12:28:23[22m   [34m└─[39m [2m/index.html[22m [2m(+4ms)[22m 
2026-10-05T12:28:23.2876746Z [2m12:28:23[22m [32m✓ Completed in 25ms.
2026-10-05T12:28:23.2877218Z [39m
2026-10-05T12:28:23.2900054Z [2m12:28:23[22m [34m[build][39m 4 page(s) built in [1m1.44s[22m
2026-10-05T12:28:23.2901072Z [2m12:28:23[22m [34m[build][39m [1mComplete![22m
2026-10-05T12:28:23.3490023Z Public document and route tests passed
2026-10-05T12:28:23.3759457Z Post job cleanup.
2026-10-05T12:28:23.4978349Z Cache hit occurred on the primary key node-cache-Linux-x64-npm-4a8c1dfe21846cde5c46d2e00bf82bda80106e5dab88c6ef4b098e180c48c961, not saving cache.
2026-10-05T12:28:23.5158618Z Post job cleanup.
2026-10-05T12:28:23.6054236Z [command]/usr/bin/git version
2026-10-05T12:28:23.6106162Z git version 2.55.0
2026-10-05T12:28:23.6156556Z Temporarily overriding HOME='/home/runner/work/_temp/c4838b00-b987-4914-9591-f10fe50702f5' before making global git config changes
2026-10-05T12:28:23.6158377Z Adding repository directory to the temporary git global config as a safe directory
2026-10-05T12:28:23.6164654Z [command]/usr/bin/git config --global --add safe.directory /home/runner/work/ai-native-governance-delivery-framework/ai-native-governance-delivery-framework
2026-10-05T12:28:23.6200587Z Removing SSH command configuration
2026-10-05T12:28:23.6207764Z [command]/usr/bin/git config --local --name-only --get-regexp core\.sshCommand
2026-10-05T12:28:23.6255919Z [command]/usr/bin/git submodule foreach --recursive sh -c "git config --local --name-only --get-regexp 'core\.sshCommand' && git config --local --unset-all 'core.sshCommand' || :"
2026-10-05T12:28:23.6539115Z Removing HTTP extra header
2026-10-05T12:28:23.6540565Z [command]/usr/bin/git config --local --name-only --get-regexp http\.https\:\/\/github\.com\/\.extraheader
2026-10-05T12:28:23.6585031Z [command]/usr/bin/git submodule foreach --recursive sh -c "git config --local --name-only --get-regexp 'http\.https\:\/\/github\.com\/\.extraheader' && git config --local --unset-all 'http.https://github.com/.extraheader' || :"
2026-10-05T12:28:23.6855428Z Removing includeIf entries pointing to credentials config files
2026-10-05T12:28:23.6865439Z [command]/usr/bin/git config --local --name-only --get-regexp ^includeIf\.gitdir:
2026-10-05T12:28:23.6903424Z includeif.gitdir:/home/runner/work/ai-native-governance-delivery-framework/ai-native-governance-delivery-framework/.git.path
2026-10-05T12:28:23.6905792Z includeif.gitdir:/home/runner/work/ai-native-governance-delivery-framework/ai-native-governance-delivery-framework/.git/worktrees/*.path
2026-10-05T12:28:23.6907789Z includeif.gitdir:/github/workspace/.git.path
2026-10-05T12:28:23.6908976Z includeif.gitdir:/github/workspace/.git/worktrees/*.path
2026-10-05T12:28:23.6917720Z [command]/usr/bin/git config --local --get-all includeif.gitdir:/home/runner/work/ai-native-governance-delivery-framework/ai-native-governance-delivery-framework/.git.path
2026-10-05T12:28:23.6947074Z /home/runner/work/_temp/git-credentials-4c3683a2-fa0a-4b86-878b-4f9426b6dc31.config
2026-10-05T12:28:23.6962939Z [command]/usr/bin/git config --local --unset includeif.gitdir:/home/runner/work/ai-native-governance-delivery-framework/ai-native-governance-delivery-framework/.git.path \/home\/runner\/work\/_temp\/git\-credentials\-4c3683a2\-fa0a\-4b86\-878b\-4f9426b6dc31\.config
2026-10-05T12:28:23.7012288Z [command]/usr/bin/git config --local --get-all includeif.gitdir:/home/runner/work/ai-native-governance-delivery-framework/ai-native-governance-delivery-framework/.git/worktrees/*.path
2026-10-05T12:28:23.7043926Z /home/runner/work/_temp/git-credentials-4c3683a2-fa0a-4b86-878b-4f9426b6dc31.config
2026-10-05T12:28:23.7056138Z [command]/usr/bin/git config --local --unset includeif.gitdir:/home/runner/work/ai-native-governance-delivery-framework/ai-native-governance-delivery-framework/.git/worktrees/*.path \/home\/runner\/work\/_temp\/git\-credentials\-4c3683a2\-fa0a\-4b86\-878b\-4f9426b6dc31\.config
2026-10-05T12:28:23.7101145Z [command]/usr/bin/git config --local --get-all includeif.gitdir:/github/workspace/.git.path
2026-10-05T12:28:23.7129049Z /github/runner_temp/git-credentials-4c3683a2-fa0a-4b86-878b-4f9426b6dc31.config
2026-10-05T12:28:23.7136750Z [command]/usr/bin/git config --local --unset includeif.gitdir:/github/workspace/.git.path \/github\/runner_temp\/git\-credentials\-4c3683a2\-fa0a\-4b86\-878b\-4f9426b6dc31\.config
2026-10-05T12:28:23.7174604Z [command]/usr/bin/git config --local --get-all includeif.gitdir:/github/workspace/.git/worktrees/*.path
2026-10-05T12:28:23.7201706Z /github/runner_temp/git-credentials-4c3683a2-fa0a-4b86-878b-4f9426b6dc31.config
2026-10-05T12:28:23.7211031Z [command]/usr/bin/git config --local --unset includeif.gitdir:/github/workspace/.git/worktrees/*.path \/github\/runner_temp\/git\-credentials\-4c3683a2\-fa0a\-4b86\-878b\-4f9426b6dc31\.config
2026-10-05T12:28:23.7249031Z [command]/usr/bin/git submodule foreach --recursive git config --local --show-origin --name-only --get-regexp remote.origin.url
2026-10-05T12:28:23.7485307Z Removing credentials config '/home/runner/work/_temp/git-credentials-4c3683a2-fa0a-4b86-878b-4f9426b6dc31.config'
2026-10-05T12:28:23.7643016Z Cleaning up orphan processes
