2026-10-05T12:04:19.7087243Z Current runner version: '2.337.0'
2026-10-05T12:04:19.7114789Z ##[group]Runner Image Provisioner
2026-10-05T12:04:19.7117234Z Hosted Compute Agent
2026-10-05T12:04:19.7118079Z Version: 20260901.588
2026-10-05T12:04:19.7118948Z Commit: f88ec8081b781fac6c440065ac7ff9e710ce3d0b
2026-10-05T12:04:19.7120059Z Build Date: 2026-09-01T19:56:44Z
2026-10-05T12:04:19.7121040Z Worker ID: {568aba59-9fe3-481e-b473-96f71c414cd4}
2026-10-05T12:04:19.7122164Z Azure Region: centralus
2026-10-05T12:04:19.7122984Z ##[endgroup]
2026-10-05T12:04:19.7125186Z ##[group]Operating System
2026-10-05T12:04:19.7126200Z Microsoft Windows Server 2025
2026-10-05T12:04:19.7127076Z 10.0.26100
2026-10-05T12:04:19.7127816Z Datacenter
2026-10-05T12:04:19.7128746Z ##[endgroup]
2026-10-05T12:04:19.7129481Z ##[group]Runner Image
2026-10-05T12:04:19.7130347Z Image: windows-2025-vs2026
2026-10-05T12:04:19.7131225Z Version: 20260925.250.1
2026-10-05T12:04:19.7133545Z Included Software: https://github.com/actions/runner-images/blob/win25-vs2026/20260925.250/images/windows/Windows2025-VS2026-Readme.md
2026-10-05T12:04:19.7136595Z Image Release: https://github.com/actions/runner-images/releases/tag/win25-vs2026%2F20260925.250
2026-10-05T12:04:19.7138198Z ##[endgroup]
2026-10-05T12:04:19.7139798Z ##[group]GITHUB_TOKEN Permissions
2026-10-05T12:04:19.7143197Z Contents: read
2026-10-05T12:04:19.7144084Z Metadata: read
2026-10-05T12:04:19.7144958Z ##[endgroup]
2026-10-05T12:04:19.7147783Z Secret source: Actions
2026-10-05T12:04:19.7149122Z Cache mode: write
2026-10-05T12:04:19.7150115Z Prepare workflow directory
2026-10-05T12:04:19.7597449Z Prepare all required actions
2026-10-05T12:04:19.7661548Z Getting action download info
2026-10-05T12:04:20.0154987Z Download action repository 'actions/checkout@3d3c42e5aac5ba805825da76410c181273ba90b1' (SHA:3d3c42e5aac5ba805825da76410c181273ba90b1)
2026-10-05T12:04:20.1339079Z Download action repository 'actions/setup-node@820762786026740c76f36085b0efc47a31fe5020' (SHA:820762786026740c76f36085b0efc47a31fe5020)
2026-10-05T12:04:20.3999035Z Complete job name: verify (windows-latest)
2026-10-05T12:04:20.5242044Z ##[group]Run git config --global core.longpaths true
2026-10-05T12:04:20.5242951Z [36;1mgit config --global core.longpaths true[0m
2026-10-05T12:04:20.5264995Z shell: C:\Program Files\Git\bin\bash.EXE --noprofile --norc -e -o pipefail {0}
2026-10-05T12:04:20.5265978Z ##[endgroup]
2026-10-05T12:04:21.2862885Z ##[group]Run actions/checkout@3d3c42e5aac5ba805825da76410c181273ba90b1
2026-10-05T12:04:21.2863824Z with:
2026-10-05T12:04:21.2864237Z   fetch-depth: 0
2026-10-05T12:04:21.2864854Z   repository: ArndtGold/ai-native-governance-delivery-framework
2026-10-05T12:04:21.2870014Z   token: ***
2026-10-05T12:04:21.2870462Z   ssh-strict: true
2026-10-05T12:04:21.2870906Z   ssh-user: git
2026-10-05T12:04:21.2871353Z   persist-credentials: true
2026-10-05T12:04:21.2871841Z   clean: true
2026-10-05T12:04:21.2872278Z   sparse-checkout-cone-mode: true
2026-10-05T12:04:21.2872800Z   fetch-tags: false
2026-10-05T12:04:21.2873272Z   show-progress: true
2026-10-05T12:04:21.2873706Z   lfs: false
2026-10-05T12:04:21.2874105Z   submodules: false
2026-10-05T12:04:21.2874552Z   set-safe-directory: true
2026-10-05T12:04:21.2875074Z   allow-unsafe-pr-checkout: false
2026-10-05T12:04:21.2875592Z ##[endgroup]
2026-10-05T12:04:21.4322245Z Syncing repository: ArndtGold/ai-native-governance-delivery-framework
2026-10-05T12:04:21.4324339Z ##[group]Getting Git version info
2026-10-05T12:04:21.4325429Z Working directory is 'D:\a\ai-native-governance-delivery-framework\ai-native-governance-delivery-framework'
2026-10-05T12:04:21.5087335Z [command]"C:\Program Files\Git\bin\git.exe" version
2026-10-05T12:04:21.5420354Z git version 2.55.0.windows.5
2026-10-05T12:04:21.5461375Z ##[endgroup]
2026-10-05T12:04:21.5471557Z Copying 'C:\Users\runneradmin\.gitconfig' to 'D:\a\_temp\e115b849-be2f-41ba-987c-4e201f635d55\.gitconfig'
2026-10-05T12:04:21.5490109Z Temporarily overriding HOME='D:\a\_temp\e115b849-be2f-41ba-987c-4e201f635d55' before making global git config changes
2026-10-05T12:04:21.5494029Z Adding repository directory to the temporary git global config as a safe directory
2026-10-05T12:04:21.5500290Z [command]"C:\Program Files\Git\bin\git.exe" config --global --add safe.directory D:\a\ai-native-governance-delivery-framework\ai-native-governance-delivery-framework
2026-10-05T12:04:21.5784372Z Deleting the contents of 'D:\a\ai-native-governance-delivery-framework\ai-native-governance-delivery-framework'
2026-10-05T12:04:21.5790903Z ##[group]Determining repository object format
2026-10-05T12:04:21.5793364Z ##[endgroup]
2026-10-05T12:04:21.5794673Z ##[group]Initializing the repository
2026-10-05T12:04:21.5802668Z [command]"C:\Program Files\Git\bin\git.exe" init D:\a\ai-native-governance-delivery-framework\ai-native-governance-delivery-framework
2026-10-05T12:04:21.6530860Z Initialized empty Git repository in D:/a/ai-native-governance-delivery-framework/ai-native-governance-delivery-framework/.git/
2026-10-05T12:04:21.6576152Z [command]"C:\Program Files\Git\bin\git.exe" remote add origin https://github.com/ArndtGold/ai-native-governance-delivery-framework
2026-10-05T12:04:21.7174374Z ##[endgroup]
2026-10-05T12:04:21.7175584Z ##[group]Disabling automatic garbage collection
2026-10-05T12:04:21.7183393Z [command]"C:\Program Files\Git\bin\git.exe" config --local gc.auto 0
2026-10-05T12:04:21.7473796Z ##[endgroup]
2026-10-05T12:04:21.7475538Z ##[group]Setting up auth
2026-10-05T12:04:21.7476753Z Removing SSH command configuration
2026-10-05T12:04:21.7484901Z [command]"C:\Program Files\Git\bin\git.exe" config --local --name-only --get-regexp core\.sshCommand
2026-10-05T12:04:21.7771913Z [command]"C:\Program Files\Git\bin\git.exe" submodule foreach --recursive "sh -c \"git config --local --name-only --get-regexp 'core\.sshCommand' && git config --local --unset-all 'core.sshCommand' || :\""
2026-10-05T12:04:22.8128116Z Removing HTTP extra header
2026-10-05T12:04:22.8144232Z [command]"C:\Program Files\Git\bin\git.exe" config --local --name-only --get-regexp http\.https\:\/\/github\.com\/\.extraheader
2026-10-05T12:04:22.8435509Z [command]"C:\Program Files\Git\bin\git.exe" submodule foreach --recursive "sh -c \"git config --local --name-only --get-regexp 'http\.https\:\/\/github\.com\/\.extraheader' && git config --local --unset-all 'http.https://github.com/.extraheader' || :\""
2026-10-05T12:04:23.3604473Z Removing includeIf entries pointing to credentials config files
2026-10-05T12:04:23.3611966Z [command]"C:\Program Files\Git\bin\git.exe" config --local --name-only --get-regexp ^includeIf\.gitdir:
2026-10-05T12:04:23.3906669Z [command]"C:\Program Files\Git\bin\git.exe" submodule foreach --recursive "git config --local --show-origin --name-only --get-regexp remote.origin.url"
2026-10-05T12:04:23.9095590Z [command]"C:\Program Files\Git\bin\git.exe" config --file D:\a\_temp\git-credentials-8b03f76e-fab8-4764-8560-4b09a3d2bc2c.config http.https://github.com/.extraheader "AUTHORIZATION: basic ***"
2026-10-05T12:04:23.9402500Z [command]"C:\Program Files\Git\bin\git.exe" config --local includeIf.gitdir:D:/a/ai-native-governance-delivery-framework/ai-native-governance-delivery-framework/.git.path D:\a\_temp\git-credentials-8b03f76e-fab8-4764-8560-4b09a3d2bc2c.config
2026-10-05T12:04:23.9694588Z [command]"C:\Program Files\Git\bin\git.exe" config --local includeIf.gitdir:D:/a/ai-native-governance-delivery-framework/ai-native-governance-delivery-framework/.git/worktrees/*.path D:\a\_temp\git-credentials-8b03f76e-fab8-4764-8560-4b09a3d2bc2c.config
2026-10-05T12:04:24.0033866Z [command]"C:\Program Files\Git\bin\git.exe" config --local includeIf.gitdir:/github/workspace/.git.path /github/runner_temp/git-credentials-8b03f76e-fab8-4764-8560-4b09a3d2bc2c.config
2026-10-05T12:04:24.0330745Z [command]"C:\Program Files\Git\bin\git.exe" config --local includeIf.gitdir:/github/workspace/.git/worktrees/*.path /github/runner_temp/git-credentials-8b03f76e-fab8-4764-8560-4b09a3d2bc2c.config
2026-10-05T12:04:24.0636203Z ##[endgroup]
2026-10-05T12:04:24.0638115Z ##[group]Fetching the repository
2026-10-05T12:04:24.0651412Z [command]"C:\Program Files\Git\bin\git.exe" -c protocol.version=2 fetch --no-tags --prune --no-recurse-submodules origin +refs/heads/*:refs/remotes/origin/* +refs/tags/*:refs/tags/*
2026-10-05T12:04:26.6087893Z From https://github.com/ArndtGold/ai-native-governance-delivery-framework
2026-10-05T12:04:26.6089802Z  * [new branch]      codex/host-compatibility-evidence -> origin/codex/host-compatibility-evidence
2026-10-05T12:04:26.6091863Z  * [new branch]      codex/qualify-late-source-revision-20261005 -> origin/codex/qualify-late-source-revision-20261005
2026-10-05T12:04:26.6092994Z  * [new branch]      feat/add-local-approval-command-with-atomic-replay-receipts -> origin/feat/add-local-approval-command-with-atomic-replay-receipts
2026-10-05T12:04:26.6094050Z  * [new branch]      feat/mcp-inspect-slice-1 -> origin/feat/mcp-inspect-slice-1
2026-10-05T12:04:26.6094887Z  * [new branch]      fix/windows-line-endings-and-npm -> origin/fix/windows-line-endings-and-npm
2026-10-05T12:04:26.6095415Z  * [new branch]      main                    -> origin/main
2026-10-05T12:04:26.6095958Z  * [new branch]      refactor/delivery-continuation-ownership -> origin/refactor/delivery-continuation-ownership
2026-10-05T12:04:26.6096738Z  * [new branch]      refactor/prd-definition-separation -> origin/refactor/prd-definition-separation
2026-10-05T12:04:26.6097367Z  * [new branch]      refactor/ur-definition-separation -> origin/refactor/ur-definition-separation
2026-10-05T12:04:26.6098227Z  * [new branch]      task-target-auto-recovery -> origin/task-target-auto-recovery
2026-10-05T12:04:26.6098763Z  * [new tag]         agdf-cli-v0.3.2         -> agdf-cli-v0.3.2
2026-10-05T12:04:26.6100453Z  * [new tag]         agdf-runtime-cli-v0.3.1 -> agdf-runtime-cli-v0.3.1
2026-10-05T12:04:26.6101024Z  * [new tag]         agdf-v0.10.0            -> agdf-v0.10.0
2026-10-05T12:04:26.6101383Z  * [new tag]         agdf-v0.10.1            -> agdf-v0.10.1
2026-10-05T12:04:26.6101760Z  * [new tag]         agdf-v0.10.2            -> agdf-v0.10.2
2026-10-05T12:04:26.6102161Z  * [new tag]         agdf-v0.10.3            -> agdf-v0.10.3
2026-10-05T12:04:26.6102482Z  * [new tag]         agdf-v0.11.0            -> agdf-v0.11.0
2026-10-05T12:04:26.6102793Z  * [new tag]         agdf-v0.11.1            -> agdf-v0.11.1
2026-10-05T12:04:26.6103999Z  * [new tag]         agdf-v0.11.2            -> agdf-v0.11.2
2026-10-05T12:04:26.6104336Z  * [new tag]         agdf-v0.11.3            -> agdf-v0.11.3
2026-10-05T12:04:26.6104641Z  * [new tag]         agdf-v0.11.4            -> agdf-v0.11.4
2026-10-05T12:04:26.6104943Z  * [new tag]         agdf-v0.12.0            -> agdf-v0.12.0
2026-10-05T12:04:26.6105242Z  * [new tag]         agdf-v0.13.0            -> agdf-v0.13.0
2026-10-05T12:04:26.6105700Z  * [new tag]         agdf-v0.13.1            -> agdf-v0.13.1
2026-10-05T12:04:26.6106001Z  * [new tag]         agdf-v0.13.2            -> agdf-v0.13.2
2026-10-05T12:04:26.6106322Z  * [new tag]         agdf-v0.13.3            -> agdf-v0.13.3
2026-10-05T12:04:26.6106639Z  * [new tag]         agdf-v0.13.4            -> agdf-v0.13.4
2026-10-05T12:04:26.6106967Z  * [new tag]         agdf-v0.13.5            -> agdf-v0.13.5
2026-10-05T12:04:26.6107291Z  * [new tag]         agdf-v0.13.6            -> agdf-v0.13.6
2026-10-05T12:04:26.6107617Z  * [new tag]         agdf-v0.13.7            -> agdf-v0.13.7
2026-10-05T12:04:26.6107920Z  * [new tag]         agdf-v0.13.8            -> agdf-v0.13.8
2026-10-05T12:04:26.6108223Z  * [new tag]         agdf-v0.14.0            -> agdf-v0.14.0
2026-10-05T12:04:26.6108541Z  * [new tag]         agdf-v0.14.1            -> agdf-v0.14.1
2026-10-05T12:04:26.6108886Z  * [new tag]         agdf-v0.14.2            -> agdf-v0.14.2
2026-10-05T12:04:26.6109187Z  * [new tag]         agdf-v0.14.3            -> agdf-v0.14.3
2026-10-05T12:04:26.6109485Z  * [new tag]         agdf-v0.14.4            -> agdf-v0.14.4
2026-10-05T12:04:26.6109956Z  * [new tag]         agdf-v0.14.5            -> agdf-v0.14.5
2026-10-05T12:04:26.6110270Z  * [new tag]         agdf-v0.3.0             -> agdf-v0.3.0
2026-10-05T12:04:26.6110582Z  * [new tag]         agdf-v0.3.3             -> agdf-v0.3.3
2026-10-05T12:04:26.6110883Z  * [new tag]         agdf-v0.3.4             -> agdf-v0.3.4
2026-10-05T12:04:26.6111179Z  * [new tag]         agdf-v0.3.5             -> agdf-v0.3.5
2026-10-05T12:04:26.6111470Z  * [new tag]         agdf-v0.4.0             -> agdf-v0.4.0
2026-10-05T12:04:26.6111764Z  * [new tag]         agdf-v0.4.1             -> agdf-v0.4.1
2026-10-05T12:04:26.6112052Z  * [new tag]         agdf-v0.4.2             -> agdf-v0.4.2
2026-10-05T12:04:26.6112343Z  * [new tag]         agdf-v0.4.3             -> agdf-v0.4.3
2026-10-05T12:04:26.6112633Z  * [new tag]         agdf-v0.4.4             -> agdf-v0.4.4
2026-10-05T12:04:26.6112929Z  * [new tag]         agdf-v0.4.5             -> agdf-v0.4.5
2026-10-05T12:04:26.6113241Z  * [new tag]         agdf-v0.4.6             -> agdf-v0.4.6
2026-10-05T12:04:26.6113539Z  * [new tag]         agdf-v0.4.7             -> agdf-v0.4.7
2026-10-05T12:04:26.6113845Z  * [new tag]         agdf-v0.4.8             -> agdf-v0.4.8
2026-10-05T12:04:26.6114152Z  * [new tag]         agdf-v0.4.9             -> agdf-v0.4.9
2026-10-05T12:04:26.6114534Z  * [new tag]         agdf-v0.5.0             -> agdf-v0.5.0
2026-10-05T12:04:26.6114900Z  * [new tag]         agdf-v0.6.0             -> agdf-v0.6.0
2026-10-05T12:04:26.6115613Z  * [new tag]         agdf-v0.6.1             -> agdf-v0.6.1
2026-10-05T12:04:26.6115916Z  * [new tag]         agdf-v0.6.2             -> agdf-v0.6.2
2026-10-05T12:04:26.6116215Z  * [new tag]         agdf-v0.6.4             -> agdf-v0.6.4
2026-10-05T12:04:26.6116525Z  * [new tag]         agdf-v0.6.5             -> agdf-v0.6.5
2026-10-05T12:04:26.6116825Z  * [new tag]         agdf-v0.6.6             -> agdf-v0.6.6
2026-10-05T12:04:26.6117122Z  * [new tag]         agdf-v0.6.7             -> agdf-v0.6.7
2026-10-05T12:04:26.6117428Z  * [new tag]         agdf-v0.6.8             -> agdf-v0.6.8
2026-10-05T12:04:26.6117795Z  * [new tag]         agdf-v0.6.9             -> agdf-v0.6.9
2026-10-05T12:04:26.6118223Z  * [new tag]         agdf-v0.7.0             -> agdf-v0.7.0
2026-10-05T12:04:26.6119057Z  * [new tag]         agdf-v0.7.1             -> agdf-v0.7.1
2026-10-05T12:04:26.6119675Z  * [new tag]         agdf-v0.7.2             -> agdf-v0.7.2
2026-10-05T12:04:26.6120003Z  * [new tag]         agdf-v0.7.3             -> agdf-v0.7.3
2026-10-05T12:04:26.6120301Z  * [new tag]         agdf-v0.8.0             -> agdf-v0.8.0
2026-10-05T12:04:26.6120592Z  * [new tag]         agdf-v0.8.1             -> agdf-v0.8.1
2026-10-05T12:04:26.6120881Z  * [new tag]         agdf-v0.8.2             -> agdf-v0.8.2
2026-10-05T12:04:26.6121172Z  * [new tag]         agdf-v0.8.3             -> agdf-v0.8.3
2026-10-05T12:04:26.6121460Z  * [new tag]         agdf-v0.8.4             -> agdf-v0.8.4
2026-10-05T12:04:26.6121748Z  * [new tag]         agdf-v0.8.5             -> agdf-v0.8.5
2026-10-05T12:04:26.6122045Z  * [new tag]         agdf-v0.8.6             -> agdf-v0.8.6
2026-10-05T12:04:26.6122341Z  * [new tag]         agdf-v0.8.7             -> agdf-v0.8.7
2026-10-05T12:04:26.6122645Z  * [new tag]         agdf-v0.8.8             -> agdf-v0.8.8
2026-10-05T12:04:26.6122939Z  * [new tag]         agdf-v0.8.9             -> agdf-v0.8.9
2026-10-05T12:04:26.6123227Z  * [new tag]         agdf-v0.9.0             -> agdf-v0.9.0
2026-10-05T12:04:26.6123521Z  * [new tag]         agdf-v0.9.1             -> agdf-v0.9.1
2026-10-05T12:04:26.6123810Z  * [new tag]         agdf-v0.9.2             -> agdf-v0.9.2
2026-10-05T12:04:26.6124103Z  * [new tag]         agdf-v0.9.3             -> agdf-v0.9.3
2026-10-05T12:04:26.6124392Z  * [new tag]         agdf-v0.9.4             -> agdf-v0.9.4
2026-10-05T12:04:26.6124730Z  * [new tag]         agdf-v0.9.5             -> agdf-v0.9.5
2026-10-05T12:04:26.6125139Z  * [new tag]         agdf-v0.9.6             -> agdf-v0.9.6
2026-10-05T12:04:26.6125542Z  * [new tag]         agdf-v0.9.7             -> agdf-v0.9.7
2026-10-05T12:04:26.6125839Z  * [new tag]         agdf-v0.9.8             -> agdf-v0.9.8
2026-10-05T12:04:26.6126128Z  * [new tag]         agdf-v0.9.9             -> agdf-v0.9.9
2026-10-05T12:04:26.6126500Z  * [new tag]         create-agdf-v0.1.0      -> create-agdf-v0.1.0
2026-10-05T12:04:26.6126870Z  * [new tag]         create-agdf-v0.1.1      -> create-agdf-v0.1.1
2026-10-05T12:04:26.6127216Z  * [new tag]         create-agdf-v0.1.2      -> create-agdf-v0.1.2
2026-10-05T12:04:26.6127560Z  * [new tag]         create-agdf-v0.1.3      -> create-agdf-v0.1.3
2026-10-05T12:04:26.6128134Z  * [new tag]         create-agdf-v0.1.4      -> create-agdf-v0.1.4
2026-10-05T12:04:26.6128525Z  * [new tag]         create-agdf-v0.1.5      -> create-agdf-v0.1.5
2026-10-05T12:04:26.6128867Z  * [new tag]         create-agdf-v0.1.6      -> create-agdf-v0.1.6
2026-10-05T12:04:26.6129207Z  * [new tag]         create-agdf-v0.1.7      -> create-agdf-v0.1.7
2026-10-05T12:04:26.6129558Z  * [new tag]         create-agdf-v0.1.8      -> create-agdf-v0.1.8
2026-10-05T12:04:26.6129894Z  * [new tag]         create-agdf-v0.1.9      -> create-agdf-v0.1.9
2026-10-05T12:04:26.6130265Z  * [new tag]         create-agdf-v0.2.0      -> create-agdf-v0.2.0
2026-10-05T12:04:26.6130911Z  * [new tag]         create-agdf-v0.2.1      -> create-agdf-v0.2.1
2026-10-05T12:04:26.6131508Z  * [new tag]         create-agdf-v0.2.2      -> create-agdf-v0.2.2
2026-10-05T12:04:26.6131957Z  * [new tag]         create-agdf-v0.2.3      -> create-agdf-v0.2.3
2026-10-05T12:04:26.6132306Z  * [new tag]         create-agdf-v0.2.4      -> create-agdf-v0.2.4
2026-10-05T12:04:26.6132648Z  * [new tag]         create-agdf-v0.2.5      -> create-agdf-v0.2.5
2026-10-05T12:04:26.6132986Z  * [new tag]         create-agdf-v0.2.6      -> create-agdf-v0.2.6
2026-10-05T12:04:26.6133328Z  * [new tag]         create-agdf-v0.2.7      -> create-agdf-v0.2.7
2026-10-05T12:04:26.6133680Z  * [new tag]         create-agdf-v0.2.8      -> create-agdf-v0.2.8
2026-10-05T12:04:26.6134033Z  * [new tag]         create-agdf-v0.2.9      -> create-agdf-v0.2.9
2026-10-05T12:04:26.6134374Z  * [new tag]         create-agdf-v0.3.0      -> create-agdf-v0.3.0
2026-10-05T12:04:26.6134719Z  * [new tag]         create-agdf-v0.3.1      -> create-agdf-v0.3.1
2026-10-05T12:04:26.6135255Z  * [new tag]         create-agdf-v0.3.2      -> create-agdf-v0.3.2
2026-10-05T12:04:26.6149783Z [command]"C:\Program Files\Git\bin\git.exe" branch --list --remote origin/codex/qualify-late-source-revision-20261005
2026-10-05T12:04:26.6464721Z   origin/codex/qualify-late-source-revision-20261005
2026-10-05T12:04:26.6550864Z [command]"C:\Program Files\Git\bin\git.exe" rev-parse refs/remotes/origin/codex/qualify-late-source-revision-20261005
2026-10-05T12:04:26.6814891Z e785c5ecb9c57fcab5f5a78ec8600c0734395e11
2026-10-05T12:04:26.6845036Z ##[endgroup]
2026-10-05T12:04:26.6845445Z ##[group]Determining the checkout info
2026-10-05T12:04:26.6846190Z ##[endgroup]
2026-10-05T12:04:26.6855047Z [command]"C:\Program Files\Git\bin\git.exe" sparse-checkout disable
2026-10-05T12:04:26.7267964Z [command]"C:\Program Files\Git\bin\git.exe" config --local --unset-all extensions.worktreeConfig
2026-10-05T12:04:26.7553911Z ##[group]Checking out the ref
2026-10-05T12:04:26.7562322Z [command]"C:\Program Files\Git\bin\git.exe" checkout --progress --force -B codex/qualify-late-source-revision-20261005 refs/remotes/origin/codex/qualify-late-source-revision-20261005
2026-10-05T12:04:27.8111670Z Updating files:  80% (3135/3911)
2026-10-05T12:04:27.8201015Z Updating files:  81% (3168/3911)
2026-10-05T12:04:27.8294022Z Updating files:  82% (3208/3911)
2026-10-05T12:04:27.8384455Z Updating files:  83% (3247/3911)
2026-10-05T12:04:27.8474600Z Updating files:  84% (3286/3911)
2026-10-05T12:04:27.8574648Z Updating files:  85% (3325/3911)
2026-10-05T12:04:27.8681754Z Updating files:  86% (3364/3911)
2026-10-05T12:04:27.8784384Z Updating files:  87% (3403/3911)
2026-10-05T12:04:27.8944844Z Updating files:  88% (3442/3911)
2026-10-05T12:04:27.8991874Z Updating files:  89% (3481/3911)
2026-10-05T12:04:27.9105289Z Updating files:  90% (3520/3911)
2026-10-05T12:04:27.9218946Z Updating files:  91% (3560/3911)
2026-10-05T12:04:27.9318997Z Updating files:  92% (3599/3911)
2026-10-05T12:04:27.9428720Z Updating files:  93% (3638/3911)
2026-10-05T12:04:27.9528443Z Updating files:  94% (3677/3911)
2026-10-05T12:04:27.9965535Z Updating files:  95% (3716/3911)
2026-10-05T12:04:28.0275598Z Updating files:  96% (3755/3911)
2026-10-05T12:04:28.0386193Z Updating files:  97% (3794/3911)
2026-10-05T12:04:28.0491795Z Updating files:  98% (3833/3911)
2026-10-05T12:04:28.0585495Z Updating files:  99% (3872/3911)
2026-10-05T12:04:28.0585955Z Updating files: 100% (3911/3911)
2026-10-05T12:04:28.0586339Z Updating files: 100% (3911/3911), done.
2026-10-05T12:04:28.0784347Z Switched to a new branch 'codex/qualify-late-source-revision-20261005'
2026-10-05T12:04:28.0800357Z branch 'codex/qualify-late-source-revision-20261005' set up to track 'origin/codex/qualify-late-source-revision-20261005'.
2026-10-05T12:04:28.0931468Z ##[endgroup]
2026-10-05T12:04:28.1268271Z [command]"C:\Program Files\Git\bin\git.exe" log -1 --format=%H
2026-10-05T12:04:28.1581528Z e785c5ecb9c57fcab5f5a78ec8600c0734395e11
2026-10-05T12:04:28.1991536Z ##[group]Run actions/setup-node@820762786026740c76f36085b0efc47a31fe5020
2026-10-05T12:04:28.1991996Z with:
2026-10-05T12:04:28.1992192Z   node-version: 22
2026-10-05T12:04:28.1992390Z   cache: npm
2026-10-05T12:04:28.1992752Z   cache-dependency-path: package-lock.json
pages/package-lock.json

2026-10-05T12:04:28.1993124Z   check-latest: false
2026-10-05T12:04:28.1995806Z   token: ***
2026-10-05T12:04:28.1996019Z   package-manager-cache: true
2026-10-05T12:04:28.1996256Z ##[endgroup]
2026-10-05T12:04:28.3637233Z Found in cache @ C:\hostedtoolcache\windows\node\22.23.3\x64
2026-10-05T12:04:28.3644084Z ##[group]Environment details
2026-10-05T12:04:32.1460740Z node: v22.23.3
2026-10-05T12:04:32.1461126Z npm: 10.9.9
2026-10-05T12:04:32.1461985Z yarn: 1.22.22
2026-10-05T12:04:32.1462991Z ##[endgroup]
2026-10-05T12:04:32.2015921Z [command]C:\Windows\system32\cmd.exe /D /S /C "C:\hostedtoolcache\windows\node\22.23.3\x64\npm.cmd config get cache"
2026-10-05T12:04:32.6759889Z C:\npm\cache
2026-10-05T12:04:32.9426980Z Cache hit for: node-cache-Windows-x64-npm-4a8c1dfe21846cde5c46d2e00bf82bda80106e5dab88c6ef4b098e180c48c961
2026-10-05T12:04:33.4672858Z Received 5874977 of 5874977 (100.0%), 15.6 MBs/sec
2026-10-05T12:04:33.4673957Z Cache Size: ~6 MB (5874977 B)
2026-10-05T12:04:33.4728118Z [command]"C:\Program Files\Git\usr\bin\tar.exe" -xf D:/a/_temp/35c73951-ea3d-44a0-a3e9-7970832d5361/cache.tzst -P -C D:/a/ai-native-governance-delivery-framework/ai-native-governance-delivery-framework --force-local --use-compress-program "zstd -d"
2026-10-05T12:04:33.6868298Z Cache restored successfully
2026-10-05T12:04:33.6886668Z Cache restored from key: node-cache-Windows-x64-npm-4a8c1dfe21846cde5c46d2e00bf82bda80106e5dab88c6ef4b098e180c48c961
2026-10-05T12:04:33.7187797Z ##[group]Run node scripts/verify-ci.mjs --lane runtime
2026-10-05T12:04:33.7188266Z [36;1mnode scripts/verify-ci.mjs --lane runtime[0m
2026-10-05T12:04:33.7203438Z shell: C:\Program Files\Git\bin\bash.EXE --noprofile --norc -e -o pipefail {0}
2026-10-05T12:04:33.7203831Z ##[endgroup]
2026-10-05T12:04:33.8293149Z [verify-ci] dependencies
2026-10-05T12:04:36.1847892Z 
2026-10-05T12:04:36.1848867Z added 9 packages, and audited 12 packages in 2s
2026-10-05T12:04:36.1849284Z 
2026-10-05T12:04:36.1849512Z 3 packages are looking for funding
2026-10-05T12:04:36.1849950Z   run `npm fund` for details
2026-10-05T12:04:36.1862013Z 
2026-10-05T12:04:36.1862260Z found 0 vulnerabilities
2026-10-05T12:04:37.1393039Z [verify-ci] maintenance
2026-10-05T12:04:37.3075433Z 
2026-10-05T12:04:37.3076410Z > test:maintenance-contracts
2026-10-05T12:04:37.3079351Z > npm run test:verification && node scripts/node-support-test.mjs && node packages/cli/scripts/interaction-catalog-test.js && node packages/cli/scripts/payload-budget-test.js && node packages/cli/scripts/release-workflow-contract-test.js && node scripts/native-probes/release-evidence-test.mjs && node --test scripts/native-probes/codex-activation-matrix-test.mjs
2026-10-05T12:04:37.3081975Z 
2026-10-05T12:04:37.7211180Z 
2026-10-05T12:04:37.7212142Z > test:verification
2026-10-05T12:04:37.7212536Z > node --test scripts/verification-test.mjs
2026-10-05T12:04:37.7212774Z 
2026-10-05T12:04:37.8722722Z TAP version 13
2026-10-05T12:04:37.9434907Z # [verify-ci] prepare
2026-10-05T12:04:40.4341817Z # [verify-commit] Isolated Git index; Node 22.23.3, win32.
2026-10-05T12:04:41.1733202Z # Subtest: full plan preserves dependency ordering and mandatory package consumers in both lanes
2026-10-05T12:04:41.1741954Z ok 1 - full plan preserves dependency ordering and mandatory package consumers in both lanes
2026-10-05T12:04:41.1742788Z   ---
2026-10-05T12:04:41.1743108Z   duration_ms: 1.815
2026-10-05T12:04:41.1743441Z   type: 'test'
2026-10-05T12:04:41.1743763Z   ...
2026-10-05T12:04:41.1749298Z # Subtest: a failed command stops before later commands and stages
2026-10-05T12:04:41.1752494Z ok 2 - a failed command stops before later commands and stages
2026-10-05T12:04:41.1753565Z   ---
2026-10-05T12:04:41.1754357Z   duration_ms: 2.8465
2026-10-05T12:04:41.1755280Z   type: 'test'
2026-10-05T12:04:41.1755788Z   ...
2026-10-05T12:04:41.1756724Z # Subtest: the real CLI executes under temporary path aliases and rejects an invalid stage
2026-10-05T12:04:41.1762184Z ok 3 - the real CLI executes under temporary path aliases and rejects an invalid stage
2026-10-05T12:04:41.1763072Z   ---
2026-10-05T12:04:41.1763611Z   duration_ms: 86.041
2026-10-05T12:04:41.1764095Z   type: 'test'
2026-10-05T12:04:41.1764608Z   ...
2026-10-05T12:04:41.1765991Z # Subtest: snapshot uses staged blobs, excludes unstaged/untracked fixes and preserves source index
2026-10-05T12:04:41.1767978Z ok 4 - snapshot uses staged blobs, excludes unstaged/untracked fixes and preserves source index
2026-10-05T12:04:41.1775621Z   ---
2026-10-05T12:04:41.1777017Z   duration_ms: 3138.208
2026-10-05T12:04:41.1777551Z   type: 'test'
2026-10-05T12:04:41.1777999Z   ...
2026-10-05T12:04:41.1874430Z 1..4
2026-10-05T12:04:41.1874769Z # tests 4
2026-10-05T12:04:41.1875149Z # suites 0
2026-10-05T12:04:41.1875503Z # pass 4
2026-10-05T12:04:41.1875910Z # fail 0
2026-10-05T12:04:41.1876271Z # cancelled 0
2026-10-05T12:04:41.1876619Z # skipped 0
2026-10-05T12:04:41.1876965Z # todo 0
2026-10-05T12:04:41.1877983Z # duration_ms 3359.4388
2026-10-05T12:04:41.7226289Z Node support: package minimum, CI matrix, pinned Actions and legacy-runtime rejection passed.
2026-10-05T12:04:41.9637660Z Interaction catalog: complete locales, recovery rendering, negative and immutable-state checks passed.
2026-10-05T12:04:42.0355509Z Payload budget review/report tests passed.
2026-10-05T12:04:42.1980618Z Coupled release workflow contract passed.
2026-10-05T12:04:46.1951577Z Evidence publication tests passed (create, update, path rejection, stale source; isolated Git remote and mocked GitHub).
2026-10-05T12:04:46.3844218Z Release gate: native matrix, publish dependency, credential/artifact boundaries and negative evidence tests passed.
2026-10-05T12:04:46.4620898Z TAP version 13
2026-10-05T12:04:46.5462331Z # Subtest: adaptive mode starts with ten cases and repeats only selected or deviant first runs
2026-10-05T12:04:46.5477147Z ok 1 - adaptive mode starts with ten cases and repeats only selected or deviant first runs
2026-10-05T12:04:46.5478242Z   ---
2026-10-05T12:04:46.5478559Z   duration_ms: 2.053
2026-10-05T12:04:46.5478893Z   type: 'test'
2026-10-05T12:04:46.5479168Z   ...
2026-10-05T12:04:46.5479825Z # Subtest: the actual scheduler completes all first runs before conditional repeats
2026-10-05T12:04:46.5482143Z ok 2 - the actual scheduler completes all first runs before conditional repeats
2026-10-05T12:04:46.5483562Z   ---
2026-10-05T12:04:46.5484104Z   duration_ms: 13.0143
2026-10-05T12:04:46.5484931Z   type: 'test'
2026-10-05T12:04:46.5485250Z   ...
2026-10-05T12:04:46.5486090Z # Subtest: fixed mode and boundary IDs are validated before host setup
2026-10-05T12:04:46.5490008Z ok 3 - fixed mode and boundary IDs are validated before host setup
2026-10-05T12:04:46.5490822Z   ---
2026-10-05T12:04:46.5491280Z   duration_ms: 0.7628
2026-10-05T12:04:46.5491786Z   type: 'test'
2026-10-05T12:04:46.5492219Z   ...
2026-10-05T12:04:46.5493110Z # Subtest: expected target_unresolved remains a separate target-binding observation
2026-10-05T12:04:46.5494362Z ok 4 - expected target_unresolved remains a separate target-binding observation
2026-10-05T12:04:46.5495205Z   ---
2026-10-05T12:04:46.5495645Z   duration_ms: 0.255
2026-10-05T12:04:46.5496132Z   type: 'test'
2026-10-05T12:04:46.5496572Z   ...
2026-10-05T12:04:46.5511095Z # Subtest: JSONL parsing separates cached input and counts completed search calls once
2026-10-05T12:04:46.5519436Z ok 5 - JSONL parsing separates cached input and counts completed search calls once
2026-10-05T12:04:46.5520385Z   ---
2026-10-05T12:04:46.5520853Z   duration_ms: 1.7038
2026-10-05T12:04:46.5521338Z   type: 'test'
2026-10-05T12:04:46.5521760Z   ...
2026-10-05T12:04:46.5522456Z # Subtest: unavailable usage or search telemetry remains unknown
2026-10-05T12:04:46.5523731Z ok 6 - unavailable usage or search telemetry remains unknown
2026-10-05T12:04:46.5524259Z   ---
2026-10-05T12:04:46.5524538Z   duration_ms: 0.2215
2026-10-05T12:04:46.5524831Z   type: 'test'
2026-10-05T12:04:46.5525093Z   ...
2026-10-05T12:04:46.5608619Z 1..6
2026-10-05T12:04:46.5608977Z # tests 6
2026-10-05T12:04:46.5609988Z # suites 0
2026-10-05T12:04:46.5610488Z # pass 6
2026-10-05T12:04:46.5611378Z # fail 0
2026-10-05T12:04:46.5611833Z # cancelled 0
2026-10-05T12:04:46.5612726Z # skipped 0
2026-10-05T12:04:46.5613181Z # todo 0
2026-10-05T12:04:46.5614101Z # duration_ms 116.49
2026-10-05T12:04:46.5818625Z [verify-ci] shell
2026-10-05T12:04:46.7698232Z Shell syntax passed (5 tracked scripts).
2026-10-05T12:04:46.7762586Z [verify-ci] prepare
2026-10-05T12:04:46.9403254Z 
2026-10-05T12:04:46.9403829Z > build
2026-10-05T12:04:46.9404433Z > node scripts/sync-package-assets.js && node scripts/assemble-npm.mjs
2026-10-05T12:04:46.9404889Z 
2026-10-05T12:04:48.1644229Z [
2026-10-05T12:04:48.1644540Z   {
2026-10-05T12:04:48.1644772Z     "name": "create-agdf",
2026-10-05T12:04:48.1645069Z     "version": "0.14.5",
2026-10-05T12:04:48.1645700Z     "source": "D:\\a\\ai-native-governance-delivery-framework\\ai-native-governance-delivery-framework\\packages\\cli",
2026-10-05T12:04:48.1646636Z     "output": "D:\\a\\ai-native-governance-delivery-framework\\ai-native-governance-delivery-framework\\dist\\npm\\create-agdf"
2026-10-05T12:04:48.1647194Z   },
2026-10-05T12:04:48.1647368Z   {
2026-10-05T12:04:48.1647544Z     "name": "@agdf/cli",
2026-10-05T12:04:48.1647803Z     "version": "0.14.5",
2026-10-05T12:04:48.1649258Z     "source": "D:\\a\\ai-native-governance-delivery-framework\\ai-native-governance-delivery-framework\\packages\\cli\\distribution\\agdf",
2026-10-05T12:04:48.1650248Z     "output": "D:\\a\\ai-native-governance-delivery-framework\\ai-native-governance-delivery-framework\\dist\\npm\\agdf"
2026-10-05T12:04:48.1650778Z   },
2026-10-05T12:04:48.1650947Z   {
2026-10-05T12:04:48.1651148Z     "name": "@agdf/mcp-server",
2026-10-05T12:04:48.1651394Z     "version": "0.14.5",
2026-10-05T12:04:48.1651957Z     "source": "D:\\a\\ai-native-governance-delivery-framework\\ai-native-governance-delivery-framework\\packages\\mcp-server",
2026-10-05T12:04:48.1652905Z     "output": "D:\\a\\ai-native-governance-delivery-framework\\ai-native-governance-delivery-framework\\dist\\npm\\agdf-mcp-server"
2026-10-05T12:04:48.1653466Z   }
2026-10-05T12:04:48.1653634Z ]
2026-10-05T12:04:48.3384597Z 
2026-10-05T12:04:48.3385196Z > create-agdf@0.14.5 release:prepare
2026-10-05T12:04:48.3386582Z > npm run sync-package-assets && npm run test:distribution-profile-history && npm run test:release-bump && npm run test:release-version-coherence && npm run test:public-plugin && npm run test:portable-plugin
2026-10-05T12:04:48.3387320Z 
2026-10-05T12:04:48.7088524Z 
2026-10-05T12:04:48.7089169Z > create-agdf@0.14.5 sync-package-assets
2026-10-05T12:04:48.7089620Z > node ../../scripts/sync-package-assets.js
2026-10-05T12:04:48.7089828Z 
2026-10-05T12:04:49.9540715Z 
2026-10-05T12:04:49.9541529Z > create-agdf@0.14.5 test:distribution-profile-history
2026-10-05T12:04:49.9542050Z > node scripts/distribution-profile-history-test.js
2026-10-05T12:04:49.9542307Z 
2026-10-05T12:04:50.0560681Z Distribution profile history passed (8 exact releases, malformed and closed-policy matrices)
2026-10-05T12:04:50.4317779Z 
2026-10-05T12:04:50.4318213Z > create-agdf@0.14.5 test:release-bump
2026-10-05T12:04:50.4318679Z > node scripts/release-bump-test.js
2026-10-05T12:04:50.4318908Z 
2026-10-05T12:04:51.3217929Z Release bump passed (20 transactional files; repair, forward, review, rollback and recovery)
2026-10-05T12:04:51.7510403Z 
2026-10-05T12:04:51.7511200Z > create-agdf@0.14.5 test:release-version-coherence
2026-10-05T12:04:51.7511954Z > node scripts/release-version-coherence-test.js
2026-10-05T12:04:51.7512315Z 
2026-10-05T12:04:59.9676366Z Release version coherence passed (50 surfaces at 0.14.5; 8 profile snapshots)
2026-10-05T12:05:00.3645100Z 
2026-10-05T12:05:00.3645784Z > create-agdf@0.14.5 test:public-plugin
2026-10-05T12:05:00.3646216Z > node scripts/public-plugin-test.js
2026-10-05T12:05:00.3646413Z 
2026-10-05T12:05:02.6274915Z Public plugin tests passed (60 inventoried candidate files; digest 416c48ca8fe420b133c90d0a967d9e834341c3b1578d8ca02e43db39b4b173e5)
2026-10-05T12:05:03.0907760Z 
2026-10-05T12:05:03.0908375Z > create-agdf@0.14.5 test:portable-plugin
2026-10-05T12:05:03.0908822Z > node scripts/portable-plugin-test.js
2026-10-05T12:05:03.0909057Z 
2026-10-05T12:05:13.3420495Z Portable plugin schema/profile/resource/selection/retry tests passed; digest 416c48ca8fe420b133c90d0a967d9e834341c3b1578d8ca02e43db39b4b173e5
2026-10-05T12:05:13.3720802Z [verify-ci] mcp-dependencies
2026-10-05T12:05:17.8961265Z 
2026-10-05T12:05:17.8961850Z added 15 packages, and audited 16 packages in 4s
2026-10-05T12:05:17.8962479Z 
2026-10-05T12:05:17.8963280Z 2 packages are looking for funding
2026-10-05T12:05:17.8963768Z   run `npm fund` for details
2026-10-05T12:05:17.8973157Z 
2026-10-05T12:05:17.8973348Z found 0 vulnerabilities
2026-10-05T12:05:17.9121428Z [verify-ci] runtime
2026-10-05T12:05:18.7520269Z [agdf-runtime-integrity] ok (mode=source; 13 skills and 16 control files checked)
2026-10-05T12:05:18.7600458Z [verify-ci] built-runtime
2026-10-05T12:05:19.5971440Z [agdf-runtime-integrity] ok (mode=installed; 13 skills and 16 control files checked)
2026-10-05T12:05:19.6048700Z [verify-ci] cli-package
2026-10-05T12:05:20.0217713Z 
2026-10-05T12:05:20.0218601Z > create-agdf@0.14.5 test:package-contents
2026-10-05T12:05:20.0219308Z > node scripts/package-contents-test.js
2026-10-05T12:05:20.0219531Z 
2026-10-05T12:05:22.5666798Z Package contents tests passed (761 files; complete release-built plugin present)
2026-10-05T12:05:22.5839879Z [verify-ci] wrapper-package
2026-10-05T12:05:22.7461185Z 
2026-10-05T12:05:22.7461748Z > @agdf/cli@0.14.5 test:package
2026-10-05T12:05:22.7462144Z > node ./scripts/package-test.js
2026-10-05T12:05:22.7462328Z 
2026-10-05T12:05:23.3870278Z AGDF CLI package contents passed (5 files).
2026-10-05T12:05:23.4036878Z [verify-ci] transactions
2026-10-05T12:05:23.5731489Z 
2026-10-05T12:05:23.5732069Z > create-agdf@0.14.5 test:run-step-transaction
2026-10-05T12:05:23.5732537Z > node ../core/test/run-step-transaction-test.js
2026-10-05T12:05:23.5732771Z 
2026-10-05T12:05:32.2869995Z Run-step transaction boundaries passed.
2026-10-05T12:05:32.4823514Z 
2026-10-05T12:05:32.4824153Z > create-agdf@0.14.5 test:run-lock
2026-10-05T12:05:32.4825487Z > node ../core/test/run-lock-test.js
2026-10-05T12:05:32.4825701Z 
2026-10-05T12:05:32.6166013Z Run lock owner recovery passed.
2026-10-05T12:05:32.6342408Z [verify-ci] evals
2026-10-05T12:05:32.7982571Z 
2026-10-05T12:05:32.7983087Z > create-agdf@0.14.5 eval:skills
2026-10-05T12:05:32.7983521Z > node ../../evals/scripts/run-skill-evals.js
2026-10-05T12:05:32.7983742Z 
2026-10-05T12:05:33.0102582Z AGDF skill evals: pass (102/102 cases; 13 skills; deterministic replay, not live host execution)
2026-10-05T12:05:33.0287892Z [verify-ci] mcp-package
2026-10-05T12:05:33.1949085Z 
2026-10-05T12:05:33.1949584Z > @agdf/mcp-server@0.14.5 test:package
2026-10-05T12:05:33.1949978Z > node ./test/package.test.js
2026-10-05T12:05:33.1950158Z 
2026-10-05T12:05:33.9059225Z AGDF MCP package boundary tests passed.
2026-10-05T12:05:33.9232684Z [verify-ci] archives
2026-10-05T12:05:36.9412469Z [
2026-10-05T12:05:36.9412811Z   {
2026-10-05T12:05:36.9413176Z     "id": "create-agdf@0.14.5",
2026-10-05T12:05:36.9413960Z     "name": "create-agdf",
2026-10-05T12:05:36.9414362Z     "version": "0.14.5",
2026-10-05T12:05:36.9414662Z     "size": 1016468,
2026-10-05T12:05:36.9414971Z     "unpackedSize": 6141850,
2026-10-05T12:05:36.9415410Z     "shasum": "fe204d8d5ee466201811c91c8fa892301396cab4",
2026-10-05T12:05:36.9417338Z     "integrity": "sha512-K6wSt2Tnq3uDN/IQYA+R8bLNON33eZOnuCVYn81T+I1QK/weQDsj4AB0zgxkDMunDcVjE8DWu4Isvm/93rA6eA==",
2026-10-05T12:05:36.9418629Z     "filename": "create-agdf-0.14.5.tgz",
2026-10-05T12:05:36.9419053Z     "files": [
2026-10-05T12:05:36.9419335Z       {
2026-10-05T12:05:36.9419619Z         "path": "LICENSE",
2026-10-05T12:05:36.9419952Z         "size": 11357,
2026-10-05T12:05:36.9420262Z         "mode": 420
2026-10-05T12:05:36.9420534Z       },
2026-10-05T12:05:36.9420782Z       {
2026-10-05T12:05:36.9421056Z         "path": "NOTICE",
2026-10-05T12:05:36.9421359Z         "size": 422,
2026-10-05T12:05:36.9421638Z         "mode": 420
2026-10-05T12:05:36.9421905Z       },
2026-10-05T12:05:36.9422135Z       {
2026-10-05T12:05:36.9422396Z         "path": "README.md",
2026-10-05T12:05:36.9422719Z         "size": 57597,
2026-10-05T12:05:36.9423034Z         "mode": 420
2026-10-05T12:05:36.9423320Z       },
2026-10-05T12:05:36.9423942Z       {
2026-10-05T12:05:36.9424292Z         "path": "bin/agdf-validator.js",
2026-10-05T12:05:36.9424701Z         "size": 323,
2026-10-05T12:05:36.9424998Z         "mode": 420
2026-10-05T12:05:36.9425270Z       },
2026-10-05T12:05:36.9425521Z       {
2026-10-05T12:05:36.9425834Z         "path": "bin/create-agdf.js",
2026-10-05T12:05:36.9426223Z         "size": 430,
2026-10-05T12:05:36.9426523Z         "mode": 420
2026-10-05T12:05:36.9426799Z       },
2026-10-05T12:05:36.9427042Z       {
2026-10-05T12:05:36.9427398Z         "path": "generated/.agdf/control/README.md",
2026-10-05T12:05:36.9427866Z         "size": 7277,
2026-10-05T12:05:36.9428172Z         "mode": 420
2026-10-05T12:05:36.9428452Z       },
2026-10-05T12:05:36.9428718Z       {
2026-10-05T12:05:36.9429463Z         "path": "generated/.agdf/control/templates/AGDF_RUN.md",
2026-10-05T12:05:36.9429991Z         "size": 4174,
2026-10-05T12:05:36.9430320Z         "mode": 420
2026-10-05T12:05:36.9430606Z       },
2026-10-05T12:05:36.9430860Z       {
2026-10-05T12:05:36.9431433Z         "path": "generated/.agdf/control/templates/AGENT_QUALITY_CONTRACTS.json",
2026-10-05T12:05:36.9465918Z         "size": 5289,
2026-10-05T12:05:36.9466259Z         "mode": 420
2026-10-05T12:05:36.9466545Z       },
2026-10-05T12:05:36.9466840Z       {
2026-10-05T12:05:36.9467395Z         "path": "generated/.agdf/control/templates/artefacts/BROWNFIELD_REVIEW.md",
2026-10-05T12:05:36.9468016Z         "size": 4977,
2026-10-05T12:05:36.9468326Z         "mode": 420
2026-10-05T12:05:36.9468615Z       },
2026-10-05T12:05:36.9468864Z       {
2026-10-05T12:05:36.9469307Z         "path": "generated/.agdf/control/templates/artefacts/OR.md",
2026-10-05T12:05:36.9469826Z         "size": 2685,
2026-10-05T12:05:36.9470395Z         "mode": 420
2026-10-05T12:05:36.9470662Z       },
2026-10-05T12:05:36.9470932Z       {
2026-10-05T12:05:36.9471395Z         "path": "generated/.agdf/control/templates/artefacts/PRD.md",
2026-10-05T12:05:36.9471951Z         "size": 3100,
2026-10-05T12:05:36.9472261Z         "mode": 420
2026-10-05T12:05:36.9472547Z       },
2026-10-05T12:05:36.9472796Z       {
2026-10-05T12:05:36.9473279Z         "path": "generated/.agdf/control/templates/artefacts/QA_REPORT.md",
2026-10-05T12:05:36.9473863Z         "size": 601,
2026-10-05T12:05:36.9474155Z         "mode": 420
2026-10-05T12:05:36.9474437Z       },
2026-10-05T12:05:36.9474705Z       {
2026-10-05T12:05:36.9475158Z         "path": "generated/.agdf/control/templates/artefacts/SD.md",
2026-10-05T12:05:36.9475694Z         "size": 2562,
2026-10-05T12:05:36.9476010Z         "mode": 420
2026-10-05T12:05:36.9476300Z       },
2026-10-05T12:05:36.9476548Z       {
2026-10-05T12:05:36.9476984Z         "path": "generated/.agdf/control/templates/artefacts/TP.md",
2026-10-05T12:05:36.9477490Z         "size": 1351,
2026-10-05T12:05:36.9477765Z         "mode": 420
2026-10-05T12:05:36.9478016Z       },
2026-10-05T12:05:36.9478274Z       {
2026-10-05T12:05:36.9478671Z         "path": "generated/.agdf/control/templates/artefacts/UR.md",
2026-10-05T12:05:36.9479169Z         "size": 845,
2026-10-05T12:05:36.9479481Z         "mode": 420
2026-10-05T12:05:36.9479769Z       },
2026-10-05T12:05:36.9480024Z       {
2026-10-05T12:05:36.9480605Z         "path": "generated/.agdf/control/templates/artefacts/UX_INTENT_DEFINITION.md",
2026-10-05T12:05:36.9481245Z         "size": 1196,
2026-10-05T12:05:36.9481527Z         "mode": 420
2026-10-05T12:05:36.9481795Z       },
2026-10-05T12:05:36.9482025Z       {
2026-10-05T12:05:36.9482547Z         "path": "generated/.agdf/control/templates/artefacts/VERIFIED_CHANGE.md",
2026-10-05T12:05:36.9482993Z         "size": 1716,
2026-10-05T12:05:36.9483201Z         "mode": 420
2026-10-05T12:05:36.9483395Z       },
2026-10-05T12:05:36.9483561Z       {
2026-10-05T12:05:36.9483854Z         "path": "generated/.agdf/control/templates/CONTEXT_GRAPH.md",
2026-10-05T12:05:36.9484193Z         "size": 1551,
2026-10-05T12:05:36.9484706Z         "mode": 420
2026-10-05T12:05:36.9484946Z       },
2026-10-05T12:05:36.9485122Z       {
2026-10-05T12:05:36.9485464Z         "path": "generated/.agdf/control/templates/MASTER_BACKLOG.md",
2026-10-05T12:05:36.9486011Z         "size": 3436,
2026-10-05T12:05:36.9486324Z         "mode": 420
2026-10-05T12:05:36.9486612Z       },
2026-10-05T12:05:36.9486828Z       {
2026-10-05T12:05:36.9487117Z         "path": "generated/.agdf/control/templates/RUN_STATE.md",
2026-10-05T12:05:36.9487455Z         "size": 2090,
2026-10-05T12:05:36.9487649Z         "mode": 420
2026-10-05T12:05:36.9487829Z       },
2026-10-05T12:05:36.9488000Z       {
2026-10-05T12:05:36.9488277Z         "path": "generated/.agdf/control/templates/SOT_REGISTRY.md",
2026-10-05T12:05:36.9488604Z         "size": 905,
2026-10-05T12:05:36.9488798Z         "mode": 420
2026-10-05T12:05:36.9489788Z       },
2026-10-05T12:05:36.9489969Z       {
2026-10-05T12:05:36.9490245Z         "path": "generated/.agents/plugins/marketplace.json",
2026-10-05T12:05:36.9490552Z         "size": 362,
2026-10-05T12:05:36.9490743Z         "mode": 420
2026-10-05T12:05:36.9490924Z       },
2026-10-05T12:05:36.9491096Z       {
2026-10-05T12:05:36.9491346Z         "path": "generated/.opencode/agdf-agent-router.md",
2026-10-05T12:05:36.9491645Z         "size": 12295,
2026-10-05T12:05:36.9491848Z         "mode": 420
2026-10-05T12:05:36.9492025Z       },
2026-10-05T12:05:36.9492185Z       {
2026-10-05T12:05:36.9492480Z         "path": "generated/.opencode/agdf-interaction-locales.json",
2026-10-05T12:05:36.9492818Z         "size": 153294,
2026-10-05T12:05:36.9493052Z         "mode": 420
2026-10-05T12:05:36.9493235Z       },
2026-10-05T12:05:36.9493409Z       {
2026-10-05T12:05:36.9493684Z         "path": "generated/.opencode/agdf-runtime-contract.md",
2026-10-05T12:05:36.9494129Z         "size": 1977,
2026-10-05T12:05:36.9494338Z         "mode": 420
2026-10-05T12:05:36.9494529Z       },
2026-10-05T12:05:36.9494709Z       {
2026-10-05T12:05:36.9494928Z         "path": "generated/.opencode/AGDF.md",
2026-10-05T12:05:36.9495204Z         "size": 1496,
2026-10-05T12:05:36.9495406Z         "mode": 420
2026-10-05T12:05:36.9495579Z       },
2026-10-05T12:05:36.9495741Z       {
2026-10-05T12:05:36.9495991Z         "path": "generated/.opencode/contracts/closeout.md",
2026-10-05T12:05:36.9496284Z         "size": 4196,
2026-10-05T12:05:36.9496463Z         "mode": 420
2026-10-05T12:05:36.9496631Z       },
2026-10-05T12:05:36.9496896Z       {
2026-10-05T12:05:36.9497330Z         "path": "generated/.opencode/contracts/context-graph.md",
2026-10-05T12:05:36.9497860Z         "size": 2512,
2026-10-05T12:05:36.9498182Z         "mode": 420
2026-10-05T12:05:36.9498423Z       },
2026-10-05T12:05:36.9498576Z       {
2026-10-05T12:05:36.9498928Z         "path": "generated/.opencode/contracts/control-scaffold.md",
2026-10-05T12:05:36.9499442Z         "size": 11537,
2026-10-05T12:05:36.9499774Z         "mode": 420
2026-10-05T12:05:36.9500082Z       },
2026-10-05T12:05:36.9500343Z       {
2026-10-05T12:05:36.9500837Z         "path": "generated/.opencode/contracts/gate-artifact-preparation.md",
2026-10-05T12:05:36.9501441Z         "size": 5731,
2026-10-05T12:05:36.9501740Z         "mode": 420
2026-10-05T12:05:36.9502031Z       },
2026-10-05T12:05:36.9502298Z       {
2026-10-05T12:05:36.9502771Z         "path": "generated/.opencode/contracts/gate-transition.md",
2026-10-05T12:05:36.9503299Z         "size": 17966,
2026-10-05T12:05:36.9503635Z         "mode": 420
2026-10-05T12:05:36.9503916Z       },
2026-10-05T12:05:36.9504176Z       {
2026-10-05T12:05:36.9504611Z         "path": "generated/.opencode/contracts/interaction.md",
2026-10-05T12:05:36.9505448Z         "size": 46599,
2026-10-05T12:05:36.9505769Z         "mode": 420
2026-10-05T12:05:36.9506039Z       },
2026-10-05T12:05:36.9506297Z       {
2026-10-05T12:05:36.9506700Z         "path": "generated/.opencode/contracts/modes.md",
2026-10-05T12:05:36.9507193Z         "size": 12906,
2026-10-05T12:05:36.9507509Z         "mode": 420
2026-10-05T12:05:36.9507795Z       },
2026-10-05T12:05:36.9508045Z       {
2026-10-05T12:05:36.9508320Z         "path": "generated/.opencode/contracts/prd-definition.md",
2026-10-05T12:05:36.9508643Z         "size": 5034,
2026-10-05T12:05:36.9508836Z         "mode": 420
2026-10-05T12:05:36.9509016Z       },
2026-10-05T12:05:36.9509185Z       {
2026-10-05T12:05:36.9509429Z         "path": "generated/.opencode/contracts/quality.md",
2026-10-05T12:05:36.9509720Z         "size": 8692,
2026-10-05T12:05:36.9509917Z         "mode": 420
2026-10-05T12:05:36.9510094Z       },
2026-10-05T12:05:36.9510368Z       {
2026-10-05T12:05:36.9510823Z         "path": "generated/.opencode/contracts/request-activation.md",
2026-10-05T12:05:36.9511377Z         "size": 18822,
2026-10-05T12:05:36.9511663Z         "mode": 420
2026-10-05T12:05:36.9512144Z       },
2026-10-05T12:05:36.9512420Z       {
2026-10-05T12:05:36.9512860Z         "path": "generated/.opencode/contracts/sd-definition.md",
2026-10-05T12:05:36.9513365Z         "size": 4617,
2026-10-05T12:05:36.9513686Z         "mode": 420
2026-10-05T12:05:36.9513962Z       },
2026-10-05T12:05:36.9514210Z       {
2026-10-05T12:05:36.9514706Z         "path": "generated/.opencode/contracts/task-target-resolution.md",
2026-10-05T12:05:36.9515292Z         "size": 8919,
2026-10-05T12:05:36.9515588Z         "mode": 420
2026-10-05T12:05:36.9515868Z       },
2026-10-05T12:05:36.9516135Z       {
2026-10-05T12:05:36.9516555Z         "path": "generated/.opencode/contracts/ur-definition.md",
2026-10-05T12:05:36.9517054Z         "size": 3139,
2026-10-05T12:05:36.9517365Z         "mode": 420
2026-10-05T12:05:36.9517644Z       },
2026-10-05T12:05:36.9517889Z       {
2026-10-05T12:05:36.9518459Z         "path": "generated/.opencode/README.md",
2026-10-05T12:05:36.9518923Z         "size": 1835,
2026-10-05T12:05:36.9519223Z         "mode": 420
2026-10-05T12:05:36.9519502Z       },
2026-10-05T12:05:36.9519756Z       {
2026-10-05T12:05:36.9520299Z         "path": "generated/.opencode/skills/agdf-brownfield-analysis/SKILL.md",
2026-10-05T12:05:36.9520770Z         "size": 15484,
2026-10-05T12:05:36.9521121Z         "mode": 420
2026-10-05T12:05:36.9521409Z       },
2026-10-05T12:05:36.9521644Z       {
2026-10-05T12:05:36.9522241Z         "path": "generated/.opencode/skills/agdf-clean-implementation-review/SKILL.md",
2026-10-05T12:05:36.9522932Z         "size": 7516,
2026-10-05T12:05:36.9523165Z         "mode": 420
2026-10-05T12:05:36.9523358Z       },
2026-10-05T12:05:36.9523538Z       {
2026-10-05T12:05:36.9523847Z         "path": "generated/.opencode/skills/agdf-code-review/SKILL.md",
2026-10-05T12:05:36.9524204Z         "size": 7615,
2026-10-05T12:05:36.9524420Z         "mode": 420
2026-10-05T12:05:36.9524770Z       },
2026-10-05T12:05:36.9525343Z       {
2026-10-05T12:05:36.9525770Z         "path": "generated/.opencode/skills/agdf-delivery-closeout/SKILL.md",
2026-10-05T12:05:36.9526382Z         "size": 7177,
2026-10-05T12:05:36.9526686Z         "mode": 420
2026-10-05T12:05:36.9526985Z       },
2026-10-05T12:05:36.9527276Z       {
2026-10-05T12:05:36.9527796Z         "path": "generated/.opencode/skills/agdf-delivery-path-search/SKILL.md",
2026-10-05T12:05:36.9528385Z         "size": 8015,
2026-10-05T12:05:36.9528686Z         "mode": 420
2026-10-05T12:05:36.9528964Z       },
2026-10-05T12:05:36.9529221Z       {
2026-10-05T12:05:36.9529706Z         "path": "generated/.opencode/skills/agdf-gate-check/SKILL.md",
2026-10-05T12:05:36.9530268Z         "size": 5506,
2026-10-05T12:05:36.9530574Z         "mode": 420
2026-10-05T12:05:36.9530855Z       },
2026-10-05T12:05:36.9531118Z       {
2026-10-05T12:05:36.9531635Z         "path": "generated/.opencode/skills/agdf-prd-definition/SKILL.md",
2026-10-05T12:05:36.9532186Z         "size": 3827,
2026-10-05T12:05:36.9532487Z         "mode": 420
2026-10-05T12:05:36.9532838Z       },
2026-10-05T12:05:36.9533091Z       {
2026-10-05T12:05:36.9533514Z         "path": "generated/.opencode/skills/agdf-qa-gate/SKILL.md",
2026-10-05T12:05:36.9534021Z         "size": 10610,
2026-10-05T12:05:36.9534298Z         "mode": 420
2026-10-05T12:05:36.9534564Z       },
2026-10-05T12:05:36.9534807Z       {
2026-10-05T12:05:36.9535230Z         "path": "generated/.opencode/skills/agdf-release-or/SKILL.md",
2026-10-05T12:05:36.9535752Z         "size": 10019,
2026-10-05T12:05:36.9536061Z         "mode": 420
2026-10-05T12:05:36.9536340Z       },
2026-10-05T12:05:36.9536574Z       {
2026-10-05T12:05:36.9537061Z         "path": "generated/.opencode/skills/agdf-sd-definition/SKILL.md",
2026-10-05T12:05:36.9537647Z         "size": 3732,
2026-10-05T12:05:36.9537949Z         "mode": 420
2026-10-05T12:05:36.9538229Z       },
2026-10-05T12:05:36.9538493Z       {
2026-10-05T12:05:36.9539210Z         "path": "generated/.opencode/skills/agdf-task-plan-review/SKILL.md",
2026-10-05T12:05:36.9539844Z         "size": 8267,
2026-10-05T12:05:36.9540168Z         "mode": 420
2026-10-05T12:05:36.9540455Z       },
2026-10-05T12:05:36.9540706Z       {
2026-10-05T12:05:36.9541164Z         "path": "generated/.opencode/skills/agdf-ur-definition/SKILL.md",
2026-10-05T12:05:36.9541742Z         "size": 3710,
2026-10-05T12:05:36.9542027Z         "mode": 420
2026-10-05T12:05:36.9542308Z       },
2026-10-05T12:05:36.9542893Z       {
2026-10-05T12:05:36.9543414Z         "path": "generated/.opencode/skills/agdf-ux-intent-definition/SKILL.md",
2026-10-05T12:05:36.9544045Z         "size": 7296,
2026-10-05T12:05:36.9544356Z         "mode": 420
2026-10-05T12:05:36.9544647Z       },
2026-10-05T12:05:36.9544906Z       {
2026-10-05T12:05:36.9545254Z         "path": "generated/opencode.json",
2026-10-05T12:05:36.9545668Z         "size": 268,
2026-10-05T12:05:36.9546170Z         "mode": 420
2026-10-05T12:05:36.9546442Z       },
2026-10-05T12:05:36.9546702Z       {
2026-10-05T12:05:36.9547157Z         "path": "generated/plugins/agdf/.claude-plugin/plugin.json",
2026-10-05T12:05:36.9547683Z         "size": 1090,
2026-10-05T12:05:36.9547975Z         "mode": 420
2026-10-05T12:05:36.9548253Z       },
2026-10-05T12:05:36.9548500Z       {
2026-10-05T12:05:36.9548929Z         "path": "generated/plugins/agdf/.codex-plugin/plugin.json",
2026-10-05T12:05:36.9549423Z         "size": 2020,
2026-10-05T12:05:36.9549700Z         "mode": 420
2026-10-05T12:05:36.9549968Z       },
2026-10-05T12:05:36.9550208Z       {
2026-10-05T12:05:36.9550602Z         "path": "generated/plugins/agdf/assets/agdf-icon.svg",
2026-10-05T12:05:36.9551079Z         "size": 924,
2026-10-05T12:05:36.9551371Z         "mode": 420
2026-10-05T12:05:36.9551643Z       },
2026-10-05T12:05:36.9551900Z       {
2026-10-05T12:05:36.9552330Z         "path": "generated/plugins/agdf/assets/agdf-logo.svg",
2026-10-05T12:05:36.9552830Z         "size": 962,
2026-10-05T12:05:36.9553124Z         "mode": 420
2026-10-05T12:05:36.9553410Z       },
2026-10-05T12:05:36.9553680Z       {
2026-10-05T12:05:36.9554071Z         "path": "generated/plugins/agdf/control/README.md",
2026-10-05T12:05:36.9554532Z         "size": 7277,
2026-10-05T12:05:36.9554831Z         "mode": 420
2026-10-05T12:05:36.9555098Z       },
2026-10-05T12:05:36.9555341Z       {
2026-10-05T12:05:36.9555786Z         "path": "generated/plugins/agdf/control/templates/AGDF_RUN.md",
2026-10-05T12:05:36.9556356Z         "size": 4174,
2026-10-05T12:05:36.9556676Z         "mode": 420
2026-10-05T12:05:36.9556951Z       },
2026-10-05T12:05:36.9557213Z       {
2026-10-05T12:05:36.9557796Z         "path": "generated/plugins/agdf/control/templates/AGENT_QUALITY_CONTRACTS.json",
2026-10-05T12:05:36.9558434Z         "size": 5289,
2026-10-05T12:05:36.9558725Z         "mode": 420
2026-10-05T12:05:36.9558988Z       },
2026-10-05T12:05:36.9559231Z       {
2026-10-05T12:05:36.9559866Z         "path": "generated/plugins/agdf/control/templates/artefacts/BROWNFIELD_REVIEW.md",
2026-10-05T12:05:36.9560546Z         "size": 4977,
2026-10-05T12:05:36.9560847Z         "mode": 420
2026-10-05T12:05:36.9561123Z       },
2026-10-05T12:05:36.9561387Z       {
2026-10-05T12:05:36.9561893Z         "path": "generated/plugins/agdf/control/templates/artefacts/OR.md",
2026-10-05T12:05:36.9562498Z         "size": 2685,
2026-10-05T12:05:36.9563096Z         "mode": 420
2026-10-05T12:05:36.9563373Z       },
2026-10-05T12:05:36.9563615Z       {
2026-10-05T12:05:36.9564138Z         "path": "generated/plugins/agdf/control/templates/artefacts/PRD.md",
2026-10-05T12:05:36.9564703Z         "size": 3100,
2026-10-05T12:05:36.9564994Z         "mode": 420
2026-10-05T12:05:36.9565260Z       },
2026-10-05T12:05:36.9565517Z       {
2026-10-05T12:05:36.9566045Z         "path": "generated/plugins/agdf/control/templates/artefacts/QA_REPORT.md",
2026-10-05T12:05:36.9566667Z         "size": 601,
2026-10-05T12:05:36.9567004Z         "mode": 420
2026-10-05T12:05:36.9567289Z       },
2026-10-05T12:05:36.9567765Z       {
2026-10-05T12:05:36.9568267Z         "path": "generated/plugins/agdf/control/templates/artefacts/SD.md",
2026-10-05T12:05:36.9568841Z         "size": 2562,
2026-10-05T12:05:36.9569125Z         "mode": 420
2026-10-05T12:05:36.9569413Z       },
2026-10-05T12:05:36.9569679Z       {
2026-10-05T12:05:36.9570197Z         "path": "generated/plugins/agdf/control/templates/artefacts/TP.md",
2026-10-05T12:05:36.9570815Z         "size": 1351,
2026-10-05T12:05:36.9571103Z         "mode": 420
2026-10-05T12:05:36.9571388Z       },
2026-10-05T12:05:36.9571651Z       {
2026-10-05T12:05:36.9572146Z         "path": "generated/plugins/agdf/control/templates/artefacts/UR.md",
2026-10-05T12:05:36.9572674Z         "size": 845,
2026-10-05T12:05:36.9572947Z         "mode": 420
2026-10-05T12:05:36.9573208Z       },
2026-10-05T12:05:36.9573467Z       {
2026-10-05T12:05:36.9574208Z         "path": "generated/plugins/agdf/control/templates/artefacts/UX_INTENT_DEFINITION.md",
2026-10-05T12:05:36.9574911Z         "size": 1196,
2026-10-05T12:05:36.9575227Z         "mode": 420
2026-10-05T12:05:36.9575533Z       },
2026-10-05T12:05:36.9575793Z       {
2026-10-05T12:05:36.9576400Z         "path": "generated/plugins/agdf/control/templates/artefacts/VERIFIED_CHANGE.md",
2026-10-05T12:05:36.9577129Z         "size": 1716,
2026-10-05T12:05:36.9577440Z         "mode": 420
2026-10-05T12:05:36.9577728Z       },
2026-10-05T12:05:36.9577997Z       {
2026-10-05T12:05:36.9578540Z         "path": "generated/plugins/agdf/control/templates/CONTEXT_GRAPH.md",
2026-10-05T12:05:36.9579107Z         "size": 1551,
2026-10-05T12:05:36.9579403Z         "mode": 420
2026-10-05T12:05:36.9579681Z       },
2026-10-05T12:05:36.9579929Z       {
2026-10-05T12:05:36.9580453Z         "path": "generated/plugins/agdf/control/templates/MASTER_BACKLOG.md",
2026-10-05T12:05:36.9581020Z         "size": 3436,
2026-10-05T12:05:36.9581326Z         "mode": 420
2026-10-05T12:05:36.9581614Z       },
2026-10-05T12:05:36.9581853Z       {
2026-10-05T12:05:36.9582306Z         "path": "generated/plugins/agdf/control/templates/RUN_STATE.md",
2026-10-05T12:05:36.9583171Z         "size": 2090,
2026-10-05T12:05:36.9583496Z         "mode": 420
2026-10-05T12:05:36.9583777Z       },
2026-10-05T12:05:36.9584032Z       {
2026-10-05T12:05:36.9584523Z         "path": "generated/plugins/agdf/control/templates/SOT_REGISTRY.md",
2026-10-05T12:05:36.9585088Z         "size": 905,
2026-10-05T12:05:36.9585380Z         "mode": 420
2026-10-05T12:05:36.9585669Z       },
2026-10-05T12:05:36.9585905Z       {
2026-10-05T12:05:36.9586292Z         "path": "generated/plugins/agdf/hooks/hooks.json",
2026-10-05T12:05:36.9586773Z         "size": 680,
2026-10-05T12:05:36.9587070Z         "mode": 420
2026-10-05T12:05:36.9587385Z       },
2026-10-05T12:05:36.9587651Z       {
2026-10-05T12:05:36.9588103Z         "path": "generated/plugins/agdf/hooks/session-start.sh",
2026-10-05T12:05:36.9588618Z         "size": 400,
2026-10-05T12:05:36.9588922Z         "mode": 420
2026-10-05T12:05:36.9589211Z       },
2026-10-05T12:05:36.9589459Z       {
2026-10-05T12:05:36.9589809Z         "path": "generated/plugins/agdf/LICENSE",
2026-10-05T12:05:36.9590268Z         "size": 11357,
2026-10-05T12:05:36.9590632Z         "mode": 420
2026-10-05T12:05:36.9590933Z       },
2026-10-05T12:05:36.9591196Z       {
2026-10-05T12:05:36.9591552Z         "path": "generated/plugins/agdf/mcp.json",
2026-10-05T12:05:36.9591976Z         "size": 329,
2026-10-05T12:05:36.9592268Z         "mode": 420
2026-10-05T12:05:36.9592560Z       },
2026-10-05T12:05:36.9592807Z       {
2026-10-05T12:05:36.9593236Z         "path": "generated/plugins/agdf/mcp/agdf-mcp-launch.js",
2026-10-05T12:05:36.9593750Z         "size": 314,
2026-10-05T12:05:36.9594042Z         "mode": 420
2026-10-05T12:05:36.9594323Z       },
2026-10-05T12:05:36.9594577Z       {
2026-10-05T12:05:36.9595001Z         "path": "generated/plugins/agdf/mcp/claude.mcp.json",
2026-10-05T12:05:36.9596401Z         "size": 173,
2026-10-05T12:05:36.9596737Z         "mode": 420
2026-10-05T12:05:36.9597019Z       },
2026-10-05T12:05:36.9597244Z       {
2026-10-05T12:05:36.9597694Z         "path": "generated/plugins/agdf/mcp/sdk/expected-sdk.json",
2026-10-05T12:05:36.9598087Z         "size": 709,
2026-10-05T12:05:36.9598274Z         "mode": 420
2026-10-05T12:05:36.9598445Z       },
2026-10-05T12:05:36.9598599Z       {
2026-10-05T12:05:36.9598875Z         "path": "generated/plugins/agdf/mcp/sdk/package-lock.json",
2026-10-05T12:05:36.9599187Z         "size": 1485,
2026-10-05T12:05:36.9599369Z         "mode": 420
2026-10-05T12:05:36.9599539Z       },
2026-10-05T12:05:36.9599688Z       {
2026-10-05T12:05:36.9599937Z         "path": "generated/plugins/agdf/mcp/sdk/package.json",
2026-10-05T12:05:36.9600225Z         "size": 124,
2026-10-05T12:05:36.9600401Z         "mode": 420
2026-10-05T12:05:36.9600566Z       },
2026-10-05T12:05:36.9600873Z       {
2026-10-05T12:05:36.9601168Z         "path": "generated/plugins/agdf/mcp/server/bin/agdf-mcp.js",
2026-10-05T12:05:36.9601488Z         "size": 659,
2026-10-05T12:05:36.9601666Z         "mode": 420
2026-10-05T12:05:36.9601845Z       },
2026-10-05T12:05:36.9601999Z       {
2026-10-05T12:05:36.9602237Z         "path": "generated/plugins/agdf/mcp/server/NOTICE",
2026-10-05T12:05:36.9602520Z         "size": 521,
2026-10-05T12:05:36.9602697Z         "mode": 420
2026-10-05T12:05:36.9602868Z       },
2026-10-05T12:05:36.9603019Z       {
2026-10-05T12:05:36.9603671Z         "path": "generated/plugins/agdf/mcp/server/package.json",
2026-10-05T12:05:36.9603978Z         "size": 1747,
2026-10-05T12:05:36.9604161Z         "mode": 420
2026-10-05T12:05:36.9604337Z       },
2026-10-05T12:05:36.9604493Z       {
2026-10-05T12:05:36.9604749Z         "path": "generated/plugins/agdf/mcp/server/README.md",
2026-10-05T12:05:36.9605052Z         "size": 2391,
2026-10-05T12:05:36.9605247Z         "mode": 420
2026-10-05T12:05:36.9605423Z       },
2026-10-05T12:05:36.9605575Z       {
2026-10-05T12:05:36.9605841Z         "path": "generated/plugins/agdf/mcp/server/src/main.js",
2026-10-05T12:05:36.9606137Z         "size": 1210,
2026-10-05T12:05:36.9606314Z         "mode": 420
2026-10-05T12:05:36.9606495Z       },
2026-10-05T12:05:36.9606656Z       {
2026-10-05T12:05:36.9606918Z         "path": "generated/plugins/agdf/mcp/server/src/server.js",
2026-10-05T12:05:36.9607226Z         "size": 3144,
2026-10-05T12:05:36.9607416Z         "mode": 420
2026-10-05T12:05:36.9607595Z       },
2026-10-05T12:05:36.9607752Z       {
2026-10-05T12:05:36.9608043Z         "path": "generated/plugins/agdf/mcp/server/src/worker-entry.js",
2026-10-05T12:05:36.9608375Z         "size": 964,
2026-10-05T12:05:36.9608577Z         "mode": 420
2026-10-05T12:05:36.9608757Z       },
2026-10-05T12:05:36.9608914Z       {
2026-10-05T12:05:36.9609180Z         "path": "generated/plugins/agdf/mcp/server/src/worker.js",
2026-10-05T12:05:36.9609497Z         "size": 2610,
2026-10-05T12:05:36.9609685Z         "mode": 420
2026-10-05T12:05:36.9609855Z       },
2026-10-05T12:05:36.9610010Z       {
2026-10-05T12:05:36.9610450Z         "path": "generated/plugins/agdf/meta/agdf-agent-router.md",
2026-10-05T12:05:36.9610918Z         "size": 12317,
2026-10-05T12:05:36.9611107Z         "mode": 420
2026-10-05T12:05:36.9611283Z       },
2026-10-05T12:05:36.9611435Z       {
2026-10-05T12:05:36.9611688Z         "path": "generated/plugins/agdf/meta/agdf-constitution.md",
2026-10-05T12:05:36.9611998Z         "size": 8709,
2026-10-05T12:05:36.9612180Z         "mode": 420
2026-10-05T12:05:36.9612348Z       },
2026-10-05T12:05:36.9612506Z       {
2026-10-05T12:05:36.9612831Z         "path": "generated/plugins/agdf/meta/agdf-interaction-locales.json",
2026-10-05T12:05:36.9613187Z         "size": 153294,
2026-10-05T12:05:36.9613375Z         "mode": 420
2026-10-05T12:05:36.9613557Z       },
2026-10-05T12:05:36.9613717Z       {
2026-10-05T12:05:36.9614137Z         "path": "generated/plugins/agdf/meta/agdf-mcp-capability.json",
2026-10-05T12:05:36.9614486Z         "size": 3972,
2026-10-05T12:05:36.9614673Z         "mode": 420
2026-10-05T12:05:36.9614849Z       },
2026-10-05T12:05:36.9615006Z       {
2026-10-05T12:05:36.9615302Z         "path": "generated/plugins/agdf/meta/agdf-plugin.definition.json",
2026-10-05T12:05:36.9615669Z         "size": 18450,
2026-10-05T12:05:36.9615867Z         "mode": 420
2026-10-05T12:05:36.9616058Z       },
2026-10-05T12:05:36.9616219Z       {
2026-10-05T12:05:36.9616502Z         "path": "generated/plugins/agdf/meta/agdf-runtime-contract.md",
2026-10-05T12:05:36.9616833Z         "size": 1977,
2026-10-05T12:05:36.9617023Z         "mode": 420
2026-10-05T12:05:36.9617199Z       },
2026-10-05T12:05:36.9617367Z       {
2026-10-05T12:05:36.9617620Z         "path": "generated/plugins/agdf/meta/agdf-tenets.md",
2026-10-05T12:05:36.9617914Z         "size": 8945,
2026-10-05T12:05:36.9618197Z         "mode": 420
2026-10-05T12:05:36.9618386Z       },
2026-10-05T12:05:36.9618551Z       {
2026-10-05T12:05:36.9618885Z         "path": "generated/plugins/agdf/meta/agent-skills-conformance.json",
2026-10-05T12:05:36.9619263Z         "size": 1867,
2026-10-05T12:05:36.9619450Z         "mode": 420
2026-10-05T12:05:36.9619628Z       },
2026-10-05T12:05:36.9619795Z       {
2026-10-05T12:05:36.9620069Z         "path": "generated/plugins/agdf/meta/contracts/closeout.md",
2026-10-05T12:05:36.9620384Z         "size": 4196,
2026-10-05T12:05:36.9620577Z         "mode": 420
2026-10-05T12:05:36.9620759Z       },
2026-10-05T12:05:36.9620919Z       {
2026-10-05T12:05:36.9621211Z         "path": "generated/plugins/agdf/meta/contracts/context-graph.md",
2026-10-05T12:05:36.9621814Z         "size": 2512,
2026-10-05T12:05:36.9622137Z         "mode": 420
2026-10-05T12:05:36.9622428Z       },
2026-10-05T12:05:36.9622673Z       {
2026-10-05T12:05:36.9623166Z         "path": "generated/plugins/agdf/meta/contracts/control-scaffold.md",
2026-10-05T12:05:36.9624025Z         "size": 11537,
2026-10-05T12:05:36.9624332Z         "mode": 420
2026-10-05T12:05:36.9624608Z       },
2026-10-05T12:05:36.9624855Z       {
2026-10-05T12:05:36.9625234Z         "path": "generated/plugins/agdf/meta/contracts/gate-artifact-preparation.md",
2026-10-05T12:05:36.9625830Z         "size": 5731,
2026-10-05T12:05:36.9626131Z         "mode": 420
2026-10-05T12:05:36.9626396Z       },
2026-10-05T12:05:36.9626682Z       {
2026-10-05T12:05:36.9627115Z         "path": "generated/plugins/agdf/meta/contracts/gate-transition.md",
2026-10-05T12:05:36.9627492Z         "size": 17966,
2026-10-05T12:05:36.9627703Z         "mode": 420
2026-10-05T12:05:36.9627897Z       },
2026-10-05T12:05:36.9628063Z       {
2026-10-05T12:05:36.9628357Z         "path": "generated/plugins/agdf/meta/contracts/interaction.md",
2026-10-05T12:05:36.9628699Z         "size": 46617,
2026-10-05T12:05:36.9628892Z         "mode": 420
2026-10-05T12:05:36.9629086Z       },
2026-10-05T12:05:36.9629257Z       {
2026-10-05T12:05:36.9629527Z         "path": "generated/plugins/agdf/meta/contracts/modes.md",
2026-10-05T12:05:36.9629837Z         "size": 12906,
2026-10-05T12:05:36.9630036Z         "mode": 420
2026-10-05T12:05:36.9630208Z       },
2026-10-05T12:05:36.9630366Z       {
2026-10-05T12:05:36.9630665Z         "path": "generated/plugins/agdf/meta/contracts/prd-definition.md",
2026-10-05T12:05:36.9631008Z         "size": 5034,
2026-10-05T12:05:36.9631203Z         "mode": 420
2026-10-05T12:05:36.9631376Z       },
2026-10-05T12:05:36.9631544Z       {
2026-10-05T12:05:36.9631824Z         "path": "generated/plugins/agdf/meta/contracts/quality.md",
2026-10-05T12:05:36.9632153Z         "size": 8692,
2026-10-05T12:05:36.9632359Z         "mode": 420
2026-10-05T12:05:36.9632542Z       },
2026-10-05T12:05:36.9632749Z       {
2026-10-05T12:05:36.9633075Z         "path": "generated/plugins/agdf/meta/contracts/request-activation.md",
2026-10-05T12:05:36.9633446Z         "size": 18822,
2026-10-05T12:05:36.9633641Z         "mode": 420
2026-10-05T12:05:36.9634003Z       },
2026-10-05T12:05:36.9634176Z       {
2026-10-05T12:05:36.9634470Z         "path": "generated/plugins/agdf/meta/contracts/sd-definition.md",
2026-10-05T12:05:36.9634815Z         "size": 4617,
2026-10-05T12:05:36.9635010Z         "mode": 420
2026-10-05T12:05:36.9635185Z       },
2026-10-05T12:05:36.9635339Z       {
2026-10-05T12:05:36.9635680Z         "path": "generated/plugins/agdf/meta/contracts/task-target-resolution.md",
2026-10-05T12:05:36.9636048Z         "size": 8919,
2026-10-05T12:05:36.9636233Z         "mode": 420
2026-10-05T12:05:36.9636416Z       },
2026-10-05T12:05:36.9636585Z       {
2026-10-05T12:05:36.9636871Z         "path": "generated/plugins/agdf/meta/contracts/ur-definition.md",
2026-10-05T12:05:36.9637198Z         "size": 3139,
2026-10-05T12:05:36.9637398Z         "mode": 420
2026-10-05T12:05:36.9637574Z       },
2026-10-05T12:05:36.9637734Z       {
2026-10-05T12:05:36.9638704Z         "path": "generated/plugins/agdf/meta/copilot-payload-baseline.json",
2026-10-05T12:05:36.9639073Z         "size": 276,
2026-10-05T12:05:36.9639268Z         "mode": 420
2026-10-05T12:05:36.9639457Z       },
2026-10-05T12:05:36.9639620Z       {
2026-10-05T12:05:36.9639952Z         "path": "generated/plugins/agdf/meta/distribution-profile-history.json",
2026-10-05T12:05:36.9640325Z         "size": 4398,
2026-10-05T12:05:36.9640523Z         "mode": 420
2026-10-05T12:05:36.9640698Z       },
2026-10-05T12:05:36.9640855Z       {
2026-10-05T12:05:36.9641215Z         "path": "generated/plugins/agdf/meta/schemas/agent-plugins/1.0.0/mcp.schema.json",
2026-10-05T12:05:36.9641608Z         "size": 3408,
2026-10-05T12:05:36.9641795Z         "mode": 420
2026-10-05T12:05:36.9641976Z       },
2026-10-05T12:05:36.9642135Z       {
2026-10-05T12:05:36.9642500Z         "path": "generated/plugins/agdf/meta/schemas/agent-plugins/1.0.0/plugin.schema.json",
2026-10-05T12:05:36.9642912Z         "size": 1805,
2026-10-05T12:05:36.9643104Z         "mode": 420
2026-10-05T12:05:36.9643281Z       },
2026-10-05T12:05:36.9643444Z       {
2026-10-05T12:05:36.9644374Z         "path": "generated/plugins/agdf/meta/schemas/agent-plugins/1.0.0/provenance.json",
2026-10-05T12:05:36.9644983Z         "size": 539,
2026-10-05T12:05:36.9645175Z         "mode": 420
2026-10-05T12:05:36.9645363Z       },
2026-10-05T12:05:36.9645526Z       {
2026-10-05T12:05:36.9645756Z         "path": "generated/plugins/agdf/plugin.json",
2026-10-05T12:05:36.9646044Z         "size": 526,
2026-10-05T12:05:36.9646233Z         "mode": 420
2026-10-05T12:05:36.9646416Z       },
2026-10-05T12:05:36.9646578Z       {
2026-10-05T12:05:36.9646854Z         "path": "generated/plugins/agdf/runtime/agdf-local.js",
2026-10-05T12:05:36.9647162Z         "size": 843,
2026-10-05T12:05:36.9647348Z         "mode": 420
2026-10-05T12:05:36.9647539Z       },
2026-10-05T12:05:36.9647701Z       {
2026-10-05T12:05:36.9647997Z         "path": "generated/plugins/agdf/runtime/agdf-session-check.js",
2026-10-05T12:05:36.9648363Z         "size": 9303,
2026-10-05T12:05:36.9648559Z         "mode": 420
2026-10-05T12:05:36.9648738Z       },
2026-10-05T12:05:36.9648905Z       {
2026-10-05T12:05:36.9649253Z         "path": "generated/plugins/agdf/runtime/create-agdf/bin/agdf-validator.js",
2026-10-05T12:05:36.9649625Z         "size": 323,
2026-10-05T12:05:36.9649813Z         "mode": 420
2026-10-05T12:05:36.9650002Z       },
2026-10-05T12:05:36.9650161Z       {
2026-10-05T12:05:36.9650648Z         "path": "generated/plugins/agdf/runtime/create-agdf/generated/plugins/agdf/meta/agdf-interaction-locales.json",
2026-10-05T12:05:36.9651171Z         "size": 153294,
2026-10-05T12:05:36.9651374Z         "mode": 420
2026-10-05T12:05:36.9651555Z       },
2026-10-05T12:05:36.9651722Z       {
2026-10-05T12:05:36.9652193Z         "path": "generated/plugins/agdf/runtime/create-agdf/generated/plugins/agdf/meta/agdf-plugin.definition.json",
2026-10-05T12:05:36.9652688Z         "size": 18450,
2026-10-05T12:05:36.9652886Z         "mode": 420
2026-10-05T12:05:36.9653208Z       },
2026-10-05T12:05:36.9653370Z       {
2026-10-05T12:05:36.9653804Z         "path": "generated/plugins/agdf/runtime/create-agdf/generated/plugins/agdf/meta/contracts/closeout.md",
2026-10-05T12:05:36.9654278Z         "size": 4196,
2026-10-05T12:05:36.9654469Z         "mode": 420
2026-10-05T12:05:36.9654639Z       },
2026-10-05T12:05:36.9654801Z       {
2026-10-05T12:05:36.9655255Z         "path": "generated/plugins/agdf/runtime/create-agdf/generated/plugins/agdf/meta/contracts/context-graph.md",
2026-10-05T12:05:36.9655728Z         "size": 2512,
2026-10-05T12:05:36.9655919Z         "mode": 420
2026-10-05T12:05:36.9656090Z       },
2026-10-05T12:05:36.9656249Z       {
2026-10-05T12:05:36.9656716Z         "path": "generated/plugins/agdf/runtime/create-agdf/generated/plugins/agdf/meta/contracts/control-scaffold.md",
2026-10-05T12:05:36.9657217Z         "size": 11537,
2026-10-05T12:05:36.9657498Z         "mode": 420
2026-10-05T12:05:36.9657668Z       },
2026-10-05T12:05:36.9657830Z       {
2026-10-05T12:05:36.9658418Z         "path": "generated/plugins/agdf/runtime/create-agdf/generated/plugins/agdf/meta/contracts/gate-artifact-preparation.md",
2026-10-05T12:05:36.9659061Z         "size": 5731,
2026-10-05T12:05:36.9659350Z         "mode": 420
2026-10-05T12:05:36.9659740Z       },
2026-10-05T12:05:36.9660000Z       {
2026-10-05T12:05:36.9660571Z         "path": "generated/plugins/agdf/runtime/create-agdf/generated/plugins/agdf/meta/contracts/gate-transition.md",
2026-10-05T12:05:36.9661199Z         "size": 17966,
2026-10-05T12:05:36.9661481Z         "mode": 420
2026-10-05T12:05:36.9661777Z       },
2026-10-05T12:05:36.9662029Z       {
2026-10-05T12:05:36.9662628Z         "path": "generated/plugins/agdf/runtime/create-agdf/generated/plugins/agdf/meta/contracts/interaction.md",
2026-10-05T12:05:36.9663205Z         "size": 46617,
2026-10-05T12:05:36.9663536Z         "mode": 420
2026-10-05T12:05:36.9664159Z       },
2026-10-05T12:05:36.9664415Z       {
2026-10-05T12:05:36.9664974Z         "path": "generated/plugins/agdf/runtime/create-agdf/generated/plugins/agdf/meta/contracts/modes.md",
2026-10-05T12:05:36.9665572Z         "size": 12906,
2026-10-05T12:05:36.9665874Z         "mode": 420
2026-10-05T12:05:36.9666147Z       },
2026-10-05T12:05:36.9666434Z       {
2026-10-05T12:05:36.9667020Z         "path": "generated/plugins/agdf/runtime/create-agdf/generated/plugins/agdf/meta/contracts/prd-definition.md",
2026-10-05T12:05:36.9667600Z         "size": 5034,
2026-10-05T12:05:36.9667933Z         "mode": 420
2026-10-05T12:05:36.9682240Z       },
2026-10-05T12:05:36.9682528Z       {
2026-10-05T12:05:36.9683253Z         "path": "generated/plugins/agdf/runtime/create-agdf/generated/plugins/agdf/meta/contracts/quality.md",
2026-10-05T12:05:36.9684346Z         "size": 8692,
2026-10-05T12:05:36.9684644Z         "mode": 420
2026-10-05T12:05:36.9684907Z       },
2026-10-05T12:05:36.9685146Z       {
2026-10-05T12:05:36.9685914Z         "path": "generated/plugins/agdf/runtime/create-agdf/generated/plugins/agdf/meta/contracts/request-activation.md",
2026-10-05T12:05:36.9686760Z         "size": 18822,
2026-10-05T12:05:36.9687051Z         "mode": 420
2026-10-05T12:05:36.9687341Z       },
2026-10-05T12:05:36.9687614Z       {
2026-10-05T12:05:36.9688339Z         "path": "generated/plugins/agdf/runtime/create-agdf/generated/plugins/agdf/meta/contracts/sd-definition.md",
2026-10-05T12:05:36.9689136Z         "size": 4617,
2026-10-05T12:05:36.9689430Z         "mode": 420
2026-10-05T12:05:36.9689687Z       },
2026-10-05T12:05:36.9689937Z       {
2026-10-05T12:05:36.9690793Z         "path": "generated/plugins/agdf/runtime/create-agdf/generated/plugins/agdf/meta/contracts/task-target-resolution.md",
2026-10-05T12:05:36.9691704Z         "size": 8919,
2026-10-05T12:05:36.9692013Z         "mode": 420
2026-10-05T12:05:36.9692307Z       },
2026-10-05T12:05:36.9692561Z       {
2026-10-05T12:05:36.9693588Z         "path": "generated/plugins/agdf/runtime/create-agdf/generated/plugins/agdf/meta/contracts/ur-definition.md",
2026-10-05T12:05:36.9694447Z         "size": 3139,
2026-10-05T12:05:36.9694770Z         "mode": 420
2026-10-05T12:05:36.9695050Z       },
2026-10-05T12:05:36.9695313Z       {
2026-10-05T12:05:36.9695912Z         "path": "generated/plugins/agdf/runtime/create-agdf/lib/cli/command-registry.js",
2026-10-05T12:05:36.9696605Z         "size": 25352,
2026-10-05T12:05:36.9696897Z         "mode": 420
2026-10-05T12:05:36.9697197Z       },
2026-10-05T12:05:36.9697459Z       {
2026-10-05T12:05:36.9698067Z         "path": "generated/plugins/agdf/runtime/create-agdf/lib/cli/contract-command.js",
2026-10-05T12:05:36.9698766Z         "size": 1796,
2026-10-05T12:05:36.9699082Z         "mode": 420
2026-10-05T12:05:36.9699363Z       },
2026-10-05T12:05:36.9699602Z       {
2026-10-05T12:05:36.9700288Z         "path": "generated/plugins/agdf/runtime/create-agdf/lib/cli/control-maintenance-command.js",
2026-10-05T12:05:36.9701206Z         "size": 2514,
2026-10-05T12:05:36.9701510Z         "mode": 420
2026-10-05T12:05:36.9702212Z       },
2026-10-05T12:05:36.9702458Z       {
2026-10-05T12:05:36.9703164Z         "path": "generated/plugins/agdf/runtime/create-agdf/lib/cli/delivery-path-search-command.js",
2026-10-05T12:05:36.9703948Z         "size": 9065,
2026-10-05T12:05:36.9704246Z         "mode": 420
2026-10-05T12:05:36.9704528Z       },
2026-10-05T12:05:36.9704782Z       {
2026-10-05T12:05:36.9705332Z         "path": "generated/plugins/agdf/runtime/create-agdf/lib/cli/parse-args.js",
2026-10-05T12:05:36.9705966Z         "size": 13953,
2026-10-05T12:05:36.9706267Z         "mode": 420
2026-10-05T12:05:36.9706563Z       },
2026-10-05T12:05:36.9706807Z       {
2026-10-05T12:05:36.9707388Z         "path": "generated/plugins/agdf/runtime/create-agdf/lib/cli/runtime-context.js",
2026-10-05T12:05:36.9708057Z         "size": 2217,
2026-10-05T12:05:36.9708356Z         "mode": 420
2026-10-05T12:05:36.9708642Z       },
2026-10-05T12:05:36.9708895Z       {
2026-10-05T12:05:36.9709511Z         "path": "generated/plugins/agdf/runtime/create-agdf/lib/cli/validation-handlers.js",
2026-10-05T12:05:36.9710204Z         "size": 11734,
2026-10-05T12:05:36.9710512Z         "mode": 420
2026-10-05T12:05:36.9710791Z       },
2026-10-05T12:05:36.9711034Z       {
2026-10-05T12:05:36.9711581Z         "path": "generated/plugins/agdf/runtime/create-agdf/lib/control-command.js",
2026-10-05T12:05:36.9712227Z         "size": 413,
2026-10-05T12:05:36.9712518Z         "mode": 420
2026-10-05T12:05:36.9712792Z       },
2026-10-05T12:05:36.9713046Z       {
2026-10-05T12:05:36.9713747Z         "path": "generated/plugins/agdf/runtime/create-agdf/lib/control-evaluation/git-observation.js",
2026-10-05T12:05:36.9714512Z         "size": 641,
2026-10-05T12:05:36.9714819Z         "mode": 420
2026-10-05T12:05:36.9715096Z       },
2026-10-05T12:05:36.9715346Z       {
2026-10-05T12:05:36.9716024Z         "path": "generated/plugins/agdf/runtime/create-agdf/lib/control-maintenance/interaction.js",
2026-10-05T12:05:36.9716786Z         "size": 1279,
2026-10-05T12:05:36.9717090Z         "mode": 420
2026-10-05T12:05:36.9717370Z       },
2026-10-05T12:05:36.9717625Z       {
2026-10-05T12:05:36.9718266Z         "path": "generated/plugins/agdf/runtime/create-agdf/lib/control-maintenance/repair.js",
2026-10-05T12:05:36.9718980Z         "size": 421,
2026-10-05T12:05:36.9719282Z         "mode": 420
2026-10-05T12:05:36.9719559Z       },
2026-10-05T12:05:36.9719800Z       {
2026-10-05T12:05:36.9720451Z         "path": "generated/plugins/agdf/runtime/create-agdf/lib/control-maintenance/service.js",
2026-10-05T12:05:36.9721164Z         "size": 264,
2026-10-05T12:05:36.9721455Z         "mode": 420
2026-10-05T12:05:36.9721736Z       },
2026-10-05T12:05:36.9722242Z       {
2026-10-05T12:05:36.9722883Z         "path": "generated/plugins/agdf/runtime/create-agdf/lib/control-maintenance/startup.js",
2026-10-05T12:05:36.9723605Z         "size": 1683,
2026-10-05T12:05:36.9723912Z         "mode": 420
2026-10-05T12:05:36.9724354Z       },
2026-10-05T12:05:36.9724595Z       {
2026-10-05T12:05:36.9725193Z         "path": "generated/plugins/agdf/runtime/create-agdf/lib/control-state/run-recovery.js",
2026-10-05T12:05:36.9725926Z         "size": 526,
2026-10-05T12:05:36.9726234Z         "mode": 420
2026-10-05T12:05:36.9726538Z       },
2026-10-05T12:05:36.9726793Z       {
2026-10-05T12:05:36.9727527Z         "path": "generated/plugins/agdf/runtime/create-agdf/lib/delivery-path-search/evaluators/claude.js",
2026-10-05T12:05:36.9728336Z         "size": 1525,
2026-10-05T12:05:36.9728647Z         "mode": 420
2026-10-05T12:05:36.9728939Z       },
2026-10-05T12:05:36.9729199Z       {
2026-10-05T12:05:36.9729935Z         "path": "generated/plugins/agdf/runtime/create-agdf/lib/delivery-path-search/evaluators/codex.js",
2026-10-05T12:05:36.9730708Z         "size": 1919,
2026-10-05T12:05:36.9731016Z         "mode": 420
2026-10-05T12:05:36.9731457Z       },
2026-10-05T12:05:36.9731725Z       {
2026-10-05T12:05:36.9732465Z         "path": "generated/plugins/agdf/runtime/create-agdf/lib/delivery-path-search/evaluators/opencode.js",
2026-10-05T12:05:36.9733368Z         "size": 8924,
2026-10-05T12:05:36.9733676Z         "mode": 420
2026-10-05T12:05:36.9733958Z       },
2026-10-05T12:05:36.9734212Z       {
2026-10-05T12:05:36.9734931Z         "path": "generated/plugins/agdf/runtime/create-agdf/lib/delivery-path-search/evaluators/prompt.js",
2026-10-05T12:05:36.9735723Z         "size": 753,
2026-10-05T12:05:36.9736032Z         "mode": 420
2026-10-05T12:05:36.9736324Z       },
2026-10-05T12:05:36.9736574Z       {
2026-10-05T12:05:36.9737275Z         "path": "generated/plugins/agdf/runtime/create-agdf/lib/delivery-path-search/evaluators/protocol.js",
2026-10-05T12:05:36.9738079Z         "size": 470,
2026-10-05T12:05:36.9738375Z         "mode": 420
2026-10-05T12:05:36.9738660Z       },
2026-10-05T12:05:36.9738932Z       {
2026-10-05T12:05:36.9739650Z         "path": "generated/plugins/agdf/runtime/create-agdf/lib/delivery-path-search/generators/claude.js",
2026-10-05T12:05:36.9740434Z         "size": 2203,
2026-10-05T12:05:36.9740746Z         "mode": 420
2026-10-05T12:05:36.9741033Z       },
2026-10-05T12:05:36.9741283Z       {
2026-10-05T12:05:36.9741995Z         "path": "generated/plugins/agdf/runtime/create-agdf/lib/delivery-path-search/generators/codex.js",
2026-10-05T12:05:36.9743213Z         "size": 2187,
2026-10-05T12:05:36.9743457Z         "mode": 420
2026-10-05T12:05:36.9743661Z       },
2026-10-05T12:05:36.9743841Z       {
2026-10-05T12:05:36.9744328Z         "path": "generated/plugins/agdf/runtime/create-agdf/lib/delivery-path-search/generators/protocol.js",
2026-10-05T12:05:36.9744826Z         "size": 389,
2026-10-05T12:05:36.9745031Z         "mode": 420
2026-10-05T12:05:36.9745218Z       },
2026-10-05T12:05:36.9745383Z       {
2026-10-05T12:05:36.9745852Z         "path": "generated/plugins/agdf/runtime/create-agdf/lib/delivery-path-search/surfaces/capabilities.js",
2026-10-05T12:05:36.9746343Z         "size": 1161,
2026-10-05T12:05:36.9746536Z         "mode": 420
2026-10-05T12:05:36.9746708Z       },
2026-10-05T12:05:36.9746872Z       {
2026-10-05T12:05:36.9747373Z         "path": "generated/plugins/agdf/runtime/create-agdf/lib/delivery-path-search/transports/read-only-guard.js",
2026-10-05T12:05:36.9747871Z         "size": 1271,
2026-10-05T12:05:36.9748071Z         "mode": 420
2026-10-05T12:05:36.9748245Z       },
2026-10-05T12:05:36.9748402Z       {
2026-10-05T12:05:36.9748834Z         "path": "generated/plugins/agdf/runtime/create-agdf/lib/host-adapters/claude/session-command.js",
2026-10-05T12:05:36.9749283Z         "size": 165,
2026-10-05T12:05:36.9749476Z         "mode": 420
2026-10-05T12:05:36.9749653Z       },
2026-10-05T12:05:36.9749816Z       {
2026-10-05T12:05:36.9750230Z         "path": "generated/plugins/agdf/runtime/create-agdf/lib/host-adapters/codex/session-command.js",
2026-10-05T12:05:36.9750683Z         "size": 455,
2026-10-05T12:05:36.9750878Z         "mode": 420
2026-10-05T12:05:36.9751239Z       },
2026-10-05T12:05:36.9751414Z       {
2026-10-05T12:05:36.9751859Z         "path": "generated/plugins/agdf/runtime/create-agdf/lib/host-adapters/copilot/session-command.js",
2026-10-05T12:05:36.9752314Z         "size": 91,
2026-10-05T12:05:36.9752501Z         "mode": 420
2026-10-05T12:05:36.9752686Z       },
2026-10-05T12:05:36.9752856Z       {
2026-10-05T12:05:36.9753279Z         "path": "generated/plugins/agdf/runtime/create-agdf/lib/host-adapters/opencode/session-command.js",
2026-10-05T12:05:36.9753743Z         "size": 76,
2026-10-05T12:05:36.9753923Z         "mode": 420
2026-10-05T12:05:36.9754096Z       },
2026-10-05T12:05:36.9754257Z       {
2026-10-05T12:05:36.9754654Z         "path": "generated/plugins/agdf/runtime/create-agdf/lib/host-adapters/session-command.js",
2026-10-05T12:05:36.9755081Z         "size": 609,
2026-10-05T12:05:36.9755377Z         "mode": 420
2026-10-05T12:05:36.9755559Z       },
2026-10-05T12:05:36.9755723Z       {
2026-10-05T12:05:36.9756329Z         "path": "generated/plugins/agdf/runtime/create-agdf/lib/host-command.js",
2026-10-05T12:05:36.9756733Z         "size": 5591,
2026-10-05T12:05:36.9756929Z         "mode": 420
2026-10-05T12:05:36.9757104Z       },
2026-10-05T12:05:36.9757269Z       {
2026-10-05T12:05:36.9757628Z         "path": "generated/plugins/agdf/runtime/create-agdf/lib/mcp-dispatch-runtime.js",
2026-10-05T12:05:36.9758047Z         "size": 7671,
2026-10-05T12:05:36.9758239Z         "mode": 420
2026-10-05T12:05:36.9758420Z       },
2026-10-05T12:05:36.9758577Z       {
2026-10-05T12:05:36.9758946Z         "path": "generated/plugins/agdf/runtime/create-agdf/lib/mcp-lifecycle/package.js",
2026-10-05T12:05:36.9759362Z         "size": 16097,
2026-10-05T12:05:36.9759564Z         "mode": 420
2026-10-05T12:05:36.9759743Z       },
2026-10-05T12:05:36.9759918Z       {
2026-10-05T12:05:36.9760306Z         "path": "generated/plugins/agdf/runtime/create-agdf/lib/mcp-lifecycle/plugin-runtime.js",
2026-10-05T12:05:36.9760920Z         "size": 12833,
2026-10-05T12:05:36.9761122Z         "mode": 420
2026-10-05T12:05:36.9761298Z       },
2026-10-05T12:05:36.9761460Z       {
2026-10-05T12:05:36.9761786Z         "path": "generated/plugins/agdf/runtime/create-agdf/lib/npm-invocation.js",
2026-10-05T12:05:36.9762229Z         "size": 969,
2026-10-05T12:05:36.9762529Z         "mode": 420
2026-10-05T12:05:36.9762708Z       },
2026-10-05T12:05:36.9762875Z       {
2026-10-05T12:05:36.9763216Z         "path": "generated/plugins/agdf/runtime/create-agdf/lib/repository-context.js",
2026-10-05T12:05:36.9763599Z         "size": 3033,
2026-10-05T12:05:36.9763794Z         "mode": 420
2026-10-05T12:05:36.9763968Z       },
2026-10-05T12:05:36.9764124Z       {
2026-10-05T12:05:36.9764517Z         "path": "generated/plugins/agdf/runtime/create-agdf/lib/runtime-check-consent/contract.js",
2026-10-05T12:05:36.9764950Z         "size": 3925,
2026-10-05T12:05:36.9765131Z         "mode": 420
2026-10-05T12:05:36.9765298Z       },
2026-10-05T12:05:36.9765461Z       {
2026-10-05T12:05:36.9765851Z         "path": "generated/plugins/agdf/runtime/create-agdf/lib/runtime/control-command-service.js",
2026-10-05T12:05:36.9766299Z         "size": 607,
2026-10-05T12:05:36.9766492Z         "mode": 420
2026-10-05T12:05:36.9766667Z       },
2026-10-05T12:05:36.9766821Z       {
2026-10-05T12:05:36.9767190Z         "path": "generated/plugins/agdf/runtime/create-agdf/lib/runtime/control-context.js",
2026-10-05T12:05:36.9767585Z         "size": 904,
2026-10-05T12:05:36.9767769Z         "mode": 420
2026-10-05T12:05:36.9767945Z       },
2026-10-05T12:05:36.9768098Z       {
2026-10-05T12:05:36.9768443Z         "path": "generated/plugins/agdf/runtime/create-agdf/lib/runtime/git-history.js",
2026-10-05T12:05:36.9768822Z         "size": 510,
2026-10-05T12:05:36.9769012Z         "mode": 420
2026-10-05T12:05:36.9769184Z       },
2026-10-05T12:05:36.9769343Z       {
2026-10-05T12:05:36.9769813Z         "path": "generated/plugins/agdf/runtime/create-agdf/lib/runtime/git-originals.js",
2026-10-05T12:05:36.9770217Z         "size": 2213,
2026-10-05T12:05:36.9770407Z         "mode": 420
2026-10-05T12:05:36.9770582Z       },
2026-10-05T12:05:36.9770734Z       {
2026-10-05T12:05:36.9771079Z         "path": "generated/plugins/agdf/runtime/create-agdf/lib/runtime/local-validator.js",
2026-10-05T12:05:36.9771471Z         "size": 14029,
2026-10-05T12:05:36.9771675Z         "mode": 420
2026-10-05T12:05:36.9771847Z       },
2026-10-05T12:05:36.9772000Z       {
2026-10-05T12:05:36.9772415Z         "path": "generated/plugins/agdf/runtime/create-agdf/lib/runtime/plugin-provenance.js",
2026-10-05T12:05:36.9772831Z         "size": 57,
2026-10-05T12:05:36.9773004Z         "mode": 420
2026-10-05T12:05:36.9773172Z       },
2026-10-05T12:05:36.9773331Z       {
2026-10-05T12:05:36.9773668Z         "path": "generated/plugins/agdf/runtime/create-agdf/lib/runtime/runtime-probe.js",
2026-10-05T12:05:36.9774150Z         "size": 3045,
2026-10-05T12:05:36.9774346Z         "mode": 420
2026-10-05T12:05:36.9774518Z       },
2026-10-05T12:05:36.9774672Z       {
2026-10-05T12:05:36.9775059Z         "path": "generated/plugins/agdf/runtime/create-agdf/lib/runtime/validator-application.js",
2026-10-05T12:05:36.9775475Z         "size": 1823,
2026-10-05T12:05:36.9775656Z         "mode": 420
2026-10-05T12:05:36.9775825Z       },
2026-10-05T12:05:36.9775984Z       {
2026-10-05T12:05:36.9776329Z         "path": "generated/plugins/agdf/runtime/create-agdf/lib/skill-dispatch/binding.js",
2026-10-05T12:05:36.9776717Z         "size": 642,
2026-10-05T12:05:36.9776906Z         "mode": 420
2026-10-05T12:05:36.9777074Z       },
2026-10-05T12:05:36.9777227Z       {
2026-10-05T12:05:36.9777504Z         "path": "generated/plugins/agdf/runtime/create-agdf/NOTICE",
2026-10-05T12:05:36.9777812Z         "size": 422,
2026-10-05T12:05:36.9777996Z         "mode": 420
2026-10-05T12:05:36.9778170Z       },
2026-10-05T12:05:36.9778329Z       {
2026-10-05T12:05:36.9778623Z         "path": "generated/plugins/agdf/runtime/create-agdf/package.json",
2026-10-05T12:05:36.9778958Z         "size": 220,
2026-10-05T12:05:36.9779163Z         "mode": 420
2026-10-05T12:05:36.9779345Z       },
2026-10-05T12:05:36.9779507Z       {
2026-10-05T12:05:36.9779973Z         "path": "generated/plugins/agdf/runtime/create-agdf/runtime/core/lib/control-evaluation/delivery-map.js",
2026-10-05T12:05:36.9780666Z         "size": 13111,
2026-10-05T12:05:36.9780864Z         "mode": 420
2026-10-05T12:05:36.9781042Z       },
2026-10-05T12:05:36.9781199Z       {
2026-10-05T12:05:36.9781695Z         "path": "generated/plugins/agdf/runtime/create-agdf/runtime/core/lib/control-evaluation/delivery-relationships.js",
2026-10-05T12:05:36.9782213Z         "size": 1370,
2026-10-05T12:05:36.9782516Z         "mode": 420
2026-10-05T12:05:36.9782745Z       },
2026-10-05T12:05:36.9782898Z       {
2026-10-05T12:05:36.9783337Z         "path": "generated/plugins/agdf/runtime/create-agdf/runtime/core/lib/control-evaluation/doctor.js",
2026-10-05T12:05:36.9783789Z         "size": 14393,
2026-10-05T12:05:36.9783972Z         "mode": 420
2026-10-05T12:05:36.9784155Z       },
2026-10-05T12:05:36.9784310Z       {
2026-10-05T12:05:36.9784736Z         "path": "generated/plugins/agdf/runtime/create-agdf/runtime/core/lib/control-evaluation/gate-check.js",
2026-10-05T12:05:36.9785194Z         "size": 37366,
2026-10-05T12:05:36.9785381Z         "mode": 420
2026-10-05T12:05:36.9785552Z       },
2026-10-05T12:05:36.9785711Z       {
2026-10-05T12:05:36.9786137Z         "path": "generated/plugins/agdf/runtime/create-agdf/runtime/core/lib/control-evaluation/gate-policy.js",
2026-10-05T12:05:36.9786602Z         "size": 17824,
2026-10-05T12:05:36.9786782Z         "mode": 420
2026-10-05T12:05:36.9786962Z       },
2026-10-05T12:05:36.9787118Z       {
2026-10-05T12:05:36.9787591Z         "path": "generated/plugins/agdf/runtime/create-agdf/runtime/core/lib/control-evaluation/parent-reconciliation.js",
2026-10-05T12:05:36.9788790Z         "size": 10121,
2026-10-05T12:05:36.9788990Z         "mode": 420
2026-10-05T12:05:36.9789160Z       },
2026-10-05T12:05:36.9789321Z       {
2026-10-05T12:05:36.9789756Z         "path": "generated/plugins/agdf/runtime/create-agdf/runtime/core/lib/control-evaluation/prd-readiness.js",
2026-10-05T12:05:36.9790223Z         "size": 2268,
2026-10-05T12:05:36.9790415Z         "mode": 420
2026-10-05T12:05:36.9790581Z       },
2026-10-05T12:05:36.9790735Z       {
2026-10-05T12:05:36.9791173Z         "path": "generated/plugins/agdf/runtime/create-agdf/runtime/core/lib/control-evaluation/required-files.js",
2026-10-05T12:05:36.9791965Z         "size": 337,
2026-10-05T12:05:36.9792154Z         "mode": 420
2026-10-05T12:05:36.9792323Z       },
2026-10-05T12:05:36.9792484Z       {
2026-10-05T12:05:36.9792913Z         "path": "generated/plugins/agdf/runtime/create-agdf/runtime/core/lib/control-evaluation/run-state.js",
2026-10-05T12:05:36.9793480Z         "size": 11605,
2026-10-05T12:05:36.9793678Z         "mode": 420
2026-10-05T12:05:36.9793853Z       },
2026-10-05T12:05:36.9794009Z       {
2026-10-05T12:05:36.9794471Z         "path": "generated/plugins/agdf/runtime/create-agdf/runtime/core/lib/control-evaluation/run-step-policy.js",
2026-10-05T12:05:36.9794952Z         "size": 1382,
2026-10-05T12:05:36.9795137Z         "mode": 420
2026-10-05T12:05:36.9795315Z       },
2026-10-05T12:05:36.9795472Z       {
2026-10-05T12:05:36.9795911Z         "path": "generated/plugins/agdf/runtime/create-agdf/runtime/core/lib/control-evaluation/sd-readiness.js",
2026-10-05T12:05:36.9796380Z         "size": 2561,
2026-10-05T12:05:36.9796562Z         "mode": 420
2026-10-05T12:05:36.9796736Z       },
2026-10-05T12:05:36.9796887Z       {
2026-10-05T12:05:36.9797300Z         "path": "generated/plugins/agdf/runtime/create-agdf/runtime/core/lib/control-evaluation/shared.js",
2026-10-05T12:05:36.9797748Z         "size": 10972,
2026-10-05T12:05:36.9797932Z         "mode": 420
2026-10-05T12:05:36.9798115Z       },
2026-10-05T12:05:36.9798270Z       {
2026-10-05T12:05:36.9798749Z         "path": "generated/plugins/agdf/runtime/create-agdf/runtime/core/lib/control-evaluation/traceability-readiness.js",
2026-10-05T12:05:36.9799264Z         "size": 13831,
2026-10-05T12:05:36.9799451Z         "mode": 420
2026-10-05T12:05:36.9799626Z       },
2026-10-05T12:05:36.9799777Z       {
2026-10-05T12:05:36.9800213Z         "path": "generated/plugins/agdf/runtime/create-agdf/runtime/core/lib/control-evaluation/ur-readiness.js",
2026-10-05T12:05:36.9800866Z         "size": 2045,
2026-10-05T12:05:36.9801055Z         "mode": 420
2026-10-05T12:05:36.9801239Z       },
2026-10-05T12:05:36.9801396Z       {
2026-10-05T12:05:36.9801845Z         "path": "generated/plugins/agdf/runtime/create-agdf/runtime/core/lib/control-evaluation/verified-change.js",
2026-10-05T12:05:36.9802329Z         "size": 12119,
2026-10-05T12:05:36.9802623Z         "mode": 420
2026-10-05T12:05:36.9802879Z       },
2026-10-05T12:05:36.9803038Z       {
2026-10-05T12:05:36.9803463Z         "path": "generated/plugins/agdf/runtime/create-agdf/runtime/core/lib/control-inspect/contract.js",
2026-10-05T12:05:36.9803903Z         "size": 13500,
2026-10-05T12:05:36.9804093Z         "mode": 420
2026-10-05T12:05:36.9804268Z       },
2026-10-05T12:05:36.9804424Z       {
2026-10-05T12:05:36.9804837Z         "path": "generated/plugins/agdf/runtime/create-agdf/runtime/core/lib/control-inspect/selection.js",
2026-10-05T12:05:36.9805291Z         "size": 1788,
2026-10-05T12:05:36.9805480Z         "mode": 420
2026-10-05T12:05:36.9805655Z       },
2026-10-05T12:05:36.9805820Z       {
2026-10-05T12:05:36.9806227Z         "path": "generated/plugins/agdf/runtime/create-agdf/runtime/core/lib/control-inspect/service.js",
2026-10-05T12:05:36.9806667Z         "size": 12577,
2026-10-05T12:05:36.9806859Z         "mode": 420
2026-10-05T12:05:36.9807034Z       },
2026-10-05T12:05:36.9807192Z       {
2026-10-05T12:05:36.9807738Z         "path": "generated/plugins/agdf/runtime/create-agdf/runtime/core/lib/control-maintenance/compatibility.js",
2026-10-05T12:05:36.9808225Z         "size": 8412,
2026-10-05T12:05:36.9808411Z         "mode": 420
2026-10-05T12:05:36.9808589Z       },
2026-10-05T12:05:36.9808742Z       {
2026-10-05T12:05:36.9809161Z         "path": "generated/plugins/agdf/runtime/create-agdf/runtime/core/lib/control-maintenance/contract.js",
2026-10-05T12:05:36.9809614Z         "size": 2342,
2026-10-05T12:05:36.9809801Z         "mode": 420
2026-10-05T12:05:36.9809869Z       },
2026-10-05T12:05:36.9809947Z       {
2026-10-05T12:05:36.9810296Z         "path": "generated/plugins/agdf/runtime/create-agdf/runtime/core/lib/control-maintenance/interaction.js",
2026-10-05T12:05:36.9810373Z         "size": 3207,
2026-10-05T12:05:36.9810444Z         "mode": 420
2026-10-05T12:05:36.9810518Z       },
2026-10-05T12:05:36.9810587Z       {
2026-10-05T12:05:36.9811027Z         "path": "generated/plugins/agdf/runtime/create-agdf/runtime/core/lib/control-maintenance/migration.js",
2026-10-05T12:05:36.9811108Z         "size": 5383,
2026-10-05T12:05:36.9811187Z         "mode": 420
2026-10-05T12:05:36.9811260Z       },
2026-10-05T12:05:36.9811327Z       {
2026-10-05T12:05:36.9811683Z         "path": "generated/plugins/agdf/runtime/create-agdf/runtime/core/lib/control-maintenance/presentation.js",
2026-10-05T12:05:36.9811761Z         "size": 8246,
2026-10-05T12:05:36.9811830Z         "mode": 420
2026-10-05T12:05:36.9811905Z       },
2026-10-05T12:05:36.9811979Z       {
2026-10-05T12:05:36.9812311Z         "path": "generated/plugins/agdf/runtime/create-agdf/runtime/core/lib/control-maintenance/repair.js",
2026-10-05T12:05:36.9812387Z         "size": 13216,
2026-10-05T12:05:36.9812467Z         "mode": 420
2026-10-05T12:05:36.9812537Z       },
2026-10-05T12:05:36.9812603Z       {
2026-10-05T12:05:36.9812934Z         "path": "generated/plugins/agdf/runtime/create-agdf/runtime/core/lib/control-maintenance/service.js",
2026-10-05T12:05:36.9813019Z         "size": 2412,
2026-10-05T12:05:36.9813091Z         "mode": 420
2026-10-05T12:05:36.9813166Z       },
2026-10-05T12:05:36.9813241Z       {
2026-10-05T12:05:36.9813557Z         "path": "generated/plugins/agdf/runtime/create-agdf/runtime/core/lib/control-read-boundary.js",
2026-10-05T12:05:36.9813629Z         "size": 906,
2026-10-05T12:05:36.9813708Z         "mode": 420
2026-10-05T12:05:36.9813780Z       },
2026-10-05T12:05:36.9813847Z       {
2026-10-05T12:05:36.9814168Z         "path": "generated/plugins/agdf/runtime/create-agdf/runtime/core/lib/control-state/aggregate.js",
2026-10-05T12:05:36.9814245Z         "size": 503,
2026-10-05T12:05:36.9814322Z         "mode": 420
2026-10-05T12:05:36.9814389Z       },
2026-10-05T12:05:36.9814461Z       {
2026-10-05T12:05:36.9814852Z         "path": "generated/plugins/agdf/runtime/create-agdf/runtime/core/lib/control-state/approval-command-contract.js",
2026-10-05T12:05:36.9814929Z         "size": 3748,
2026-10-05T12:05:36.9815008Z         "mode": 420
2026-10-05T12:05:36.9815087Z       },
2026-10-05T12:05:36.9815155Z       {
2026-10-05T12:05:36.9815501Z         "path": "generated/plugins/agdf/runtime/create-agdf/runtime/core/lib/control-state/approval-command.js",
2026-10-05T12:05:36.9815579Z         "size": 8139,
2026-10-05T12:05:36.9815657Z         "mode": 420
2026-10-05T12:05:36.9815726Z       },
2026-10-05T12:05:36.9815803Z       {
2026-10-05T12:05:36.9816161Z         "path": "generated/plugins/agdf/runtime/create-agdf/runtime/core/lib/control-state/approval-operations.js",
2026-10-05T12:05:36.9816235Z         "size": 6088,
2026-10-05T12:05:36.9816313Z         "mode": 420
2026-10-05T12:05:36.9816387Z       },
2026-10-05T12:05:36.9816460Z       {
2026-10-05T12:05:36.9816826Z         "path": "generated/plugins/agdf/runtime/create-agdf/runtime/core/lib/control-state/artefact-binding-proof.js",
2026-10-05T12:05:36.9816906Z         "size": 4880,
2026-10-05T12:05:36.9816988Z         "mode": 420
2026-10-05T12:05:36.9817055Z       },
2026-10-05T12:05:36.9817220Z       {
2026-10-05T12:05:36.9817576Z         "path": "generated/plugins/agdf/runtime/create-agdf/runtime/core/lib/control-state/artefact-bindings.js",
2026-10-05T12:05:36.9817657Z         "size": 6925,
2026-10-05T12:05:36.9817726Z         "mode": 420
2026-10-05T12:05:36.9817806Z       },
2026-10-05T12:05:36.9817879Z       {
2026-10-05T12:05:36.9818209Z         "path": "generated/plugins/agdf/runtime/create-agdf/runtime/core/lib/control-state/contained-file.js",
2026-10-05T12:05:36.9818291Z         "size": 2204,
2026-10-05T12:05:36.9818368Z         "mode": 420
2026-10-05T12:05:36.9818440Z       },
2026-10-05T12:05:36.9818506Z       {
2026-10-05T12:05:36.9818870Z         "path": "generated/plugins/agdf/runtime/create-agdf/runtime/core/lib/control-state/control-configuration.js",
2026-10-05T12:05:36.9818947Z         "size": 1072,
2026-10-05T12:05:36.9819019Z         "mode": 420
2026-10-05T12:05:36.9819173Z       },
2026-10-05T12:05:36.9819243Z       {
2026-10-05T12:05:36.9819620Z         "path": "generated/plugins/agdf/runtime/create-agdf/runtime/core/lib/control-state/gate-approval-validator.js",
2026-10-05T12:05:36.9819701Z         "size": 1704,
2026-10-05T12:05:36.9819780Z         "mode": 420
2026-10-05T12:05:36.9819856Z       },
2026-10-05T12:05:36.9819921Z       {
2026-10-05T12:05:36.9820230Z         "path": "generated/plugins/agdf/runtime/create-agdf/runtime/core/lib/control-state/index.js",
2026-10-05T12:05:36.9820312Z         "size": 346,
2026-10-05T12:05:36.9820385Z         "mode": 420
2026-10-05T12:05:36.9820459Z       },
2026-10-05T12:05:36.9820530Z       {
2026-10-05T12:05:36.9821084Z         "path": "generated/plugins/agdf/runtime/create-agdf/runtime/core/lib/control-state/legacy-migration.js",
2026-10-05T12:05:36.9821159Z         "size": 3088,
2026-10-05T12:05:36.9821242Z         "mode": 420
2026-10-05T12:05:36.9821315Z       },
2026-10-05T12:05:36.9821385Z       {
2026-10-05T12:05:36.9821792Z         "path": "generated/plugins/agdf/runtime/create-agdf/runtime/core/lib/control-state/legacy-projection-reader.js",
2026-10-05T12:05:36.9821873Z         "size": 1984,
2026-10-05T12:05:36.9821949Z         "mode": 420
2026-10-05T12:05:36.9822017Z       },
2026-10-05T12:05:36.9822092Z       {
2026-10-05T12:05:36.9822467Z         "path": "generated/plugins/agdf/runtime/create-agdf/runtime/core/lib/control-state/run-artefact-recording.js",
2026-10-05T12:05:36.9822539Z         "size": 6620,
2026-10-05T12:05:36.9822666Z         "mode": 420
2026-10-05T12:05:36.9822789Z       },
2026-10-05T12:05:36.9822898Z       {
2026-10-05T12:05:36.9823548Z         "path": "generated/plugins/agdf/runtime/create-agdf/runtime/core/lib/control-state/run-identity.js",
2026-10-05T12:05:36.9823635Z         "size": 573,
2026-10-05T12:05:36.9823713Z         "mode": 420
2026-10-05T12:05:36.9823782Z       },
2026-10-05T12:05:36.9823858Z       {
2026-10-05T12:05:36.9824707Z         "path": "generated/plugins/agdf/runtime/create-agdf/runtime/core/lib/control-state/run-presentation-render.js",
2026-10-05T12:05:36.9824802Z         "size": 17579,
2026-10-05T12:05:36.9824876Z         "mode": 420
2026-10-05T12:05:36.9824951Z       },
2026-10-05T12:05:36.9825028Z       {
2026-10-05T12:05:36.9825382Z         "path": "generated/plugins/agdf/runtime/create-agdf/runtime/core/lib/control-state/run-presentation.js",
2026-10-05T12:05:36.9825464Z         "size": 6777,
2026-10-05T12:05:36.9825541Z         "mode": 420
2026-10-05T12:05:36.9825608Z       },
2026-10-05T12:05:36.9825681Z       {
2026-10-05T12:05:36.9826020Z         "path": "generated/plugins/agdf/runtime/create-agdf/runtime/core/lib/control-state/run-recording.js",
2026-10-05T12:05:36.9826100Z         "size": 10751,
2026-10-05T12:05:36.9826171Z         "mode": 420
2026-10-05T12:05:36.9826246Z       },
2026-10-05T12:05:36.9826321Z       {
2026-10-05T12:05:36.9826643Z         "path": "generated/plugins/agdf/runtime/create-agdf/runtime/core/lib/control-state/run-recovery.js",
2026-10-05T12:05:36.9826730Z         "size": 17891,
2026-10-05T12:05:36.9826914Z         "mode": 420
2026-10-05T12:05:36.9826990Z       },
2026-10-05T12:05:36.9827057Z       {
2026-10-05T12:05:36.9827460Z         "path": "generated/plugins/agdf/runtime/create-agdf/runtime/core/lib/control-state/run-relationship-correction.js",
2026-10-05T12:05:36.9827540Z         "size": 5721,
2026-10-05T12:05:36.9827611Z         "mode": 420
2026-10-05T12:05:36.9827689Z       },
2026-10-05T12:05:36.9827760Z       {
2026-10-05T12:05:36.9828115Z         "path": "generated/plugins/agdf/runtime/create-agdf/runtime/core/lib/control-state/run-revision-history.js",
2026-10-05T12:05:36.9828198Z         "size": 9598,
2026-10-05T12:05:36.9828275Z         "mode": 420
2026-10-05T12:05:36.9828347Z       },
2026-10-05T12:05:36.9828415Z       {
2026-10-05T12:05:36.9828738Z         "path": "generated/plugins/agdf/runtime/create-agdf/runtime/core/lib/control-state/run-revision.js",
2026-10-05T12:05:36.9829088Z         "size": 24412,
2026-10-05T12:05:36.9829164Z         "mode": 420
2026-10-05T12:05:36.9829244Z       },
2026-10-05T12:05:36.9829320Z       {
2026-10-05T12:05:36.9829652Z         "path": "generated/plugins/agdf/runtime/create-agdf/runtime/core/lib/control-state/run-seal.js",
2026-10-05T12:05:36.9829726Z         "size": 7838,
2026-10-05T12:05:36.9829805Z         "mode": 420
2026-10-05T12:05:36.9829877Z       },
2026-10-05T12:05:36.9829946Z       {
2026-10-05T12:05:36.9830306Z         "path": "generated/plugins/agdf/runtime/create-agdf/runtime/core/lib/control-state/run-source-revisions.js",
2026-10-05T12:05:36.9830382Z         "size": 9961,
2026-10-05T12:05:36.9830460Z         "mode": 420
2026-10-05T12:05:36.9830536Z       },
2026-10-05T12:05:36.9830612Z       {
2026-10-05T12:05:36.9830957Z         "path": "generated/plugins/agdf/runtime/create-agdf/runtime/core/lib/control-state/run-state-edits.js",
2026-10-05T12:05:36.9831032Z         "size": 6233,
2026-10-05T12:05:36.9831117Z         "mode": 420
2026-10-05T12:05:36.9831188Z       },
2026-10-05T12:05:36.9831260Z       {
2026-10-05T12:05:36.9831607Z         "path": "generated/plugins/agdf/runtime/create-agdf/runtime/core/lib/control-state/run-state-parser.js",
2026-10-05T12:05:36.9831687Z         "size": 12277,
2026-10-05T12:05:36.9831761Z         "mode": 420
2026-10-05T12:05:36.9831828Z       },
2026-10-05T12:05:36.9831901Z       {
2026-10-05T12:05:36.9832240Z         "path": "generated/plugins/agdf/runtime/create-agdf/runtime/core/lib/control-state/run-state-reader.js",
2026-10-05T12:05:36.9832313Z         "size": 1875,
2026-10-05T12:05:36.9832393Z         "mode": 420
2026-10-05T12:05:36.9832464Z       },
2026-10-05T12:05:36.9832539Z       {
2026-10-05T12:05:36.9832891Z         "path": "generated/plugins/agdf/runtime/create-agdf/runtime/core/lib/control-state/run-state-repository.js",
2026-10-05T12:05:36.9832971Z         "size": 6390,
2026-10-05T12:05:36.9833049Z         "mode": 420
2026-10-05T12:05:36.9833122Z       },
2026-10-05T12:05:36.9833196Z       {
2026-10-05T12:05:36.9833556Z         "path": "generated/plugins/agdf/runtime/create-agdf/runtime/core/lib/control-state/run-state-resolver.js",
2026-10-05T12:05:36.9833635Z         "size": 1371,
2026-10-05T12:05:36.9833707Z         "mode": 420
2026-10-05T12:05:36.9833779Z       },
2026-10-05T12:05:36.9833851Z       {
2026-10-05T12:05:36.9834181Z         "path": "generated/plugins/agdf/runtime/create-agdf/runtime/core/lib/control-state/run-state-writer.js",
2026-10-05T12:05:36.9834263Z         "size": 16219,
2026-10-05T12:05:36.9834343Z         "mode": 420
2026-10-05T12:05:36.9834409Z       },
2026-10-05T12:05:36.9834483Z       {
2026-10-05T12:05:36.9834866Z         "path": "generated/plugins/agdf/runtime/create-agdf/runtime/core/lib/control-state/run-step-pending.js",
2026-10-05T12:05:36.9834947Z         "size": 620,
2026-10-05T12:05:36.9835019Z         "mode": 420
2026-10-05T12:05:36.9835092Z       },
2026-10-05T12:05:36.9835169Z       {
2026-10-05T12:05:36.9835616Z         "path": "generated/plugins/agdf/runtime/create-agdf/runtime/core/lib/control-state/run-step-transaction.js",
2026-10-05T12:05:36.9835695Z         "size": 15958,
2026-10-05T12:05:36.9835774Z         "mode": 420
2026-10-05T12:05:36.9835846Z       },
2026-10-05T12:05:36.9835913Z       {
2026-10-05T12:05:36.9836242Z         "path": "generated/plugins/agdf/runtime/create-agdf/runtime/core/lib/control-state/run-steps.js",
2026-10-05T12:05:36.9836322Z         "size": 15588,
2026-10-05T12:05:36.9836394Z         "mode": 420
2026-10-05T12:05:36.9836468Z       },
2026-10-05T12:05:36.9836540Z       {
2026-10-05T12:05:36.9836894Z         "path": "generated/plugins/agdf/runtime/create-agdf/runtime/core/lib/control-state/run-store-inspection.js",
2026-10-05T12:05:36.9836970Z         "size": 2164,
2026-10-05T12:05:36.9837050Z         "mode": 420
2026-10-05T12:05:36.9837123Z       },
2026-10-05T12:05:36.9837194Z       {
2026-10-05T12:05:36.9837550Z         "path": "generated/plugins/agdf/runtime/create-agdf/runtime/core/lib/delivery-continuation/service.js",
2026-10-05T12:05:36.9837720Z         "size": 3947,
2026-10-05T12:05:36.9837794Z         "mode": 420
2026-10-05T12:05:36.9837871Z       },
2026-10-05T12:05:36.9837943Z       {
2026-10-05T12:05:36.9838327Z         "path": "generated/plugins/agdf/runtime/create-agdf/runtime/core/lib/delivery-path-search/candidate-policy.js",
2026-10-05T12:05:36.9838401Z         "size": 3919,
2026-10-05T12:05:36.9838481Z         "mode": 420
2026-10-05T12:05:36.9838554Z       },
2026-10-05T12:05:36.9838620Z       {
2026-10-05T12:05:36.9838967Z         "path": "generated/plugins/agdf/runtime/create-agdf/runtime/core/lib/delivery-path-search/contracts.js",
2026-10-05T12:05:36.9839046Z         "size": 15955,
2026-10-05T12:05:36.9839123Z         "mode": 420
2026-10-05T12:05:36.9839192Z       },
2026-10-05T12:05:36.9839267Z       {
2026-10-05T12:05:36.9839622Z         "path": "generated/plugins/agdf/runtime/create-agdf/runtime/core/lib/delivery-path-search/persistence.js",
2026-10-05T12:05:36.9839698Z         "size": 2521,
2026-10-05T12:05:36.9839780Z         "mode": 420
2026-10-05T12:05:36.9839850Z       },
2026-10-05T12:05:36.9839922Z       {
2026-10-05T12:05:36.9840251Z         "path": "generated/plugins/agdf/runtime/create-agdf/runtime/core/lib/delivery-path-search/scoring.js",
2026-10-05T12:05:36.9840329Z         "size": 824,
2026-10-05T12:05:36.9840404Z         "mode": 420
2026-10-05T12:05:36.9840471Z       },
2026-10-05T12:05:36.9840544Z       {
2026-10-05T12:05:36.9841122Z         "path": "generated/plugins/agdf/runtime/create-agdf/runtime/core/lib/delivery-path-search/search-engine.js",
2026-10-05T12:05:36.9841206Z         "size": 11244,
2026-10-05T12:05:36.9841277Z         "mode": 420
2026-10-05T12:05:36.9841347Z       },
2026-10-05T12:05:36.9841420Z       {
2026-10-05T12:05:36.9841775Z         "path": "generated/plugins/agdf/runtime/create-agdf/runtime/core/lib/delivery-path-search/state-adapter.js",
2026-10-05T12:05:36.9841861Z         "size": 4596,
2026-10-05T12:05:36.9841937Z         "mode": 420
2026-10-05T12:05:36.9842010Z       },
2026-10-05T12:05:36.9842086Z       {
2026-10-05T12:05:36.9842351Z         "path": "generated/plugins/agdf/runtime/create-agdf/runtime/core/lib/fs-swap.js",
2026-10-05T12:05:36.9842431Z         "size": 916,
2026-10-05T12:05:36.9842501Z         "mode": 420
2026-10-05T12:05:36.9842575Z       },
2026-10-05T12:05:36.9842649Z       {
2026-10-05T12:05:36.9843032Z         "path": "generated/plugins/agdf/runtime/create-agdf/runtime/core/lib/index.js",
2026-10-05T12:05:36.9843165Z         "size": 954,
2026-10-05T12:05:36.9843242Z         "mode": 420
2026-10-05T12:05:36.9843310Z       },
2026-10-05T12:05:36.9843385Z       {
2026-10-05T12:05:36.9843750Z         "path": "generated/plugins/agdf/runtime/create-agdf/runtime/core/lib/interaction-catalog-validation.js",
2026-10-05T12:05:36.9843829Z         "size": 1453,
2026-10-05T12:05:36.9843900Z         "mode": 420
2026-10-05T12:05:36.9843977Z       },
2026-10-05T12:05:36.9844053Z       {
2026-10-05T12:05:36.9844468Z         "path": "generated/plugins/agdf/runtime/create-agdf/runtime/core/lib/interaction-catalog.js",
2026-10-05T12:05:36.9844554Z         "size": 3628,
2026-10-05T12:05:36.9844632Z         "mode": 420
2026-10-05T12:05:36.9844705Z       },
2026-10-05T12:05:36.9844773Z       {
2026-10-05T12:05:36.9845110Z         "path": "generated/plugins/agdf/runtime/create-agdf/runtime/core/lib/interaction-presentation.js",
2026-10-05T12:05:36.9845190Z         "size": 65120,
2026-10-05T12:05:36.9845260Z         "mode": 420
2026-10-05T12:05:36.9845334Z       },
2026-10-05T12:05:36.9845407Z       {
2026-10-05T12:05:36.9845740Z         "path": "generated/plugins/agdf/runtime/create-agdf/runtime/core/lib/repository-context-reader.js",
2026-10-05T12:05:36.9845813Z         "size": 3135,
2026-10-05T12:05:36.9845893Z         "mode": 420
2026-10-05T12:05:36.9845963Z       },
2026-10-05T12:05:36.9846030Z       {
2026-10-05T12:05:36.9846428Z         "path": "generated/plugins/agdf/runtime/create-agdf/runtime/core/lib/resources/binding.js",
2026-10-05T12:05:36.9846509Z         "size": 303,
2026-10-05T12:05:36.9846580Z         "mode": 420
2026-10-05T12:05:36.9846653Z       },
2026-10-05T12:05:36.9846728Z       {
2026-10-05T12:05:36.9847013Z         "path": "generated/plugins/agdf/runtime/create-agdf/runtime/core/lib/resources/context.js",
2026-10-05T12:05:36.9847086Z         "size": 3469,
2026-10-05T12:05:36.9847164Z         "mode": 420
2026-10-05T12:05:36.9847236Z       },
2026-10-05T12:05:36.9847302Z       {
2026-10-05T12:05:36.9847606Z         "path": "generated/plugins/agdf/runtime/create-agdf/runtime/core/lib/resources/contracts.js",
2026-10-05T12:05:36.9847683Z         "size": 1513,
2026-10-05T12:05:36.9847758Z         "mode": 420
2026-10-05T12:05:36.9847822Z       },
2026-10-05T12:05:36.9847898Z       {
2026-10-05T12:05:36.9848271Z         "path": "generated/plugins/agdf/runtime/create-agdf/runtime/core/lib/runtime/distribution-profile-history.js",
2026-10-05T12:05:36.9848348Z         "size": 6077,
2026-10-05T12:05:36.9848429Z         "mode": 420
2026-10-05T12:05:36.9848502Z       },
2026-10-05T12:05:36.9848571Z       {
2026-10-05T12:05:36.9848897Z         "path": "generated/plugins/agdf/runtime/create-agdf/runtime/core/lib/runtime/plugin-provenance.js",
2026-10-05T12:05:36.9848975Z         "size": 20490,
2026-10-05T12:05:36.9849054Z         "mode": 420
2026-10-05T12:05:36.9849122Z       },
2026-10-05T12:05:36.9849196Z       {
2026-10-05T12:05:36.9849513Z         "path": "generated/plugins/agdf/runtime/create-agdf/runtime/core/lib/skill-dispatch/binding.js",
2026-10-05T12:05:36.9849588Z         "size": 3647,
2026-10-05T12:05:36.9849665Z         "mode": 420
2026-10-05T12:05:36.9849737Z       },
2026-10-05T12:05:36.9849808Z       {
2026-10-05T12:05:36.9850124Z         "path": "generated/plugins/agdf/runtime/create-agdf/runtime/core/lib/skill-dispatch/contract.js",
2026-10-05T12:05:36.9850206Z         "size": 27887,
2026-10-05T12:05:36.9850290Z         "mode": 420
2026-10-05T12:05:36.9850358Z       },
2026-10-05T12:05:36.9850436Z       {
2026-10-05T12:05:36.9850782Z         "path": "generated/plugins/agdf/runtime/create-agdf/runtime/core/lib/skill-dispatch/delivery-intake.js",
2026-10-05T12:05:36.9850860Z         "size": 4635,
2026-10-05T12:05:36.9850931Z         "mode": 420
2026-10-05T12:05:36.9851004Z       },
2026-10-05T12:05:36.9851078Z       {
2026-10-05T12:05:36.9851460Z         "path": "generated/plugins/agdf/runtime/create-agdf/runtime/core/lib/skill-dispatch/delivery-run-assignment.js",
2026-10-05T12:05:36.9851538Z         "size": 4578,
2026-10-05T12:05:36.9851613Z         "mode": 420
2026-10-05T12:05:36.9851678Z       },
2026-10-05T12:05:36.9851752Z       {
2026-10-05T12:05:36.9852091Z         "path": "generated/plugins/agdf/runtime/create-agdf/runtime/core/lib/skill-dispatch/prd-definition.js",
2026-10-05T12:05:36.9852169Z         "size": 2845,
2026-10-05T12:05:36.9852240Z         "mode": 420
2026-10-05T12:05:36.9852319Z       },
2026-10-05T12:05:36.9852391Z       {
2026-10-05T12:05:36.9852808Z         "path": "generated/plugins/agdf/runtime/create-agdf/runtime/core/lib/skill-dispatch/sd-definition.js",
2026-10-05T12:05:36.9852889Z         "size": 2900,
2026-10-05T12:05:36.9852965Z         "mode": 420
2026-10-05T12:05:36.9853038Z       },
2026-10-05T12:05:36.9853105Z       {
2026-10-05T12:05:36.9853417Z         "path": "generated/plugins/agdf/runtime/create-agdf/runtime/core/lib/skill-dispatch/service.js",
2026-10-05T12:05:36.9853494Z         "size": 40882,
2026-10-05T12:05:36.9853567Z         "mode": 420
2026-10-05T12:05:36.9853641Z       },
2026-10-05T12:05:36.9853716Z       {
2026-10-05T12:05:36.9854025Z         "path": "generated/plugins/agdf/runtime/create-agdf/runtime/core/lib/task-target-resolution.js",
2026-10-05T12:05:36.9854097Z         "size": 8096,
2026-10-05T12:05:36.9854171Z         "mode": 420
2026-10-05T12:05:36.9854241Z       },
2026-10-05T12:05:36.9854386Z       {
2026-10-05T12:05:36.9854594Z         "path": "generated/plugins/agdf/runtime/runtime-manifest.json",
2026-10-05T12:05:36.9854676Z         "size": 236,
2026-10-05T12:05:36.9854748Z         "mode": 420
2026-10-05T12:05:36.9854823Z       },
2026-10-05T12:05:36.9854898Z       {
2026-10-05T12:05:36.9855124Z         "path": "generated/plugins/agdf/scripts/agent-skills-conformance.mjs",
2026-10-05T12:05:36.9855196Z         "size": 24427,
2026-10-05T12:05:36.9855273Z         "mode": 420
2026-10-05T12:05:36.9855343Z       },
2026-10-05T12:05:36.9855408Z       {
2026-10-05T12:05:36.9855627Z         "path": "generated/plugins/agdf/scripts/check-runtime-integrity.mjs",
2026-10-05T12:05:36.9855710Z         "size": 130053,
2026-10-05T12:05:36.9855779Z         "mode": 420
2026-10-05T12:05:36.9855854Z       },
2026-10-05T12:05:36.9855929Z       {
2026-10-05T12:05:36.9856146Z         "path": "generated/plugins/agdf/scripts/instruction-footprint.mjs",
2026-10-05T12:05:36.9856218Z         "size": 41754,
2026-10-05T12:05:36.9856301Z         "mode": 420
2026-10-05T12:05:36.9856373Z       },
2026-10-05T12:05:36.9856442Z       {
2026-10-05T12:05:36.9856658Z         "path": "generated/plugins/agdf/skills/brownfield-analysis/help.md",
2026-10-05T12:05:36.9856742Z         "size": 497,
2026-10-05T12:05:36.9856817Z         "mode": 420
2026-10-05T12:05:36.9856887Z       },
2026-10-05T12:05:36.9856958Z       {
2026-10-05T12:05:36.9857175Z         "path": "generated/plugins/agdf/skills/brownfield-analysis/SKILL.md",
2026-10-05T12:05:36.9857250Z         "size": 15519,
2026-10-05T12:05:36.9857327Z         "mode": 420
2026-10-05T12:05:36.9857399Z       },
2026-10-05T12:05:36.9857465Z       {
2026-10-05T12:05:36.9857720Z         "path": "generated/plugins/agdf/skills/clean-implementation-review/help.md",
2026-10-05T12:05:36.9857800Z         "size": 520,
2026-10-05T12:05:36.9857878Z         "mode": 420
2026-10-05T12:05:36.9857945Z       },
2026-10-05T12:05:36.9858017Z       {
2026-10-05T12:05:36.9858264Z         "path": "generated/plugins/agdf/skills/clean-implementation-review/SKILL.md",
2026-10-05T12:05:36.9858340Z         "size": 7536,
2026-10-05T12:05:36.9858418Z         "mode": 420
2026-10-05T12:05:36.9858974Z       },
2026-10-05T12:05:36.9859076Z       {
2026-10-05T12:05:36.9859665Z         "path": "generated/plugins/agdf/skills/code-review/help.md",
2026-10-05T12:05:36.9859750Z         "size": 407,
2026-10-05T12:05:36.9859826Z         "mode": 420
2026-10-05T12:05:36.9859893Z       },
2026-10-05T12:05:36.9859968Z       {
2026-10-05T12:05:36.9860162Z         "path": "generated/plugins/agdf/skills/code-review/SKILL.md",
2026-10-05T12:05:36.9860236Z         "size": 7635,
2026-10-05T12:05:36.9860315Z         "mode": 420
2026-10-05T12:05:36.9860430Z       },
2026-10-05T12:05:36.9860545Z       {
2026-10-05T12:05:36.9860853Z         "path": "generated/plugins/agdf/skills/delivery-closeout/help.md",
2026-10-05T12:05:36.9860936Z         "size": 416,
2026-10-05T12:05:36.9861015Z         "mode": 420
2026-10-05T12:05:36.9861089Z       },
2026-10-05T12:05:36.9861162Z       {
2026-10-05T12:05:36.9861510Z         "path": "generated/plugins/agdf/skills/delivery-closeout/SKILL.md",
2026-10-05T12:05:36.9861588Z         "size": 7197,
2026-10-05T12:05:36.9861666Z         "mode": 420
2026-10-05T12:05:36.9861740Z       },
2026-10-05T12:05:36.9861807Z       {
2026-10-05T12:05:36.9862032Z         "path": "generated/plugins/agdf/skills/delivery-path-search/help.md",
2026-10-05T12:05:36.9862112Z         "size": 555,
2026-10-05T12:05:36.9862188Z         "mode": 420
2026-10-05T12:05:36.9862255Z       },
2026-10-05T12:05:36.9862329Z       {
2026-10-05T12:05:36.9862547Z         "path": "generated/plugins/agdf/skills/delivery-path-search/SKILL.md",
2026-10-05T12:05:36.9862619Z         "size": 8035,
2026-10-05T12:05:36.9862700Z         "mode": 420
2026-10-05T12:05:36.9862775Z       },
2026-10-05T12:05:36.9862847Z       {
2026-10-05T12:05:36.9863024Z         "path": "generated/plugins/agdf/skills/gate-check/help.md",
2026-10-05T12:05:36.9863191Z         "size": 430,
2026-10-05T12:05:36.9863273Z         "mode": 420
2026-10-05T12:05:36.9863340Z       },
2026-10-05T12:05:36.9863414Z       {
2026-10-05T12:05:36.9863853Z         "path": "generated/plugins/agdf/skills/gate-check/SKILL.md",
2026-10-05T12:05:36.9863928Z         "size": 5536,
2026-10-05T12:05:36.9864009Z         "mode": 420
2026-10-05T12:05:36.9864083Z       },
2026-10-05T12:05:36.9864158Z       {
2026-10-05T12:05:36.9864346Z         "path": "generated/plugins/agdf/skills/prd-definition/help.md",
2026-10-05T12:05:36.9864425Z         "size": 551,
2026-10-05T12:05:36.9864502Z         "mode": 420
2026-10-05T12:05:36.9864566Z       },
2026-10-05T12:05:36.9864639Z       {
2026-10-05T12:05:36.9864832Z         "path": "generated/plugins/agdf/skills/prd-definition/SKILL.md",
2026-10-05T12:05:36.9864904Z         "size": 3842,
2026-10-05T12:05:36.9864982Z         "mode": 420
2026-10-05T12:05:36.9865054Z       },
2026-10-05T12:05:36.9865137Z       {
2026-10-05T12:05:36.9865303Z         "path": "generated/plugins/agdf/skills/qa-gate/help.md",
2026-10-05T12:05:36.9865387Z         "size": 385,
2026-10-05T12:05:36.9865464Z         "mode": 420
2026-10-05T12:05:36.9865530Z       },
2026-10-05T12:05:36.9865603Z       {
2026-10-05T12:05:36.9865773Z         "path": "generated/plugins/agdf/skills/qa-gate/SKILL.md",
2026-10-05T12:05:36.9865847Z         "size": 10640,
2026-10-05T12:05:36.9865926Z         "mode": 420
2026-10-05T12:05:36.9865999Z       },
2026-10-05T12:05:36.9866071Z       {
2026-10-05T12:05:36.9866240Z         "path": "generated/plugins/agdf/skills/release-or/help.md",
2026-10-05T12:05:36.9866323Z         "size": 447,
2026-10-05T12:05:36.9866403Z         "mode": 420
2026-10-05T12:05:36.9866470Z       },
2026-10-05T12:05:36.9866545Z       {
2026-10-05T12:05:36.9866719Z         "path": "generated/plugins/agdf/skills/release-or/SKILL.md",
2026-10-05T12:05:36.9866800Z         "size": 10049,
2026-10-05T12:05:36.9866873Z         "mode": 420
2026-10-05T12:05:36.9866950Z       },
2026-10-05T12:05:36.9867025Z       {
2026-10-05T12:05:36.9867209Z         "path": "generated/plugins/agdf/skills/sd-definition/help.md",
2026-10-05T12:05:36.9867292Z         "size": 531,
2026-10-05T12:05:36.9867371Z         "mode": 420
2026-10-05T12:05:36.9867439Z       },
2026-10-05T12:05:36.9867512Z       {
2026-10-05T12:05:36.9867700Z         "path": "generated/plugins/agdf/skills/sd-definition/SKILL.md",
2026-10-05T12:05:36.9867778Z         "size": 3747,
2026-10-05T12:05:36.9867859Z         "mode": 420
2026-10-05T12:05:36.9867936Z       },
2026-10-05T12:05:36.9868009Z       {
2026-10-05T12:05:36.9868210Z         "path": "generated/plugins/agdf/skills/task-plan-review/help.md",
2026-10-05T12:05:36.9868290Z         "size": 457,
2026-10-05T12:05:36.9868367Z         "mode": 420
2026-10-05T12:05:36.9868433Z       },
2026-10-05T12:05:36.9868507Z       {
2026-10-05T12:05:36.9868707Z         "path": "generated/plugins/agdf/skills/task-plan-review/SKILL.md",
2026-10-05T12:05:36.9868790Z         "size": 8292,
2026-10-05T12:05:36.9868961Z         "mode": 420
2026-10-05T12:05:36.9869038Z       },
2026-10-05T12:05:36.9869110Z       {
2026-10-05T12:05:36.9869288Z         "path": "generated/plugins/agdf/skills/ur-definition/help.md",
2026-10-05T12:05:36.9869367Z         "size": 524,
2026-10-05T12:05:36.9869444Z         "mode": 420
2026-10-05T12:05:36.9869513Z       },
2026-10-05T12:05:36.9869587Z       {
2026-10-05T12:05:36.9869770Z         "path": "generated/plugins/agdf/skills/ur-definition/SKILL.md",
2026-10-05T12:05:36.9869849Z         "size": 3720,
2026-10-05T12:05:36.9869922Z         "mode": 420
2026-10-05T12:05:36.9869998Z       },
2026-10-05T12:05:36.9870072Z       {
2026-10-05T12:05:36.9870280Z         "path": "generated/plugins/agdf/skills/ux-intent-definition/help.md",
2026-10-05T12:05:36.9870362Z         "size": 540,
2026-10-05T12:05:36.9870441Z         "mode": 420
2026-10-05T12:05:36.9870507Z       },
2026-10-05T12:05:36.9870660Z       {
2026-10-05T12:05:36.9870879Z         "path": "generated/plugins/agdf/skills/ux-intent-definition/SKILL.md",
2026-10-05T12:05:36.9870957Z         "size": 7311,
2026-10-05T12:05:36.9871029Z         "mode": 420
2026-10-05T12:05:36.9871102Z       },
2026-10-05T12:05:36.9871173Z       {
2026-10-05T12:05:36.9871382Z         "path": "generated/plugins/agdf/submission/openai/availability.md",
2026-10-05T12:05:36.9871461Z         "size": 763,
2026-10-05T12:05:36.9871539Z         "mode": 420
2026-10-05T12:05:36.9871613Z       },
2026-10-05T12:05:36.9871682Z       {
2026-10-05T12:05:36.9871929Z         "path": "generated/plugins/agdf/submission/openai/capability-matrix.json",
2026-10-05T12:05:36.9872009Z         "size": 2107,
2026-10-05T12:05:36.9872080Z         "mode": 420
2026-10-05T12:05:36.9872158Z       },
2026-10-05T12:05:36.9872231Z       {
2026-10-05T12:05:36.9872445Z         "path": "generated/plugins/agdf/submission/openai/release-notes.md",
2026-10-05T12:05:36.9872528Z         "size": 2461,
2026-10-05T12:05:36.9872710Z         "mode": 420
2026-10-05T12:05:36.9872854Z       },
2026-10-05T12:05:36.9873003Z       {
2026-10-05T12:05:36.9884007Z         "path": "generated/plugins/agdf/submission/openai/reviewer-cases.json",
2026-10-05T12:05:36.9884139Z         "size": 6324,
2026-10-05T12:05:36.9884232Z         "mode": 420
2026-10-05T12:05:36.9884308Z       },
2026-10-05T12:05:36.9884390Z       {
2026-10-05T12:05:36.9884653Z         "path": "generated/plugins/copilot/agdf/.agdf-payload-inventory.json",
2026-10-05T12:05:36.9884741Z         "size": 83835,
2026-10-05T12:05:36.9884816Z         "mode": 420
2026-10-05T12:05:36.9884891Z       },
2026-10-05T12:05:36.9884962Z       {
2026-10-05T12:05:36.9885220Z         "path": "generated/plugins/copilot/agdf/com.github.copilot/hooks/hooks.json",
2026-10-05T12:05:36.9885302Z         "size": 273,
2026-10-05T12:05:36.9885383Z         "mode": 420
2026-10-05T12:05:36.9885450Z       },
2026-10-05T12:05:36.9885527Z       {
2026-10-05T12:05:36.9885700Z         "path": "generated/plugins/copilot/agdf/LICENSE",
2026-10-05T12:05:36.9885786Z         "size": 11357,
2026-10-05T12:05:36.9885857Z         "mode": 420
2026-10-05T12:05:36.9885934Z       },
2026-10-05T12:05:36.9886007Z       {
2026-10-05T12:05:36.9886157Z         "path": "generated/plugins/copilot/agdf/mcp.json",
2026-10-05T12:05:36.9886238Z         "size": 322,
2026-10-05T12:05:36.9886315Z         "mode": 420
2026-10-05T12:05:36.9886384Z       },
2026-10-05T12:05:36.9886461Z       {
2026-10-05T12:05:36.9886668Z         "path": "generated/plugins/copilot/agdf/mcp/agdf-mcp-launch.js",
2026-10-05T12:05:36.9886746Z         "size": 314,
2026-10-05T12:05:36.9886817Z         "mode": 420
2026-10-05T12:05:36.9886891Z       },
2026-10-05T12:05:36.9886966Z       {
2026-10-05T12:05:36.9887177Z         "path": "generated/plugins/copilot/agdf/mcp/sdk/expected-sdk.json",
2026-10-05T12:05:36.9887257Z         "size": 709,
2026-10-05T12:05:36.9887338Z         "mode": 420
2026-10-05T12:05:36.9887411Z       },
2026-10-05T12:05:36.9887485Z       {
2026-10-05T12:05:36.9887854Z         "path": "generated/plugins/copilot/agdf/mcp/sdk/package-lock.json",
2026-10-05T12:05:36.9887943Z         "size": 1485,
2026-10-05T12:05:36.9888016Z         "mode": 420
2026-10-05T12:05:36.9888091Z       },
2026-10-05T12:05:36.9888164Z       {
2026-10-05T12:05:36.9888354Z         "path": "generated/plugins/copilot/agdf/mcp/sdk/package.json",
2026-10-05T12:05:36.9888438Z         "size": 124,
2026-10-05T12:05:36.9888518Z         "mode": 420
2026-10-05T12:05:36.9888595Z       },
2026-10-05T12:05:36.9888662Z       {
2026-10-05T12:05:36.9888882Z         "path": "generated/plugins/copilot/agdf/mcp/server/bin/agdf-mcp.js",
2026-10-05T12:05:36.9888960Z         "size": 659,
2026-10-05T12:05:36.9889031Z         "mode": 420
2026-10-05T12:05:36.9889106Z       },
2026-10-05T12:05:36.9889179Z       {
2026-10-05T12:05:36.9889355Z         "path": "generated/plugins/copilot/agdf/mcp/server/NOTICE",
2026-10-05T12:05:36.9889529Z         "size": 521,
2026-10-05T12:05:36.9889607Z         "mode": 420
2026-10-05T12:05:36.9889687Z       },
2026-10-05T12:05:36.9889756Z       {
2026-10-05T12:05:36.9889963Z         "path": "generated/plugins/copilot/agdf/mcp/server/package.json",
2026-10-05T12:05:36.9890044Z         "size": 1747,
2026-10-05T12:05:36.9890117Z         "mode": 420
2026-10-05T12:05:36.9890192Z       },
2026-10-05T12:05:36.9890268Z       {
2026-10-05T12:05:36.9890448Z         "path": "generated/plugins/copilot/agdf/mcp/server/README.md",
2026-10-05T12:05:36.9890535Z         "size": 2391,
2026-10-05T12:05:36.9890615Z         "mode": 420
2026-10-05T12:05:36.9890691Z       },
2026-10-05T12:05:36.9890757Z       {
2026-10-05T12:05:36.9890953Z         "path": "generated/plugins/copilot/agdf/mcp/server/src/main.js",
2026-10-05T12:05:36.9891033Z         "size": 1210,
2026-10-05T12:05:36.9891109Z         "mode": 420
2026-10-05T12:05:36.9891184Z       },
2026-10-05T12:05:36.9891258Z       {
2026-10-05T12:05:36.9891459Z         "path": "generated/plugins/copilot/agdf/mcp/server/src/server.js",
2026-10-05T12:05:36.9891547Z         "size": 3144,
2026-10-05T12:05:36.9891626Z         "mode": 420
2026-10-05T12:05:36.9891701Z       },
2026-10-05T12:05:36.9891770Z       {
2026-10-05T12:05:36.9892002Z         "path": "generated/plugins/copilot/agdf/mcp/server/src/worker-entry.js",
2026-10-05T12:05:36.9892084Z         "size": 964,
2026-10-05T12:05:36.9892155Z         "mode": 420
2026-10-05T12:05:36.9892233Z       },
2026-10-05T12:05:36.9892309Z       {
2026-10-05T12:05:36.9892505Z         "path": "generated/plugins/copilot/agdf/mcp/server/src/worker.js",
2026-10-05T12:05:36.9892580Z         "size": 2610,
2026-10-05T12:05:36.9892663Z         "mode": 420
2026-10-05T12:05:36.9892738Z       },
2026-10-05T12:05:36.9892806Z       {
2026-10-05T12:05:36.9893018Z         "path": "generated/plugins/copilot/agdf/meta/agdf-agent-router.md",
2026-10-05T12:05:36.9893098Z         "size": 12317,
2026-10-05T12:05:36.9893174Z         "mode": 420
2026-10-05T12:05:36.9893249Z       },
2026-10-05T12:05:36.9893323Z       {
2026-10-05T12:05:36.9893528Z         "path": "generated/plugins/copilot/agdf/meta/agdf-constitution.md",
2026-10-05T12:05:36.9893602Z         "size": 8709,
2026-10-05T12:05:36.9893679Z         "mode": 420
2026-10-05T12:05:36.9893754Z       },
2026-10-05T12:05:36.9893821Z       {
2026-10-05T12:05:36.9894068Z         "path": "generated/plugins/copilot/agdf/meta/agdf-plugin.definition.json",
2026-10-05T12:05:36.9894148Z         "size": 18450,
2026-10-05T12:05:36.9894219Z         "mode": 420
2026-10-05T12:05:36.9894294Z       },
2026-10-05T12:05:36.9894369Z       {
2026-10-05T12:05:36.9894597Z         "path": "generated/plugins/copilot/agdf/meta/agdf-runtime-contract.md",
2026-10-05T12:05:36.9894671Z         "size": 1977,
2026-10-05T12:05:36.9894748Z         "mode": 420
2026-10-05T12:05:36.9894820Z       },
2026-10-05T12:05:36.9894885Z       {
2026-10-05T12:05:36.9895157Z         "path": "generated/plugins/copilot/agdf/meta/distribution-profile-history.json",
2026-10-05T12:05:36.9895340Z         "size": 4398,
2026-10-05T12:05:36.9895424Z         "mode": 420
2026-10-05T12:05:36.9895492Z       },
2026-10-05T12:05:36.9895565Z       {
2026-10-05T12:05:36.9895738Z         "path": "generated/plugins/copilot/agdf/plugin.json",
2026-10-05T12:05:36.9895813Z         "size": 526,
2026-10-05T12:05:36.9895891Z         "mode": 420
2026-10-05T12:05:36.9895963Z       },
2026-10-05T12:05:36.9896028Z       {
2026-10-05T12:05:36.9896228Z         "path": "generated/plugins/copilot/agdf/runtime/agdf-local.js",
2026-10-05T12:05:36.9896308Z         "size": 843,
2026-10-05T12:05:36.9896387Z         "mode": 420
2026-10-05T12:05:36.9896456Z       },
2026-10-05T12:05:36.9896528Z       {
2026-10-05T12:05:36.9896750Z         "path": "generated/plugins/copilot/agdf/runtime/agdf-session-check.js",
2026-10-05T12:05:36.9896823Z         "size": 9303,
2026-10-05T12:05:36.9896901Z         "mode": 420
2026-10-05T12:05:36.9897605Z       },
2026-10-05T12:05:36.9897675Z       {
2026-10-05T12:05:36.9898356Z         "path": "generated/plugins/copilot/agdf/runtime/create-agdf/bin/agdf-validator.js",
2026-10-05T12:05:36.9898439Z         "size": 323,
2026-10-05T12:05:36.9898519Z         "mode": 420
2026-10-05T12:05:36.9898587Z       },
2026-10-05T12:05:36.9898663Z       {
2026-10-05T12:05:36.9899305Z         "path": "generated/plugins/copilot/agdf/runtime/create-agdf/generated/plugins/agdf/meta/agdf-interaction-locales.json",
2026-10-05T12:05:36.9899389Z         "size": 153294,
2026-10-05T12:05:36.9899469Z         "mode": 420
2026-10-05T12:05:36.9899543Z       },
2026-10-05T12:05:36.9899611Z       {
2026-10-05T12:05:36.9900068Z         "path": "generated/plugins/copilot/agdf/runtime/create-agdf/generated/plugins/agdf/meta/agdf-plugin.definition.json",
2026-10-05T12:05:36.9900158Z         "size": 18450,
2026-10-05T12:05:36.9900238Z         "mode": 420
2026-10-05T12:05:36.9900307Z       },
2026-10-05T12:05:36.9900389Z       {
2026-10-05T12:05:36.9900883Z         "path": "generated/plugins/copilot/agdf/runtime/create-agdf/generated/plugins/agdf/meta/contracts/closeout.md",
2026-10-05T12:05:36.9901027Z         "size": 4196,
2026-10-05T12:05:36.9901147Z         "mode": 420
2026-10-05T12:05:36.9901229Z       },
2026-10-05T12:05:36.9901305Z       {
2026-10-05T12:05:36.9901712Z         "path": "generated/plugins/copilot/agdf/runtime/create-agdf/generated/plugins/agdf/meta/contracts/context-graph.md",
2026-10-05T12:05:36.9901794Z         "size": 2512,
2026-10-05T12:05:36.9901874Z         "mode": 420
2026-10-05T12:05:36.9901943Z       },
2026-10-05T12:05:36.9902023Z       {
2026-10-05T12:05:36.9902439Z         "path": "generated/plugins/copilot/agdf/runtime/create-agdf/generated/plugins/agdf/meta/contracts/control-scaffold.md",
2026-10-05T12:05:36.9902523Z         "size": 11537,
2026-10-05T12:05:36.9902594Z         "mode": 420
2026-10-05T12:05:36.9902669Z       },
2026-10-05T12:05:36.9902744Z       {
2026-10-05T12:05:36.9903206Z         "path": "generated/plugins/copilot/agdf/runtime/create-agdf/generated/plugins/agdf/meta/contracts/gate-artifact-preparation.md",
2026-10-05T12:05:36.9903291Z         "size": 5731,
2026-10-05T12:05:36.9903366Z         "mode": 420
2026-10-05T12:05:36.9903442Z       },
2026-10-05T12:05:36.9903509Z       {
2026-10-05T12:05:36.9903916Z         "path": "generated/plugins/copilot/agdf/runtime/create-agdf/generated/plugins/agdf/meta/contracts/gate-transition.md",
2026-10-05T12:05:36.9904000Z         "size": 17966,
2026-10-05T12:05:36.9904073Z         "mode": 420
2026-10-05T12:05:36.9904150Z       },
2026-10-05T12:05:36.9904226Z       {
2026-10-05T12:05:36.9904618Z         "path": "generated/plugins/copilot/agdf/runtime/create-agdf/generated/plugins/agdf/meta/contracts/interaction.md",
2026-10-05T12:05:36.9904694Z         "size": 46617,
2026-10-05T12:05:36.9904772Z         "mode": 420
2026-10-05T12:05:36.9904845Z       },
2026-10-05T12:05:36.9904914Z       {
2026-10-05T12:05:36.9905416Z         "path": "generated/plugins/copilot/agdf/runtime/create-agdf/generated/plugins/agdf/meta/contracts/modes.md",
2026-10-05T12:05:36.9905501Z         "size": 12906,
2026-10-05T12:05:36.9905580Z         "mode": 420
2026-10-05T12:05:36.9905648Z       },
2026-10-05T12:05:36.9905717Z       {
2026-10-05T12:05:36.9906118Z         "path": "generated/plugins/copilot/agdf/runtime/create-agdf/generated/plugins/agdf/meta/contracts/prd-definition.md",
2026-10-05T12:05:36.9906191Z         "size": 5034,
2026-10-05T12:05:36.9906270Z         "mode": 420
2026-10-05T12:05:36.9906339Z       },
2026-10-05T12:05:36.9906405Z       {
2026-10-05T12:05:36.9906780Z         "path": "generated/plugins/copilot/agdf/runtime/create-agdf/generated/plugins/agdf/meta/contracts/quality.md",
2026-10-05T12:05:36.9906862Z         "size": 8692,
2026-10-05T12:05:36.9906940Z         "mode": 420
2026-10-05T12:05:36.9907007Z       },
2026-10-05T12:05:36.9907082Z       {
2026-10-05T12:05:36.9907500Z         "path": "generated/plugins/copilot/agdf/runtime/create-agdf/generated/plugins/agdf/meta/contracts/request-activation.md",
2026-10-05T12:05:36.9907669Z         "size": 18822,
2026-10-05T12:05:36.9907750Z         "mode": 420
2026-10-05T12:05:36.9907824Z       },
2026-10-05T12:05:36.9907895Z       {
2026-10-05T12:05:36.9908283Z         "path": "generated/plugins/copilot/agdf/runtime/create-agdf/generated/plugins/agdf/meta/contracts/sd-definition.md",
2026-10-05T12:05:36.9908363Z         "size": 4617,
2026-10-05T12:05:36.9908441Z         "mode": 420
2026-10-05T12:05:36.9908508Z       },
2026-10-05T12:05:36.9908580Z       {
2026-10-05T12:05:36.9909016Z         "path": "generated/plugins/copilot/agdf/runtime/create-agdf/generated/plugins/agdf/meta/contracts/task-target-resolution.md",
2026-10-05T12:05:36.9909099Z         "size": 8919,
2026-10-05T12:05:36.9909171Z         "mode": 420
2026-10-05T12:05:36.9909247Z       },
2026-10-05T12:05:36.9909312Z       {
2026-10-05T12:05:36.9909711Z         "path": "generated/plugins/copilot/agdf/runtime/create-agdf/generated/plugins/agdf/meta/contracts/ur-definition.md",
2026-10-05T12:05:36.9909793Z         "size": 3139,
2026-10-05T12:05:36.9909870Z         "mode": 420
2026-10-05T12:05:36.9909945Z       },
2026-10-05T12:05:36.9910019Z       {
2026-10-05T12:05:36.9910310Z         "path": "generated/plugins/copilot/agdf/runtime/create-agdf/lib/cli/command-registry.js",
2026-10-05T12:05:36.9910391Z         "size": 25352,
2026-10-05T12:05:36.9910467Z         "mode": 420
2026-10-05T12:05:36.9910532Z       },
2026-10-05T12:05:36.9910610Z       {
2026-10-05T12:05:36.9910892Z         "path": "generated/plugins/copilot/agdf/runtime/create-agdf/lib/cli/contract-command.js",
2026-10-05T12:05:36.9910972Z         "size": 1796,
2026-10-05T12:05:36.9911043Z         "mode": 420
2026-10-05T12:05:36.9911118Z       },
2026-10-05T12:05:36.9911193Z       {
2026-10-05T12:05:36.9911540Z         "path": "generated/plugins/copilot/agdf/runtime/create-agdf/lib/cli/control-maintenance-command.js",
2026-10-05T12:05:36.9911628Z         "size": 2514,
2026-10-05T12:05:36.9911704Z         "mode": 420
2026-10-05T12:05:36.9911775Z       },
2026-10-05T12:05:36.9911852Z       {
2026-10-05T12:05:36.9912197Z         "path": "generated/plugins/copilot/agdf/runtime/create-agdf/lib/cli/delivery-path-search-command.js",
2026-10-05T12:05:36.9912279Z         "size": 9065,
2026-10-05T12:05:36.9912350Z         "mode": 420
2026-10-05T12:05:36.9912425Z       },
2026-10-05T12:05:36.9912496Z       {
2026-10-05T12:05:36.9912759Z         "path": "generated/plugins/copilot/agdf/runtime/create-agdf/lib/cli/parse-args.js",
2026-10-05T12:05:36.9912841Z         "size": 13953,
2026-10-05T12:05:36.9912922Z         "mode": 420
2026-10-05T12:05:36.9912996Z       },
2026-10-05T12:05:36.9913063Z       {
2026-10-05T12:05:36.9913353Z         "path": "generated/plugins/copilot/agdf/runtime/create-agdf/lib/cli/runtime-context.js",
2026-10-05T12:05:36.9913435Z         "size": 2217,
2026-10-05T12:05:36.9913507Z         "mode": 420
2026-10-05T12:05:36.9913587Z       },
2026-10-05T12:05:36.9913661Z       {
2026-10-05T12:05:36.9914069Z         "path": "generated/plugins/copilot/agdf/runtime/create-agdf/lib/cli/validation-handlers.js",
2026-10-05T12:05:36.9914154Z         "size": 11734,
2026-10-05T12:05:36.9914233Z         "mode": 420
2026-10-05T12:05:36.9914307Z       },
2026-10-05T12:05:36.9914375Z       {
2026-10-05T12:05:36.9914652Z         "path": "generated/plugins/copilot/agdf/runtime/create-agdf/lib/control-command.js",
2026-10-05T12:05:36.9914733Z         "size": 413,
2026-10-05T12:05:36.9914806Z         "mode": 420
2026-10-05T12:05:36.9914884Z       },
2026-10-05T12:05:36.9914958Z       {
2026-10-05T12:05:36.9915309Z         "path": "generated/plugins/copilot/agdf/runtime/create-agdf/lib/control-evaluation/git-observation.js",
2026-10-05T12:05:36.9915382Z         "size": 641,
2026-10-05T12:05:36.9915459Z         "mode": 420
2026-10-05T12:05:36.9915533Z       },
2026-10-05T12:05:36.9915600Z       {
2026-10-05T12:05:36.9916031Z         "path": "generated/plugins/copilot/agdf/runtime/create-agdf/lib/control-maintenance/interaction.js",
2026-10-05T12:05:36.9916113Z         "size": 1279,
2026-10-05T12:05:36.9916191Z         "mode": 420
2026-10-05T12:05:36.9916259Z       },
2026-10-05T12:05:36.9916335Z       {
2026-10-05T12:05:36.9916653Z         "path": "generated/plugins/copilot/agdf/runtime/create-agdf/lib/control-maintenance/repair.js",
2026-10-05T12:05:36.9916727Z         "size": 421,
2026-10-05T12:05:36.9916803Z         "mode": 420
2026-10-05T12:05:36.9916875Z       },
2026-10-05T12:05:36.9916941Z       {
2026-10-05T12:05:36.9917261Z         "path": "generated/plugins/copilot/agdf/runtime/create-agdf/lib/control-maintenance/service.js",
2026-10-05T12:05:36.9917339Z         "size": 264,
2026-10-05T12:05:36.9917417Z         "mode": 420
2026-10-05T12:05:36.9917485Z       },
2026-10-05T12:05:36.9917556Z       {
2026-10-05T12:05:36.9917865Z         "path": "generated/plugins/copilot/agdf/runtime/create-agdf/lib/control-maintenance/startup.js",
2026-10-05T12:05:36.9917944Z         "size": 1683,
2026-10-05T12:05:36.9918026Z         "mode": 420
2026-10-05T12:05:36.9918097Z       },
2026-10-05T12:05:36.9918162Z       {
2026-10-05T12:05:36.9918470Z         "path": "generated/plugins/copilot/agdf/runtime/create-agdf/lib/control-state/run-recovery.js",
2026-10-05T12:05:36.9918550Z         "size": 526,
2026-10-05T12:05:36.9918628Z         "mode": 420
2026-10-05T12:05:36.9918694Z       },
2026-10-05T12:05:36.9918769Z       {
2026-10-05T12:05:36.9919335Z         "path": "generated/plugins/copilot/agdf/runtime/create-agdf/lib/delivery-path-search/evaluators/claude.js",
2026-10-05T12:05:36.9919416Z         "size": 1525,
2026-10-05T12:05:36.9919494Z         "mode": 420
2026-10-05T12:05:36.9919569Z       },
2026-10-05T12:05:36.9919638Z       {
2026-10-05T12:05:36.9919987Z         "path": "generated/plugins/copilot/agdf/runtime/create-agdf/lib/delivery-path-search/evaluators/codex.js",
2026-10-05T12:05:36.9920074Z         "size": 1919,
2026-10-05T12:05:36.9920151Z         "mode": 420
2026-10-05T12:05:36.9920220Z       },
2026-10-05T12:05:36.9920295Z       {
2026-10-05T12:05:36.9920665Z         "path": "generated/plugins/copilot/agdf/runtime/create-agdf/lib/delivery-path-search/evaluators/opencode.js",
2026-10-05T12:05:36.9920743Z         "size": 8924,
2026-10-05T12:05:36.9920815Z         "mode": 420
2026-10-05T12:05:36.9920888Z       },
2026-10-05T12:05:36.9921032Z       {
2026-10-05T12:05:36.9921505Z         "path": "generated/plugins/copilot/agdf/runtime/create-agdf/lib/delivery-path-search/evaluators/prompt.js",
2026-10-05T12:05:36.9921593Z         "size": 753,
2026-10-05T12:05:36.9921677Z         "mode": 420
2026-10-05T12:05:36.9921751Z       },
2026-10-05T12:05:36.9921817Z       {
2026-10-05T12:05:36.9922188Z         "path": "generated/plugins/copilot/agdf/runtime/create-agdf/lib/delivery-path-search/evaluators/protocol.js",
2026-10-05T12:05:36.9922269Z         "size": 470,
2026-10-05T12:05:36.9922346Z         "mode": 420
2026-10-05T12:05:36.9922421Z       },
2026-10-05T12:05:36.9922594Z       {
2026-10-05T12:05:36.9922954Z         "path": "generated/plugins/copilot/agdf/runtime/create-agdf/lib/delivery-path-search/generators/claude.js",
2026-10-05T12:05:36.9923037Z         "size": 2203,
2026-10-05T12:05:36.9923117Z         "mode": 420
2026-10-05T12:05:36.9923188Z       },
2026-10-05T12:05:36.9923254Z       {
2026-10-05T12:05:36.9923610Z         "path": "generated/plugins/copilot/agdf/runtime/create-agdf/lib/delivery-path-search/generators/codex.js",
2026-10-05T12:05:36.9923690Z         "size": 2187,
2026-10-05T12:05:36.9923767Z         "mode": 420
2026-10-05T12:05:36.9923841Z       },
2026-10-05T12:05:36.9923913Z       {
2026-10-05T12:05:36.9924286Z         "path": "generated/plugins/copilot/agdf/runtime/create-agdf/lib/delivery-path-search/generators/protocol.js",
2026-10-05T12:05:36.9924360Z         "size": 389,
2026-10-05T12:05:36.9924439Z         "mode": 420
2026-10-05T12:05:36.9924597Z       },
2026-10-05T12:05:36.9924663Z       {
2026-10-05T12:05:36.9925050Z         "path": "generated/plugins/copilot/agdf/runtime/create-agdf/lib/delivery-path-search/surfaces/capabilities.js",
2026-10-05T12:05:36.9925174Z         "size": 1161,
2026-10-05T12:05:36.9925295Z         "mode": 420
2026-10-05T12:05:36.9925389Z       },
2026-10-05T12:05:36.9925497Z       {
2026-10-05T12:05:36.9926199Z         "path": "generated/plugins/copilot/agdf/runtime/create-agdf/lib/delivery-path-search/transports/read-only-guard.js",
2026-10-05T12:05:36.9926320Z         "size": 1271,
2026-10-05T12:05:36.9926450Z         "mode": 420
2026-10-05T12:05:36.9926563Z       },
2026-10-05T12:05:36.9926663Z       {
2026-10-05T12:05:36.9927305Z         "path": "generated/plugins/copilot/agdf/runtime/create-agdf/lib/host-adapters/claude/session-command.js",
2026-10-05T12:05:36.9927441Z         "size": 165,
2026-10-05T12:05:36.9927563Z         "mode": 420
2026-10-05T12:05:36.9927666Z       },
2026-10-05T12:05:36.9927794Z       {
2026-10-05T12:05:36.9928427Z         "path": "generated/plugins/copilot/agdf/runtime/create-agdf/lib/host-adapters/codex/session-command.js",
2026-10-05T12:05:36.9928549Z         "size": 455,
2026-10-05T12:05:36.9928673Z         "mode": 420
2026-10-05T12:05:36.9928789Z       },
2026-10-05T12:05:36.9928905Z       {
2026-10-05T12:05:36.9929511Z         "path": "generated/plugins/copilot/agdf/runtime/create-agdf/lib/host-adapters/copilot/session-command.js",
2026-10-05T12:05:36.9929649Z         "size": 91,
2026-10-05T12:05:36.9929777Z         "mode": 420
2026-10-05T12:05:36.9929888Z       },
2026-10-05T12:05:36.9930002Z       {
2026-10-05T12:05:36.9930610Z         "path": "generated/plugins/copilot/agdf/runtime/create-agdf/lib/host-adapters/opencode/session-command.js",
2026-10-05T12:05:36.9930711Z         "size": 76,
2026-10-05T12:05:36.9930828Z         "mode": 420
2026-10-05T12:05:36.9930939Z       },
2026-10-05T12:05:36.9931053Z       {
2026-10-05T12:05:36.9931545Z         "path": "generated/plugins/copilot/agdf/runtime/create-agdf/lib/host-adapters/session-command.js",
2026-10-05T12:05:36.9931655Z         "size": 609,
2026-10-05T12:05:36.9931754Z         "mode": 420
2026-10-05T12:05:36.9931848Z       },
2026-10-05T12:05:36.9931951Z       {
2026-10-05T12:05:36.9932413Z         "path": "generated/plugins/copilot/agdf/runtime/create-agdf/lib/host-command.js",
2026-10-05T12:05:36.9932540Z         "size": 5591,
2026-10-05T12:05:36.9932651Z         "mode": 420
2026-10-05T12:05:36.9932770Z       },
2026-10-05T12:05:36.9932879Z       {
2026-10-05T12:05:36.9933375Z         "path": "generated/plugins/copilot/agdf/runtime/create-agdf/lib/mcp-dispatch-runtime.js",
2026-10-05T12:05:36.9933498Z         "size": 7671,
2026-10-05T12:05:36.9933621Z         "mode": 420
2026-10-05T12:05:36.9933732Z       },
2026-10-05T12:05:36.9933840Z       {
2026-10-05T12:05:36.9934369Z         "path": "generated/plugins/copilot/agdf/runtime/create-agdf/lib/mcp-lifecycle/package.js",
2026-10-05T12:05:36.9934501Z         "size": 16097,
2026-10-05T12:05:36.9934687Z         "mode": 420
2026-10-05T12:05:36.9935030Z       },
2026-10-05T12:05:36.9935150Z       {
2026-10-05T12:05:36.9935732Z         "path": "generated/plugins/copilot/agdf/runtime/create-agdf/lib/mcp-lifecycle/plugin-runtime.js",
2026-10-05T12:05:36.9935862Z         "size": 12833,
2026-10-05T12:05:36.9935986Z         "mode": 420
2026-10-05T12:05:36.9936095Z       },
2026-10-05T12:05:36.9936210Z       {
2026-10-05T12:05:36.9936681Z         "path": "generated/plugins/copilot/agdf/runtime/create-agdf/lib/npm-invocation.js",
2026-10-05T12:05:36.9936811Z         "size": 969,
2026-10-05T12:05:36.9936928Z         "mode": 420
2026-10-05T12:05:36.9937046Z       },
2026-10-05T12:05:36.9937168Z       {
2026-10-05T12:05:36.9937672Z         "path": "generated/plugins/copilot/agdf/runtime/create-agdf/lib/repository-context.js",
2026-10-05T12:05:36.9937789Z         "size": 3033,
2026-10-05T12:05:36.9937915Z         "mode": 420
2026-10-05T12:05:36.9939975Z       },
2026-10-05T12:05:36.9940098Z       {
2026-10-05T12:05:36.9940775Z         "path": "generated/plugins/copilot/agdf/runtime/create-agdf/lib/runtime-check-consent/contract.js",
2026-10-05T12:05:36.9940905Z         "size": 3925,
2026-10-05T12:05:36.9941030Z         "mode": 420
2026-10-05T12:05:36.9941153Z       },
2026-10-05T12:05:36.9941274Z       {
2026-10-05T12:05:36.9941932Z         "path": "generated/plugins/copilot/agdf/runtime/create-agdf/lib/runtime/control-command-service.js",
2026-10-05T12:05:36.9942060Z         "size": 607,
2026-10-05T12:05:36.9942188Z         "mode": 420
2026-10-05T12:05:36.9942311Z       },
2026-10-05T12:05:36.9942421Z       {
2026-10-05T12:05:36.9942981Z         "path": "generated/plugins/copilot/agdf/runtime/create-agdf/lib/runtime/control-context.js",
2026-10-05T12:05:36.9943105Z         "size": 904,
2026-10-05T12:05:36.9943233Z         "mode": 420
2026-10-05T12:05:36.9943342Z       },
2026-10-05T12:05:36.9943458Z       {
2026-10-05T12:05:36.9943989Z         "path": "generated/plugins/copilot/agdf/runtime/create-agdf/lib/runtime/git-history.js",
2026-10-05T12:05:36.9944110Z         "size": 510,
2026-10-05T12:05:36.9944238Z         "mode": 420
2026-10-05T12:05:36.9944355Z       },
2026-10-05T12:05:36.9944471Z       {
2026-10-05T12:05:36.9945000Z         "path": "generated/plugins/copilot/agdf/runtime/create-agdf/lib/runtime/git-originals.js",
2026-10-05T12:05:36.9945125Z         "size": 2213,
2026-10-05T12:05:36.9945254Z         "mode": 420
2026-10-05T12:05:36.9945359Z       },
2026-10-05T12:05:36.9945480Z       {
2026-10-05T12:05:36.9946020Z         "path": "generated/plugins/copilot/agdf/runtime/create-agdf/lib/runtime/local-validator.js",
2026-10-05T12:05:36.9946144Z         "size": 14029,
2026-10-05T12:05:36.9946258Z         "mode": 420
2026-10-05T12:05:36.9946381Z       },
2026-10-05T12:05:36.9946499Z       {
2026-10-05T12:05:36.9947443Z         "path": "generated/plugins/copilot/agdf/runtime/create-agdf/lib/runtime/plugin-provenance.js",
2026-10-05T12:05:36.9947587Z         "size": 57,
2026-10-05T12:05:36.9947719Z         "mode": 420
2026-10-05T12:05:36.9947829Z       },
2026-10-05T12:05:36.9947948Z       {
2026-10-05T12:05:36.9948502Z         "path": "generated/plugins/copilot/agdf/runtime/create-agdf/lib/runtime/runtime-probe.js",
2026-10-05T12:05:36.9948629Z         "size": 3045,
2026-10-05T12:05:36.9948742Z         "mode": 420
2026-10-05T12:05:36.9948858Z       },
2026-10-05T12:05:36.9948975Z       {
2026-10-05T12:05:36.9949561Z         "path": "generated/plugins/copilot/agdf/runtime/create-agdf/lib/runtime/validator-application.js",
2026-10-05T12:05:36.9949691Z         "size": 1823,
2026-10-05T12:05:36.9949814Z         "mode": 420
2026-10-05T12:05:36.9949921Z       },
2026-10-05T12:05:36.9950036Z       {
2026-10-05T12:05:36.9950570Z         "path": "generated/plugins/copilot/agdf/runtime/create-agdf/lib/skill-dispatch/binding.js",
2026-10-05T12:05:36.9950696Z         "size": 642,
2026-10-05T12:05:36.9950815Z         "mode": 420
2026-10-05T12:05:36.9950936Z       },
2026-10-05T12:05:36.9951250Z       {
2026-10-05T12:05:36.9951617Z         "path": "generated/plugins/copilot/agdf/runtime/create-agdf/NOTICE",
2026-10-05T12:05:36.9951746Z         "size": 422,
2026-10-05T12:05:36.9951872Z         "mode": 420
2026-10-05T12:05:36.9951993Z       },
2026-10-05T12:05:36.9952099Z       {
2026-10-05T12:05:36.9952527Z         "path": "generated/plugins/copilot/agdf/runtime/create-agdf/package.json",
2026-10-05T12:05:36.9952656Z         "size": 220,
2026-10-05T12:05:36.9952771Z         "mode": 420
2026-10-05T12:05:36.9952889Z       },
2026-10-05T12:05:36.9953001Z       {
2026-10-05T12:05:36.9953696Z         "path": "generated/plugins/copilot/agdf/runtime/create-agdf/runtime/core/lib/control-evaluation/delivery-map.js",
2026-10-05T12:05:36.9953835Z         "size": 13111,
2026-10-05T12:05:36.9953961Z         "mode": 420
2026-10-05T12:05:36.9954068Z       },
2026-10-05T12:05:36.9954184Z       {
2026-10-05T12:05:36.9955121Z         "path": "generated/plugins/copilot/agdf/runtime/create-agdf/runtime/core/lib/control-evaluation/delivery-relationships.js",
2026-10-05T12:05:36.9955243Z         "size": 1370,
2026-10-05T12:05:36.9955372Z         "mode": 420
2026-10-05T12:05:36.9955476Z       },
2026-10-05T12:05:36.9955582Z       {
2026-10-05T12:05:36.9956245Z         "path": "generated/plugins/copilot/agdf/runtime/create-agdf/runtime/core/lib/control-evaluation/doctor.js",
2026-10-05T12:05:36.9956363Z         "size": 14393,
2026-10-05T12:05:36.9956479Z         "mode": 420
2026-10-05T12:05:36.9956588Z       },
2026-10-05T12:05:36.9956696Z       {
2026-10-05T12:05:36.9957375Z         "path": "generated/plugins/copilot/agdf/runtime/create-agdf/runtime/core/lib/control-evaluation/gate-check.js",
2026-10-05T12:05:36.9957498Z         "size": 37366,
2026-10-05T12:05:36.9957623Z         "mode": 420
2026-10-05T12:05:36.9957740Z       },
2026-10-05T12:05:36.9957856Z       {
2026-10-05T12:05:36.9958576Z         "path": "generated/plugins/copilot/agdf/runtime/create-agdf/runtime/core/lib/control-evaluation/gate-policy.js",
2026-10-05T12:05:36.9958709Z         "size": 17824,
2026-10-05T12:05:36.9958831Z         "mode": 420
2026-10-05T12:05:36.9958939Z       },
2026-10-05T12:05:36.9959051Z       {
2026-10-05T12:05:36.9959813Z         "path": "generated/plugins/copilot/agdf/runtime/create-agdf/runtime/core/lib/control-evaluation/parent-reconciliation.js",
2026-10-05T12:05:36.9959937Z         "size": 10121,
2026-10-05T12:05:36.9960051Z         "mode": 420
2026-10-05T12:05:36.9960166Z       },
2026-10-05T12:05:36.9960273Z       {
2026-10-05T12:05:36.9960978Z         "path": "generated/plugins/copilot/agdf/runtime/create-agdf/runtime/core/lib/control-evaluation/prd-readiness.js",
2026-10-05T12:05:36.9961109Z         "size": 2268,
2026-10-05T12:05:36.9961223Z         "mode": 420
2026-10-05T12:05:36.9961335Z       },
2026-10-05T12:05:36.9961437Z       {
2026-10-05T12:05:36.9962142Z         "path": "generated/plugins/copilot/agdf/runtime/create-agdf/runtime/core/lib/control-evaluation/required-files.js",
2026-10-05T12:05:36.9962282Z         "size": 337,
2026-10-05T12:05:36.9962399Z         "mode": 420
2026-10-05T12:05:36.9962517Z       },
2026-10-05T12:05:36.9962631Z       {
2026-10-05T12:05:36.9963304Z         "path": "generated/plugins/copilot/agdf/runtime/create-agdf/runtime/core/lib/control-evaluation/run-state.js",
2026-10-05T12:05:36.9963424Z         "size": 11605,
2026-10-05T12:05:36.9963543Z         "mode": 420
2026-10-05T12:05:36.9963659Z       },
2026-10-05T12:05:36.9963769Z       {
2026-10-05T12:05:36.9964503Z         "path": "generated/plugins/copilot/agdf/runtime/create-agdf/runtime/core/lib/control-evaluation/run-step-policy.js",
2026-10-05T12:05:36.9964634Z         "size": 1382,
2026-10-05T12:05:36.9964751Z         "mode": 420
2026-10-05T12:05:36.9964867Z       },
2026-10-05T12:05:36.9964983Z       {
2026-10-05T12:05:36.9965695Z         "path": "generated/plugins/copilot/agdf/runtime/create-agdf/runtime/core/lib/control-evaluation/sd-readiness.js",
2026-10-05T12:05:36.9966650Z         "size": 2561,
2026-10-05T12:05:36.9966793Z         "mode": 420
2026-10-05T12:05:36.9966913Z       },
2026-10-05T12:05:36.9967387Z       {
2026-10-05T12:05:36.9968059Z         "path": "generated/plugins/copilot/agdf/runtime/create-agdf/runtime/core/lib/control-evaluation/shared.js",
2026-10-05T12:05:36.9968186Z         "size": 10972,
2026-10-05T12:05:36.9968301Z         "mode": 420
2026-10-05T12:05:36.9968408Z       },
2026-10-05T12:05:36.9968526Z       {
2026-10-05T12:05:36.9969295Z         "path": "generated/plugins/copilot/agdf/runtime/create-agdf/runtime/core/lib/control-evaluation/traceability-readiness.js",
2026-10-05T12:05:36.9969412Z         "size": 13831,
2026-10-05T12:05:36.9969523Z         "mode": 420
2026-10-05T12:05:36.9969622Z       },
2026-10-05T12:05:36.9969723Z       {
2026-10-05T12:05:36.9970403Z         "path": "generated/plugins/copilot/agdf/runtime/create-agdf/runtime/core/lib/control-evaluation/ur-readiness.js",
2026-10-05T12:05:36.9970722Z         "size": 2045,
2026-10-05T12:05:36.9970855Z         "mode": 420
2026-10-05T12:05:36.9970954Z       },
2026-10-05T12:05:36.9971055Z       {
2026-10-05T12:05:36.9971758Z         "path": "generated/plugins/copilot/agdf/runtime/create-agdf/runtime/core/lib/control-evaluation/verified-change.js",
2026-10-05T12:05:36.9971882Z         "size": 12119,
2026-10-05T12:05:36.9971996Z         "mode": 420
2026-10-05T12:05:36.9972114Z       },
2026-10-05T12:05:36.9972230Z       {
2026-10-05T12:05:36.9972855Z         "path": "generated/plugins/copilot/agdf/runtime/create-agdf/runtime/core/lib/control-inspect/contract.js",
2026-10-05T12:05:36.9972976Z         "size": 13500,
2026-10-05T12:05:36.9973083Z         "mode": 420
2026-10-05T12:05:36.9973188Z       },
2026-10-05T12:05:36.9973299Z       {
2026-10-05T12:05:36.9973939Z         "path": "generated/plugins/copilot/agdf/runtime/create-agdf/runtime/core/lib/control-inspect/selection.js",
2026-10-05T12:05:36.9974071Z         "size": 1788,
2026-10-05T12:05:36.9974190Z         "mode": 420
2026-10-05T12:05:36.9974299Z       },
2026-10-05T12:05:36.9974412Z       {
2026-10-05T12:05:36.9975026Z         "path": "generated/plugins/copilot/agdf/runtime/create-agdf/runtime/core/lib/control-inspect/service.js",
2026-10-05T12:05:36.9975161Z         "size": 12577,
2026-10-05T12:05:36.9975283Z         "mode": 420
2026-10-05T12:05:36.9975402Z       },
2026-10-05T12:05:36.9975503Z       {
2026-10-05T12:05:36.9976195Z         "path": "generated/plugins/copilot/agdf/runtime/create-agdf/runtime/core/lib/control-maintenance/compatibility.js",
2026-10-05T12:05:36.9976324Z         "size": 8412,
2026-10-05T12:05:36.9976436Z         "mode": 420
2026-10-05T12:05:36.9976551Z       },
2026-10-05T12:05:36.9976665Z       {
2026-10-05T12:05:36.9977333Z         "path": "generated/plugins/copilot/agdf/runtime/create-agdf/runtime/core/lib/control-maintenance/contract.js",
2026-10-05T12:05:36.9977457Z         "size": 2342,
2026-10-05T12:05:36.9977581Z         "mode": 420
2026-10-05T12:05:36.9977701Z       },
2026-10-05T12:05:36.9977803Z       {
2026-10-05T12:05:36.9978485Z         "path": "generated/plugins/copilot/agdf/runtime/create-agdf/runtime/core/lib/control-maintenance/interaction.js",
2026-10-05T12:05:36.9978614Z         "size": 3207,
2026-10-05T12:05:36.9978740Z         "mode": 420
2026-10-05T12:05:36.9978847Z       },
2026-10-05T12:05:36.9978962Z       {
2026-10-05T12:05:36.9979640Z         "path": "generated/plugins/copilot/agdf/runtime/create-agdf/runtime/core/lib/control-maintenance/migration.js",
2026-10-05T12:05:36.9979758Z         "size": 5383,
2026-10-05T12:05:36.9979893Z         "mode": 420
2026-10-05T12:05:36.9980035Z       },
2026-10-05T12:05:36.9980138Z       {
2026-10-05T12:05:36.9980829Z         "path": "generated/plugins/copilot/agdf/runtime/create-agdf/runtime/core/lib/control-maintenance/presentation.js",
2026-10-05T12:05:36.9980956Z         "size": 8246,
2026-10-05T12:05:36.9981091Z         "mode": 420
2026-10-05T12:05:36.9981200Z       },
2026-10-05T12:05:36.9981509Z       {
2026-10-05T12:05:36.9982169Z         "path": "generated/plugins/copilot/agdf/runtime/create-agdf/runtime/core/lib/control-maintenance/repair.js",
2026-10-05T12:05:36.9982284Z         "size": 13216,
2026-10-05T12:05:36.9982413Z         "mode": 420
2026-10-05T12:05:36.9982526Z       },
2026-10-05T12:05:36.9982644Z       {
2026-10-05T12:05:36.9983268Z         "path": "generated/plugins/copilot/agdf/runtime/create-agdf/runtime/core/lib/control-maintenance/service.js",
2026-10-05T12:05:36.9983393Z         "size": 2412,
2026-10-05T12:05:36.9983515Z         "mode": 420
2026-10-05T12:05:36.9983624Z       },
2026-10-05T12:05:36.9983739Z       {
2026-10-05T12:05:36.9984374Z         "path": "generated/plugins/copilot/agdf/runtime/create-agdf/runtime/core/lib/control-read-boundary.js",
2026-10-05T12:05:36.9984500Z         "size": 906,
2026-10-05T12:05:36.9984614Z         "mode": 420
2026-10-05T12:05:36.9984883Z       },
2026-10-05T12:05:36.9985001Z       {
2026-10-05T12:05:36.9985646Z         "path": "generated/plugins/copilot/agdf/runtime/create-agdf/runtime/core/lib/control-state/aggregate.js",
2026-10-05T12:05:36.9985781Z         "size": 503,
2026-10-05T12:05:36.9985900Z         "mode": 420
2026-10-05T12:05:36.9986009Z       },
2026-10-05T12:05:36.9986122Z       {
2026-10-05T12:05:36.9986895Z         "path": "generated/plugins/copilot/agdf/runtime/create-agdf/runtime/core/lib/control-state/approval-command-contract.js",
2026-10-05T12:05:36.9987022Z         "size": 3748,
2026-10-05T12:05:36.9987135Z         "mode": 420
2026-10-05T12:05:36.9987620Z       },
2026-10-05T12:05:36.9987739Z       {
2026-10-05T12:05:36.9988432Z         "path": "generated/plugins/copilot/agdf/runtime/create-agdf/runtime/core/lib/control-state/approval-command.js",
2026-10-05T12:05:36.9988562Z         "size": 8139,
2026-10-05T12:05:36.9988688Z         "mode": 420
2026-10-05T12:05:36.9988802Z       },
2026-10-05T12:05:36.9988914Z       {
2026-10-05T12:05:36.9989661Z         "path": "generated/plugins/copilot/agdf/runtime/create-agdf/runtime/core/lib/control-state/approval-operations.js",
2026-10-05T12:05:36.9989797Z         "size": 6088,
2026-10-05T12:05:36.9989912Z         "mode": 420
2026-10-05T12:05:36.9990028Z       },
2026-10-05T12:05:36.9990144Z       {
2026-10-05T12:05:36.9990895Z         "path": "generated/plugins/copilot/agdf/runtime/create-agdf/runtime/core/lib/control-state/artefact-binding-proof.js",
2026-10-05T12:05:36.9991018Z         "size": 4880,
2026-10-05T12:05:36.9991147Z         "mode": 420
2026-10-05T12:05:36.9991264Z       },
2026-10-05T12:05:36.9991372Z       {
2026-10-05T12:05:36.9992096Z         "path": "generated/plugins/copilot/agdf/runtime/create-agdf/runtime/core/lib/control-state/artefact-bindings.js",
2026-10-05T12:05:36.9992227Z         "size": 6925,
2026-10-05T12:05:36.9992353Z         "mode": 420
2026-10-05T12:05:36.9992464Z       },
2026-10-05T12:05:36.9992589Z       {
2026-10-05T12:05:36.9993258Z         "path": "generated/plugins/copilot/agdf/runtime/create-agdf/runtime/core/lib/control-state/contained-file.js",
2026-10-05T12:05:36.9993376Z         "size": 2204,
2026-10-05T12:05:36.9993500Z         "mode": 420
2026-10-05T12:05:36.9993614Z       },
2026-10-05T12:05:36.9993719Z       {
2026-10-05T12:05:36.9994435Z         "path": "generated/plugins/copilot/agdf/runtime/create-agdf/runtime/core/lib/control-state/control-configuration.js",
2026-10-05T12:05:36.9994567Z         "size": 1072,
2026-10-05T12:05:36.9994692Z         "mode": 420
2026-10-05T12:05:36.9994794Z       },
2026-10-05T12:05:36.9994907Z       {
2026-10-05T12:05:36.9995647Z         "path": "generated/plugins/copilot/agdf/runtime/create-agdf/runtime/core/lib/control-state/gate-approval-validator.js",
2026-10-05T12:05:36.9995755Z         "size": 1704,
2026-10-05T12:05:36.9995868Z         "mode": 420
2026-10-05T12:05:36.9995979Z       },
2026-10-05T12:05:36.9996091Z       {
2026-10-05T12:05:36.9996893Z         "path": "generated/plugins/copilot/agdf/runtime/create-agdf/runtime/core/lib/control-state/index.js",
2026-10-05T12:05:36.9997024Z         "size": 346,
2026-10-05T12:05:36.9997142Z         "mode": 420
2026-10-05T12:05:36.9997241Z       },
2026-10-05T12:05:36.9997351Z       {
2026-10-05T12:05:36.9997914Z         "path": "generated/plugins/copilot/agdf/runtime/create-agdf/runtime/core/lib/control-state/legacy-migration.js",
2026-10-05T12:05:36.9998000Z         "size": 3088,
2026-10-05T12:05:36.9998075Z         "mode": 420
2026-10-05T12:05:36.9998148Z       },
2026-10-05T12:05:36.9998219Z       {
2026-10-05T12:05:36.9998646Z         "path": "generated/plugins/copilot/agdf/runtime/create-agdf/runtime/core/lib/control-state/legacy-projection-reader.js",
2026-10-05T12:05:36.9998729Z         "size": 1984,
2026-10-05T12:05:36.9998810Z         "mode": 420
2026-10-05T12:05:36.9998876Z       },
2026-10-05T12:05:36.9998950Z       {
2026-10-05T12:05:36.9999375Z         "path": "generated/plugins/copilot/agdf/runtime/create-agdf/runtime/core/lib/control-state/run-artefact-recording.js",
2026-10-05T12:05:36.9999570Z         "size": 6620,
2026-10-05T12:05:36.9999643Z         "mode": 420
2026-10-05T12:05:36.9999719Z       },
2026-10-05T12:05:36.9999797Z       {
2026-10-05T12:05:37.0000172Z         "path": "generated/plugins/copilot/agdf/runtime/create-agdf/runtime/core/lib/control-state/run-identity.js",
2026-10-05T12:05:37.0000259Z         "size": 573,
2026-10-05T12:05:37.0000338Z         "mode": 420
2026-10-05T12:05:37.0000411Z       },
2026-10-05T12:05:37.0000480Z       {
2026-10-05T12:05:37.0000909Z         "path": "generated/plugins/copilot/agdf/runtime/create-agdf/runtime/core/lib/control-state/run-presentation-render.js",
2026-10-05T12:05:37.0000996Z         "size": 17579,
2026-10-05T12:05:37.0001071Z         "mode": 420
2026-10-05T12:05:37.0001149Z       },
2026-10-05T12:05:37.0001225Z       {
2026-10-05T12:05:37.0001618Z         "path": "generated/plugins/copilot/agdf/runtime/create-agdf/runtime/core/lib/control-state/run-presentation.js",
2026-10-05T12:05:37.0001701Z         "size": 6777,
2026-10-05T12:05:37.0001779Z         "mode": 420
2026-10-05T12:05:37.0001852Z       },
2026-10-05T12:05:37.0001919Z       {
2026-10-05T12:05:37.0002290Z         "path": "generated/plugins/copilot/agdf/runtime/create-agdf/runtime/core/lib/control-state/run-recording.js",
2026-10-05T12:05:37.0002371Z         "size": 10751,
2026-10-05T12:05:37.0002447Z         "mode": 420
2026-10-05T12:05:37.0002515Z       },
2026-10-05T12:05:37.0002589Z       {
2026-10-05T12:05:37.0002950Z         "path": "generated/plugins/copilot/agdf/runtime/create-agdf/runtime/core/lib/control-state/run-recovery.js",
2026-10-05T12:05:37.0003024Z         "size": 17891,
2026-10-05T12:05:37.0003101Z         "mode": 420
2026-10-05T12:05:37.0003173Z       },
2026-10-05T12:05:37.0003238Z       {
2026-10-05T12:05:37.0003678Z         "path": "generated/plugins/copilot/agdf/runtime/create-agdf/runtime/core/lib/control-state/run-relationship-correction.js",
2026-10-05T12:05:37.0003766Z         "size": 5721,
2026-10-05T12:05:37.0003847Z         "mode": 420
2026-10-05T12:05:37.0003914Z       },
2026-10-05T12:05:37.0003986Z       {
2026-10-05T12:05:37.0004391Z         "path": "generated/plugins/copilot/agdf/runtime/create-agdf/runtime/core/lib/control-state/run-revision-history.js",
2026-10-05T12:05:37.0004465Z         "size": 9598,
2026-10-05T12:05:37.0004545Z         "mode": 420
2026-10-05T12:05:37.0004620Z       },
2026-10-05T12:05:37.0004691Z       {
2026-10-05T12:05:37.0005046Z         "path": "generated/plugins/copilot/agdf/runtime/create-agdf/runtime/core/lib/control-state/run-revision.js",
2026-10-05T12:05:37.0005128Z         "size": 24412,
2026-10-05T12:05:37.0005207Z         "mode": 420
2026-10-05T12:05:37.0005274Z       },
2026-10-05T12:05:37.0005351Z       {
2026-10-05T12:05:37.0005706Z         "path": "generated/plugins/copilot/agdf/runtime/create-agdf/runtime/core/lib/control-state/run-seal.js",
2026-10-05T12:05:37.0005788Z         "size": 7838,
2026-10-05T12:05:37.0005859Z         "mode": 420
2026-10-05T12:05:37.0006019Z       },
2026-10-05T12:05:37.0006096Z       {
2026-10-05T12:05:37.0006493Z         "path": "generated/plugins/copilot/agdf/runtime/create-agdf/runtime/core/lib/control-state/run-source-revisions.js",
2026-10-05T12:05:37.0006573Z         "size": 9961,
2026-10-05T12:05:37.0006649Z         "mode": 420
2026-10-05T12:05:37.0006719Z       },
2026-10-05T12:05:37.0006787Z       {
2026-10-05T12:05:37.0007166Z         "path": "generated/plugins/copilot/agdf/runtime/create-agdf/runtime/core/lib/control-state/run-state-edits.js",
2026-10-05T12:05:37.0007244Z         "size": 6233,
2026-10-05T12:05:37.0007318Z         "mode": 420
2026-10-05T12:05:37.0007395Z       },
2026-10-05T12:05:37.0007833Z       {
2026-10-05T12:05:37.0008260Z         "path": "generated/plugins/copilot/agdf/runtime/create-agdf/runtime/core/lib/control-state/run-state-parser.js",
2026-10-05T12:05:37.0008436Z         "size": 12277,
2026-10-05T12:05:37.0008515Z         "mode": 420
2026-10-05T12:05:37.0008592Z       },
2026-10-05T12:05:37.0008658Z       {
2026-10-05T12:05:37.0009040Z         "path": "generated/plugins/copilot/agdf/runtime/create-agdf/runtime/core/lib/control-state/run-state-reader.js",
2026-10-05T12:05:37.0009117Z         "size": 1875,
2026-10-05T12:05:37.0009191Z         "mode": 420
2026-10-05T12:05:37.0009267Z       },
2026-10-05T12:05:37.0009335Z       {
2026-10-05T12:05:37.0009730Z         "path": "generated/plugins/copilot/agdf/runtime/create-agdf/runtime/core/lib/control-state/run-state-repository.js",
2026-10-05T12:05:37.0009802Z         "size": 6390,
2026-10-05T12:05:37.0009880Z         "mode": 420
2026-10-05T12:05:37.0009950Z       },
2026-10-05T12:05:37.0010014Z       {
2026-10-05T12:05:37.0010407Z         "path": "generated/plugins/copilot/agdf/runtime/create-agdf/runtime/core/lib/control-state/run-state-resolver.js",
2026-10-05T12:05:37.0010483Z         "size": 1371,
2026-10-05T12:05:37.0010565Z         "mode": 420
2026-10-05T12:05:37.0010631Z       },
2026-10-05T12:05:37.0010717Z       {
2026-10-05T12:05:37.0011094Z         "path": "generated/plugins/copilot/agdf/runtime/create-agdf/runtime/core/lib/control-state/run-state-writer.js",
2026-10-05T12:05:37.0011167Z         "size": 16219,
2026-10-05T12:05:37.0011244Z         "mode": 420
2026-10-05T12:05:37.0011316Z       },
2026-10-05T12:05:37.0011380Z       {
2026-10-05T12:05:37.0011760Z         "path": "generated/plugins/copilot/agdf/runtime/create-agdf/runtime/core/lib/control-state/run-step-pending.js",
2026-10-05T12:05:37.0011837Z         "size": 620,
2026-10-05T12:05:37.0011915Z         "mode": 420
2026-10-05T12:05:37.0011981Z       },
2026-10-05T12:05:37.0012056Z       {
2026-10-05T12:05:37.0012448Z         "path": "generated/plugins/copilot/agdf/runtime/create-agdf/runtime/core/lib/control-state/run-step-transaction.js",
2026-10-05T12:05:37.0012528Z         "size": 15958,
2026-10-05T12:05:37.0012603Z         "mode": 420
2026-10-05T12:05:37.0012678Z       },
2026-10-05T12:05:37.0012749Z       {
2026-10-05T12:05:37.0013098Z         "path": "generated/plugins/copilot/agdf/runtime/create-agdf/runtime/core/lib/control-state/run-steps.js",
2026-10-05T12:05:37.0013178Z         "size": 15588,
2026-10-05T12:05:37.0013253Z         "mode": 420
2026-10-05T12:05:37.0013318Z       },
2026-10-05T12:05:37.0013390Z       {
2026-10-05T12:05:37.0013785Z         "path": "generated/plugins/copilot/agdf/runtime/create-agdf/runtime/core/lib/control-state/run-store-inspection.js",
2026-10-05T12:05:37.0013862Z         "size": 2164,
2026-10-05T12:05:37.0013934Z         "mode": 420
2026-10-05T12:05:37.0014009Z       },
2026-10-05T12:05:37.0014081Z       {
2026-10-05T12:05:37.0014452Z         "path": "generated/plugins/copilot/agdf/runtime/create-agdf/runtime/core/lib/delivery-continuation/service.js",
2026-10-05T12:05:37.0014530Z         "size": 3947,
2026-10-05T12:05:37.0014606Z         "mode": 420
2026-10-05T12:05:37.0014680Z       },
2026-10-05T12:05:37.0014747Z       {
2026-10-05T12:05:37.0015256Z         "path": "generated/plugins/copilot/agdf/runtime/create-agdf/runtime/core/lib/delivery-path-search/candidate-policy.js",
2026-10-05T12:05:37.0015341Z         "size": 3919,
2026-10-05T12:05:37.0015412Z         "mode": 420
2026-10-05T12:05:37.0015488Z       },
2026-10-05T12:05:37.0015560Z       {
2026-10-05T12:05:37.0015944Z         "path": "generated/plugins/copilot/agdf/runtime/create-agdf/runtime/core/lib/delivery-path-search/contracts.js",
2026-10-05T12:05:37.0016020Z         "size": 15955,
2026-10-05T12:05:37.0016098Z         "mode": 420
2026-10-05T12:05:37.0016173Z       },
2026-10-05T12:05:37.0016237Z       {
2026-10-05T12:05:37.0016624Z         "path": "generated/plugins/copilot/agdf/runtime/create-agdf/runtime/core/lib/delivery-path-search/persistence.js",
2026-10-05T12:05:37.0016701Z         "size": 2521,
2026-10-05T12:05:37.0016770Z         "mode": 420
2026-10-05T12:05:37.0016845Z       },
2026-10-05T12:05:37.0017013Z       {
2026-10-05T12:05:37.0017405Z         "path": "generated/plugins/copilot/agdf/runtime/create-agdf/runtime/core/lib/delivery-path-search/scoring.js",
2026-10-05T12:05:37.0017483Z         "size": 824,
2026-10-05T12:05:37.0017568Z         "mode": 420
2026-10-05T12:05:37.0017644Z       },
2026-10-05T12:05:37.0017975Z       {
2026-10-05T12:05:37.0018425Z         "path": "generated/plugins/copilot/agdf/runtime/create-agdf/runtime/core/lib/delivery-path-search/search-engine.js",
2026-10-05T12:05:37.0018506Z         "size": 11244,
2026-10-05T12:05:37.0018585Z         "mode": 420
2026-10-05T12:05:37.0018653Z       },
2026-10-05T12:05:37.0018724Z       {
2026-10-05T12:05:37.0019123Z         "path": "generated/plugins/copilot/agdf/runtime/create-agdf/runtime/core/lib/delivery-path-search/state-adapter.js",
2026-10-05T12:05:37.0019198Z         "size": 4596,
2026-10-05T12:05:37.0019279Z         "mode": 420
2026-10-05T12:05:37.0019351Z       },
2026-10-05T12:05:37.0019433Z       {
2026-10-05T12:05:37.0019727Z         "path": "generated/plugins/copilot/agdf/runtime/create-agdf/runtime/core/lib/fs-swap.js",
2026-10-05T12:05:37.0019808Z         "size": 916,
2026-10-05T12:05:37.0019885Z         "mode": 420
2026-10-05T12:05:37.0019949Z       },
2026-10-05T12:05:37.0020023Z       {
2026-10-05T12:05:37.0020309Z         "path": "generated/plugins/copilot/agdf/runtime/create-agdf/runtime/core/lib/index.js",
2026-10-05T12:05:37.0020382Z         "size": 954,
2026-10-05T12:05:37.0020460Z         "mode": 420
2026-10-05T12:05:37.0020534Z       },
2026-10-05T12:05:37.0020608Z       {
2026-10-05T12:05:37.0020998Z         "path": "generated/plugins/copilot/agdf/runtime/create-agdf/runtime/core/lib/interaction-catalog-validation.js",
2026-10-05T12:05:37.0021078Z         "size": 1453,
2026-10-05T12:05:37.0021152Z         "mode": 420
2026-10-05T12:05:37.0021219Z       },
2026-10-05T12:05:37.0021295Z       {
2026-10-05T12:05:37.0021643Z         "path": "generated/plugins/copilot/agdf/runtime/create-agdf/runtime/core/lib/interaction-catalog.js",
2026-10-05T12:05:37.0021729Z         "size": 3628,
2026-10-05T12:05:37.0021801Z         "mode": 420
2026-10-05T12:05:37.0021877Z       },
2026-10-05T12:05:37.0021950Z       {
2026-10-05T12:05:37.0022308Z         "path": "generated/plugins/copilot/agdf/runtime/create-agdf/runtime/core/lib/interaction-presentation.js",
2026-10-05T12:05:37.0022389Z         "size": 65120,
2026-10-05T12:05:37.0022469Z         "mode": 420
2026-10-05T12:05:37.0022543Z       },
2026-10-05T12:05:37.0022611Z       {
2026-10-05T12:05:37.0022977Z         "path": "generated/plugins/copilot/agdf/runtime/create-agdf/runtime/core/lib/repository-context-reader.js",
2026-10-05T12:05:37.0023054Z         "size": 3135,
2026-10-05T12:05:37.0023127Z         "mode": 420
2026-10-05T12:05:37.0023201Z       },
2026-10-05T12:05:37.0023274Z       {
2026-10-05T12:05:37.0023601Z         "path": "generated/plugins/copilot/agdf/runtime/create-agdf/runtime/core/lib/resources/binding.js",
2026-10-05T12:05:37.0023682Z         "size": 296,
2026-10-05T12:05:37.0023760Z         "mode": 420
2026-10-05T12:05:37.0023927Z       },
2026-10-05T12:05:37.0023996Z       {
2026-10-05T12:05:37.0024333Z         "path": "generated/plugins/copilot/agdf/runtime/create-agdf/runtime/core/lib/resources/context.js",
2026-10-05T12:05:37.0024413Z         "size": 3469,
2026-10-05T12:05:37.0024484Z         "mode": 420
2026-10-05T12:05:37.0024559Z       },
2026-10-05T12:05:37.0024633Z       {
2026-10-05T12:05:37.0024974Z         "path": "generated/plugins/copilot/agdf/runtime/create-agdf/runtime/core/lib/resources/contracts.js",
2026-10-05T12:05:37.0025047Z         "size": 1513,
2026-10-05T12:05:37.0025122Z         "mode": 420
2026-10-05T12:05:37.0025197Z       },
2026-10-05T12:05:37.0025260Z       {
2026-10-05T12:05:37.0025672Z         "path": "generated/plugins/copilot/agdf/runtime/create-agdf/runtime/core/lib/runtime/distribution-profile-history.js",
2026-10-05T12:05:37.0025751Z         "size": 6077,
2026-10-05T12:05:37.0025909Z         "mode": 420
2026-10-05T12:05:37.0025976Z       },
2026-10-05T12:05:37.0026058Z       {
2026-10-05T12:05:37.0026426Z         "path": "generated/plugins/copilot/agdf/runtime/create-agdf/runtime/core/lib/runtime/plugin-provenance.js",
2026-10-05T12:05:37.0026499Z         "size": 20490,
2026-10-05T12:05:37.0026579Z         "mode": 420
2026-10-05T12:05:37.0026653Z       },
2026-10-05T12:05:37.0026719Z       {
2026-10-05T12:05:37.0027072Z         "path": "generated/plugins/copilot/agdf/runtime/create-agdf/runtime/core/lib/skill-dispatch/binding.js",
2026-10-05T12:05:37.0027155Z         "size": 3647,
2026-10-05T12:05:37.0027231Z         "mode": 420
2026-10-05T12:05:37.0027296Z       },
2026-10-05T12:05:37.0027373Z       {
2026-10-05T12:05:37.0027723Z         "path": "generated/plugins/copilot/agdf/runtime/create-agdf/runtime/core/lib/skill-dispatch/contract.js",
2026-10-05T12:05:37.0027799Z         "size": 27887,
2026-10-05T12:05:37.0027878Z         "mode": 420
2026-10-05T12:05:37.0027954Z       },
2026-10-05T12:05:37.0028026Z       {
2026-10-05T12:05:37.0028406Z         "path": "generated/plugins/copilot/agdf/runtime/create-agdf/runtime/core/lib/skill-dispatch/delivery-intake.js",
2026-10-05T12:05:37.0028488Z         "size": 4635,
2026-10-05T12:05:37.0028563Z         "mode": 420
2026-10-05T12:05:37.0028633Z       },
2026-10-05T12:05:37.0028707Z       {
2026-10-05T12:05:37.0029125Z         "path": "generated/plugins/copilot/agdf/runtime/create-agdf/runtime/core/lib/skill-dispatch/delivery-run-assignment.js",
2026-10-05T12:05:37.0029206Z         "size": 4578,
2026-10-05T12:05:37.0029276Z         "mode": 420
2026-10-05T12:05:37.0029350Z       },
2026-10-05T12:05:37.0029423Z       {
2026-10-05T12:05:37.0029797Z         "path": "generated/plugins/copilot/agdf/runtime/create-agdf/runtime/core/lib/skill-dispatch/prd-definition.js",
2026-10-05T12:05:37.0029886Z         "size": 2845,
2026-10-05T12:05:37.0029965Z         "mode": 420
2026-10-05T12:05:37.0030043Z       },
2026-10-05T12:05:37.0030110Z       {
2026-10-05T12:05:37.0030490Z         "path": "generated/plugins/copilot/agdf/runtime/create-agdf/runtime/core/lib/skill-dispatch/sd-definition.js",
2026-10-05T12:05:37.0030573Z         "size": 2900,
2026-10-05T12:05:37.0030646Z         "mode": 420
2026-10-05T12:05:37.0030721Z       },
2026-10-05T12:05:37.0030795Z       {
2026-10-05T12:05:37.0031137Z         "path": "generated/plugins/copilot/agdf/runtime/create-agdf/runtime/core/lib/skill-dispatch/service.js",
2026-10-05T12:05:37.0031219Z         "size": 40882,
2026-10-05T12:05:37.0031298Z         "mode": 420
2026-10-05T12:05:37.0031373Z       },
2026-10-05T12:05:37.0031440Z       {
2026-10-05T12:05:37.0031788Z         "path": "generated/plugins/copilot/agdf/runtime/create-agdf/runtime/core/lib/task-target-resolution.js",
2026-10-05T12:05:37.0031867Z         "size": 8096,
2026-10-05T12:05:37.0031939Z         "mode": 420
2026-10-05T12:05:37.0032016Z       },
2026-10-05T12:05:37.0032089Z       {
2026-10-05T12:05:37.0032421Z         "path": "generated/plugins/copilot/agdf/runtime/runtime-manifest.json",
2026-10-05T12:05:37.0032500Z         "size": 236,
2026-10-05T12:05:37.0032579Z         "mode": 420
2026-10-05T12:05:37.0032656Z       },
2026-10-05T12:05:37.0032725Z       {
2026-10-05T12:05:37.0033002Z         "path": "generated/plugins/copilot/agdf/skills/agdf-brownfield-analysis/SKILL.md",
2026-10-05T12:05:37.0033084Z         "size": 15460,
2026-10-05T12:05:37.0033159Z         "mode": 420
2026-10-05T12:05:37.0033233Z       },
2026-10-05T12:05:37.0033308Z       {
2026-10-05T12:05:37.0033617Z         "path": "generated/plugins/copilot/agdf/skills/agdf-clean-implementation-review/SKILL.md",
2026-10-05T12:05:37.0033691Z         "size": 7501,
2026-10-05T12:05:37.0033771Z         "mode": 420
2026-10-05T12:05:37.0033843Z       },
2026-10-05T12:05:37.0033910Z       {
2026-10-05T12:05:37.0034148Z         "path": "generated/plugins/copilot/agdf/skills/agdf-code-review/SKILL.md",
2026-10-05T12:05:37.0034310Z         "size": 7600,
2026-10-05T12:05:37.0034387Z         "mode": 420
2026-10-05T12:05:37.0034458Z       },
2026-10-05T12:05:37.0034534Z       {
2026-10-05T12:05:37.0034797Z         "path": "generated/plugins/copilot/agdf/skills/agdf-delivery-closeout/SKILL.md",
2026-10-05T12:05:37.0034871Z         "size": 7162,
2026-10-05T12:05:37.0034946Z         "mode": 420
2026-10-05T12:05:37.0035020Z       },
2026-10-05T12:05:37.0035087Z       {
2026-10-05T12:05:37.0035368Z         "path": "generated/plugins/copilot/agdf/skills/agdf-delivery-path-search/SKILL.md",
2026-10-05T12:05:37.0035449Z         "size": 8000,
2026-10-05T12:05:37.0035526Z         "mode": 420
2026-10-05T12:05:37.0035594Z       },
2026-10-05T12:05:37.0035671Z       {
2026-10-05T12:05:37.0035903Z         "path": "generated/plugins/copilot/agdf/skills/agdf-gate-check/SKILL.md",
2026-10-05T12:05:37.0035975Z         "size": 5485,
2026-10-05T12:05:37.0036053Z         "mode": 420
2026-10-05T12:05:37.0036128Z       },
2026-10-05T12:05:37.0036198Z       {
2026-10-05T12:05:37.0036459Z         "path": "generated/plugins/copilot/agdf/skills/agdf-interaction-locales.json",
2026-10-05T12:05:37.0036543Z         "size": 153294,
2026-10-05T12:05:37.0036618Z         "mode": 420
2026-10-05T12:05:37.0036683Z       },
2026-10-05T12:05:37.0036756Z       {
2026-10-05T12:05:37.0037001Z         "path": "generated/plugins/copilot/agdf/skills/agdf-prd-definition/SKILL.md",
2026-10-05T12:05:37.0037074Z         "size": 3815,
2026-10-05T12:05:37.0037154Z         "mode": 420
2026-10-05T12:05:37.0037226Z       },
2026-10-05T12:05:37.0037300Z       {
2026-10-05T12:05:37.0037513Z         "path": "generated/plugins/copilot/agdf/skills/agdf-qa-gate/SKILL.md",
2026-10-05T12:05:37.0037597Z         "size": 10589,
2026-10-05T12:05:37.0037675Z         "mode": 420
2026-10-05T12:05:37.0037743Z       },
2026-10-05T12:05:37.0037818Z       {
2026-10-05T12:05:37.0038353Z         "path": "generated/plugins/copilot/agdf/skills/agdf-release-or/SKILL.md",
2026-10-05T12:05:37.0038432Z         "size": 9998,
2026-10-05T12:05:37.0038510Z         "mode": 420
2026-10-05T12:05:37.0038588Z       },
2026-10-05T12:05:37.0038660Z       {
2026-10-05T12:05:37.0038887Z         "path": "generated/plugins/copilot/agdf/skills/agdf-runtime-contract.md",
2026-10-05T12:05:37.0038972Z         "size": 1977,
2026-10-05T12:05:37.0039050Z         "mode": 420
2026-10-05T12:05:37.0039116Z       },
2026-10-05T12:05:37.0039194Z       {
2026-10-05T12:05:37.0039467Z         "path": "generated/plugins/copilot/agdf/skills/agdf-sd-definition/SKILL.md",
2026-10-05T12:05:37.0039552Z         "size": 3720,
2026-10-05T12:05:37.0039623Z         "mode": 420
2026-10-05T12:05:37.0039700Z       },
2026-10-05T12:05:37.0039771Z       {
2026-10-05T12:05:37.0040019Z         "path": "generated/plugins/copilot/agdf/skills/agdf-task-plan-review/SKILL.md",
2026-10-05T12:05:37.0040100Z         "size": 8249,
2026-10-05T12:05:37.0040177Z         "mode": 420
2026-10-05T12:05:37.0040243Z       },
2026-10-05T12:05:37.0040319Z       {
2026-10-05T12:05:37.0040657Z         "path": "generated/plugins/copilot/agdf/skills/agdf-ur-definition/SKILL.md",
2026-10-05T12:05:37.0040735Z         "size": 3701,
2026-10-05T12:05:37.0040805Z         "mode": 420
2026-10-05T12:05:37.0040877Z       },
2026-10-05T12:05:37.0040950Z       {
2026-10-05T12:05:37.0041216Z         "path": "generated/plugins/copilot/agdf/skills/agdf-ux-intent-definition/SKILL.md",
2026-10-05T12:05:37.0041295Z         "size": 7284,
2026-10-05T12:05:37.0041371Z         "mode": 420
2026-10-05T12:05:37.0041438Z       },
2026-10-05T12:05:37.0041512Z       {
2026-10-05T12:05:37.0041728Z         "path": "generated/plugins/copilot/agdf/skills/contracts/closeout.md",
2026-10-05T12:05:37.0041806Z         "size": 4196,
2026-10-05T12:05:37.0041877Z         "mode": 420
2026-10-05T12:05:37.0041948Z       },
2026-10-05T12:05:37.0042017Z       {
2026-10-05T12:05:37.0042250Z         "path": "generated/plugins/copilot/agdf/skills/contracts/context-graph.md",
2026-10-05T12:05:37.0042419Z         "size": 2512,
2026-10-05T12:05:37.0042501Z         "mode": 420
2026-10-05T12:05:37.0042573Z       },
2026-10-05T12:05:37.0042640Z       {
2026-10-05T12:05:37.0042885Z         "path": "generated/plugins/copilot/agdf/skills/contracts/control-scaffold.md",
2026-10-05T12:05:37.0042965Z         "size": 11537,
2026-10-05T12:05:37.0043036Z         "mode": 420
2026-10-05T12:05:37.0043109Z       },
2026-10-05T12:05:37.0043181Z       {
2026-10-05T12:05:37.0043473Z         "path": "generated/plugins/copilot/agdf/skills/contracts/gate-artifact-preparation.md",
2026-10-05T12:05:37.0043553Z         "size": 5731,
2026-10-05T12:05:37.0043630Z         "mode": 420
2026-10-05T12:05:37.0043703Z       },
2026-10-05T12:05:37.0043771Z       {
2026-10-05T12:05:37.0044011Z         "path": "generated/plugins/copilot/agdf/skills/contracts/gate-transition.md",
2026-10-05T12:05:37.0044093Z         "size": 17966,
2026-10-05T12:05:37.0044165Z         "mode": 420
2026-10-05T12:05:37.0044247Z       },
2026-10-05T12:05:37.0044320Z       {
2026-10-05T12:05:37.0044549Z         "path": "generated/plugins/copilot/agdf/skills/contracts/interaction.md",
2026-10-05T12:05:37.0044623Z         "size": 46599,
2026-10-05T12:05:37.0044700Z         "mode": 420
2026-10-05T12:05:37.0044771Z       },
2026-10-05T12:05:37.0044838Z       {
2026-10-05T12:05:37.0045054Z         "path": "generated/plugins/copilot/agdf/skills/contracts/modes.md",
2026-10-05T12:05:37.0045133Z         "size": 12906,
2026-10-05T12:05:37.0045205Z         "mode": 420
2026-10-05T12:05:37.0045282Z       },
2026-10-05T12:05:37.0045354Z       {
2026-10-05T12:05:37.0045591Z         "path": "generated/plugins/copilot/agdf/skills/contracts/prd-definition.md",
2026-10-05T12:05:37.0045664Z         "size": 5034,
2026-10-05T12:05:37.0045742Z         "mode": 420
2026-10-05T12:05:37.0045817Z       },
2026-10-05T12:05:37.0045884Z       {
2026-10-05T12:05:37.0046102Z         "path": "generated/plugins/copilot/agdf/skills/contracts/quality.md",
2026-10-05T12:05:37.0046185Z         "size": 8692,
2026-10-05T12:05:37.0046259Z         "mode": 420
2026-10-05T12:05:37.0046334Z       },
2026-10-05T12:05:37.0046407Z       {
2026-10-05T12:05:37.0046663Z         "path": "generated/plugins/copilot/agdf/skills/contracts/request-activation.md",
2026-10-05T12:05:37.0046735Z         "size": 18822,
2026-10-05T12:05:37.0046814Z         "mode": 420
2026-10-05T12:05:37.0046887Z       },
2026-10-05T12:05:37.0046953Z       {
2026-10-05T12:05:37.0047190Z         "path": "generated/plugins/copilot/agdf/skills/contracts/sd-definition.md",
2026-10-05T12:05:37.0047273Z         "size": 4617,
2026-10-05T12:05:37.0047352Z         "mode": 420
2026-10-05T12:05:37.0047420Z       },
2026-10-05T12:05:37.0047490Z       {
2026-10-05T12:05:37.0047766Z         "path": "generated/plugins/copilot/agdf/skills/contracts/task-target-resolution.md",
2026-10-05T12:05:37.0047837Z         "size": 8919,
2026-10-05T12:05:37.0047918Z         "mode": 420
2026-10-05T12:05:37.0047993Z       },
2026-10-05T12:05:37.0048060Z       {
2026-10-05T12:05:37.0048399Z         "path": "generated/plugins/copilot/agdf/skills/contracts/ur-definition.md",
2026-10-05T12:05:37.0048483Z         "size": 3139,
2026-10-05T12:05:37.0048561Z         "mode": 420
2026-10-05T12:05:37.0048628Z       },
2026-10-05T12:05:37.0048702Z       {
2026-10-05T12:05:37.0048927Z         "path": "generated/submissions/openai/agdf/.codex-plugin/plugin.json",
2026-10-05T12:05:37.0048998Z         "size": 1889,
2026-10-05T12:05:37.0049077Z         "mode": 420
2026-10-05T12:05:37.0049150Z       },
2026-10-05T12:05:37.0049216Z       {
2026-10-05T12:05:37.0049417Z         "path": "generated/submissions/openai/agdf/assets/agdf-icon.svg",
2026-10-05T12:05:37.0049496Z         "size": 924,
2026-10-05T12:05:37.0049573Z         "mode": 420
2026-10-05T12:05:37.0049639Z       },
2026-10-05T12:05:37.0049710Z       {
2026-10-05T12:05:37.0049906Z         "path": "generated/submissions/openai/agdf/assets/agdf-logo.svg",
2026-10-05T12:05:37.0050070Z         "size": 962,
2026-10-05T12:05:37.0050151Z         "mode": 420
2026-10-05T12:05:37.0050222Z       },
2026-10-05T12:05:37.0050289Z       {
2026-10-05T12:05:37.0050511Z         "path": "generated/submissions/openai/agdf/meta/agdf-agent-router.md",
2026-10-05T12:05:37.0050589Z         "size": 12317,
2026-10-05T12:05:37.0050667Z         "mode": 420
2026-10-05T12:05:37.0050735Z       },
2026-10-05T12:05:37.0050807Z       {
2026-10-05T12:05:37.0051022Z         "path": "generated/submissions/openai/agdf/meta/agdf-constitution.md",
2026-10-05T12:05:37.0051094Z         "size": 8709,
2026-10-05T12:05:37.0051175Z         "mode": 420
2026-10-05T12:05:37.0051249Z       },
2026-10-05T12:05:37.0051321Z       {
2026-10-05T12:05:37.0051571Z         "path": "generated/submissions/openai/agdf/meta/agdf-interaction-locales.json",
2026-10-05T12:05:37.0051651Z         "size": 153294,
2026-10-05T12:05:37.0051731Z         "mode": 420
2026-10-05T12:05:37.0051799Z       },
2026-10-05T12:05:37.0051874Z       {
2026-10-05T12:05:37.0052127Z         "path": "generated/submissions/openai/agdf/meta/agdf-plugin.definition.json",
2026-10-05T12:05:37.0052202Z         "size": 18450,
2026-10-05T12:05:37.0052286Z         "mode": 420
2026-10-05T12:05:37.0052360Z       },
2026-10-05T12:05:37.0052432Z       {
2026-10-05T12:05:37.0052663Z         "path": "generated/submissions/openai/agdf/meta/agdf-runtime-contract.md",
2026-10-05T12:05:37.0052741Z         "size": 1977,
2026-10-05T12:05:37.0052816Z         "mode": 420
2026-10-05T12:05:37.0052882Z       },
2026-10-05T12:05:37.0052958Z       {
2026-10-05T12:05:37.0053155Z         "path": "generated/submissions/openai/agdf/meta/agdf-tenets.md",
2026-10-05T12:05:37.0053236Z         "size": 8945,
2026-10-05T12:05:37.0053309Z         "mode": 420
2026-10-05T12:05:37.0053383Z       },
2026-10-05T12:05:37.0053457Z       {
2026-10-05T12:05:37.0053706Z         "path": "generated/submissions/openai/agdf/meta/agent-skills-conformance.json",
2026-10-05T12:05:37.0053787Z         "size": 1867,
2026-10-05T12:05:37.0053864Z         "mode": 420
2026-10-05T12:05:37.0053931Z       },
2026-10-05T12:05:37.0054006Z       {
2026-10-05T12:05:37.0054330Z         "path": "generated/submissions/openai/agdf/meta/contracts/closeout.md",
2026-10-05T12:05:37.0054453Z         "size": 4196,
2026-10-05T12:05:37.0054562Z         "mode": 420
2026-10-05T12:05:37.0054671Z       },
2026-10-05T12:05:37.0054775Z       {
2026-10-05T12:05:37.0055159Z         "path": "generated/submissions/openai/agdf/meta/contracts/context-graph.md",
2026-10-05T12:05:37.0055283Z         "size": 2512,
2026-10-05T12:05:37.0055400Z         "mode": 420
2026-10-05T12:05:37.0055503Z       },
2026-10-05T12:05:37.0055616Z       {
2026-10-05T12:05:37.0056052Z         "path": "generated/submissions/openai/agdf/meta/contracts/control-scaffold.md",
2026-10-05T12:05:37.0056178Z         "size": 11537,
2026-10-05T12:05:37.0056291Z         "mode": 420
2026-10-05T12:05:37.0056415Z       },
2026-10-05T12:05:37.0056530Z       {
2026-10-05T12:05:37.0057185Z         "path": "generated/submissions/openai/agdf/meta/contracts/gate-artifact-preparation.md",
2026-10-05T12:05:37.0057314Z         "size": 5731,
2026-10-05T12:05:37.0057404Z         "mode": 420
2026-10-05T12:05:37.0057478Z       },
2026-10-05T12:05:37.0057546Z       {
2026-10-05T12:05:37.0057794Z         "path": "generated/submissions/openai/agdf/meta/contracts/gate-transition.md",
2026-10-05T12:05:37.0057873Z         "size": 17966,
2026-10-05T12:05:37.0057944Z         "mode": 420
2026-10-05T12:05:37.0058285Z       },
2026-10-05T12:05:37.0058389Z       {
2026-10-05T12:05:37.0058626Z         "path": "generated/submissions/openai/agdf/meta/contracts/interaction.md",
2026-10-05T12:05:37.0058710Z         "size": 46617,
2026-10-05T12:05:37.0058788Z         "mode": 420
2026-10-05T12:05:37.0058860Z       },
2026-10-05T12:05:37.0058925Z       {
2026-10-05T12:05:37.0059139Z         "path": "generated/submissions/openai/agdf/meta/contracts/modes.md",
2026-10-05T12:05:37.0059321Z         "size": 12906,
2026-10-05T12:05:37.0059396Z         "mode": 420
2026-10-05T12:05:37.0059469Z       },
2026-10-05T12:05:37.0059539Z       {
2026-10-05T12:05:37.0059777Z         "path": "generated/submissions/openai/agdf/meta/contracts/prd-definition.md",
2026-10-05T12:05:37.0059856Z         "size": 5034,
2026-10-05T12:05:37.0059934Z         "mode": 420
2026-10-05T12:05:37.0060007Z       },
2026-10-05T12:05:37.0060074Z       {
2026-10-05T12:05:37.0060295Z         "path": "generated/submissions/openai/agdf/meta/contracts/quality.md",
2026-10-05T12:05:37.0060373Z         "size": 8692,
2026-10-05T12:05:37.0060443Z         "mode": 420
2026-10-05T12:05:37.0060516Z       },
2026-10-05T12:05:37.0060589Z       {
2026-10-05T12:05:37.0060849Z         "path": "generated/submissions/openai/agdf/meta/contracts/request-activation.md",
2026-10-05T12:05:37.0060923Z         "size": 18822,
2026-10-05T12:05:37.0061002Z         "mode": 420
2026-10-05T12:05:37.0061082Z       },
2026-10-05T12:05:37.0061149Z       {
2026-10-05T12:05:37.0061394Z         "path": "generated/submissions/openai/agdf/meta/contracts/sd-definition.md",
2026-10-05T12:05:37.0061473Z         "size": 4617,
2026-10-05T12:05:37.0061544Z         "mode": 420
2026-10-05T12:05:37.0061620Z       },
2026-10-05T12:05:37.0061692Z       {
2026-10-05T12:05:37.0061976Z         "path": "generated/submissions/openai/agdf/meta/contracts/task-target-resolution.md",
2026-10-05T12:05:37.0062049Z         "size": 8919,
2026-10-05T12:05:37.0062128Z         "mode": 420
2026-10-05T12:05:37.0062200Z       },
2026-10-05T12:05:37.0062267Z       {
2026-10-05T12:05:37.0062504Z         "path": "generated/submissions/openai/agdf/meta/contracts/ur-definition.md",
2026-10-05T12:05:37.0062586Z         "size": 3139,
2026-10-05T12:05:37.0062663Z         "mode": 420
2026-10-05T12:05:37.0062731Z       },
2026-10-05T12:05:37.0062808Z       {
2026-10-05T12:05:37.0063065Z         "path": "generated/submissions/openai/agdf/meta/copilot-payload-baseline.json",
2026-10-05T12:05:37.0063142Z         "size": 276,
2026-10-05T12:05:37.0063223Z         "mode": 420
2026-10-05T12:05:37.0063297Z       },
2026-10-05T12:05:37.0063365Z       {
2026-10-05T12:05:37.0063648Z         "path": "generated/submissions/openai/agdf/meta/distribution-profile-history.json",
2026-10-05T12:05:37.0063729Z         "size": 4398,
2026-10-05T12:05:37.0063804Z         "mode": 420
2026-10-05T12:05:37.0063871Z       },
2026-10-05T12:05:37.0063942Z       {
2026-10-05T12:05:37.0064252Z         "path": "generated/submissions/openai/agdf/meta/schemas/agent-plugins/1.0.0/mcp.schema.json",
2026-10-05T12:05:37.0064323Z         "size": 3408,
2026-10-05T12:05:37.0064400Z         "mode": 420
2026-10-05T12:05:37.0064472Z       },
2026-10-05T12:05:37.0064541Z       {
2026-10-05T12:05:37.0064867Z         "path": "generated/submissions/openai/agdf/meta/schemas/agent-plugins/1.0.0/plugin.schema.json",
2026-10-05T12:05:37.0064947Z         "size": 1805,
2026-10-05T12:05:37.0065028Z         "mode": 420
2026-10-05T12:05:37.0065095Z       },
2026-10-05T12:05:37.0065264Z       {
2026-10-05T12:05:37.0065592Z         "path": "generated/submissions/openai/agdf/meta/schemas/agent-plugins/1.0.0/provenance.json",
2026-10-05T12:05:37.0065665Z         "size": 539,
2026-10-05T12:05:37.0065740Z         "mode": 420
2026-10-05T12:05:37.0065811Z       },
2026-10-05T12:05:37.0065880Z       {
2026-10-05T12:05:37.0066052Z         "path": "generated/submissions/openai/agdf/plugin.json",
2026-10-05T12:05:37.0066132Z         "size": 2104,
2026-10-05T12:05:37.0066207Z         "mode": 420
2026-10-05T12:05:37.0066272Z       },
2026-10-05T12:05:37.0066343Z       {
2026-10-05T12:05:37.0066598Z         "path": "generated/submissions/openai/agdf/skills/brownfield-analysis/help.md",
2026-10-05T12:05:37.0066673Z         "size": 497,
2026-10-05T12:05:37.0066755Z         "mode": 420
2026-10-05T12:05:37.0066830Z       },
2026-10-05T12:05:37.0066906Z       {
2026-10-05T12:05:37.0067802Z         "path": "generated/submissions/openai/agdf/skills/brownfield-analysis/SKILL.md",
2026-10-05T12:05:37.0067885Z         "size": 15519,
2026-10-05T12:05:37.0067962Z         "mode": 420
2026-10-05T12:05:37.0068028Z       },
2026-10-05T12:05:37.0068102Z       {
2026-10-05T12:05:37.0068396Z         "path": "generated/submissions/openai/agdf/skills/clean-implementation-review/help.md",
2026-10-05T12:05:37.0068475Z         "size": 520,
2026-10-05T12:05:37.0068549Z         "mode": 420
2026-10-05T12:05:37.0068627Z       },
2026-10-05T12:05:37.0068700Z       {
2026-10-05T12:05:37.0068985Z         "path": "generated/submissions/openai/agdf/skills/clean-implementation-review/SKILL.md",
2026-10-05T12:05:37.0069069Z         "size": 7536,
2026-10-05T12:05:37.0069145Z         "mode": 420
2026-10-05T12:05:37.0069210Z       },
2026-10-05T12:05:37.0069285Z       {
2026-10-05T12:05:37.0069510Z         "path": "generated/submissions/openai/agdf/skills/code-review/help.md",
2026-10-05T12:05:37.0069594Z         "size": 407,
2026-10-05T12:05:37.0069664Z         "mode": 420
2026-10-05T12:05:37.0069744Z       },
2026-10-05T12:05:37.0069817Z       {
2026-10-05T12:05:37.0070038Z         "path": "generated/submissions/openai/agdf/skills/code-review/SKILL.md",
2026-10-05T12:05:37.0070118Z         "size": 7635,
2026-10-05T12:05:37.0070198Z         "mode": 420
2026-10-05T12:05:37.0070278Z       },
2026-10-05T12:05:37.0070347Z       {
2026-10-05T12:05:37.0070594Z         "path": "generated/submissions/openai/agdf/skills/delivery-closeout/help.md",
2026-10-05T12:05:37.0070676Z         "size": 416,
2026-10-05T12:05:37.0070748Z         "mode": 420
2026-10-05T12:05:37.0070824Z       },
2026-10-05T12:05:37.0070897Z       {
2026-10-05T12:05:37.0071139Z         "path": "generated/submissions/openai/agdf/skills/delivery-closeout/SKILL.md",
2026-10-05T12:05:37.0071220Z         "size": 7197,
2026-10-05T12:05:37.0071294Z         "mode": 420
2026-10-05T12:05:37.0071437Z       },
2026-10-05T12:05:37.0071539Z       {
2026-10-05T12:05:37.0081462Z         "path": "generated/submissions/openai/agdf/skills/delivery-path-search/help.md",
2026-10-05T12:05:37.0081593Z         "size": 555,
2026-10-05T12:05:37.0081682Z         "mode": 420
2026-10-05T12:05:37.0081765Z       },
2026-10-05T12:05:37.0081844Z       {
2026-10-05T12:05:37.0082147Z         "path": "generated/submissions/openai/agdf/skills/delivery-path-search/SKILL.md",
2026-10-05T12:05:37.0082239Z         "size": 8035,
2026-10-05T12:05:37.0082322Z         "mode": 420
2026-10-05T12:05:37.0082401Z       },
2026-10-05T12:05:37.0082471Z       {
2026-10-05T12:05:37.0082720Z         "path": "generated/submissions/openai/agdf/skills/gate-check/help.md",
2026-10-05T12:05:37.0082803Z         "size": 430,
2026-10-05T12:05:37.0082877Z         "mode": 420
2026-10-05T12:05:37.0082953Z       },
2026-10-05T12:05:37.0083026Z       {
2026-10-05T12:05:37.0083253Z         "path": "generated/submissions/openai/agdf/skills/gate-check/SKILL.md",
2026-10-05T12:05:37.0083342Z         "size": 5536,
2026-10-05T12:05:37.0083423Z         "mode": 420
2026-10-05T12:05:37.0083669Z       },
2026-10-05T12:05:37.0083742Z       {
2026-10-05T12:05:37.0084004Z         "path": "generated/submissions/openai/agdf/skills/prd-definition/help.md",
2026-10-05T12:05:37.0084083Z         "size": 551,
2026-10-05T12:05:37.0084157Z         "mode": 420
2026-10-05T12:05:37.0084231Z       },
2026-10-05T12:05:37.0084312Z       {
2026-10-05T12:05:37.0084565Z         "path": "generated/submissions/openai/agdf/skills/prd-definition/SKILL.md",
2026-10-05T12:05:37.0084638Z         "size": 3842,
2026-10-05T12:05:37.0084715Z         "mode": 420
2026-10-05T12:05:37.0084790Z       },
2026-10-05T12:05:37.0084857Z       {
2026-10-05T12:05:37.0085074Z         "path": "generated/submissions/openai/agdf/skills/qa-gate/help.md",
2026-10-05T12:05:37.0085154Z         "size": 385,
2026-10-05T12:05:37.0085228Z         "mode": 420
2026-10-05T12:05:37.0085304Z       },
2026-10-05T12:05:37.0085474Z       {
2026-10-05T12:05:37.0085696Z         "path": "generated/submissions/openai/agdf/skills/qa-gate/SKILL.md",
2026-10-05T12:05:37.0085771Z         "size": 10640,
2026-10-05T12:05:37.0085850Z         "mode": 420
2026-10-05T12:05:37.0085924Z       },
2026-10-05T12:05:37.0085993Z       {
2026-10-05T12:05:37.0086218Z         "path": "generated/submissions/openai/agdf/skills/release-or/help.md",
2026-10-05T12:05:37.0086297Z         "size": 447,
2026-10-05T12:05:37.0086366Z         "mode": 420
2026-10-05T12:05:37.0086440Z       },
2026-10-05T12:05:37.0086516Z       {
2026-10-05T12:05:37.0086742Z         "path": "generated/submissions/openai/agdf/skills/release-or/SKILL.md",
2026-10-05T12:05:37.0086818Z         "size": 10049,
2026-10-05T12:05:37.0086898Z         "mode": 420
2026-10-05T12:05:37.0086972Z       },
2026-10-05T12:05:37.0087043Z       {
2026-10-05T12:05:37.0087286Z         "path": "generated/submissions/openai/agdf/skills/sd-definition/help.md",
2026-10-05T12:05:37.0087368Z         "size": 531,
2026-10-05T12:05:37.0087456Z         "mode": 420
2026-10-05T12:05:37.0087524Z       },
2026-10-05T12:05:37.0087601Z       {
2026-10-05T12:05:37.0087838Z         "path": "generated/submissions/openai/agdf/skills/sd-definition/SKILL.md",
2026-10-05T12:05:37.0087912Z         "size": 3747,
2026-10-05T12:05:37.0087992Z         "mode": 420
2026-10-05T12:05:37.0088067Z       },
2026-10-05T12:05:37.0088135Z       {
2026-10-05T12:05:37.0088389Z         "path": "generated/submissions/openai/agdf/skills/task-plan-review/help.md",
2026-10-05T12:05:37.0088468Z         "size": 457,
2026-10-05T12:05:37.0088543Z         "mode": 420
2026-10-05T12:05:37.0088610Z       },
2026-10-05T12:05:37.0088684Z       {
2026-10-05T12:05:37.0088932Z         "path": "generated/submissions/openai/agdf/skills/task-plan-review/SKILL.md",
2026-10-05T12:05:37.0089008Z         "size": 8292,
2026-10-05T12:05:37.0089089Z         "mode": 420
2026-10-05T12:05:37.0089162Z       },
2026-10-05T12:05:37.0089228Z       {
2026-10-05T12:05:37.0089466Z         "path": "generated/submissions/openai/agdf/skills/ur-definition/help.md",
2026-10-05T12:05:37.0089551Z         "size": 524,
2026-10-05T12:05:37.0089628Z         "mode": 420
2026-10-05T12:05:37.0089700Z       },
2026-10-05T12:05:37.0089776Z       {
2026-10-05T12:05:37.0090005Z         "path": "generated/submissions/openai/agdf/skills/ur-definition/SKILL.md",
2026-10-05T12:05:37.0090079Z         "size": 3720,
2026-10-05T12:05:37.0090158Z         "mode": 420
2026-10-05T12:05:37.0090229Z       },
2026-10-05T12:05:37.0090303Z       {
2026-10-05T12:05:37.0090560Z         "path": "generated/submissions/openai/agdf/skills/ux-intent-definition/help.md",
2026-10-05T12:05:37.0090640Z         "size": 540,
2026-10-05T12:05:37.0090720Z         "mode": 420
2026-10-05T12:05:37.0090789Z       },
2026-10-05T12:05:37.0090863Z       {
2026-10-05T12:05:37.0091129Z         "path": "generated/submissions/openai/agdf/skills/ux-intent-definition/SKILL.md",
2026-10-05T12:05:37.0091207Z         "size": 7311,
2026-10-05T12:05:37.0091288Z         "mode": 420
2026-10-05T12:05:37.0091364Z       },
2026-10-05T12:05:37.0091538Z       {
2026-10-05T12:05:37.0091795Z         "path": "generated/submissions/openai/agdf/submission/openai/availability.md",
2026-10-05T12:05:37.0091876Z         "size": 763,
2026-10-05T12:05:37.0091954Z         "mode": 420
2026-10-05T12:05:37.0092022Z       },
2026-10-05T12:05:37.0092099Z       {
2026-10-05T12:05:37.0092391Z         "path": "generated/submissions/openai/agdf/submission/openai/capability-matrix.json",
2026-10-05T12:05:37.0092472Z         "size": 2107,
2026-10-05T12:05:37.0092543Z         "mode": 420
2026-10-05T12:05:37.0092613Z       },
2026-10-05T12:05:37.0092689Z       {
2026-10-05T12:05:37.0092931Z         "path": "generated/submissions/openai/agdf/submission/openai/inventory.json",
2026-10-05T12:05:37.0093012Z         "size": 8870,
2026-10-05T12:05:37.0093091Z         "mode": 420
2026-10-05T12:05:37.0093156Z       },
2026-10-05T12:05:37.0093317Z       {
2026-10-05T12:05:37.0093566Z         "path": "generated/submissions/openai/agdf/submission/openai/listing.json",
2026-10-05T12:05:37.0093648Z         "size": 1745,
2026-10-05T12:05:37.0093720Z         "mode": 420
2026-10-05T12:05:37.0093794Z       },
2026-10-05T12:05:37.0093871Z       {
2026-10-05T12:05:37.0094111Z         "path": "generated/submissions/openai/agdf/submission/openai/readiness.json",
2026-10-05T12:05:37.0094192Z         "size": 1138,
2026-10-05T12:05:37.0094267Z         "mode": 420
2026-10-05T12:05:37.0094334Z       },
2026-10-05T12:05:37.0094409Z       {
2026-10-05T12:05:37.0094651Z         "path": "generated/submissions/openai/agdf/submission/openai/readiness.md",
2026-10-05T12:05:37.0094732Z         "size": 920,
2026-10-05T12:05:37.0094805Z         "mode": 420
2026-10-05T12:05:37.0094881Z       },
2026-10-05T12:05:37.0094955Z       {
2026-10-05T12:05:37.0095204Z         "path": "generated/submissions/openai/agdf/submission/openai/release-notes.md",
2026-10-05T12:05:37.0095287Z         "size": 2461,
2026-10-05T12:05:37.0095367Z         "mode": 420
2026-10-05T12:05:37.0095444Z       },
2026-10-05T12:05:37.0095511Z       {
2026-10-05T12:05:37.0095785Z         "path": "generated/submissions/openai/agdf/submission/openai/reviewer-cases.json",
2026-10-05T12:05:37.0095866Z         "size": 6324,
2026-10-05T12:05:37.0095937Z         "mode": 420
2026-10-05T12:05:37.0096014Z       },
2026-10-05T12:05:37.0096085Z       {
2026-10-05T12:05:37.0096203Z         "path": "lib/cli/application.js",
2026-10-05T12:05:37.0096288Z         "size": 50643,
2026-10-05T12:05:37.0096367Z         "mode": 420
2026-10-05T12:05:37.0096442Z       },
2026-10-05T12:05:37.0096510Z       {
2026-10-05T12:05:37.0096647Z         "path": "lib/cli/command-registry.js",
2026-10-05T12:05:37.0096730Z         "size": 25352,
2026-10-05T12:05:37.0096802Z         "mode": 420
2026-10-05T12:05:37.0096878Z       },
2026-10-05T12:05:37.0096954Z       {
2026-10-05T12:05:37.0097076Z         "path": "lib/cli/contract-command.js",
2026-10-05T12:05:37.0097163Z         "size": 1796,
2026-10-05T12:05:37.0097244Z         "mode": 420
2026-10-05T12:05:37.0097317Z       },
2026-10-05T12:05:37.0097384Z       {
2026-10-05T12:05:37.0097554Z         "path": "lib/cli/control-maintenance-command.js",
2026-10-05T12:05:37.0097633Z         "size": 2514,
2026-10-05T12:05:37.0097705Z         "mode": 420
2026-10-05T12:05:37.0097783Z       },
2026-10-05T12:05:37.0097857Z       {
2026-10-05T12:05:37.0098014Z         "path": "lib/cli/delivery-path-search-command.js",
2026-10-05T12:05:37.0098100Z         "size": 9065,
2026-10-05T12:05:37.0098180Z         "mode": 420
2026-10-05T12:05:37.0098257Z       },
2026-10-05T12:05:37.0098326Z       {
2026-10-05T12:05:37.0098738Z         "path": "lib/cli/parse-args.js",
2026-10-05T12:05:37.0098855Z         "size": 13953,
2026-10-05T12:05:37.0098929Z         "mode": 420
2026-10-05T12:05:37.0099005Z       },
2026-10-05T12:05:37.0099080Z       {
2026-10-05T12:05:37.0099213Z         "path": "lib/cli/runtime-context.js",
2026-10-05T12:05:37.0099293Z         "size": 2217,
2026-10-05T12:05:37.0099477Z         "mode": 420
2026-10-05T12:05:37.0099553Z       },
2026-10-05T12:05:37.0099620Z       {
2026-10-05T12:05:37.0099762Z         "path": "lib/cli/validation-handlers.js",
2026-10-05T12:05:37.0099843Z         "size": 11734,
2026-10-05T12:05:37.0099918Z         "mode": 420
2026-10-05T12:05:37.0099995Z       },
2026-10-05T12:05:37.0100070Z       {
2026-10-05T12:05:37.0100181Z         "path": "lib/control-command.js",
2026-10-05T12:05:37.0100262Z         "size": 413,
2026-10-05T12:05:37.0100344Z         "mode": 420
2026-10-05T12:05:37.0100412Z       },
2026-10-05T12:05:37.0100488Z       {
2026-10-05T12:05:37.0100661Z         "path": "lib/control-evaluation/git-observation.js",
2026-10-05T12:05:37.0100740Z         "size": 641,
2026-10-05T12:05:37.0100811Z         "mode": 420
2026-10-05T12:05:37.0100885Z       },
2026-10-05T12:05:37.0100957Z       {
2026-10-05T12:05:37.0101199Z         "path": "lib/control-maintenance/interaction.js",
2026-10-05T12:05:37.0101284Z         "size": 1279,
2026-10-05T12:05:37.0101364Z         "mode": 420
2026-10-05T12:05:37.0101432Z       },
2026-10-05T12:05:37.0101507Z       {
2026-10-05T12:05:37.0101651Z         "path": "lib/control-maintenance/repair.js",
2026-10-05T12:05:37.0101733Z         "size": 421,
2026-10-05T12:05:37.0101807Z         "mode": 420
2026-10-05T12:05:37.0101882Z       },
2026-10-05T12:05:37.0101956Z       {
2026-10-05T12:05:37.0102097Z         "path": "lib/control-maintenance/service.js",
2026-10-05T12:05:37.0102180Z         "size": 264,
2026-10-05T12:05:37.0102260Z         "mode": 420
2026-10-05T12:05:37.0102327Z       },
2026-10-05T12:05:37.0102405Z       {
2026-10-05T12:05:37.0102554Z         "path": "lib/control-maintenance/startup.js",
2026-10-05T12:05:37.0102637Z         "size": 1683,
2026-10-05T12:05:37.0102709Z         "mode": 420
2026-10-05T12:05:37.0102783Z       },
2026-10-05T12:05:37.0102862Z       {
2026-10-05T12:05:37.0103002Z         "path": "lib/control-state/run-recovery.js",
2026-10-05T12:05:37.0103083Z         "size": 526,
2026-10-05T12:05:37.0103166Z         "mode": 420
2026-10-05T12:05:37.0103241Z       },
2026-10-05T12:05:37.0103314Z       {
2026-10-05T12:05:37.0103494Z         "path": "lib/delivery-path-search/evaluators/claude.js",
2026-10-05T12:05:37.0103575Z         "size": 1525,
2026-10-05T12:05:37.0103651Z         "mode": 420
2026-10-05T12:05:37.0103718Z       },
2026-10-05T12:05:37.0103794Z       {
2026-10-05T12:05:37.0103969Z         "path": "lib/delivery-path-search/evaluators/codex.js",
2026-10-05T12:05:37.0104046Z         "size": 1919,
2026-10-05T12:05:37.0104129Z         "mode": 420
2026-10-05T12:05:37.0104203Z       },
2026-10-05T12:05:37.0104275Z       {
2026-10-05T12:05:37.0104455Z         "path": "lib/delivery-path-search/evaluators/opencode.js",
2026-10-05T12:05:37.0104535Z         "size": 8924,
2026-10-05T12:05:37.0104611Z         "mode": 420
2026-10-05T12:05:37.0104684Z       },
2026-10-05T12:05:37.0104758Z       {
2026-10-05T12:05:37.0104937Z         "path": "lib/delivery-path-search/evaluators/prompt.js",
2026-10-05T12:05:37.0105010Z         "size": 753,
2026-10-05T12:05:37.0105090Z         "mode": 420
2026-10-05T12:05:37.0105166Z       },
2026-10-05T12:05:37.0105240Z       {
2026-10-05T12:05:37.0105417Z         "path": "lib/delivery-path-search/evaluators/protocol.js",
2026-10-05T12:05:37.0105497Z         "size": 470,
2026-10-05T12:05:37.0105575Z         "mode": 420
2026-10-05T12:05:37.0105642Z       },
2026-10-05T12:05:37.0105718Z       {
2026-10-05T12:05:37.0105886Z         "path": "lib/delivery-path-search/generators/claude.js",
2026-10-05T12:05:37.0105960Z         "size": 2203,
2026-10-05T12:05:37.0106040Z         "mode": 420
2026-10-05T12:05:37.0106114Z       },
2026-10-05T12:05:37.0106190Z       {
2026-10-05T12:05:37.0106355Z         "path": "lib/delivery-path-search/generators/codex.js",
2026-10-05T12:05:37.0106437Z         "size": 2187,
2026-10-05T12:05:37.0106520Z         "mode": 420
2026-10-05T12:05:37.0106590Z       },
2026-10-05T12:05:37.0106759Z       {
2026-10-05T12:05:37.0106942Z         "path": "lib/delivery-path-search/generators/protocol.js",
2026-10-05T12:05:37.0107016Z         "size": 389,
2026-10-05T12:05:37.0107092Z         "mode": 420
2026-10-05T12:05:37.0107163Z       },
2026-10-05T12:05:37.0107236Z       {
2026-10-05T12:05:37.0107423Z         "path": "lib/delivery-path-search/surfaces/capabilities.js",
2026-10-05T12:05:37.0107503Z         "size": 1161,
2026-10-05T12:05:37.0107581Z         "mode": 420
2026-10-05T12:05:37.0107649Z       },
2026-10-05T12:05:37.0107726Z       {
2026-10-05T12:05:37.0107938Z         "path": "lib/delivery-path-search/transports/read-only-guard.js",
2026-10-05T12:05:37.0108021Z         "size": 1271,
2026-10-05T12:05:37.0108094Z         "mode": 420
2026-10-05T12:05:37.0108164Z       },
2026-10-05T12:05:37.0108237Z       {
2026-10-05T12:05:37.0108403Z         "path": "lib/host-adapters/claude/loaded-sessions.js",
2026-10-05T12:05:37.0108570Z         "size": 1927,
2026-10-05T12:05:37.0108651Z         "mode": 420
2026-10-05T12:05:37.0108720Z       },
2026-10-05T12:05:37.0108795Z       {
2026-10-05T12:05:37.0108955Z         "path": "lib/host-adapters/claude/marketplace.js",
2026-10-05T12:05:37.0109040Z         "size": 131,
2026-10-05T12:05:37.0109111Z         "mode": 420
2026-10-05T12:05:37.0109181Z       },
2026-10-05T12:05:37.0109253Z       {
2026-10-05T12:05:37.0109417Z         "path": "lib/host-adapters/claude/permission-rules.js",
2026-10-05T12:05:37.0109501Z         "size": 1149,
2026-10-05T12:05:37.0109577Z         "mode": 420
2026-10-05T12:05:37.0109643Z       },
2026-10-05T12:05:37.0109715Z       {
2026-10-05T12:05:37.0109870Z         "path": "lib/host-adapters/claude/plugin-mcp.js",
2026-10-05T12:05:37.0109948Z         "size": 1936,
2026-10-05T12:05:37.0110019Z         "mode": 420
2026-10-05T12:05:37.0110091Z       },
2026-10-05T12:05:37.0110166Z       {
2026-10-05T12:05:37.0110303Z         "path": "lib/host-adapters/claude/plugin.js",
2026-10-05T12:05:37.0110386Z         "size": 8982,
2026-10-05T12:05:37.0110465Z         "mode": 420
2026-10-05T12:05:37.0110533Z       },
2026-10-05T12:05:37.0110608Z       {
2026-10-05T12:05:37.0110770Z         "path": "lib/host-adapters/claude/runtime-check.js",
2026-10-05T12:05:37.0110847Z         "size": 1747,
2026-10-05T12:05:37.0110919Z         "mode": 420
2026-10-05T12:05:37.0110991Z       },
2026-10-05T12:05:37.0111065Z       {
2026-10-05T12:05:37.0111228Z         "path": "lib/host-adapters/claude/session-command.js",
2026-10-05T12:05:37.0111309Z         "size": 165,
2026-10-05T12:05:37.0111388Z         "mode": 420
2026-10-05T12:05:37.0111455Z       },
2026-10-05T12:05:37.0111532Z       {
2026-10-05T12:05:37.0111687Z         "path": "lib/host-adapters/claude/uninstall.js",
2026-10-05T12:05:37.0111768Z         "size": 4583,
2026-10-05T12:05:37.0111840Z         "mode": 420
2026-10-05T12:05:37.0111922Z       },
2026-10-05T12:05:37.0111995Z       {
2026-10-05T12:05:37.0112137Z         "path": "lib/host-adapters/codex/identity.js",
2026-10-05T12:05:37.0112218Z         "size": 840,
2026-10-05T12:05:37.0112298Z         "mode": 420
2026-10-05T12:05:37.0112366Z       },
2026-10-05T12:05:37.0112443Z       {
2026-10-05T12:05:37.0112591Z         "path": "lib/host-adapters/codex/plugin-mcp.js",
2026-10-05T12:05:37.0112672Z         "size": 2066,
2026-10-05T12:05:37.0112745Z         "mode": 420
2026-10-05T12:05:37.0112818Z       },
2026-10-05T12:05:37.0112891Z       {
2026-10-05T12:05:37.0113025Z         "path": "lib/host-adapters/codex/plugin.js",
2026-10-05T12:05:37.0113108Z         "size": 12230,
2026-10-05T12:05:37.0113210Z         "mode": 420
2026-10-05T12:05:37.0113279Z       },
2026-10-05T12:05:37.0113353Z       {
2026-10-05T12:05:37.0113512Z         "path": "lib/host-adapters/codex/runtime-check.js",
2026-10-05T12:05:37.0113594Z         "size": 2085,
2026-10-05T12:05:37.0113665Z         "mode": 420
2026-10-05T12:05:37.0113742Z       },
2026-10-05T12:05:37.0113815Z       {
2026-10-05T12:05:37.0114073Z         "path": "lib/host-adapters/codex/session-command.js",
2026-10-05T12:05:37.0114159Z         "size": 455,
2026-10-05T12:05:37.0114236Z         "mode": 420
2026-10-05T12:05:37.0114306Z       },
2026-10-05T12:05:37.0114380Z       {
2026-10-05T12:05:37.0114528Z         "path": "lib/host-adapters/copilot/plugin.js",
2026-10-05T12:05:37.0114609Z         "size": 13888,
2026-10-05T12:05:37.0114680Z         "mode": 420
2026-10-05T12:05:37.0114755Z       },
2026-10-05T12:05:37.0114828Z       {
2026-10-05T12:05:37.0114992Z         "path": "lib/host-adapters/copilot/session-command.js",
2026-10-05T12:05:37.0115068Z         "size": 91,
2026-10-05T12:05:37.0115147Z         "mode": 420
2026-10-05T12:05:37.0115215Z       },
2026-10-05T12:05:37.0115287Z       {
2026-10-05T12:05:37.0115455Z         "path": "lib/host-adapters/opencode/runtime-check.js",
2026-10-05T12:05:37.0115534Z         "size": 2198,
2026-10-05T12:05:37.0115712Z         "mode": 420
2026-10-05T12:05:37.0115786Z       },
2026-10-05T12:05:37.0115864Z       {
2026-10-05T12:05:37.0116032Z         "path": "lib/host-adapters/opencode/session-command.js",
2026-10-05T12:05:37.0116110Z         "size": 76,
2026-10-05T12:05:37.0116190Z         "mode": 420
2026-10-05T12:05:37.0116257Z       },
2026-10-05T12:05:37.0116329Z       {
2026-10-05T12:05:37.0116478Z         "path": "lib/host-adapters/opencode/status.js",
2026-10-05T12:05:37.0116562Z         "size": 2119,
2026-10-05T12:05:37.0116636Z         "mode": 420
2026-10-05T12:05:37.0116712Z       },
2026-10-05T12:05:37.0116784Z       {
2026-10-05T12:05:37.0116921Z         "path": "lib/host-adapters/session-command.js",
2026-10-05T12:05:37.0116996Z         "size": 609,
2026-10-05T12:05:37.0117076Z         "mode": 420
2026-10-05T12:05:37.0117144Z       },
2026-10-05T12:05:37.0117220Z       {
2026-10-05T12:05:37.0117347Z         "path": "lib/host-command.js",
2026-10-05T12:05:37.0117438Z         "size": 5591,
2026-10-05T12:05:37.0117510Z         "mode": 420
2026-10-05T12:05:37.0117588Z       },
2026-10-05T12:05:37.0117662Z       {
2026-10-05T12:05:37.0117806Z         "path": "lib/install-setup/contract.js",
2026-10-05T12:05:37.0117892Z         "size": 16559,
2026-10-05T12:05:37.0117972Z         "mode": 420
2026-10-05T12:05:37.0118039Z       },
2026-10-05T12:05:37.0118115Z       {
2026-10-05T12:05:37.0118280Z         "path": "lib/install-setup/control-migration.js",
2026-10-05T12:05:37.0118361Z         "size": 609,
2026-10-05T12:05:37.0118435Z         "mode": 420
2026-10-05T12:05:37.0118506Z       },
2026-10-05T12:05:37.0118579Z       {
2026-10-05T12:05:37.0119045Z         "path": "lib/install-setup/control-repair.js",
2026-10-05T12:05:37.0119131Z         "size": 100,
2026-10-05T12:05:37.0119211Z         "mode": 420
2026-10-05T12:05:37.0119279Z       },
2026-10-05T12:05:37.0119355Z       {
2026-10-05T12:05:37.0119506Z         "path": "lib/install-setup/interaction.js",
2026-10-05T12:05:37.0119593Z         "size": 4950,
2026-10-05T12:05:37.0119668Z         "mode": 420
2026-10-05T12:05:37.0119742Z       },
2026-10-05T12:05:37.0119813Z       {
2026-10-05T12:05:37.0119951Z         "path": "lib/install-setup/presentation.js",
2026-10-05T12:05:37.0120034Z         "size": 15298,
2026-10-05T12:05:37.0120113Z         "mode": 420
2026-10-05T12:05:37.0120180Z       },
2026-10-05T12:05:37.0120252Z       {
2026-10-05T12:05:37.0120394Z         "path": "lib/install-setup/service.js",
2026-10-05T12:05:37.0120468Z         "size": 19652,
2026-10-05T12:05:37.0120549Z         "mode": 420
2026-10-05T12:05:37.0120623Z       },
2026-10-05T12:05:37.0120694Z       {
2026-10-05T12:05:37.0120855Z         "path": "lib/installers/claude-cache-recovery.js",
2026-10-05T12:05:37.0120938Z         "size": 3047,
2026-10-05T12:05:37.0121017Z         "mode": 420
2026-10-05T12:05:37.0121083Z       },
2026-10-05T12:05:37.0121161Z       {
2026-10-05T12:05:37.0121359Z         "path": "lib/installers/copilot-marketplace-transport.js",
2026-10-05T12:05:37.0121445Z         "size": 4086,
2026-10-05T12:05:37.0122093Z         "mode": 420
2026-10-05T12:05:37.0122175Z       },
2026-10-05T12:05:37.0122255Z       {
2026-10-05T12:05:37.0122401Z         "path": "lib/installers/copilot-precedence.js",
2026-10-05T12:05:37.0122484Z         "size": 1432,
2026-10-05T12:05:37.0122559Z         "mode": 420
2026-10-05T12:05:37.0122626Z       },
2026-10-05T12:05:37.0122702Z       {
2026-10-05T12:05:37.0122850Z         "path": "lib/installers/copilot-settings.js",
2026-10-05T12:05:37.0122930Z         "size": 12074,
2026-10-05T12:05:37.0123003Z         "mode": 420
2026-10-05T12:05:37.0123076Z       },
2026-10-05T12:05:37.0123148Z       {
2026-10-05T12:05:37.0123309Z         "path": "lib/installers/copilot-skill-discovery.js",
2026-10-05T12:05:37.0123388Z         "size": 1551,
2026-10-05T12:05:37.0123467Z         "mode": 420
2026-10-05T12:05:37.0123535Z       },
2026-10-05T12:05:37.0123707Z       {
2026-10-05T12:05:37.0123853Z         "path": "lib/installers/local-development.js",
2026-10-05T12:05:37.0123937Z         "size": 11485,
2026-10-05T12:05:37.0124009Z         "mode": 420
2026-10-05T12:05:37.0124082Z       },
2026-10-05T12:05:37.0124153Z       {
2026-10-05T12:05:37.0124291Z         "path": "lib/installers/local-marketplace.js",
2026-10-05T12:05:37.0124370Z         "size": 39624,
2026-10-05T12:05:37.0124444Z         "mode": 420
2026-10-05T12:05:37.0124509Z       },
2026-10-05T12:05:37.0124580Z       {
2026-10-05T12:05:37.0124716Z         "path": "lib/installers/npm-invocation.js",
2026-10-05T12:05:37.0124791Z         "size": 194,
2026-10-05T12:05:37.0124863Z         "mode": 420
2026-10-05T12:05:37.0124936Z       },
2026-10-05T12:05:37.0125008Z       {
2026-10-05T12:05:37.0125153Z         "path": "lib/installers/opencode-activation.js",
2026-10-05T12:05:37.0125230Z         "size": 866,
2026-10-05T12:05:37.0125304Z         "mode": 420
2026-10-05T12:05:37.0125372Z       },
2026-10-05T12:05:37.0125451Z       {
2026-10-05T12:05:37.0125582Z         "path": "lib/installers/opencode.js",
2026-10-05T12:05:37.0125664Z         "size": 51900,
2026-10-05T12:05:37.0125734Z         "mode": 420
2026-10-05T12:05:37.0125808Z       },
2026-10-05T12:05:37.0125879Z       {
2026-10-05T12:05:37.0126007Z         "path": "lib/installers/plugin-command.js",
2026-10-05T12:05:37.0126086Z         "size": 4513,
2026-10-05T12:05:37.0126165Z         "mode": 420
2026-10-05T12:05:37.0126231Z       },
2026-10-05T12:05:37.0126307Z       {
2026-10-05T12:05:37.0126448Z         "path": "lib/installers/plugin-installers.js",
2026-10-05T12:05:37.0126525Z         "size": 1395,
2026-10-05T12:05:37.0126597Z         "mode": 420
2026-10-05T12:05:37.0126671Z       },
2026-10-05T12:05:37.0126739Z       {
2026-10-05T12:05:37.0126867Z         "path": "lib/lifecycle/operations.js",
2026-10-05T12:05:37.0126946Z         "size": 7301,
2026-10-05T12:05:37.0127016Z         "mode": 420
2026-10-05T12:05:37.0127091Z       },
2026-10-05T12:05:37.0127161Z       {
2026-10-05T12:05:37.0127293Z         "path": "lib/lifecycle/owned-mutation.js",
2026-10-05T12:05:37.0127372Z         "size": 2374,
2026-10-05T12:05:37.0127450Z         "mode": 420
2026-10-05T12:05:37.0127520Z       },
2026-10-05T12:05:37.0127585Z       {
2026-10-05T12:05:37.0127717Z         "path": "lib/lifecycle/presentation.js",
2026-10-05T12:05:37.0127793Z         "size": 8106,
2026-10-05T12:05:37.0127863Z         "mode": 420
2026-10-05T12:05:37.0127939Z       },
2026-10-05T12:05:37.0128012Z       {
2026-10-05T12:05:37.0128123Z         "path": "lib/lifecycle/result.js",
2026-10-05T12:05:37.0128203Z         "size": 13388,
2026-10-05T12:05:37.0128280Z         "mode": 420
2026-10-05T12:05:37.0128351Z       },
2026-10-05T12:05:37.0128420Z       {
2026-10-05T12:05:37.0128538Z         "path": "lib/lifecycle/status.js",
2026-10-05T12:05:37.0128614Z         "size": 9584,
2026-10-05T12:05:37.0128683Z         "mode": 420
2026-10-05T12:05:37.0128761Z       },
2026-10-05T12:05:37.0128831Z       {
2026-10-05T12:05:37.0129080Z         "path": "lib/live-agent/read-only-structured.js",
2026-10-05T12:05:37.0129162Z         "size": 1864,
2026-10-05T12:05:37.0129238Z         "mode": 420
2026-10-05T12:05:37.0129311Z       },
2026-10-05T12:05:37.0129380Z       {
2026-10-05T12:05:37.0129512Z         "path": "lib/mcp-dispatch-runtime.js",
2026-10-05T12:05:37.0129591Z         "size": 7671,
2026-10-05T12:05:37.0129663Z         "mode": 420
2026-10-05T12:05:37.0129738Z       },
2026-10-05T12:05:37.0129810Z       {
2026-10-05T12:05:37.0129959Z         "path": "lib/mcp-lifecycle/adapter-contract.js",
2026-10-05T12:05:37.0130037Z         "size": 2654,
2026-10-05T12:05:37.0130112Z         "mode": 420
2026-10-05T12:05:37.0130183Z       },
2026-10-05T12:05:37.0130247Z       {
2026-10-05T12:05:37.0130394Z         "path": "lib/mcp-lifecycle/adapters/claude.js",
2026-10-05T12:05:37.0130471Z         "size": 6298,
2026-10-05T12:05:37.0130543Z         "mode": 420
2026-10-05T12:05:37.0130707Z       },
2026-10-05T12:05:37.0130776Z       {
2026-10-05T12:05:37.0130915Z         "path": "lib/mcp-lifecycle/adapters/codex.js",
2026-10-05T12:05:37.0130996Z         "size": 7829,
2026-10-05T12:05:37.0131073Z         "mode": 420
2026-10-05T12:05:37.0131143Z       },
2026-10-05T12:05:37.0131211Z       {
2026-10-05T12:05:37.0131357Z         "path": "lib/mcp-lifecycle/adapters/copilot.js",
2026-10-05T12:05:37.0131437Z         "size": 5351,
2026-10-05T12:05:37.0131507Z         "mode": 420
2026-10-05T12:05:37.0131578Z       },
2026-10-05T12:05:37.0131650Z       {
2026-10-05T12:05:37.0131801Z         "path": "lib/mcp-lifecycle/adapters/file-utils.js",
2026-10-05T12:05:37.0131880Z         "size": 3292,
2026-10-05T12:05:37.0131956Z         "mode": 420
2026-10-05T12:05:37.0132027Z       },
2026-10-05T12:05:37.0132093Z       {
2026-10-05T12:05:37.0132243Z         "path": "lib/mcp-lifecycle/adapters/opencode.js",
2026-10-05T12:05:37.0132320Z         "size": 8173,
2026-10-05T12:05:37.0132394Z         "mode": 420
2026-10-05T12:05:37.0132466Z       },
2026-10-05T12:05:37.0132541Z       {
2026-10-05T12:05:37.0132664Z         "path": "lib/mcp-lifecycle/evidence.js",
2026-10-05T12:05:37.0132741Z         "size": 3556,
2026-10-05T12:05:37.0132816Z         "mode": 420
2026-10-05T12:05:37.0132888Z       },
2026-10-05T12:05:37.0132952Z       {
2026-10-05T12:05:37.0133086Z         "path": "lib/mcp-lifecycle/host-config.js",
2026-10-05T12:05:37.0133164Z         "size": 2865,
2026-10-05T12:05:37.0133235Z         "mode": 420
2026-10-05T12:05:37.0133305Z       },
2026-10-05T12:05:37.0133376Z       {
2026-10-05T12:05:37.0133499Z         "path": "lib/mcp-lifecycle/package.js",
2026-10-05T12:05:37.0133578Z         "size": 16097,
2026-10-05T12:05:37.0133654Z         "mode": 420
2026-10-05T12:05:37.0133724Z       },
2026-10-05T12:05:37.0133788Z       {
2026-10-05T12:05:37.0133927Z         "path": "lib/mcp-lifecycle/plugin-runtime.js",
2026-10-05T12:05:37.0134006Z         "size": 12833,
2026-10-05T12:05:37.0134083Z         "mode": 420
2026-10-05T12:05:37.0134153Z       },
2026-10-05T12:05:37.0134225Z       {
2026-10-05T12:05:37.0134359Z         "path": "lib/mcp-lifecycle/presentation.js",
2026-10-05T12:05:37.0134438Z         "size": 2925,
2026-10-05T12:05:37.0134516Z         "mode": 420
2026-10-05T12:05:37.0134584Z       },
2026-10-05T12:05:37.0134652Z       {
2026-10-05T12:05:37.0134797Z         "path": "lib/mcp-lifecycle/profile-context.js",
2026-10-05T12:05:37.0134872Z         "size": 473,
2026-10-05T12:05:37.0134944Z         "mode": 420
2026-10-05T12:05:37.0135016Z       },
2026-10-05T12:05:37.0135089Z       {
2026-10-05T12:05:37.0135211Z         "path": "lib/mcp-lifecycle/profile.js",
2026-10-05T12:05:37.0135289Z         "size": 4171,
2026-10-05T12:05:37.0135367Z         "mode": 420
2026-10-05T12:05:37.0135440Z       },
2026-10-05T12:05:37.0135510Z       {
2026-10-05T12:05:37.0135636Z         "path": "lib/mcp-lifecycle/result.js",
2026-10-05T12:05:37.0135731Z         "size": 3846,
2026-10-05T12:05:37.0135814Z         "mode": 420
2026-10-05T12:05:37.0135986Z       },
2026-10-05T12:05:37.0136058Z       {
2026-10-05T12:05:37.0136183Z         "path": "lib/mcp-lifecycle/service.js",
2026-10-05T12:05:37.0136263Z         "size": 18831,
2026-10-05T12:05:37.0136339Z         "mode": 420
2026-10-05T12:05:37.0136404Z       },
2026-10-05T12:05:37.0136484Z       {
2026-10-05T12:05:37.0136612Z         "path": "lib/npm-invocation.js",
2026-10-05T12:05:37.0136691Z         "size": 969,
2026-10-05T12:05:37.0136763Z         "mode": 420
2026-10-05T12:05:37.0136836Z       },
2026-10-05T12:05:37.0136908Z       {
2026-10-05T12:05:37.0137027Z         "path": "lib/repository-context.js",
2026-10-05T12:05:37.0137102Z         "size": 3033,
2026-10-05T12:05:37.0137180Z         "mode": 420
2026-10-05T12:05:37.0137248Z       },
2026-10-05T12:05:37.0137334Z       {
2026-10-05T12:05:37.0137485Z         "path": "lib/runtime-check-consent/adapters.js",
2026-10-05T12:05:37.0137649Z         "size": 314,
2026-10-05T12:05:37.0137720Z         "mode": 420
2026-10-05T12:05:37.0137910Z       },
2026-10-05T12:05:37.0137982Z       {
2026-10-05T12:05:37.0138156Z         "path": "lib/runtime-check-consent/claude-settings.js",
2026-10-05T12:05:37.0138233Z         "size": 2458,
2026-10-05T12:05:37.0138308Z         "mode": 420
2026-10-05T12:05:37.0138374Z       },
2026-10-05T12:05:37.0138445Z       {
2026-10-05T12:05:37.0138601Z         "path": "lib/runtime-check-consent/codex-hooks.js",
2026-10-05T12:05:37.0138681Z         "size": 4261,
2026-10-05T12:05:37.0138749Z         "mode": 420
2026-10-05T12:05:37.0139128Z       },
2026-10-05T12:05:37.0139218Z       {
2026-10-05T12:05:37.0139439Z         "path": "lib/runtime-check-consent/codex-plugin-consent.js",
2026-10-05T12:05:37.0139522Z         "size": 6474,
2026-10-05T12:05:37.0139599Z         "mode": 420
2026-10-05T12:05:37.0139665Z       },
2026-10-05T12:05:37.0139741Z       {
2026-10-05T12:05:37.0139896Z         "path": "lib/runtime-check-consent/contract.js",
2026-10-05T12:05:37.0139981Z         "size": 3925,
2026-10-05T12:05:37.0140056Z         "mode": 420
2026-10-05T12:05:37.0140128Z       },
2026-10-05T12:05:37.0140200Z       {
2026-10-05T12:05:37.0140355Z         "path": "lib/runtime-check-consent/coordinator.js",
2026-10-05T12:05:37.0140436Z         "size": 1866,
2026-10-05T12:05:37.0140515Z         "mode": 420
2026-10-05T12:05:37.0140581Z       },
2026-10-05T12:05:37.0140657Z       {
2026-10-05T12:05:37.0140806Z         "path": "lib/runtime-check-consent/service.js",
2026-10-05T12:05:37.0140884Z         "size": 8988,
2026-10-05T12:05:37.0140953Z         "mode": 420
2026-10-05T12:05:37.0141029Z       },
2026-10-05T12:05:37.0141102Z       {
2026-10-05T12:05:37.0141240Z         "path": "lib/runtime-check-consent/state.js",
2026-10-05T12:05:37.0141321Z         "size": 4910,
2026-10-05T12:05:37.0141396Z         "mode": 420
2026-10-05T12:05:37.0141462Z       },
2026-10-05T12:05:37.0141535Z       {
2026-10-05T12:05:37.0141696Z         "path": "lib/runtime/control-command-service.js",
2026-10-05T12:05:37.0141776Z         "size": 607,
2026-10-05T12:05:37.0141848Z         "mode": 420
2026-10-05T12:05:37.0141918Z       },
2026-10-05T12:05:37.0141990Z       {
2026-10-05T12:05:37.0142121Z         "path": "lib/runtime/control-context.js",
2026-10-05T12:05:37.0142201Z         "size": 904,
2026-10-05T12:05:37.0142278Z         "mode": 420
2026-10-05T12:05:37.0142345Z       },
2026-10-05T12:05:37.0142416Z       {
2026-10-05T12:05:37.0142537Z         "path": "lib/runtime/git-history.js",
2026-10-05T12:05:37.0142613Z         "size": 510,
2026-10-05T12:05:37.0142684Z         "mode": 420
2026-10-05T12:05:37.0142758Z       },
2026-10-05T12:05:37.0142827Z       {
2026-10-05T12:05:37.0142949Z         "path": "lib/runtime/git-originals.js",
2026-10-05T12:05:37.0143028Z         "size": 2213,
2026-10-05T12:05:37.0143101Z         "mode": 420
2026-10-05T12:05:37.0143166Z       },
2026-10-05T12:05:37.0143243Z       {
2026-10-05T12:05:37.0143373Z         "path": "lib/runtime/local-validator.js",
2026-10-05T12:05:37.0143572Z         "size": 14029,
2026-10-05T12:05:37.0143647Z         "mode": 420
2026-10-05T12:05:37.0143720Z       },
2026-10-05T12:05:37.0143792Z       {
2026-10-05T12:05:37.0143928Z         "path": "lib/runtime/plugin-provenance.js",
2026-10-05T12:05:37.0144009Z         "size": 57,
2026-10-05T12:05:37.0144085Z         "mode": 420
2026-10-05T12:05:37.0144151Z       },
2026-10-05T12:05:37.0144223Z       {
2026-10-05T12:05:37.0144350Z         "path": "lib/runtime/runtime-probe.js",
2026-10-05T12:05:37.0144425Z         "size": 3045,
2026-10-05T12:05:37.0144497Z         "mode": 420
2026-10-05T12:05:37.0144568Z       },
2026-10-05T12:05:37.0144636Z       {
2026-10-05T12:05:37.0144782Z         "path": "lib/runtime/validator-application.js",
2026-10-05T12:05:37.0144863Z         "size": 1823,
2026-10-05T12:05:37.0144938Z         "mode": 420
2026-10-05T12:05:37.0145005Z       },
2026-10-05T12:05:37.0145212Z       {
2026-10-05T12:05:37.0145341Z         "path": "lib/scaffold/canonical-init.js",
2026-10-05T12:05:37.0145426Z         "size": 27671,
2026-10-05T12:05:37.0145497Z         "mode": 420
2026-10-05T12:05:37.0145570Z       },
2026-10-05T12:05:37.0145640Z       {
2026-10-05T12:05:37.0145749Z         "path": "lib/scaffold/plan.js",
2026-10-05T12:05:37.0145826Z         "size": 6801,
2026-10-05T12:05:37.0145902Z         "mode": 420
2026-10-05T12:05:37.0145968Z       },
2026-10-05T12:05:37.0146042Z       {
2026-10-05T12:05:37.0146170Z         "path": "lib/scaffold/presentation.js",
2026-10-05T12:05:37.0146249Z         "size": 6227,
2026-10-05T12:05:37.0146320Z         "mode": 420
2026-10-05T12:05:37.0146391Z       },
2026-10-05T12:05:37.0146462Z       {
2026-10-05T12:05:37.0146573Z         "path": "lib/scaffold/write.js",
2026-10-05T12:05:37.0146651Z         "size": 1862,
2026-10-05T12:05:37.0146726Z         "mode": 420
2026-10-05T12:05:37.0146792Z       },
2026-10-05T12:05:37.0146870Z       {
2026-10-05T12:05:37.0147001Z         "path": "lib/skill-dispatch/binding.js",
2026-10-05T12:05:37.0147079Z         "size": 642,
2026-10-05T12:05:37.0147158Z         "mode": 420
2026-10-05T12:05:37.0147229Z       },
2026-10-05T12:05:37.0147301Z       {
2026-10-05T12:05:37.0147413Z         "path": "opencode-plugin.js",
2026-10-05T12:05:37.0147492Z         "size": 8893,
2026-10-05T12:05:37.0147568Z         "mode": 420
2026-10-05T12:05:37.0147635Z       },
2026-10-05T12:05:37.0147709Z       {
2026-10-05T12:05:37.0147817Z         "path": "package.json",
2026-10-05T12:05:37.0147890Z         "size": 1496,
2026-10-05T12:05:37.0147971Z         "mode": 420
2026-10-05T12:05:37.0148042Z       },
2026-10-05T12:05:37.0148116Z       {
2026-10-05T12:05:37.0148317Z         "path": "runtime/core/lib/control-evaluation/delivery-map.js",
2026-10-05T12:05:37.0148395Z         "size": 13111,
2026-10-05T12:05:37.0148474Z         "mode": 420
2026-10-05T12:05:37.0148540Z       },
2026-10-05T12:05:37.0148615Z       {
2026-10-05T12:05:37.0148860Z         "path": "runtime/core/lib/control-evaluation/delivery-relationships.js",
2026-10-05T12:05:37.0148933Z         "size": 1370,
2026-10-05T12:05:37.0149009Z         "mode": 420
2026-10-05T12:05:37.0149082Z       },
2026-10-05T12:05:37.0149155Z       {
2026-10-05T12:05:37.0149323Z         "path": "runtime/core/lib/control-evaluation/doctor.js",
2026-10-05T12:05:37.0149405Z         "size": 14393,
2026-10-05T12:05:37.0149482Z         "mode": 420
2026-10-05T12:05:37.0149550Z       },
2026-10-05T12:05:37.0149623Z       {
2026-10-05T12:05:37.0149804Z         "path": "runtime/core/lib/control-evaluation/gate-check.js",
2026-10-05T12:05:37.0149885Z         "size": 37366,
2026-10-05T12:05:37.0149958Z         "mode": 420
2026-10-05T12:05:37.0150027Z       },
2026-10-05T12:05:37.0150099Z       {
2026-10-05T12:05:37.0150281Z         "path": "runtime/core/lib/control-evaluation/gate-policy.js",
2026-10-05T12:05:37.0150361Z         "size": 17824,
2026-10-05T12:05:37.0150441Z         "mode": 420
2026-10-05T12:05:37.0150506Z       },
2026-10-05T12:05:37.0150685Z       {
2026-10-05T12:05:37.0150922Z         "path": "runtime/core/lib/control-evaluation/parent-reconciliation.js",
2026-10-05T12:05:37.0151003Z         "size": 10121,
2026-10-05T12:05:37.0151076Z         "mode": 420
2026-10-05T12:05:37.0151150Z       },
2026-10-05T12:05:37.0151228Z       {
2026-10-05T12:05:37.0151420Z         "path": "runtime/core/lib/control-evaluation/prd-readiness.js",
2026-10-05T12:05:37.0151497Z         "size": 2268,
2026-10-05T12:05:37.0151573Z         "mode": 420
2026-10-05T12:05:37.0151639Z       },
2026-10-05T12:05:37.0151710Z       {
2026-10-05T12:05:37.0151904Z         "path": "runtime/core/lib/control-evaluation/required-files.js",
2026-10-05T12:05:37.0151981Z         "size": 337,
2026-10-05T12:05:37.0152052Z         "mode": 420
2026-10-05T12:05:37.0152125Z       },
2026-10-05T12:05:37.0152196Z       {
2026-10-05T12:05:37.0152371Z         "path": "runtime/core/lib/control-evaluation/run-state.js",
2026-10-05T12:05:37.0152547Z         "size": 11605,
2026-10-05T12:05:37.0152626Z         "mode": 420
2026-10-05T12:05:37.0152694Z       },
2026-10-05T12:05:37.0152768Z       {
2026-10-05T12:05:37.0152978Z         "path": "runtime/core/lib/control-evaluation/run-step-policy.js",
2026-10-05T12:05:37.0153056Z         "size": 1382,
2026-10-05T12:05:37.0153128Z         "mode": 420
2026-10-05T12:05:37.0153199Z       },
2026-10-05T12:05:37.0153271Z       {
2026-10-05T12:05:37.0153456Z         "path": "runtime/core/lib/control-evaluation/sd-readiness.js",
2026-10-05T12:05:37.0153535Z         "size": 2561,
2026-10-05T12:05:37.0153611Z         "mode": 420
2026-10-05T12:05:37.0153678Z       },
2026-10-05T12:05:37.0153750Z       {
2026-10-05T12:05:37.0153922Z         "path": "runtime/core/lib/control-evaluation/shared.js",
2026-10-05T12:05:37.0154005Z         "size": 10972,
2026-10-05T12:05:37.0154078Z         "mode": 420
2026-10-05T12:05:37.0154152Z       },
2026-10-05T12:05:37.0154232Z       {
2026-10-05T12:05:37.0154459Z         "path": "runtime/core/lib/control-evaluation/traceability-readiness.js",
2026-10-05T12:05:37.0154539Z         "size": 13831,
2026-10-05T12:05:37.0154612Z         "mode": 420
2026-10-05T12:05:37.0154684Z       },
2026-10-05T12:05:37.0154752Z       {
2026-10-05T12:05:37.0154937Z         "path": "runtime/core/lib/control-evaluation/ur-readiness.js",
2026-10-05T12:05:37.0155016Z         "size": 2045,
2026-10-05T12:05:37.0155091Z         "mode": 420
2026-10-05T12:05:37.0155163Z       },
2026-10-05T12:05:37.0155235Z       {
2026-10-05T12:05:37.0155430Z         "path": "runtime/core/lib/control-evaluation/verified-change.js",
2026-10-05T12:05:37.0155513Z         "size": 12119,
2026-10-05T12:05:37.0155592Z         "mode": 420
2026-10-05T12:05:37.0155669Z       },
2026-10-05T12:05:37.0155739Z       {
2026-10-05T12:05:37.0155910Z         "path": "runtime/core/lib/control-inspect/contract.js",
2026-10-05T12:05:37.0155992Z         "size": 13500,
2026-10-05T12:05:37.0156068Z         "mode": 420
2026-10-05T12:05:37.0156145Z       },
2026-10-05T12:05:37.0156219Z       {
2026-10-05T12:05:37.0156380Z         "path": "runtime/core/lib/control-inspect/selection.js",
2026-10-05T12:05:37.0156459Z         "size": 1788,
2026-10-05T12:05:37.0156534Z         "mode": 420
2026-10-05T12:05:37.0156605Z       },
2026-10-05T12:05:37.0156671Z       {
2026-10-05T12:05:37.0156838Z         "path": "runtime/core/lib/control-inspect/service.js",
2026-10-05T12:05:37.0156915Z         "size": 12577,
2026-10-05T12:05:37.0156987Z         "mode": 420
2026-10-05T12:05:37.0157063Z       },
2026-10-05T12:05:37.0157134Z       {
2026-10-05T12:05:37.0157325Z         "path": "runtime/core/lib/control-maintenance/compatibility.js",
2026-10-05T12:05:37.0157403Z         "size": 8412,
2026-10-05T12:05:37.0157480Z         "mode": 420
2026-10-05T12:05:37.0157553Z       },
2026-10-05T12:05:37.0157619Z       {
2026-10-05T12:05:37.0157796Z         "path": "runtime/core/lib/control-maintenance/contract.js",
2026-10-05T12:05:37.0157876Z         "size": 2342,
2026-10-05T12:05:37.0158044Z         "mode": 420
2026-10-05T12:05:37.0158125Z       },
2026-10-05T12:05:37.0158196Z       {
2026-10-05T12:05:37.0158377Z         "path": "runtime/core/lib/control-maintenance/interaction.js",
2026-10-05T12:05:37.0158455Z         "size": 3207,
2026-10-05T12:05:37.0158533Z         "mode": 420
2026-10-05T12:05:37.0158602Z       },
2026-10-05T12:05:37.0158669Z       {
2026-10-05T12:05:37.0158843Z         "path": "runtime/core/lib/control-maintenance/migration.js",
2026-10-05T12:05:37.0158917Z         "size": 5383,
2026-10-05T12:05:37.0159311Z         "mode": 420
2026-10-05T12:05:37.0159416Z       },
2026-10-05T12:05:37.0159492Z       {
2026-10-05T12:05:37.0159690Z         "path": "runtime/core/lib/control-maintenance/presentation.js",
2026-10-05T12:05:37.0159763Z         "size": 8246,
2026-10-05T12:05:37.0159841Z         "mode": 420
2026-10-05T12:05:37.0159914Z       },
2026-10-05T12:05:37.0160074Z       {
2026-10-05T12:05:37.0160253Z         "path": "runtime/core/lib/control-maintenance/repair.js",
2026-10-05T12:05:37.0160332Z         "size": 13216,
2026-10-05T12:05:37.0160402Z         "mode": 420
2026-10-05T12:05:37.0160478Z       },
2026-10-05T12:05:37.0160549Z       {
2026-10-05T12:05:37.0160722Z         "path": "runtime/core/lib/control-maintenance/service.js",
2026-10-05T12:05:37.0160796Z         "size": 2412,
2026-10-05T12:05:37.0160874Z         "mode": 420
2026-10-05T12:05:37.0160946Z       },
2026-10-05T12:05:37.0161011Z       {
2026-10-05T12:05:37.0161174Z         "path": "runtime/core/lib/control-read-boundary.js",
2026-10-05T12:05:37.0161252Z         "size": 906,
2026-10-05T12:05:37.0161325Z         "mode": 420
2026-10-05T12:05:37.0161400Z       },
2026-10-05T12:05:37.0161470Z       {
2026-10-05T12:05:37.0161633Z         "path": "runtime/core/lib/control-state/aggregate.js",
2026-10-05T12:05:37.0161707Z         "size": 503,
2026-10-05T12:05:37.0161788Z         "mode": 420
2026-10-05T12:05:37.0161859Z       },
2026-10-05T12:05:37.0161926Z       {
2026-10-05T12:05:37.0162162Z         "path": "runtime/core/lib/control-state/approval-command-contract.js",
2026-10-05T12:05:37.0162240Z         "size": 3748,
2026-10-05T12:05:37.0162313Z         "mode": 420
2026-10-05T12:05:37.0162389Z       },
2026-10-05T12:05:37.0162469Z       {
2026-10-05T12:05:37.0162804Z         "path": "runtime/core/lib/control-state/approval-command.js",
2026-10-05T12:05:37.0162919Z         "size": 8139,
2026-10-05T12:05:37.0163035Z         "mode": 420
2026-10-05T12:05:37.0163149Z       },
2026-10-05T12:05:37.0163253Z       {
2026-10-05T12:05:37.0163573Z         "path": "runtime/core/lib/control-state/approval-operations.js",
2026-10-05T12:05:37.0163702Z         "size": 6088,
2026-10-05T12:05:37.0163818Z         "mode": 420
2026-10-05T12:05:37.0163930Z       },
2026-10-05T12:05:37.0164046Z       {
2026-10-05T12:05:37.0164389Z         "path": "runtime/core/lib/control-state/artefact-binding-proof.js",
2026-10-05T12:05:37.0164510Z         "size": 4880,
2026-10-05T12:05:37.0164638Z         "mode": 420
2026-10-05T12:05:37.0164753Z       },
2026-10-05T12:05:37.0164862Z       {
2026-10-05T12:05:37.0165171Z         "path": "runtime/core/lib/control-state/artefact-bindings.js",
2026-10-05T12:05:37.0165301Z         "size": 6925,
2026-10-05T12:05:37.0165416Z         "mode": 420
2026-10-05T12:05:37.0165533Z       },
2026-10-05T12:05:37.0165642Z       {
2026-10-05T12:05:37.0165949Z         "path": "runtime/core/lib/control-state/contained-file.js",
2026-10-05T12:05:37.0166068Z         "size": 2204,
2026-10-05T12:05:37.0166192Z         "mode": 420
2026-10-05T12:05:37.0166307Z       },
2026-10-05T12:05:37.0166415Z       {
2026-10-05T12:05:37.0166770Z         "path": "runtime/core/lib/control-state/control-configuration.js",
2026-10-05T12:05:37.0166894Z         "size": 1072,
2026-10-05T12:05:37.0167016Z         "mode": 420
2026-10-05T12:05:37.0167128Z       },
2026-10-05T12:05:37.0167246Z       {
2026-10-05T12:05:37.0167791Z         "path": "runtime/core/lib/control-state/gate-approval-validator.js",
2026-10-05T12:05:37.0167915Z         "size": 1704,
2026-10-05T12:05:37.0168039Z         "mode": 420
2026-10-05T12:05:37.0168157Z       },
2026-10-05T12:05:37.0168265Z       {
2026-10-05T12:05:37.0168522Z         "path": "runtime/core/lib/control-state/index.js",
2026-10-05T12:05:37.0168652Z         "size": 346,
2026-10-05T12:05:37.0168779Z         "mode": 420
2026-10-05T12:05:37.0168890Z       },
2026-10-05T12:05:37.0169008Z       {
2026-10-05T12:05:37.0169327Z         "path": "runtime/core/lib/control-state/legacy-migration.js",
2026-10-05T12:05:37.0169446Z         "size": 3088,
2026-10-05T12:05:37.0169574Z         "mode": 420
2026-10-05T12:05:37.0169692Z       },
2026-10-05T12:05:37.0169802Z       {
2026-10-05T12:05:37.0170190Z         "path": "runtime/core/lib/control-state/legacy-projection-reader.js",
2026-10-05T12:05:37.0170316Z         "size": 1984,
2026-10-05T12:05:37.0170548Z         "mode": 420
2026-10-05T12:05:37.0170658Z       },
2026-10-05T12:05:37.0170776Z       {
2026-10-05T12:05:37.0171141Z         "path": "runtime/core/lib/control-state/run-artefact-recording.js",
2026-10-05T12:05:37.0171261Z         "size": 6620,
2026-10-05T12:05:37.0171385Z         "mode": 420
2026-10-05T12:05:37.0171499Z       },
2026-10-05T12:05:37.0171606Z       {
2026-10-05T12:05:37.0171906Z         "path": "runtime/core/lib/control-state/run-identity.js",
2026-10-05T12:05:37.0172030Z         "size": 573,
2026-10-05T12:05:37.0172154Z         "mode": 420
2026-10-05T12:05:37.0172263Z       },
2026-10-05T12:05:37.0172381Z       {
2026-10-05T12:05:37.0172753Z         "path": "runtime/core/lib/control-state/run-presentation-render.js",
2026-10-05T12:05:37.0172873Z         "size": 17579,
2026-10-05T12:05:37.0173000Z         "mode": 420
2026-10-05T12:05:37.0173113Z       },
2026-10-05T12:05:37.0173222Z       {
2026-10-05T12:05:37.0173540Z         "path": "runtime/core/lib/control-state/run-presentation.js",
2026-10-05T12:05:37.0173672Z         "size": 6777,
2026-10-05T12:05:37.0173799Z         "mode": 420
2026-10-05T12:05:37.0173909Z       },
2026-10-05T12:05:37.0174027Z       {
2026-10-05T12:05:37.0174330Z         "path": "runtime/core/lib/control-state/run-recording.js",
2026-10-05T12:05:37.0174451Z         "size": 10751,
2026-10-05T12:05:37.0174579Z         "mode": 420
2026-10-05T12:05:37.0174695Z       },
2026-10-05T12:05:37.0174802Z       {
2026-10-05T12:05:37.0175098Z         "path": "runtime/core/lib/control-state/run-recovery.js",
2026-10-05T12:05:37.0175224Z         "size": 17891,
2026-10-05T12:05:37.0175349Z         "mode": 420
2026-10-05T12:05:37.0175458Z       },
2026-10-05T12:05:37.0175572Z       {
2026-10-05T12:05:37.0175980Z         "path": "runtime/core/lib/control-state/run-relationship-correction.js",
2026-10-05T12:05:37.0176099Z         "size": 5721,
2026-10-05T12:05:37.0176226Z         "mode": 420
2026-10-05T12:05:37.0176345Z       },
2026-10-05T12:05:37.0176463Z       {
2026-10-05T12:05:37.0177224Z         "path": "runtime/core/lib/control-state/run-revision-history.js",
2026-10-05T12:05:37.0177353Z         "size": 9598,
2026-10-05T12:05:37.0177480Z         "mode": 420
2026-10-05T12:05:37.0177582Z       },
2026-10-05T12:05:37.0177692Z       {
2026-10-05T12:05:37.0177968Z         "path": "runtime/core/lib/control-state/run-revision.js",
2026-10-05T12:05:37.0178080Z         "size": 24412,
2026-10-05T12:05:37.0178204Z         "mode": 420
2026-10-05T12:05:37.0178319Z       },
2026-10-05T12:05:37.0178438Z       {
2026-10-05T12:05:37.0178649Z         "path": "runtime/core/lib/control-state/run-seal.js",
2026-10-05T12:05:37.0178727Z         "size": 7838,
2026-10-05T12:05:37.0178806Z         "mode": 420
2026-10-05T12:05:37.0178874Z       },
2026-10-05T12:05:37.0178949Z       {
2026-10-05T12:05:37.0179151Z         "path": "runtime/core/lib/control-state/run-source-revisions.js",
2026-10-05T12:05:37.0179226Z         "size": 9961,
2026-10-05T12:05:37.0179313Z         "mode": 420
2026-10-05T12:05:37.0179385Z       },
2026-10-05T12:05:37.0179610Z       {
2026-10-05T12:05:37.0179792Z         "path": "runtime/core/lib/control-state/run-state-edits.js",
2026-10-05T12:05:37.0179871Z         "size": 6233,
2026-10-05T12:05:37.0179949Z         "mode": 420
2026-10-05T12:05:37.0180019Z       },
2026-10-05T12:05:37.0180095Z       {
2026-10-05T12:05:37.0180280Z         "path": "runtime/core/lib/control-state/run-state-parser.js",
2026-10-05T12:05:37.0180353Z         "size": 12277,
2026-10-05T12:05:37.0180434Z         "mode": 420
2026-10-05T12:05:37.0180505Z       },
2026-10-05T12:05:37.0180579Z       {
2026-10-05T12:05:37.0180764Z         "path": "runtime/core/lib/control-state/run-state-reader.js",
2026-10-05T12:05:37.0180849Z         "size": 1875,
2026-10-05T12:05:37.0180930Z         "mode": 420
2026-10-05T12:05:37.0180998Z       },
2026-10-05T12:05:37.0181076Z       {
2026-10-05T12:05:37.0181285Z         "path": "runtime/core/lib/control-state/run-state-repository.js",
2026-10-05T12:05:37.0181466Z         "size": 6390,
2026-10-05T12:05:37.0181542Z         "mode": 420
2026-10-05T12:05:37.0181620Z       },
2026-10-05T12:05:37.0181693Z       {
2026-10-05T12:05:37.0182218Z         "path": "runtime/core/lib/control-state/run-state-resolver.js",
2026-10-05T12:05:37.0182335Z         "size": 1371,
2026-10-05T12:05:37.0182413Z         "mode": 420
2026-10-05T12:05:37.0182481Z       },
2026-10-05T12:05:37.0182556Z       {
2026-10-05T12:05:37.0182743Z         "path": "runtime/core/lib/control-state/run-state-writer.js",
2026-10-05T12:05:37.0182823Z         "size": 16219,
2026-10-05T12:05:37.0182895Z         "mode": 420
2026-10-05T12:05:37.0182968Z       },
2026-10-05T12:05:37.0183042Z       {
2026-10-05T12:05:37.0183218Z         "path": "runtime/core/lib/control-state/run-step-pending.js",
2026-10-05T12:05:37.0183298Z         "size": 620,
2026-10-05T12:05:37.0183375Z         "mode": 420
2026-10-05T12:05:37.0183449Z       },
2026-10-05T12:05:37.0183527Z       {
2026-10-05T12:05:37.0183729Z         "path": "runtime/core/lib/control-state/run-step-transaction.js",
2026-10-05T12:05:37.0183810Z         "size": 15958,
2026-10-05T12:05:37.0183883Z         "mode": 420
2026-10-05T12:05:37.0183955Z       },
2026-10-05T12:05:37.0184027Z       {
2026-10-05T12:05:37.0184191Z         "path": "runtime/core/lib/control-state/run-steps.js",
2026-10-05T12:05:37.0184272Z         "size": 15588,
2026-10-05T12:05:37.0184350Z         "mode": 420
2026-10-05T12:05:37.0184418Z       },
2026-10-05T12:05:37.0184492Z       {
2026-10-05T12:05:37.0184691Z         "path": "runtime/core/lib/control-state/run-store-inspection.js",
2026-10-05T12:05:37.0184771Z         "size": 2164,
2026-10-05T12:05:37.0184844Z         "mode": 420
2026-10-05T12:05:37.0184919Z       },
2026-10-05T12:05:37.0184989Z       {
2026-10-05T12:05:37.0185165Z         "path": "runtime/core/lib/delivery-continuation/service.js",
2026-10-05T12:05:37.0185247Z         "size": 3947,
2026-10-05T12:05:37.0185330Z         "mode": 420
2026-10-05T12:05:37.0185400Z       },
2026-10-05T12:05:37.0185476Z       {
2026-10-05T12:05:37.0185699Z         "path": "runtime/core/lib/delivery-path-search/candidate-policy.js",
2026-10-05T12:05:37.0185778Z         "size": 3919,
2026-10-05T12:05:37.0185849Z         "mode": 420
2026-10-05T12:05:37.0185923Z       },
2026-10-05T12:05:37.0185992Z       {
2026-10-05T12:05:37.0186170Z         "path": "runtime/core/lib/delivery-path-search/contracts.js",
2026-10-05T12:05:37.0186250Z         "size": 15955,
2026-10-05T12:05:37.0186328Z         "mode": 420
2026-10-05T12:05:37.0186400Z       },
2026-10-05T12:05:37.0186471Z       {
2026-10-05T12:05:37.0186669Z         "path": "runtime/core/lib/delivery-path-search/persistence.js",
2026-10-05T12:05:37.0186747Z         "size": 2521,
2026-10-05T12:05:37.0186820Z         "mode": 420
2026-10-05T12:05:37.0186890Z       },
2026-10-05T12:05:37.0186961Z       {
2026-10-05T12:05:37.0187137Z         "path": "runtime/core/lib/delivery-path-search/scoring.js",
2026-10-05T12:05:37.0187327Z         "size": 824,
2026-10-05T12:05:37.0187408Z         "mode": 420
2026-10-05T12:05:37.0187484Z       },
2026-10-05T12:05:37.0187551Z       {
2026-10-05T12:05:37.0187754Z         "path": "runtime/core/lib/delivery-path-search/search-engine.js",
2026-10-05T12:05:37.0187833Z         "size": 11244,
2026-10-05T12:05:37.0187903Z         "mode": 420
2026-10-05T12:05:37.0187976Z       },
2026-10-05T12:05:37.0188047Z       {
2026-10-05T12:05:37.0188234Z         "path": "runtime/core/lib/delivery-path-search/state-adapter.js",
2026-10-05T12:05:37.0188315Z         "size": 4596,
2026-10-05T12:05:37.0188391Z         "mode": 420
2026-10-05T12:05:37.0188460Z       },
2026-10-05T12:05:37.0188525Z       {
2026-10-05T12:05:37.0188655Z         "path": "runtime/core/lib/fs-swap.js",
2026-10-05T12:05:37.0188737Z         "size": 916,
2026-10-05T12:05:37.0188812Z         "mode": 420
2026-10-05T12:05:37.0188885Z       },
2026-10-05T12:05:37.0189048Z       {
2026-10-05T12:05:37.0189170Z         "path": "runtime/core/lib/index.js",
2026-10-05T12:05:37.0189251Z         "size": 954,
2026-10-05T12:05:37.0189329Z         "mode": 420
2026-10-05T12:05:37.0189402Z       },
2026-10-05T12:05:37.0189469Z       {
2026-10-05T12:05:37.0189660Z         "path": "runtime/core/lib/interaction-catalog-validation.js",
2026-10-05T12:05:37.0189735Z         "size": 1453,
2026-10-05T12:05:37.0189807Z         "mode": 420
2026-10-05T12:05:37.0189886Z       },
2026-10-05T12:05:37.0189959Z       {
2026-10-05T12:05:37.0190112Z         "path": "runtime/core/lib/interaction-catalog.js",
2026-10-05T12:05:37.0190196Z         "size": 3628,
2026-10-05T12:05:37.0190274Z         "mode": 420
2026-10-05T12:05:37.0190346Z       },
2026-10-05T12:05:37.0190414Z       {
2026-10-05T12:05:37.0190588Z         "path": "runtime/core/lib/interaction-presentation.js",
2026-10-05T12:05:37.0190668Z         "size": 65120,
2026-10-05T12:05:37.0190738Z         "mode": 420
2026-10-05T12:05:37.0190815Z       },
2026-10-05T12:05:37.0190886Z       {
2026-10-05T12:05:37.0191060Z         "path": "runtime/core/lib/repository-context-reader.js",
2026-10-05T12:05:37.0191141Z         "size": 3135,
2026-10-05T12:05:37.0191220Z         "mode": 420
2026-10-05T12:05:37.0191293Z       },
2026-10-05T12:05:37.0191361Z       {
2026-10-05T12:05:37.0191512Z         "path": "runtime/core/lib/resources/binding.js",
2026-10-05T12:05:37.0191591Z         "size": 303,
2026-10-05T12:05:37.0191664Z         "mode": 420
2026-10-05T12:05:37.0191741Z       },
2026-10-05T12:05:37.0191817Z       {
2026-10-05T12:05:37.0191954Z         "path": "runtime/core/lib/resources/context.js",
2026-10-05T12:05:37.0192034Z         "size": 3469,
2026-10-05T12:05:37.0192112Z         "mode": 420
2026-10-05T12:05:37.0192185Z       },
2026-10-05T12:05:37.0192251Z       {
2026-10-05T12:05:37.0192401Z         "path": "runtime/core/lib/resources/contracts.js",
2026-10-05T12:05:37.0192482Z         "size": 1513,
2026-10-05T12:05:37.0192557Z         "mode": 420
2026-10-05T12:05:37.0192632Z       },
2026-10-05T12:05:37.0192708Z       {
2026-10-05T12:05:37.0192932Z         "path": "runtime/core/lib/runtime/distribution-profile-history.js",
2026-10-05T12:05:37.0193013Z         "size": 6077,
2026-10-05T12:05:37.0193092Z         "mode": 420
2026-10-05T12:05:37.0193167Z       },
2026-10-05T12:05:37.0193236Z       {
2026-10-05T12:05:37.0193413Z         "path": "runtime/core/lib/runtime/plugin-provenance.js",
2026-10-05T12:05:37.0193497Z         "size": 20490,
2026-10-05T12:05:37.0193570Z         "mode": 420
2026-10-05T12:05:37.0193644Z       },
2026-10-05T12:05:37.0193717Z       {
2026-10-05T12:05:37.0193875Z         "path": "runtime/core/lib/skill-dispatch/binding.js",
2026-10-05T12:05:37.0193955Z         "size": 3647,
2026-10-05T12:05:37.0194031Z         "mode": 420
2026-10-05T12:05:37.0194104Z       },
2026-10-05T12:05:37.0194176Z       {
2026-10-05T12:05:37.0194341Z         "path": "runtime/core/lib/skill-dispatch/contract.js",
2026-10-05T12:05:37.0194423Z         "size": 27887,
2026-10-05T12:05:37.0194587Z         "mode": 420
2026-10-05T12:05:37.0194667Z       },
2026-10-05T12:05:37.0194743Z       {
2026-10-05T12:05:37.0194930Z         "path": "runtime/core/lib/skill-dispatch/delivery-intake.js",
2026-10-05T12:05:37.0195001Z         "size": 4635,
2026-10-05T12:05:37.0195081Z         "mode": 420
2026-10-05T12:05:37.0195155Z       },
2026-10-05T12:05:37.0195221Z       {
2026-10-05T12:05:37.0195443Z         "path": "runtime/core/lib/skill-dispatch/delivery-run-assignment.js",
2026-10-05T12:05:37.0195521Z         "size": 4578,
2026-10-05T12:05:37.0195594Z         "mode": 420
2026-10-05T12:05:37.0195667Z       },
2026-10-05T12:05:37.0195744Z       {
2026-10-05T12:05:37.0195925Z         "path": "runtime/core/lib/skill-dispatch/prd-definition.js",
2026-10-05T12:05:37.0195999Z         "size": 2845,
2026-10-05T12:05:37.0196076Z         "mode": 420
2026-10-05T12:05:37.0196148Z       },
2026-10-05T12:05:37.0196304Z       {
2026-10-05T12:05:37.0196487Z         "path": "runtime/core/lib/skill-dispatch/sd-definition.js",
2026-10-05T12:05:37.0196567Z         "size": 2900,
2026-10-05T12:05:37.0196638Z         "mode": 420
2026-10-05T12:05:37.0196713Z       },
2026-10-05T12:05:37.0196786Z       {
2026-10-05T12:05:37.0196946Z         "path": "runtime/core/lib/skill-dispatch/service.js",
2026-10-05T12:05:37.0197020Z         "size": 40882,
2026-10-05T12:05:37.0197101Z         "mode": 420
2026-10-05T12:05:37.0197172Z       },
2026-10-05T12:05:37.0197239Z       {
2026-10-05T12:05:37.0197402Z         "path": "runtime/core/lib/task-target-resolution.js",
2026-10-05T12:05:37.0197479Z         "size": 8096,
2026-10-05T12:05:37.0197550Z         "mode": 420
2026-10-05T12:05:37.0197625Z       }
2026-10-05T12:05:37.0197699Z     ],
2026-10-05T12:05:37.0197782Z     "entryCount": 761,
2026-10-05T12:05:37.0197858Z     "bundled": []
2026-10-05T12:05:37.0197937Z   }
2026-10-05T12:05:37.0198022Z ]
2026-10-05T12:05:37.5002613Z [
2026-10-05T12:05:37.5002870Z   {
2026-10-05T12:05:37.5003103Z     "id": "@agdf/cli@0.14.5",
2026-10-05T12:05:37.5003400Z     "name": "@agdf/cli",
2026-10-05T12:05:37.5003635Z     "version": "0.14.5",
2026-10-05T12:05:37.5003850Z     "size": 8032,
2026-10-05T12:05:37.5004058Z     "unpackedSize": 22320,
2026-10-05T12:05:37.5004372Z     "shasum": "17488d5e043d8075bee788085d5a8a67c4fd5e36",
2026-10-05T12:05:37.5005038Z     "integrity": "sha512-oKD8494HurBVHH2YZzCKpjTP6CyzjUv1XZzYDVBx3Gp18QxwkIBzJNvZX/xg6VbJTj1r5t3fF6wXom8YBk9/hg==",
2026-10-05T12:05:37.5005630Z     "filename": "agdf-cli-0.14.5.tgz",
2026-10-05T12:05:37.5005878Z     "files": [
2026-10-05T12:05:37.5006052Z       {
2026-10-05T12:05:37.5006232Z         "path": "LICENSE",
2026-10-05T12:05:37.5006450Z         "size": 11357,
2026-10-05T12:05:37.5006666Z         "mode": 420
2026-10-05T12:05:37.5006866Z       },
2026-10-05T12:05:37.5007033Z       {
2026-10-05T12:05:37.5007207Z         "path": "NOTICE",
2026-10-05T12:05:37.5007428Z         "size": 483,
2026-10-05T12:05:37.5007617Z         "mode": 420
2026-10-05T12:05:37.5007798Z       },
2026-10-05T12:05:37.5007952Z       {
2026-10-05T12:05:37.5008131Z         "path": "README.md",
2026-10-05T12:05:37.5008345Z         "size": 9382,
2026-10-05T12:05:37.5008535Z         "mode": 420
2026-10-05T12:05:37.5008713Z       },
2026-10-05T12:05:37.5008868Z       {
2026-10-05T12:05:37.5009055Z         "path": "bin/agdf.js",
2026-10-05T12:05:37.5009273Z         "size": 47,
2026-10-05T12:05:37.5009454Z         "mode": 420
2026-10-05T12:05:37.5009626Z       },
2026-10-05T12:05:37.5009782Z       {
2026-10-05T12:05:37.5009985Z         "path": "package.json",
2026-10-05T12:05:37.5010208Z         "size": 1051,
2026-10-05T12:05:37.5010397Z         "mode": 420
2026-10-05T12:05:37.5010580Z       }
2026-10-05T12:05:37.5010752Z     ],
2026-10-05T12:05:37.5010931Z     "entryCount": 5,
2026-10-05T12:05:37.5011134Z     "bundled": []
2026-10-05T12:05:37.5011328Z   }
2026-10-05T12:05:37.5021871Z ]
2026-10-05T12:05:38.0616868Z [
2026-10-05T12:05:38.0617183Z   {
2026-10-05T12:05:38.0617898Z     "id": "@agdf/mcp-server@0.14.5",
2026-10-05T12:05:38.0618417Z     "name": "@agdf/mcp-server",
2026-10-05T12:05:38.0618787Z     "version": "0.14.5",
2026-10-05T12:05:38.0619090Z     "size": 8363,
2026-10-05T12:05:38.0619393Z     "unpackedSize": 23720,
2026-10-05T12:05:38.0619845Z     "shasum": "1e4a7b32cc1e58089708a99b3dd2f0254726b141",
2026-10-05T12:05:38.0620987Z     "integrity": "sha512-lkHFX3dCKq7rNDTYpLmfygh0uLv9ZE6P02tWX4SiLooGJvLDeQYipOBv14nHZsbw8Re0ZKCxER7Fs6zeTjNC4w==",
2026-10-05T12:05:38.0622395Z     "filename": "agdf-mcp-server-0.14.5.tgz",
2026-10-05T12:05:38.0622803Z     "files": [
2026-10-05T12:05:38.0623059Z       {
2026-10-05T12:05:38.0623333Z         "path": "LICENSE",
2026-10-05T12:05:38.0623651Z         "size": 11357,
2026-10-05T12:05:38.0623944Z         "mode": 420
2026-10-05T12:05:38.0624231Z       },
2026-10-05T12:05:38.0624465Z       {
2026-10-05T12:05:38.0626025Z         "path": "NOTICE",
2026-10-05T12:05:38.0626343Z         "size": 521,
2026-10-05T12:05:38.0626649Z         "mode": 420
2026-10-05T12:05:38.0626934Z       },
2026-10-05T12:05:38.0627173Z       {
2026-10-05T12:05:38.0627456Z         "path": "README.md",
2026-10-05T12:05:38.0627799Z         "size": 2391,
2026-10-05T12:05:38.0628097Z         "mode": 420
2026-10-05T12:05:38.0628371Z       },
2026-10-05T12:05:38.0628628Z       {
2026-10-05T12:05:38.0628938Z         "path": "bin/agdf-mcp.js",
2026-10-05T12:05:38.0629303Z         "size": 659,
2026-10-05T12:05:38.0629608Z         "mode": 420
2026-10-05T12:05:38.0629871Z       },
2026-10-05T12:05:38.0630116Z       {
2026-10-05T12:05:38.0630418Z         "path": "package.json",
2026-10-05T12:05:38.0630763Z         "size": 864,
2026-10-05T12:05:38.0631060Z         "mode": 420
2026-10-05T12:05:38.0631336Z       },
2026-10-05T12:05:38.0631589Z       {
2026-10-05T12:05:38.0631880Z         "path": "src/main.js",
2026-10-05T12:05:38.0632233Z         "size": 1210,
2026-10-05T12:05:38.0632529Z         "mode": 420
2026-10-05T12:05:38.0632811Z       },
2026-10-05T12:05:38.0633059Z       {
2026-10-05T12:05:38.0633354Z         "path": "src/server.js",
2026-10-05T12:05:38.0633707Z         "size": 3144,
2026-10-05T12:05:38.0633986Z         "mode": 420
2026-10-05T12:05:38.0634258Z       },
2026-10-05T12:05:38.0634519Z       {
2026-10-05T12:05:38.0634835Z         "path": "src/worker-entry.js",
2026-10-05T12:05:38.0635214Z         "size": 964,
2026-10-05T12:05:38.0635500Z         "mode": 420
2026-10-05T12:05:38.0635761Z       },
2026-10-05T12:05:38.0635999Z       {
2026-10-05T12:05:38.0636285Z         "path": "src/worker.js",
2026-10-05T12:05:38.0636646Z         "size": 2610,
2026-10-05T12:05:38.0636940Z         "mode": 420
2026-10-05T12:05:38.0637200Z       }
2026-10-05T12:05:38.0637457Z     ],
2026-10-05T12:05:38.0637722Z     "entryCount": 9,
2026-10-05T12:05:38.0638032Z     "bundled": []
2026-10-05T12:05:38.0638303Z   }
2026-10-05T12:05:38.0638562Z ]
2026-10-05T12:06:21.5211171Z node:internal/modules/run_main:123
2026-10-05T12:06:21.5212931Z     triggerUncaughtException(
2026-10-05T12:06:21.5213294Z     ^
2026-10-05T12:06:21.5213412Z 
2026-10-05T12:06:21.5213629Z AssertionError [ERR_ASSERTION]: resources\binding.js
2026-10-05T12:06:21.5213982Z + actual - expected
2026-10-05T12:06:21.5214205Z ... Skipped lines
2026-10-05T12:06:21.5214337Z 
2026-10-05T12:06:21.5214435Z   Buffer(303) [Uint8Array] [
2026-10-05T12:06:21.5214674Z     47,
2026-10-05T12:06:21.5214843Z     47,
2026-10-05T12:06:21.5215007Z     32,
2026-10-05T12:06:21.5215159Z +   71,
2026-10-05T12:06:21.5215323Z +   101,
2026-10-05T12:06:21.5215486Z -   66,
2026-10-05T12:06:21.5215641Z -   117,
2026-10-05T12:06:21.5215810Z -   105,
2026-10-05T12:06:21.5215962Z -   108,
2026-10-05T12:06:21.5216122Z -   100,
2026-10-05T12:06:21.5216282Z -   45,
2026-10-05T12:06:21.5216447Z -   111,
2026-10-05T12:06:21.5216600Z -   119,
2026-10-05T12:06:21.5216779Z     110,
2026-10-05T12:06:21.5216947Z     101,
2026-10-05T12:06:21.5217101Z +   114,
2026-10-05T12:06:21.5217550Z +   97,
2026-10-05T12:06:21.5217716Z +   116,
2026-10-05T12:06:21.5217896Z +   101,
2026-10-05T12:06:21.5218050Z     100,
2026-10-05T12:06:21.5218217Z     32,
2026-10-05T12:06:21.5218372Z +   114,
2026-10-05T12:06:21.5218526Z +   101,
2026-10-05T12:06:21.5218742Z +   115,
2026-10-05T12:06:21.5218898Z +   111,
2026-10-05T12:06:21.5219064Z +   117,
2026-10-05T12:06:21.5219215Z +   114,
2026-10-05T12:06:21.5219368Z +   99,
2026-10-05T12:06:21.5219523Z +   101,
2026-10-05T12:06:21.5220052Z +   32,
2026-10-05T12:06:21.5220217Z     98,
2026-10-05T12:06:21.5220374Z     105,
2026-10-05T12:06:21.5220541Z     110,
2026-10-05T12:06:21.5220693Z     100,
2026-10-05T12:06:21.5220850Z     105,
2026-10-05T12:06:21.5221008Z ...
2026-10-05T12:06:21.5221183Z     32,
2026-10-05T12:06:21.5221348Z +   99,
2026-10-05T12:06:21.5221507Z +   97,
2026-10-05T12:06:21.5221674Z +   110,
2026-10-05T12:06:21.5222020Z +   111,
2026-10-05T12:06:21.5222293Z +   110,
2026-10-05T12:06:21.5222555Z +   105,
2026-10-05T12:06:21.5222829Z +   99,
2026-10-05T12:06:21.5223081Z +   97,
2026-10-05T12:06:21.5223280Z +   108,
2026-10-05T12:06:21.5223486Z +   32,
2026-10-05T12:06:21.5223716Z     67,
2026-10-05T12:06:21.5223938Z     111,
2026-10-05T12:06:21.5224152Z     114,
2026-10-05T12:06:21.5224425Z     101,
2026-10-05T12:06:21.5224591Z     32,
2026-10-05T12:06:21.5224762Z +   105,
2026-10-05T12:06:21.5224925Z +   109,
2026-10-05T12:06:21.5225087Z +   112,
2026-10-05T12:06:21.5225242Z +   108,
2026-10-05T12:06:21.5225394Z -   110,
2026-10-05T12:06:21.5225563Z     101,
2026-10-05T12:06:21.5225717Z +   109,
2026-10-05T12:06:21.5225948Z -   118,
2026-10-05T12:06:21.5226192Z     101,
2026-10-05T12:06:21.5226445Z +   110,
2026-10-05T12:06:21.5226653Z +   116,
2026-10-05T12:06:21.5226809Z +   97,
2026-10-05T12:06:21.5226974Z +   116,
2026-10-05T12:06:21.5227133Z +   105,
2026-10-05T12:06:21.5227299Z +   111,
2026-10-05T12:06:21.5227456Z +   110,
2026-10-05T12:06:21.5227622Z -   114,
2026-10-05T12:06:21.5227783Z     32,
2026-10-05T12:06:21.5227939Z +   98,
2026-10-05T12:06:21.5228102Z +   121,
2026-10-05T12:06:21.5228258Z +   116,
2026-10-05T12:06:21.5228414Z -   103,
2026-10-05T12:06:21.5228608Z -   117,
2026-10-05T12:06:21.5228860Z     101,
2026-10-05T12:06:21.5229092Z     115,
2026-10-05T12:06:21.5229341Z +   32,
2026-10-05T12:06:21.5229601Z +   97,
2026-10-05T12:06:21.5229774Z +   114,
2026-10-05T12:06:21.5229932Z -   115,
2026-10-05T12:06:21.5230088Z     101,
2026-10-05T12:06:21.5230251Z -   115,
2026-10-05T12:06:21.5230411Z     32,
2026-10-05T12:06:21.5230562Z     99,
2026-10-05T12:06:21.5230727Z -   104,
2026-10-05T12:06:21.5230881Z -   101,
2026-10-05T12:06:21.5231034Z -   99,
2026-10-05T12:06:21.5231183Z -   107,
2026-10-05T12:06:21.5231345Z     111,
2026-10-05T12:06:21.5231496Z +   112,
2026-10-05T12:06:21.5231727Z -   117,
2026-10-05T12:06:21.5232017Z -   116,
2026-10-05T12:06:21.5232302Z -   32,
2026-10-05T12:06:21.5232552Z -   111,
2026-10-05T12:06:21.5232735Z -   114,
2026-10-05T12:06:21.5232896Z -   32,
2026-10-05T12:06:21.5233053Z     105,
2026-10-05T12:06:21.5233207Z -   110,
2026-10-05T12:06:21.5233361Z -   104,
2026-10-05T12:06:21.5233524Z     101,
2026-10-05T12:06:21.5233684Z -   114,
2026-10-05T12:06:21.5233836Z -   105,
2026-10-05T12:06:21.5233998Z -   116,
2026-10-05T12:06:21.5234154Z -   101,
2026-10-05T12:06:21.5234310Z     100,
2026-10-05T12:06:21.5234464Z     32,
2026-10-05T12:06:21.5234622Z +   117,
2026-10-05T12:06:21.5234785Z -   101,
2026-10-05T12:06:21.5234956Z     110,
2026-10-05T12:06:21.5235127Z +   99,
2026-10-05T12:06:21.5235283Z +   104,
2026-10-05T12:06:21.5235440Z +   97,
2026-10-05T12:06:21.5235593Z -   118,
2026-10-05T12:06:21.5235818Z -   105,
2026-10-05T12:06:21.5236737Z -   114,
2026-10-05T12:06:21.5237080Z -   111,
2026-10-05T12:06:21.5237348Z     110,
2026-10-05T12:06:21.5237900Z +   103,
2026-10-05T12:06:21.5238101Z -   109,
2026-10-05T12:06:21.5238268Z     101,
2026-10-05T12:06:21.5238427Z +   100,
2026-10-05T12:06:21.5238758Z -   110,
2026-10-05T12:06:21.5238919Z -   116,
2026-10-05T12:06:21.5239087Z -   32,
2026-10-05T12:06:21.5239246Z -   114,
2026-10-05T12:06:21.5239402Z -   111,
2026-10-05T12:06:21.5239552Z -   111,
2026-10-05T12:06:21.5239712Z -   116,
2026-10-05T12:06:21.5240164Z -   115,
2026-10-05T12:06:21.5240370Z     46,
2026-10-05T12:06:21.5240532Z     10,
2026-10-05T12:06:21.5240687Z     101,
2026-10-05T12:06:21.5240904Z     120,
2026-10-05T12:06:21.5241099Z     112,
2026-10-05T12:06:21.5241346Z ...
2026-10-05T12:06:21.5241517Z     47,
2026-10-05T12:06:21.5241673Z +   46,
2026-10-05T12:06:21.5241838Z +   46,
2026-10-05T12:06:21.5241995Z +   47,
2026-10-05T12:06:21.5242147Z +   46,
2026-10-05T12:06:21.5242290Z +   46,
2026-10-05T12:06:21.5242449Z +   47,
2026-10-05T12:06:21.5242609Z     34,
2026-10-05T12:06:21.5242759Z     44,
2026-10-05T12:06:21.5242912Z     32,
2026-10-05T12:06:21.5243193Z     105,
2026-10-05T12:06:21.5243353Z     109,
2026-10-05T12:06:21.5243511Z ...
2026-10-05T12:06:21.5243667Z     34,
2026-10-05T12:06:21.5243834Z -   46,
2026-10-05T12:06:21.5243996Z -   46,
2026-10-05T12:06:21.5244145Z -   47,
2026-10-05T12:06:21.5244294Z -   46,
2026-10-05T12:06:21.5244449Z -   46,
2026-10-05T12:06:21.5244600Z -   47,
2026-10-05T12:06:21.5244750Z     103,
2026-10-05T12:06:21.5244905Z     101,
2026-10-05T12:06:21.5245060Z     110,
2026-10-05T12:06:21.5245213Z     101,
2026-10-05T12:06:21.5245365Z     114,
2026-10-05T12:06:21.5245530Z ...
2026-10-05T12:06:21.5245690Z     32,
2026-10-05T12:06:21.5245846Z -   105,
2026-10-05T12:06:21.5246011Z -   109,
2026-10-05T12:06:21.5246169Z     112,
2026-10-05T12:06:21.5246333Z +   97,
2026-10-05T12:06:21.5246485Z +   99,
2026-10-05T12:06:21.5246638Z +   107,
2026-10-05T12:06:21.5246791Z +   97,
2026-10-05T12:06:21.5246943Z +   103,
2026-10-05T12:06:21.5247102Z -   111,
2026-10-05T12:06:21.5247256Z -   114,
2026-10-05T12:06:21.5247423Z -   116,
2026-10-05T12:06:21.5247590Z -   46,
2026-10-05T12:06:21.5247766Z -   109,
2026-10-05T12:06:21.5247929Z     101,
2026-10-05T12:06:21.5248083Z +   85,
2026-10-05T12:06:21.5248244Z +   82,
2026-10-05T12:06:21.5248397Z +   76,
2026-10-05T12:06:21.5248548Z -   116,
2026-10-05T12:06:21.5248698Z -   97,
2026-10-05T12:06:21.5248855Z -   46,
2026-10-05T12:06:21.5249006Z -   117,
2026-10-05T12:06:21.5249165Z -   114,
2026-10-05T12:06:21.5249324Z -   108,
2026-10-05T12:06:21.5249477Z     41,
2026-10-05T12:06:21.5249630Z     59,
2026-10-05T12:06:21.5249778Z     10,
2026-10-05T12:06:21.5249940Z     101,
2026-10-05T12:06:21.5250092Z     120,
2026-10-05T12:06:21.5250184Z 
2026-10-05T12:06:21.5250746Z     at file:///D:/a/ai-native-governance-delivery-framework/ai-native-governance-delivery-framework/scripts/test-package-consumers.mjs:39:53
2026-10-05T12:06:21.5251525Z     at ModuleJob.run (node:internal/modules/esm/module_job:343:25)
2026-10-05T12:06:21.5252054Z     at async onImport.tracePromise.__proto__ (node:internal/modules/esm/loader:681:26)
2026-10-05T12:06:21.5252643Z     at async asyncRunEntryPointWithESMLoader (node:internal/modules/run_main:117:5) {
2026-10-05T12:06:21.5253066Z   generatedMessage: false,
2026-10-05T12:06:21.5253302Z   code: 'ERR_ASSERTION',
2026-10-05T12:06:21.5253551Z   actual: Buffer(303) [Uint8Array] [
2026-10-05T12:06:21.5253901Z      47,  47,  32,  71, 101, 110, 101, 114,  97, 116, 101, 100,
2026-10-05T12:06:21.5254260Z      32, 114, 101, 115, 111, 117, 114,  99, 101,  32,  98, 105,
2026-10-05T12:06:21.5254594Z     110, 100, 105, 110, 103,  59,  32,  99,  97, 110, 111, 110,
2026-10-05T12:06:21.5254928Z     105,  99,  97, 108,  32,  67, 111, 114, 101,  32, 105, 109,
2026-10-05T12:06:21.5255246Z     112, 108, 101, 109, 101, 110, 116,  97, 116, 105, 111, 110,
2026-10-05T12:06:21.5255556Z      32,  98, 121, 116, 101, 115,  32,  97, 114, 101,  32,  99,
2026-10-05T12:06:21.5255872Z     111, 112, 105, 101, 100,  32, 117, 110,  99, 104,  97, 110,
2026-10-05T12:06:21.5256194Z     103, 101, 100,  46,  10, 101, 120, 112, 111, 114, 116,  32,
2026-10-05T12:06:21.5256574Z      99, 111, 110, 115,
2026-10-05T12:06:21.5256787Z     ... 203 more items
2026-10-05T12:06:21.5256983Z   ],
2026-10-05T12:06:21.5257194Z   expected: Buffer(303) [Uint8Array] [
2026-10-05T12:06:21.5257512Z      47,  47,  32,  66, 117, 105, 108, 100,  45, 111, 119, 110,
2026-10-05T12:06:21.5257838Z     101, 100,  32,  98, 105, 110, 100, 105, 110, 103,  59,  32,
2026-10-05T12:06:21.5258155Z      67, 111, 114, 101,  32, 110, 101, 118, 101, 114,  32, 103,
2026-10-05T12:06:21.5258479Z     117, 101, 115, 115, 101, 115,  32,  99, 104, 101,  99, 107,
2026-10-05T12:06:21.5258798Z     111, 117, 116,  32, 111, 114,  32, 105, 110, 104, 101, 114,
2026-10-05T12:06:21.5259114Z     105, 116, 101, 100,  32, 101, 110, 118, 105, 114, 111, 110,
2026-10-05T12:06:21.5259448Z     109, 101, 110, 116,  32, 114, 111, 111, 116, 115,  46,  10,
2026-10-05T12:06:21.5259767Z     101, 120, 112, 111, 114, 116,  32,  99, 111, 110, 115, 116,
2026-10-05T12:06:21.5260539Z      32, 112,  97,  99,
2026-10-05T12:06:21.5260819Z     ... 203 more items
2026-10-05T12:06:21.5261008Z   ],
2026-10-05T12:06:21.5261211Z   operator: 'deepStrictEqual',
2026-10-05T12:06:21.5261450Z   diff: 'simple'
2026-10-05T12:06:21.5261637Z }
2026-10-05T12:06:21.5261728Z 
2026-10-05T12:06:21.5261812Z Node.js v22.23.3
2026-10-05T12:06:21.5301113Z Verification failed at archives: node scripts/test-package-consumers.mjs (1)
2026-10-05T12:06:21.5429556Z ##[error]Process completed with exit code 1.
2026-10-05T12:06:21.5664642Z Post job cleanup.
2026-10-05T12:06:21.7652918Z [command]"C:\Program Files\Git\bin\git.exe" version
2026-10-05T12:06:21.7953134Z git version 2.55.0.windows.5
2026-10-05T12:06:21.8015514Z Copying 'C:\Users\runneradmin\.gitconfig' to 'D:\a\_temp\cec9d21d-cd7b-45cf-b7a6-543be78a672a\.gitconfig'
2026-10-05T12:06:21.8036989Z Temporarily overriding HOME='D:\a\_temp\cec9d21d-cd7b-45cf-b7a6-543be78a672a' before making global git config changes
2026-10-05T12:06:21.8038514Z Adding repository directory to the temporary git global config as a safe directory
2026-10-05T12:06:21.8052076Z [command]"C:\Program Files\Git\bin\git.exe" config --global --add safe.directory D:\a\ai-native-governance-delivery-framework\ai-native-governance-delivery-framework
2026-10-05T12:06:21.8375291Z Removing SSH command configuration
2026-10-05T12:06:21.8387431Z [command]"C:\Program Files\Git\bin\git.exe" config --local --name-only --get-regexp core\.sshCommand
2026-10-05T12:06:21.8704465Z [command]"C:\Program Files\Git\bin\git.exe" submodule foreach --recursive "sh -c \"git config --local --name-only --get-regexp 'core\.sshCommand' && git config --local --unset-all 'core.sshCommand' || :\""
2026-10-05T12:06:22.4059857Z Removing HTTP extra header
2026-10-05T12:06:22.4071214Z [command]"C:\Program Files\Git\bin\git.exe" config --local --name-only --get-regexp http\.https\:\/\/github\.com\/\.extraheader
2026-10-05T12:06:22.4404651Z [command]"C:\Program Files\Git\bin\git.exe" submodule foreach --recursive "sh -c \"git config --local --name-only --get-regexp 'http\.https\:\/\/github\.com\/\.extraheader' && git config --local --unset-all 'http.https://github.com/.extraheader' || :\""
2026-10-05T12:06:22.9536051Z Removing includeIf entries pointing to credentials config files
2026-10-05T12:06:22.9548309Z [command]"C:\Program Files\Git\bin\git.exe" config --local --name-only --get-regexp ^includeIf\.gitdir:
2026-10-05T12:06:22.9812698Z includeif.gitdir:D:/a/ai-native-governance-delivery-framework/ai-native-governance-delivery-framework/.git.path
2026-10-05T12:06:22.9814374Z includeif.gitdir:D:/a/ai-native-governance-delivery-framework/ai-native-governance-delivery-framework/.git/worktrees/*.path
2026-10-05T12:06:22.9815444Z includeif.gitdir:/github/workspace/.git.path
2026-10-05T12:06:22.9816095Z includeif.gitdir:/github/workspace/.git/worktrees/*.path
2026-10-05T12:06:22.9853586Z [command]"C:\Program Files\Git\bin\git.exe" config --local --get-all includeif.gitdir:D:/a/ai-native-governance-delivery-framework/ai-native-governance-delivery-framework/.git.path
2026-10-05T12:06:23.0111595Z D:\a\_temp\git-credentials-8b03f76e-fab8-4764-8560-4b09a3d2bc2c.config
2026-10-05T12:06:23.0153462Z [command]"C:\Program Files\Git\bin\git.exe" config --local --unset includeif.gitdir:D:/a/ai-native-governance-delivery-framework/ai-native-governance-delivery-framework/.git.path D\:\\a\\_temp\\git\-credentials\-8b03f76e\-fab8\-4764\-8560\-4b09a3d2bc2c\.config
2026-10-05T12:06:23.0456967Z [command]"C:\Program Files\Git\bin\git.exe" config --local --get-all includeif.gitdir:D:/a/ai-native-governance-delivery-framework/ai-native-governance-delivery-framework/.git/worktrees/*.path
2026-10-05T12:06:23.0712620Z D:\a\_temp\git-credentials-8b03f76e-fab8-4764-8560-4b09a3d2bc2c.config
2026-10-05T12:06:23.0752699Z [command]"C:\Program Files\Git\bin\git.exe" config --local --unset includeif.gitdir:D:/a/ai-native-governance-delivery-framework/ai-native-governance-delivery-framework/.git/worktrees/*.path D\:\\a\\_temp\\git\-credentials\-8b03f76e\-fab8\-4764\-8560\-4b09a3d2bc2c\.config
2026-10-05T12:06:23.1046849Z [command]"C:\Program Files\Git\bin\git.exe" config --local --get-all includeif.gitdir:/github/workspace/.git.path
2026-10-05T12:06:23.1302497Z /github/runner_temp/git-credentials-8b03f76e-fab8-4764-8560-4b09a3d2bc2c.config
2026-10-05T12:06:23.1344088Z [command]"C:\Program Files\Git\bin\git.exe" config --local --unset includeif.gitdir:/github/workspace/.git.path \/github\/runner_temp\/git\-credentials\-8b03f76e\-fab8\-4764\-8560\-4b09a3d2bc2c\.config
2026-10-05T12:06:23.1650931Z [command]"C:\Program Files\Git\bin\git.exe" config --local --get-all includeif.gitdir:/github/workspace/.git/worktrees/*.path
2026-10-05T12:06:23.1900917Z /github/runner_temp/git-credentials-8b03f76e-fab8-4764-8560-4b09a3d2bc2c.config
2026-10-05T12:06:23.1978114Z [command]"C:\Program Files\Git\bin\git.exe" config --local --unset includeif.gitdir:/github/workspace/.git/worktrees/*.path \/github\/runner_temp\/git\-credentials\-8b03f76e\-fab8\-4764\-8560\-4b09a3d2bc2c\.config
2026-10-05T12:06:23.2287057Z [command]"C:\Program Files\Git\bin\git.exe" submodule foreach --recursive "git config --local --show-origin --name-only --get-regexp remote.origin.url"
2026-10-05T12:06:23.7484975Z Removing credentials config 'D:\a\_temp\git-credentials-8b03f76e-fab8-4764-8560-4b09a3d2bc2c.config'
2026-10-05T12:06:23.7685682Z Cleaning up orphan processes
