2026-10-05T12:17:49.3237742Z Current runner version: '2.337.0'
2026-10-05T12:17:49.3267727Z ##[group]Runner Image Provisioner
2026-10-05T12:17:49.3269144Z Hosted Compute Agent
2026-10-05T12:17:49.3269856Z Version: 20260901.588
2026-10-05T12:17:49.3270548Z Commit: f88ec8081b781fac6c440065ac7ff9e710ce3d0b
2026-10-05T12:17:49.3271415Z Build Date: 2026-09-01T19:56:44Z
2026-10-05T12:17:49.3272192Z Worker ID: {df6af9b1-6431-4483-a391-3374297f3cab}
2026-10-05T12:17:49.3273005Z Azure Region: westus3
2026-10-05T12:17:49.3273656Z ##[endgroup]
2026-10-05T12:17:49.3275210Z ##[group]Operating System
2026-10-05T12:17:49.3275975Z Microsoft Windows Server 2025
2026-10-05T12:17:49.3276684Z 10.0.26100
2026-10-05T12:17:49.3277258Z Datacenter
2026-10-05T12:17:49.3277851Z ##[endgroup]
2026-10-05T12:17:49.3278451Z ##[group]Runner Image
2026-10-05T12:17:49.3279117Z Image: windows-2025-vs2026
2026-10-05T12:17:49.3279796Z Version: 20260925.250.1
2026-10-05T12:17:49.3281570Z Included Software: https://github.com/actions/runner-images/blob/win25-vs2026/20260925.250/images/windows/Windows2025-VS2026-Readme.md
2026-10-05T12:17:49.3283637Z Image Release: https://github.com/actions/runner-images/releases/tag/win25-vs2026%2F20260925.250
2026-10-05T12:17:49.3284900Z ##[endgroup]
2026-10-05T12:17:49.3286181Z ##[group]GITHUB_TOKEN Permissions
2026-10-05T12:17:49.3288519Z Contents: read
2026-10-05T12:17:49.3289206Z Metadata: read
2026-10-05T12:17:49.3289822Z ##[endgroup]
2026-10-05T12:17:49.3292094Z Secret source: Actions
2026-10-05T12:17:49.3293049Z Cache mode: write
2026-10-05T12:17:49.3293872Z Prepare workflow directory
2026-10-05T12:17:49.3855515Z Prepare all required actions
2026-10-05T12:17:49.3895194Z Getting action download info
2026-10-05T12:17:49.7083854Z Download action repository 'actions/checkout@3d3c42e5aac5ba805825da76410c181273ba90b1' (SHA:3d3c42e5aac5ba805825da76410c181273ba90b1)
2026-10-05T12:17:49.8119753Z Download action repository 'actions/setup-node@820762786026740c76f36085b0efc47a31fe5020' (SHA:820762786026740c76f36085b0efc47a31fe5020)
2026-10-05T12:17:50.1021845Z Complete job name: verify (windows-latest)
2026-10-05T12:17:50.2221121Z ##[group]Run git config --global core.longpaths true
2026-10-05T12:17:50.2222123Z [36;1mgit config --global core.longpaths true[0m
2026-10-05T12:17:50.2241105Z shell: C:\Program Files\Git\bin\bash.EXE --noprofile --norc -e -o pipefail {0}
2026-10-05T12:17:50.2242196Z ##[endgroup]
2026-10-05T12:17:52.0400614Z ##[group]Run actions/checkout@3d3c42e5aac5ba805825da76410c181273ba90b1
2026-10-05T12:17:52.0401810Z with:
2026-10-05T12:17:52.0402370Z   fetch-depth: 0
2026-10-05T12:17:52.0403234Z   repository: ArndtGold/ai-native-governance-delivery-framework
2026-10-05T12:17:52.0410348Z   token: ***
2026-10-05T12:17:52.0410945Z   ssh-strict: true
2026-10-05T12:17:52.0411542Z   ssh-user: git
2026-10-05T12:17:52.0412478Z   persist-credentials: true
2026-10-05T12:17:52.0413173Z   clean: true
2026-10-05T12:17:52.0413773Z   sparse-checkout-cone-mode: true
2026-10-05T12:17:52.0414501Z   fetch-tags: false
2026-10-05T12:17:52.0415138Z   show-progress: true
2026-10-05T12:17:52.0415747Z   lfs: false
2026-10-05T12:17:52.0416297Z   submodules: false
2026-10-05T12:17:52.0416902Z   set-safe-directory: true
2026-10-05T12:17:52.0417610Z   allow-unsafe-pr-checkout: false
2026-10-05T12:17:52.0418321Z ##[endgroup]
2026-10-05T12:17:52.1648666Z Syncing repository: ArndtGold/ai-native-governance-delivery-framework
2026-10-05T12:17:52.1651085Z ##[group]Getting Git version info
2026-10-05T12:17:52.1652555Z Working directory is 'D:\a\ai-native-governance-delivery-framework\ai-native-governance-delivery-framework'
2026-10-05T12:17:52.2262687Z [command]"C:\Program Files\Git\bin\git.exe" version
2026-10-05T12:17:52.2560100Z git version 2.55.0.windows.5
2026-10-05T12:17:52.2596492Z ##[endgroup]
2026-10-05T12:17:52.2605217Z Copying 'C:\Users\runneradmin\.gitconfig' to 'D:\a\_temp\c094d320-ce04-4693-8c1f-927299494516\.gitconfig'
2026-10-05T12:17:52.2622104Z Temporarily overriding HOME='D:\a\_temp\c094d320-ce04-4693-8c1f-927299494516' before making global git config changes
2026-10-05T12:17:52.2625637Z Adding repository directory to the temporary git global config as a safe directory
2026-10-05T12:17:52.2631109Z [command]"C:\Program Files\Git\bin\git.exe" config --global --add safe.directory D:\a\ai-native-governance-delivery-framework\ai-native-governance-delivery-framework
2026-10-05T12:17:52.2888280Z Deleting the contents of 'D:\a\ai-native-governance-delivery-framework\ai-native-governance-delivery-framework'
2026-10-05T12:17:52.2891981Z ##[group]Determining repository object format
2026-10-05T12:17:52.2893511Z ##[endgroup]
2026-10-05T12:17:52.2894503Z ##[group]Initializing the repository
2026-10-05T12:17:52.2901223Z [command]"C:\Program Files\Git\bin\git.exe" init D:\a\ai-native-governance-delivery-framework\ai-native-governance-delivery-framework
2026-10-05T12:17:52.4068427Z Initialized empty Git repository in D:/a/ai-native-governance-delivery-framework/ai-native-governance-delivery-framework/.git/
2026-10-05T12:17:52.4112637Z [command]"C:\Program Files\Git\bin\git.exe" remote add origin https://github.com/ArndtGold/ai-native-governance-delivery-framework
2026-10-05T12:17:52.5751842Z ##[endgroup]
2026-10-05T12:17:52.5761484Z ##[group]Disabling automatic garbage collection
2026-10-05T12:17:52.5762094Z [command]"C:\Program Files\Git\bin\git.exe" config --local gc.auto 0
2026-10-05T12:17:52.6055133Z ##[endgroup]
2026-10-05T12:17:52.6055740Z ##[group]Setting up auth
2026-10-05T12:17:52.6056254Z Removing SSH command configuration
2026-10-05T12:17:52.6066676Z [command]"C:\Program Files\Git\bin\git.exe" config --local --name-only --get-regexp core\.sshCommand
2026-10-05T12:17:52.6346901Z [command]"C:\Program Files\Git\bin\git.exe" submodule foreach --recursive "sh -c \"git config --local --name-only --get-regexp 'core\.sshCommand' && git config --local --unset-all 'core.sshCommand' || :\""
2026-10-05T12:17:54.3497627Z Removing HTTP extra header
2026-10-05T12:17:54.3512466Z [command]"C:\Program Files\Git\bin\git.exe" config --local --name-only --get-regexp http\.https\:\/\/github\.com\/\.extraheader
2026-10-05T12:17:54.3773424Z [command]"C:\Program Files\Git\bin\git.exe" submodule foreach --recursive "sh -c \"git config --local --name-only --get-regexp 'http\.https\:\/\/github\.com\/\.extraheader' && git config --local --unset-all 'http.https://github.com/.extraheader' || :\""
2026-10-05T12:17:54.8520669Z Removing includeIf entries pointing to credentials config files
2026-10-05T12:17:54.8527984Z [command]"C:\Program Files\Git\bin\git.exe" config --local --name-only --get-regexp ^includeIf\.gitdir:
2026-10-05T12:17:54.8798645Z [command]"C:\Program Files\Git\bin\git.exe" submodule foreach --recursive "git config --local --show-origin --name-only --get-regexp remote.origin.url"
2026-10-05T12:17:55.3250540Z [command]"C:\Program Files\Git\bin\git.exe" config --file D:\a\_temp\git-credentials-385bbf97-e1bb-49df-be5e-6870c1ef442e.config http.https://github.com/.extraheader "AUTHORIZATION: basic ***"
2026-10-05T12:17:55.3527641Z [command]"C:\Program Files\Git\bin\git.exe" config --local includeIf.gitdir:D:/a/ai-native-governance-delivery-framework/ai-native-governance-delivery-framework/.git.path D:\a\_temp\git-credentials-385bbf97-e1bb-49df-be5e-6870c1ef442e.config
2026-10-05T12:17:55.3787807Z [command]"C:\Program Files\Git\bin\git.exe" config --local includeIf.gitdir:D:/a/ai-native-governance-delivery-framework/ai-native-governance-delivery-framework/.git/worktrees/*.path D:\a\_temp\git-credentials-385bbf97-e1bb-49df-be5e-6870c1ef442e.config
2026-10-05T12:17:55.4097576Z [command]"C:\Program Files\Git\bin\git.exe" config --local includeIf.gitdir:/github/workspace/.git.path /github/runner_temp/git-credentials-385bbf97-e1bb-49df-be5e-6870c1ef442e.config
2026-10-05T12:17:55.4354260Z [command]"C:\Program Files\Git\bin\git.exe" config --local includeIf.gitdir:/github/workspace/.git/worktrees/*.path /github/runner_temp/git-credentials-385bbf97-e1bb-49df-be5e-6870c1ef442e.config
2026-10-05T12:17:55.4593481Z ##[endgroup]
2026-10-05T12:17:55.4594624Z ##[group]Fetching the repository
2026-10-05T12:17:55.4603509Z [command]"C:\Program Files\Git\bin\git.exe" -c protocol.version=2 fetch --no-tags --prune --no-recurse-submodules origin +refs/heads/*:refs/remotes/origin/* +refs/tags/*:refs/tags/*
2026-10-05T12:17:58.1261218Z From https://github.com/ArndtGold/ai-native-governance-delivery-framework
2026-10-05T12:17:58.1262058Z  * [new branch]      codex/host-compatibility-evidence -> origin/codex/host-compatibility-evidence
2026-10-05T12:17:58.1262982Z  * [new branch]      codex/qualify-late-source-revision-20261005 -> origin/codex/qualify-late-source-revision-20261005
2026-10-05T12:17:58.1264358Z  * [new branch]      feat/add-local-approval-command-with-atomic-replay-receipts -> origin/feat/add-local-approval-command-with-atomic-replay-receipts
2026-10-05T12:17:58.1266148Z  * [new branch]      feat/mcp-inspect-slice-1 -> origin/feat/mcp-inspect-slice-1
2026-10-05T12:17:58.1266817Z  * [new branch]      fix/windows-line-endings-and-npm -> origin/fix/windows-line-endings-and-npm
2026-10-05T12:17:58.1267388Z  * [new branch]      main                    -> origin/main
2026-10-05T12:17:58.1267973Z  * [new branch]      refactor/delivery-continuation-ownership -> origin/refactor/delivery-continuation-ownership
2026-10-05T12:17:58.1268789Z  * [new branch]      refactor/prd-definition-separation -> origin/refactor/prd-definition-separation
2026-10-05T12:17:58.1269494Z  * [new branch]      refactor/ur-definition-separation -> origin/refactor/ur-definition-separation
2026-10-05T12:17:58.1270108Z  * [new branch]      task-target-auto-recovery -> origin/task-target-auto-recovery
2026-10-05T12:17:58.1270581Z  * [new tag]         agdf-cli-v0.3.2         -> agdf-cli-v0.3.2
2026-10-05T12:17:58.1271001Z  * [new tag]         agdf-runtime-cli-v0.3.1 -> agdf-runtime-cli-v0.3.1
2026-10-05T12:17:58.1271436Z  * [new tag]         agdf-v0.10.0            -> agdf-v0.10.0
2026-10-05T12:17:58.1271791Z  * [new tag]         agdf-v0.10.1            -> agdf-v0.10.1
2026-10-05T12:17:58.1272196Z  * [new tag]         agdf-v0.10.2            -> agdf-v0.10.2
2026-10-05T12:17:58.1272615Z  * [new tag]         agdf-v0.10.3            -> agdf-v0.10.3
2026-10-05T12:17:58.1272984Z  * [new tag]         agdf-v0.11.0            -> agdf-v0.11.0
2026-10-05T12:17:58.1273352Z  * [new tag]         agdf-v0.11.1            -> agdf-v0.11.1
2026-10-05T12:17:58.1274740Z  * [new tag]         agdf-v0.11.2            -> agdf-v0.11.2
2026-10-05T12:17:58.1275170Z  * [new tag]         agdf-v0.11.3            -> agdf-v0.11.3
2026-10-05T12:17:58.1275560Z  * [new tag]         agdf-v0.11.4            -> agdf-v0.11.4
2026-10-05T12:17:58.1275918Z  * [new tag]         agdf-v0.12.0            -> agdf-v0.12.0
2026-10-05T12:17:58.1276302Z  * [new tag]         agdf-v0.13.0            -> agdf-v0.13.0
2026-10-05T12:17:58.1276666Z  * [new tag]         agdf-v0.13.1            -> agdf-v0.13.1
2026-10-05T12:17:58.1277342Z  * [new tag]         agdf-v0.13.2            -> agdf-v0.13.2
2026-10-05T12:17:58.1277842Z  * [new tag]         agdf-v0.13.3            -> agdf-v0.13.3
2026-10-05T12:17:58.1278272Z  * [new tag]         agdf-v0.13.4            -> agdf-v0.13.4
2026-10-05T12:17:58.1278871Z  * [new tag]         agdf-v0.13.5            -> agdf-v0.13.5
2026-10-05T12:17:58.1279224Z  * [new tag]         agdf-v0.13.6            -> agdf-v0.13.6
2026-10-05T12:17:58.1279590Z  * [new tag]         agdf-v0.13.7            -> agdf-v0.13.7
2026-10-05T12:17:58.1279961Z  * [new tag]         agdf-v0.13.8            -> agdf-v0.13.8
2026-10-05T12:17:58.1280526Z  * [new tag]         agdf-v0.14.0            -> agdf-v0.14.0
2026-10-05T12:17:58.1280867Z  * [new tag]         agdf-v0.14.1            -> agdf-v0.14.1
2026-10-05T12:17:58.1281243Z  * [new tag]         agdf-v0.14.2            -> agdf-v0.14.2
2026-10-05T12:17:58.1281622Z  * [new tag]         agdf-v0.14.3            -> agdf-v0.14.3
2026-10-05T12:17:58.1281994Z  * [new tag]         agdf-v0.14.4            -> agdf-v0.14.4
2026-10-05T12:17:58.1282621Z  * [new tag]         agdf-v0.14.5            -> agdf-v0.14.5
2026-10-05T12:17:58.1283000Z  * [new tag]         agdf-v0.3.0             -> agdf-v0.3.0
2026-10-05T12:17:58.1283380Z  * [new tag]         agdf-v0.3.3             -> agdf-v0.3.3
2026-10-05T12:17:58.1283726Z  * [new tag]         agdf-v0.3.4             -> agdf-v0.3.4
2026-10-05T12:17:58.1284081Z  * [new tag]         agdf-v0.3.5             -> agdf-v0.3.5
2026-10-05T12:17:58.1284487Z  * [new tag]         agdf-v0.4.0             -> agdf-v0.4.0
2026-10-05T12:17:58.1284822Z  * [new tag]         agdf-v0.4.1             -> agdf-v0.4.1
2026-10-05T12:17:58.1285177Z  * [new tag]         agdf-v0.4.2             -> agdf-v0.4.2
2026-10-05T12:17:58.1285538Z  * [new tag]         agdf-v0.4.3             -> agdf-v0.4.3
2026-10-05T12:17:58.1285894Z  * [new tag]         agdf-v0.4.4             -> agdf-v0.4.4
2026-10-05T12:17:58.1286248Z  * [new tag]         agdf-v0.4.5             -> agdf-v0.4.5
2026-10-05T12:17:58.1286596Z  * [new tag]         agdf-v0.4.6             -> agdf-v0.4.6
2026-10-05T12:17:58.1286961Z  * [new tag]         agdf-v0.4.7             -> agdf-v0.4.7
2026-10-05T12:17:58.1287294Z  * [new tag]         agdf-v0.4.8             -> agdf-v0.4.8
2026-10-05T12:17:58.1287618Z  * [new tag]         agdf-v0.4.9             -> agdf-v0.4.9
2026-10-05T12:17:58.1287951Z  * [new tag]         agdf-v0.5.0             -> agdf-v0.5.0
2026-10-05T12:17:58.1288323Z  * [new tag]         agdf-v0.6.0             -> agdf-v0.6.0
2026-10-05T12:17:58.1288698Z  * [new tag]         agdf-v0.6.1             -> agdf-v0.6.1
2026-10-05T12:17:58.1289052Z  * [new tag]         agdf-v0.6.2             -> agdf-v0.6.2
2026-10-05T12:17:58.1289414Z  * [new tag]         agdf-v0.6.4             -> agdf-v0.6.4
2026-10-05T12:17:58.1289765Z  * [new tag]         agdf-v0.6.5             -> agdf-v0.6.5
2026-10-05T12:17:58.1290133Z  * [new tag]         agdf-v0.6.6             -> agdf-v0.6.6
2026-10-05T12:17:58.1290492Z  * [new tag]         agdf-v0.6.7             -> agdf-v0.6.7
2026-10-05T12:17:58.1290849Z  * [new tag]         agdf-v0.6.8             -> agdf-v0.6.8
2026-10-05T12:17:58.1291180Z  * [new tag]         agdf-v0.6.9             -> agdf-v0.6.9
2026-10-05T12:17:58.1291549Z  * [new tag]         agdf-v0.7.0             -> agdf-v0.7.0
2026-10-05T12:17:58.1291899Z  * [new tag]         agdf-v0.7.1             -> agdf-v0.7.1
2026-10-05T12:17:58.1292390Z  * [new tag]         agdf-v0.7.2             -> agdf-v0.7.2
2026-10-05T12:17:58.1292787Z  * [new tag]         agdf-v0.7.3             -> agdf-v0.7.3
2026-10-05T12:17:58.1293396Z  * [new tag]         agdf-v0.8.0             -> agdf-v0.8.0
2026-10-05T12:17:58.1293645Z  * [new tag]         agdf-v0.8.1             -> agdf-v0.8.1
2026-10-05T12:17:58.1293986Z  * [new tag]         agdf-v0.8.2             -> agdf-v0.8.2
2026-10-05T12:17:58.1294323Z  * [new tag]         agdf-v0.8.3             -> agdf-v0.8.3
2026-10-05T12:17:58.1294563Z  * [new tag]         agdf-v0.8.4             -> agdf-v0.8.4
2026-10-05T12:17:58.1294785Z  * [new tag]         agdf-v0.8.5             -> agdf-v0.8.5
2026-10-05T12:17:58.1295023Z  * [new tag]         agdf-v0.8.6             -> agdf-v0.8.6
2026-10-05T12:17:58.1295265Z  * [new tag]         agdf-v0.8.7             -> agdf-v0.8.7
2026-10-05T12:17:58.1295502Z  * [new tag]         agdf-v0.8.8             -> agdf-v0.8.8
2026-10-05T12:17:58.1295748Z  * [new tag]         agdf-v0.8.9             -> agdf-v0.8.9
2026-10-05T12:17:58.1295976Z  * [new tag]         agdf-v0.9.0             -> agdf-v0.9.0
2026-10-05T12:17:58.1296371Z  * [new tag]         agdf-v0.9.1             -> agdf-v0.9.1
2026-10-05T12:17:58.1296604Z  * [new tag]         agdf-v0.9.2             -> agdf-v0.9.2
2026-10-05T12:17:58.1296837Z  * [new tag]         agdf-v0.9.3             -> agdf-v0.9.3
2026-10-05T12:17:58.1297061Z  * [new tag]         agdf-v0.9.4             -> agdf-v0.9.4
2026-10-05T12:17:58.1297282Z  * [new tag]         agdf-v0.9.5             -> agdf-v0.9.5
2026-10-05T12:17:58.1297505Z  * [new tag]         agdf-v0.9.6             -> agdf-v0.9.6
2026-10-05T12:17:58.1297838Z  * [new tag]         agdf-v0.9.7             -> agdf-v0.9.7
2026-10-05T12:17:58.1298111Z  * [new tag]         agdf-v0.9.8             -> agdf-v0.9.8
2026-10-05T12:17:58.1298339Z  * [new tag]         agdf-v0.9.9             -> agdf-v0.9.9
2026-10-05T12:17:58.1298603Z  * [new tag]         create-agdf-v0.1.0      -> create-agdf-v0.1.0
2026-10-05T12:17:58.1298905Z  * [new tag]         create-agdf-v0.1.1      -> create-agdf-v0.1.1
2026-10-05T12:17:58.1299171Z  * [new tag]         create-agdf-v0.1.2      -> create-agdf-v0.1.2
2026-10-05T12:17:58.1299432Z  * [new tag]         create-agdf-v0.1.3      -> create-agdf-v0.1.3
2026-10-05T12:17:58.1299690Z  * [new tag]         create-agdf-v0.1.4      -> create-agdf-v0.1.4
2026-10-05T12:17:58.1299949Z  * [new tag]         create-agdf-v0.1.5      -> create-agdf-v0.1.5
2026-10-05T12:17:58.1300205Z  * [new tag]         create-agdf-v0.1.6      -> create-agdf-v0.1.6
2026-10-05T12:17:58.1300464Z  * [new tag]         create-agdf-v0.1.7      -> create-agdf-v0.1.7
2026-10-05T12:17:58.1300724Z  * [new tag]         create-agdf-v0.1.8      -> create-agdf-v0.1.8
2026-10-05T12:17:58.1300979Z  * [new tag]         create-agdf-v0.1.9      -> create-agdf-v0.1.9
2026-10-05T12:17:58.1301241Z  * [new tag]         create-agdf-v0.2.0      -> create-agdf-v0.2.0
2026-10-05T12:17:58.1301513Z  * [new tag]         create-agdf-v0.2.1      -> create-agdf-v0.2.1
2026-10-05T12:17:58.1301772Z  * [new tag]         create-agdf-v0.2.2      -> create-agdf-v0.2.2
2026-10-05T12:17:58.1302028Z  * [new tag]         create-agdf-v0.2.3      -> create-agdf-v0.2.3
2026-10-05T12:17:58.1302289Z  * [new tag]         create-agdf-v0.2.4      -> create-agdf-v0.2.4
2026-10-05T12:17:58.1302555Z  * [new tag]         create-agdf-v0.2.5      -> create-agdf-v0.2.5
2026-10-05T12:17:58.1302916Z  * [new tag]         create-agdf-v0.2.6      -> create-agdf-v0.2.6
2026-10-05T12:17:58.1303294Z  * [new tag]         create-agdf-v0.2.7      -> create-agdf-v0.2.7
2026-10-05T12:17:58.1303559Z  * [new tag]         create-agdf-v0.2.8      -> create-agdf-v0.2.8
2026-10-05T12:17:58.1303815Z  * [new tag]         create-agdf-v0.2.9      -> create-agdf-v0.2.9
2026-10-05T12:17:58.1304073Z  * [new tag]         create-agdf-v0.3.0      -> create-agdf-v0.3.0
2026-10-05T12:17:58.1304332Z  * [new tag]         create-agdf-v0.3.1      -> create-agdf-v0.3.1
2026-10-05T12:17:58.1304681Z  * [new tag]         create-agdf-v0.3.2      -> create-agdf-v0.3.2
2026-10-05T12:17:58.1320972Z [command]"C:\Program Files\Git\bin\git.exe" branch --list --remote origin/codex/qualify-late-source-revision-20261005
2026-10-05T12:17:58.1603913Z   origin/codex/qualify-late-source-revision-20261005
2026-10-05T12:17:58.1644989Z [command]"C:\Program Files\Git\bin\git.exe" rev-parse refs/remotes/origin/codex/qualify-late-source-revision-20261005
2026-10-05T12:17:58.1873011Z d3683dfb21435a68c987b10d851fc9c72a606ca8
2026-10-05T12:17:58.1902485Z ##[endgroup]
2026-10-05T12:17:58.1902797Z ##[group]Determining the checkout info
2026-10-05T12:17:58.1903907Z ##[endgroup]
2026-10-05T12:17:58.1963927Z [command]"C:\Program Files\Git\bin\git.exe" sparse-checkout disable
2026-10-05T12:17:58.2313239Z [command]"C:\Program Files\Git\bin\git.exe" config --local --unset-all extensions.worktreeConfig
2026-10-05T12:17:58.2565378Z ##[group]Checking out the ref
2026-10-05T12:17:58.2573261Z [command]"C:\Program Files\Git\bin\git.exe" checkout --progress --force -B codex/qualify-late-source-revision-20261005 refs/remotes/origin/codex/qualify-late-source-revision-20261005
2026-10-05T12:17:59.5002287Z Updating files:  83% (3260/3911)
2026-10-05T12:17:59.5082669Z Updating files:  84% (3286/3911)
2026-10-05T12:17:59.5172684Z Updating files:  85% (3325/3911)
2026-10-05T12:17:59.5265221Z Updating files:  86% (3364/3911)
2026-10-05T12:17:59.5353096Z Updating files:  87% (3403/3911)
2026-10-05T12:17:59.5438551Z Updating files:  88% (3442/3911)
2026-10-05T12:17:59.5529393Z Updating files:  89% (3481/3911)
2026-10-05T12:17:59.5625981Z Updating files:  90% (3520/3911)
2026-10-05T12:17:59.5721274Z Updating files:  91% (3560/3911)
2026-10-05T12:17:59.5805808Z Updating files:  92% (3599/3911)
2026-10-05T12:17:59.5900752Z Updating files:  93% (3638/3911)
2026-10-05T12:17:59.5985958Z Updating files:  94% (3677/3911)
2026-10-05T12:17:59.6340015Z Updating files:  95% (3716/3911)
2026-10-05T12:17:59.6433371Z Updating files:  96% (3755/3911)
2026-10-05T12:17:59.6527665Z Updating files:  97% (3794/3911)
2026-10-05T12:17:59.6619667Z Updating files:  98% (3833/3911)
2026-10-05T12:17:59.6699640Z Updating files:  99% (3872/3911)
2026-10-05T12:17:59.6699928Z Updating files: 100% (3911/3911)
2026-10-05T12:17:59.6700139Z Updating files: 100% (3911/3911), done.
2026-10-05T12:17:59.6867285Z Switched to a new branch 'codex/qualify-late-source-revision-20261005'
2026-10-05T12:17:59.6931831Z branch 'codex/qualify-late-source-revision-20261005' set up to track 'origin/codex/qualify-late-source-revision-20261005'.
2026-10-05T12:17:59.7437526Z ##[endgroup]
2026-10-05T12:17:59.7446337Z [command]"C:\Program Files\Git\bin\git.exe" log -1 --format=%H
2026-10-05T12:17:59.7685549Z d3683dfb21435a68c987b10d851fc9c72a606ca8
2026-10-05T12:17:59.8019815Z ##[group]Run actions/setup-node@820762786026740c76f36085b0efc47a31fe5020
2026-10-05T12:17:59.8020178Z with:
2026-10-05T12:17:59.8020329Z   node-version: 22
2026-10-05T12:17:59.8020481Z   cache: npm
2026-10-05T12:17:59.8020737Z   cache-dependency-path: package-lock.json
pages/package-lock.json

2026-10-05T12:17:59.8021028Z   check-latest: false
2026-10-05T12:17:59.8023004Z   token: ***
2026-10-05T12:17:59.8023177Z   package-manager-cache: true
2026-10-05T12:17:59.8023358Z ##[endgroup]
2026-10-05T12:17:59.9564051Z Found in cache @ C:\hostedtoolcache\windows\node\22.23.3\x64
2026-10-05T12:17:59.9570225Z ##[group]Environment details
2026-10-05T12:18:09.1795459Z node: v22.23.3
2026-10-05T12:18:09.1795670Z npm: 10.9.9
2026-10-05T12:18:09.1795810Z yarn: 1.22.22
2026-10-05T12:18:09.1796605Z ##[endgroup]
2026-10-05T12:18:09.2239723Z [command]C:\Windows\system32\cmd.exe /D /S /C "C:\hostedtoolcache\windows\node\22.23.3\x64\npm.cmd config get cache"
2026-10-05T12:18:09.8169183Z C:\npm\cache
2026-10-05T12:18:10.1739101Z Cache hit for: node-cache-Windows-x64-npm-4a8c1dfe21846cde5c46d2e00bf82bda80106e5dab88c6ef4b098e180c48c961
2026-10-05T12:18:11.0596979Z Received 5874977 of 5874977 (100.0%), 8.6 MBs/sec
2026-10-05T12:18:11.0598449Z Cache Size: ~6 MB (5874977 B)
2026-10-05T12:18:11.0668878Z [command]"C:\Program Files\Git\usr\bin\tar.exe" -xf D:/a/_temp/435ce320-098b-47f1-b2b8-e0d17ef5e535/cache.tzst -P -C D:/a/ai-native-governance-delivery-framework/ai-native-governance-delivery-framework --force-local --use-compress-program "zstd -d"
2026-10-05T12:18:11.8515536Z Cache restored successfully
2026-10-05T12:18:11.8531508Z Cache restored from key: node-cache-Windows-x64-npm-4a8c1dfe21846cde5c46d2e00bf82bda80106e5dab88c6ef4b098e180c48c961
2026-10-05T12:18:11.8802710Z ##[group]Run node scripts/verify-ci.mjs --lane runtime
2026-10-05T12:18:11.8803108Z [36;1mnode scripts/verify-ci.mjs --lane runtime[0m
2026-10-05T12:18:11.8815630Z shell: C:\Program Files\Git\bin\bash.EXE --noprofile --norc -e -o pipefail {0}
2026-10-05T12:18:11.8815938Z ##[endgroup]
2026-10-05T12:18:11.9794364Z [verify-ci] dependencies
2026-10-05T12:18:17.7513965Z 
2026-10-05T12:18:17.7514717Z added 9 packages, and audited 12 packages in 6s
2026-10-05T12:18:17.7515005Z 
2026-10-05T12:18:17.7515181Z 3 packages are looking for funding
2026-10-05T12:18:17.7515494Z   run `npm fund` for details
2026-10-05T12:18:17.7522754Z 
2026-10-05T12:18:17.7523218Z found 0 vulnerabilities
2026-10-05T12:18:20.4738825Z [verify-ci] maintenance
2026-10-05T12:18:20.6221656Z 
2026-10-05T12:18:20.6222400Z > test:maintenance-contracts
2026-10-05T12:18:20.6224726Z > npm run test:verification && node scripts/node-support-test.mjs && node packages/cli/scripts/interaction-catalog-test.js && node packages/cli/scripts/payload-budget-test.js && node packages/cli/scripts/release-workflow-contract-test.js && node scripts/native-probes/release-evidence-test.mjs && node --test scripts/native-probes/codex-activation-matrix-test.mjs
2026-10-05T12:18:20.6226600Z 
2026-10-05T12:18:20.8638784Z 
2026-10-05T12:18:20.8639362Z > test:verification
2026-10-05T12:18:20.8639686Z > node --test scripts/verification-test.mjs
2026-10-05T12:18:20.8639866Z 
2026-10-05T12:18:21.0045589Z TAP version 13
2026-10-05T12:18:21.0592658Z # [verify-ci] prepare
2026-10-05T12:18:23.5762746Z # [verify-commit] Isolated Git index; Node 22.23.3, win32.
2026-10-05T12:18:24.1795824Z # Subtest: full plan preserves dependency ordering and mandatory package consumers in both lanes
2026-10-05T12:18:24.1800761Z ok 1 - full plan preserves dependency ordering and mandatory package consumers in both lanes
2026-10-05T12:18:24.1801686Z   ---
2026-10-05T12:18:24.1801949Z   duration_ms: 1.4775
2026-10-05T12:18:24.1802212Z   type: 'test'
2026-10-05T12:18:24.1802496Z   ...
2026-10-05T12:18:24.1806309Z # Subtest: a failed command stops before later commands and stages
2026-10-05T12:18:24.1808165Z ok 2 - a failed command stops before later commands and stages
2026-10-05T12:18:24.1809825Z   ---
2026-10-05T12:18:24.1810198Z   duration_ms: 2.2869
2026-10-05T12:18:24.1811499Z   type: 'test'
2026-10-05T12:18:24.1811901Z   ...
2026-10-05T12:18:24.1812661Z # Subtest: the real CLI executes under temporary path aliases and rejects an invalid stage
2026-10-05T12:18:24.1818054Z ok 3 - the real CLI executes under temporary path aliases and rejects an invalid stage
2026-10-05T12:18:24.1818709Z   ---
2026-10-05T12:18:24.1819056Z   duration_ms: 69.1513
2026-10-05T12:18:24.1819453Z   type: 'test'
2026-10-05T12:18:24.1819862Z   ...
2026-10-05T12:18:24.1820576Z # Subtest: snapshot uses staged blobs, excludes unstaged/untracked fixes and preserves source index
2026-10-05T12:18:24.1821927Z ok 4 - snapshot uses staged blobs, excludes unstaged/untracked fixes and preserves source index
2026-10-05T12:18:24.1822592Z   ---
2026-10-05T12:18:24.1822973Z   duration_ms: 3047.0608
2026-10-05T12:18:24.1823351Z   type: 'test'
2026-10-05T12:18:24.1823690Z   ...
2026-10-05T12:18:24.1916188Z 1..4
2026-10-05T12:18:24.1916497Z # tests 4
2026-10-05T12:18:24.1916752Z # suites 0
2026-10-05T12:18:24.1916964Z # pass 4
2026-10-05T12:18:24.1917484Z # fail 0
2026-10-05T12:18:24.1917735Z # cancelled 0
2026-10-05T12:18:24.1917973Z # skipped 0
2026-10-05T12:18:24.1918418Z # todo 0
2026-10-05T12:18:24.1919057Z # duration_ms 3223.1735
2026-10-05T12:18:24.6371193Z Node support: package minimum, CI matrix, pinned Actions and legacy-runtime rejection passed.
2026-10-05T12:18:24.8201611Z Interaction catalog: complete locales, recovery rendering, negative and immutable-state checks passed.
2026-10-05T12:18:24.8776834Z Payload budget review/report tests passed.
2026-10-05T12:18:25.0066424Z Coupled release workflow contract passed.
2026-10-05T12:18:29.3821204Z Evidence publication tests passed (create, update, path rejection, stale source; isolated Git remote and mocked GitHub).
2026-10-05T12:18:29.5392609Z Release gate: native matrix, publish dependency, credential/artifact boundaries and negative evidence tests passed.
2026-10-05T12:18:29.6079852Z TAP version 13
2026-10-05T12:18:29.6775202Z # Subtest: adaptive mode starts with ten cases and repeats only selected or deviant first runs
2026-10-05T12:18:29.6782120Z ok 1 - adaptive mode starts with ten cases and repeats only selected or deviant first runs
2026-10-05T12:18:29.6782989Z   ---
2026-10-05T12:18:29.6783278Z   duration_ms: 1.7316
2026-10-05T12:18:29.6783563Z   type: 'test'
2026-10-05T12:18:29.6783795Z   ...
2026-10-05T12:18:29.6786637Z # Subtest: the actual scheduler completes all first runs before conditional repeats
2026-10-05T12:18:29.6789857Z ok 2 - the actual scheduler completes all first runs before conditional repeats
2026-10-05T12:18:29.6790376Z   ---
2026-10-05T12:18:29.6790649Z   duration_ms: 10.4018
2026-10-05T12:18:29.6791055Z   type: 'test'
2026-10-05T12:18:29.6792064Z   ...
2026-10-05T12:18:29.6792540Z # Subtest: fixed mode and boundary IDs are validated before host setup
2026-10-05T12:18:29.6795233Z ok 3 - fixed mode and boundary IDs are validated before host setup
2026-10-05T12:18:29.6795867Z   ---
2026-10-05T12:18:29.6796214Z   duration_ms: 0.6834
2026-10-05T12:18:29.6796604Z   type: 'test'
2026-10-05T12:18:29.6796949Z   ...
2026-10-05T12:18:29.6797617Z # Subtest: expected target_unresolved remains a separate target-binding observation
2026-10-05T12:18:29.6798870Z ok 4 - expected target_unresolved remains a separate target-binding observation
2026-10-05T12:18:29.6799493Z   ---
2026-10-05T12:18:29.6799862Z   duration_ms: 0.2189
2026-10-05T12:18:29.6800242Z   type: 'test'
2026-10-05T12:18:29.6800585Z   ...
2026-10-05T12:18:29.6801855Z # Subtest: JSONL parsing separates cached input and counts completed search calls once
2026-10-05T12:18:29.6815165Z ok 5 - JSONL parsing separates cached input and counts completed search calls once
2026-10-05T12:18:29.6815908Z   ---
2026-10-05T12:18:29.6816546Z   duration_ms: 1.4097
2026-10-05T12:18:29.6816915Z   type: 'test'
2026-10-05T12:18:29.6817225Z   ...
2026-10-05T12:18:29.6817735Z # Subtest: unavailable usage or search telemetry remains unknown
2026-10-05T12:18:29.6818437Z ok 6 - unavailable usage or search telemetry remains unknown
2026-10-05T12:18:29.6818965Z   ---
2026-10-05T12:18:29.6819323Z   duration_ms: 0.185
2026-10-05T12:18:29.6819685Z   type: 'test'
2026-10-05T12:18:29.6820017Z   ...
2026-10-05T12:18:29.6902161Z 1..6
2026-10-05T12:18:29.6902473Z # tests 6
2026-10-05T12:18:29.6902708Z # suites 0
2026-10-05T12:18:29.6902980Z # pass 6
2026-10-05T12:18:29.6903657Z # fail 0
2026-10-05T12:18:29.6904143Z # cancelled 0
2026-10-05T12:18:29.6904436Z # skipped 0
2026-10-05T12:18:29.6904796Z # todo 0
2026-10-05T12:18:29.6905552Z # duration_ms 97.8051
2026-10-05T12:18:29.7111083Z [verify-ci] shell
2026-10-05T12:18:29.8810837Z Shell syntax passed (5 tracked scripts).
2026-10-05T12:18:29.8871536Z [verify-ci] prepare
2026-10-05T12:18:30.0296153Z 
2026-10-05T12:18:30.0296675Z > build
2026-10-05T12:18:30.0297094Z > node scripts/sync-package-assets.js && node scripts/assemble-npm.mjs
2026-10-05T12:18:30.0297342Z 
2026-10-05T12:18:31.0760008Z [
2026-10-05T12:18:31.0760227Z   {
2026-10-05T12:18:31.0760403Z     "name": "create-agdf",
2026-10-05T12:18:31.0760631Z     "version": "0.14.5",
2026-10-05T12:18:31.0761132Z     "source": "D:\\a\\ai-native-governance-delivery-framework\\ai-native-governance-delivery-framework\\packages\\cli",
2026-10-05T12:18:31.0761835Z     "output": "D:\\a\\ai-native-governance-delivery-framework\\ai-native-governance-delivery-framework\\dist\\npm\\create-agdf"
2026-10-05T12:18:31.0762258Z   },
2026-10-05T12:18:31.0762393Z   {
2026-10-05T12:18:31.0762541Z     "name": "@agdf/cli",
2026-10-05T12:18:31.0762713Z     "version": "0.14.5",
2026-10-05T12:18:31.0764012Z     "source": "D:\\a\\ai-native-governance-delivery-framework\\ai-native-governance-delivery-framework\\packages\\cli\\distribution\\agdf",
2026-10-05T12:18:31.0764790Z     "output": "D:\\a\\ai-native-governance-delivery-framework\\ai-native-governance-delivery-framework\\dist\\npm\\agdf"
2026-10-05T12:18:31.0765188Z   },
2026-10-05T12:18:31.0765325Z   {
2026-10-05T12:18:31.0765490Z     "name": "@agdf/mcp-server",
2026-10-05T12:18:31.0765679Z     "version": "0.14.5",
2026-10-05T12:18:31.0766113Z     "source": "D:\\a\\ai-native-governance-delivery-framework\\ai-native-governance-delivery-framework\\packages\\mcp-server",
2026-10-05T12:18:31.0766805Z     "output": "D:\\a\\ai-native-governance-delivery-framework\\ai-native-governance-delivery-framework\\dist\\npm\\agdf-mcp-server"
2026-10-05T12:18:31.0767220Z   }
2026-10-05T12:18:31.0767347Z ]
2026-10-05T12:18:31.2179678Z 
2026-10-05T12:18:31.2180240Z > create-agdf@0.14.5 release:prepare
2026-10-05T12:18:31.2181238Z > npm run sync-package-assets && npm run test:distribution-profile-history && npm run test:release-bump && npm run test:release-version-coherence && npm run test:public-plugin && npm run test:portable-plugin
2026-10-05T12:18:31.2182086Z 
2026-10-05T12:18:31.5347058Z 
2026-10-05T12:18:31.5347563Z > create-agdf@0.14.5 sync-package-assets
2026-10-05T12:18:31.5347922Z > node ../../scripts/sync-package-assets.js
2026-10-05T12:18:31.5348090Z 
2026-10-05T12:18:32.6171039Z 
2026-10-05T12:18:32.6171755Z > create-agdf@0.14.5 test:distribution-profile-history
2026-10-05T12:18:32.6172378Z > node scripts/distribution-profile-history-test.js
2026-10-05T12:18:32.6172667Z 
2026-10-05T12:18:32.7020109Z Distribution profile history passed (8 exact releases, malformed and closed-policy matrices)
2026-10-05T12:18:33.0250234Z 
2026-10-05T12:18:33.0250805Z > create-agdf@0.14.5 test:release-bump
2026-10-05T12:18:33.0251146Z > node scripts/release-bump-test.js
2026-10-05T12:18:33.0251296Z 
2026-10-05T12:18:34.1130138Z Release bump passed (20 transactional files; repair, forward, review, rollback and recovery)
2026-10-05T12:18:34.5101506Z 
2026-10-05T12:18:34.5102146Z > create-agdf@0.14.5 test:release-version-coherence
2026-10-05T12:18:34.5102541Z > node scripts/release-version-coherence-test.js
2026-10-05T12:18:34.5102728Z 
2026-10-05T12:18:41.9008679Z Release version coherence passed (50 surfaces at 0.14.5; 8 profile snapshots)
2026-10-05T12:18:42.3150745Z 
2026-10-05T12:18:42.3151558Z > create-agdf@0.14.5 test:public-plugin
2026-10-05T12:18:42.3151969Z > node scripts/public-plugin-test.js
2026-10-05T12:18:42.3152144Z 
2026-10-05T12:18:43.1103641Z Public plugin tests passed (60 inventoried candidate files; digest 416c48ca8fe420b133c90d0a967d9e834341c3b1578d8ca02e43db39b4b173e5)
2026-10-05T12:18:43.4162110Z 
2026-10-05T12:18:43.4162665Z > create-agdf@0.14.5 test:portable-plugin
2026-10-05T12:18:43.4163028Z > node scripts/portable-plugin-test.js
2026-10-05T12:18:43.4163199Z 
2026-10-05T12:18:48.4692188Z Portable plugin schema/profile/resource/selection/retry tests passed; digest 416c48ca8fe420b133c90d0a967d9e834341c3b1578d8ca02e43db39b4b173e5
2026-10-05T12:18:48.4960616Z [verify-ci] mcp-dependencies
2026-10-05T12:18:51.9636374Z 
2026-10-05T12:18:51.9637001Z added 15 packages, and audited 16 packages in 3s
2026-10-05T12:18:51.9637337Z 
2026-10-05T12:18:51.9637476Z 2 packages are looking for funding
2026-10-05T12:18:51.9637718Z   run `npm fund` for details
2026-10-05T12:18:51.9645022Z 
2026-10-05T12:18:51.9645163Z found 0 vulnerabilities
2026-10-05T12:18:51.9765316Z [verify-ci] runtime
2026-10-05T12:18:52.6612425Z [agdf-runtime-integrity] ok (mode=source; 13 skills and 16 control files checked)
2026-10-05T12:18:52.6688169Z [verify-ci] built-runtime
2026-10-05T12:18:53.3594617Z [agdf-runtime-integrity] ok (mode=installed; 13 skills and 16 control files checked)
2026-10-05T12:18:53.3667152Z [verify-ci] cli-package
2026-10-05T12:18:53.4994613Z 
2026-10-05T12:18:53.4995346Z > create-agdf@0.14.5 test:package-contents
2026-10-05T12:18:53.4995984Z > node scripts/package-contents-test.js
2026-10-05T12:18:53.4996154Z 
2026-10-05T12:18:55.4980831Z Package contents tests passed (761 files; complete release-built plugin present)
2026-10-05T12:18:55.5125626Z [verify-ci] wrapper-package
2026-10-05T12:18:55.6403723Z 
2026-10-05T12:18:55.6404220Z > @agdf/cli@0.14.5 test:package
2026-10-05T12:18:55.6404532Z > node ./scripts/package-test.js
2026-10-05T12:18:55.6404684Z 
2026-10-05T12:18:56.1413368Z AGDF CLI package contents passed (5 files).
2026-10-05T12:18:56.1568555Z [verify-ci] transactions
2026-10-05T12:18:56.2942041Z 
2026-10-05T12:18:56.2942574Z > create-agdf@0.14.5 test:run-step-transaction
2026-10-05T12:18:56.2942953Z > node ../core/test/run-step-transaction-test.js
2026-10-05T12:18:56.2943135Z 
2026-10-05T12:19:04.1844274Z Run-step transaction boundaries passed.
2026-10-05T12:19:04.3342483Z 
2026-10-05T12:19:04.3343095Z > create-agdf@0.14.5 test:run-lock
2026-10-05T12:19:04.3343558Z > node ../core/test/run-lock-test.js
2026-10-05T12:19:04.3343779Z 
2026-10-05T12:19:04.4340256Z Run lock owner recovery passed.
2026-10-05T12:19:04.4502538Z [verify-ci] evals
2026-10-05T12:19:04.5834959Z 
2026-10-05T12:19:04.5835517Z > create-agdf@0.14.5 eval:skills
2026-10-05T12:19:04.5835870Z > node ../../evals/scripts/run-skill-evals.js
2026-10-05T12:19:04.5836047Z 
2026-10-05T12:19:04.7603111Z AGDF skill evals: pass (102/102 cases; 13 skills; deterministic replay, not live host execution)
2026-10-05T12:19:04.7764080Z [verify-ci] mcp-package
2026-10-05T12:19:04.9129798Z 
2026-10-05T12:19:04.9130332Z > @agdf/mcp-server@0.14.5 test:package
2026-10-05T12:19:04.9130662Z > node ./test/package.test.js
2026-10-05T12:19:04.9130810Z 
2026-10-05T12:19:05.4758822Z AGDF MCP package boundary tests passed.
2026-10-05T12:19:05.4898222Z [verify-ci] archives
2026-10-05T12:19:07.8572890Z [
2026-10-05T12:19:07.8573159Z   {
2026-10-05T12:19:07.8573426Z     "id": "create-agdf@0.14.5",
2026-10-05T12:19:07.8573713Z     "name": "create-agdf",
2026-10-05T12:19:07.8573972Z     "version": "0.14.5",
2026-10-05T12:19:07.8574232Z     "size": 1016468,
2026-10-05T12:19:07.8574512Z     "unpackedSize": 6141850,
2026-10-05T12:19:07.8574759Z     "shasum": "fe204d8d5ee466201811c91c8fa892301396cab4",
2026-10-05T12:19:07.8575279Z     "integrity": "sha512-K6wSt2Tnq3uDN/IQYA+R8bLNON33eZOnuCVYn81T+I1QK/weQDsj4AB0zgxkDMunDcVjE8DWu4Isvm/93rA6eA==",
2026-10-05T12:19:07.8575971Z     "filename": "create-agdf-0.14.5.tgz",
2026-10-05T12:19:07.8576272Z     "files": [
2026-10-05T12:19:07.8576485Z       {
2026-10-05T12:19:07.8576686Z         "path": "LICENSE",
2026-10-05T12:19:07.8576953Z         "size": 11357,
2026-10-05T12:19:07.8577189Z         "mode": 420
2026-10-05T12:19:07.8577418Z       },
2026-10-05T12:19:07.8577628Z       {
2026-10-05T12:19:07.8577845Z         "path": "NOTICE",
2026-10-05T12:19:07.8578085Z         "size": 422,
2026-10-05T12:19:07.8578309Z         "mode": 420
2026-10-05T12:19:07.8578515Z       },
2026-10-05T12:19:07.8578702Z       {
2026-10-05T12:19:07.8578929Z         "path": "README.md",
2026-10-05T12:19:07.8579185Z         "size": 57597,
2026-10-05T12:19:07.8579436Z         "mode": 420
2026-10-05T12:19:07.8579680Z       },
2026-10-05T12:19:07.8579895Z       {
2026-10-05T12:19:07.8580409Z         "path": "bin/agdf-validator.js",
2026-10-05T12:19:07.8580753Z         "size": 323,
2026-10-05T12:19:07.8580995Z         "mode": 420
2026-10-05T12:19:07.8581228Z       },
2026-10-05T12:19:07.8581434Z       {
2026-10-05T12:19:07.8581708Z         "path": "bin/create-agdf.js",
2026-10-05T12:19:07.8582029Z         "size": 430,
2026-10-05T12:19:07.8582269Z         "mode": 420
2026-10-05T12:19:07.8582505Z       },
2026-10-05T12:19:07.8582715Z       {
2026-10-05T12:19:07.8611641Z         "path": "generated/.agdf/control/README.md",
2026-10-05T12:19:07.8612035Z         "size": 7277,
2026-10-05T12:19:07.8612278Z         "mode": 420
2026-10-05T12:19:07.8612494Z       },
2026-10-05T12:19:07.8612677Z       {
2026-10-05T12:19:07.8613397Z         "path": "generated/.agdf/control/templates/AGDF_RUN.md",
2026-10-05T12:19:07.8613799Z         "size": 4174,
2026-10-05T12:19:07.8614034Z         "mode": 420
2026-10-05T12:19:07.8614250Z       },
2026-10-05T12:19:07.8614453Z       {
2026-10-05T12:19:07.8614847Z         "path": "generated/.agdf/control/templates/AGENT_QUALITY_CONTRACTS.json",
2026-10-05T12:19:07.8615286Z         "size": 5289,
2026-10-05T12:19:07.8615515Z         "mode": 420
2026-10-05T12:19:07.8615734Z       },
2026-10-05T12:19:07.8615921Z       {
2026-10-05T12:19:07.8616242Z         "path": "generated/.agdf/control/templates/artefacts/BROWNFIELD_REVIEW.md",
2026-10-05T12:19:07.8616536Z         "size": 4977,
2026-10-05T12:19:07.8616694Z         "mode": 420
2026-10-05T12:19:07.8616842Z       },
2026-10-05T12:19:07.8616974Z       {
2026-10-05T12:19:07.8617184Z         "path": "generated/.agdf/control/templates/artefacts/OR.md",
2026-10-05T12:19:07.8617439Z         "size": 2685,
2026-10-05T12:19:07.8617590Z         "mode": 420
2026-10-05T12:19:07.8617741Z       },
2026-10-05T12:19:07.8617880Z       {
2026-10-05T12:19:07.8618098Z         "path": "generated/.agdf/control/templates/artefacts/PRD.md",
2026-10-05T12:19:07.8618527Z         "size": 3100,
2026-10-05T12:19:07.8618684Z         "mode": 420
2026-10-05T12:19:07.8618829Z       },
2026-10-05T12:19:07.8618967Z       {
2026-10-05T12:19:07.8619206Z         "path": "generated/.agdf/control/templates/artefacts/QA_REPORT.md",
2026-10-05T12:19:07.8619471Z         "size": 601,
2026-10-05T12:19:07.8619632Z         "mode": 420
2026-10-05T12:19:07.8619775Z       },
2026-10-05T12:19:07.8619901Z       {
2026-10-05T12:19:07.8620112Z         "path": "generated/.agdf/control/templates/artefacts/SD.md",
2026-10-05T12:19:07.8620625Z         "size": 2562,
2026-10-05T12:19:07.8620781Z         "mode": 420
2026-10-05T12:19:07.8620920Z       },
2026-10-05T12:19:07.8621054Z       {
2026-10-05T12:19:07.8621260Z         "path": "generated/.agdf/control/templates/artefacts/TP.md",
2026-10-05T12:19:07.8621501Z         "size": 1351,
2026-10-05T12:19:07.8621658Z         "mode": 420
2026-10-05T12:19:07.8621801Z       },
2026-10-05T12:19:07.8621924Z       {
2026-10-05T12:19:07.8622140Z         "path": "generated/.agdf/control/templates/artefacts/UR.md",
2026-10-05T12:19:07.8622383Z         "size": 845,
2026-10-05T12:19:07.8622534Z         "mode": 420
2026-10-05T12:19:07.8622674Z       },
2026-10-05T12:19:07.8622810Z       {
2026-10-05T12:19:07.8623085Z         "path": "generated/.agdf/control/templates/artefacts/UX_INTENT_DEFINITION.md",
2026-10-05T12:19:07.8623379Z         "size": 1196,
2026-10-05T12:19:07.8623546Z         "mode": 420
2026-10-05T12:19:07.8623685Z       },
2026-10-05T12:19:07.8623812Z       {
2026-10-05T12:19:07.8624060Z         "path": "generated/.agdf/control/templates/artefacts/VERIFIED_CHANGE.md",
2026-10-05T12:19:07.8624681Z         "size": 1716,
2026-10-05T12:19:07.8624847Z         "mode": 420
2026-10-05T12:19:07.8625003Z       },
2026-10-05T12:19:07.8625147Z       {
2026-10-05T12:19:07.8625378Z         "path": "generated/.agdf/control/templates/CONTEXT_GRAPH.md",
2026-10-05T12:19:07.8625633Z         "size": 1551,
2026-10-05T12:19:07.8625792Z         "mode": 420
2026-10-05T12:19:07.8625934Z       },
2026-10-05T12:19:07.8626062Z       {
2026-10-05T12:19:07.8626285Z         "path": "generated/.agdf/control/templates/MASTER_BACKLOG.md",
2026-10-05T12:19:07.8626528Z         "size": 3436,
2026-10-05T12:19:07.8626676Z         "mode": 420
2026-10-05T12:19:07.8626812Z       },
2026-10-05T12:19:07.8626943Z       {
2026-10-05T12:19:07.8627144Z         "path": "generated/.agdf/control/templates/RUN_STATE.md",
2026-10-05T12:19:07.8627380Z         "size": 2090,
2026-10-05T12:19:07.8627540Z         "mode": 420
2026-10-05T12:19:07.8627678Z       },
2026-10-05T12:19:07.8627804Z       {
2026-10-05T12:19:07.8628022Z         "path": "generated/.agdf/control/templates/SOT_REGISTRY.md",
2026-10-05T12:19:07.8628261Z         "size": 905,
2026-10-05T12:19:07.8628410Z         "mode": 420
2026-10-05T12:19:07.8629360Z       },
2026-10-05T12:19:07.8629507Z       {
2026-10-05T12:19:07.8629711Z         "path": "generated/.agents/plugins/marketplace.json",
2026-10-05T12:19:07.8629940Z         "size": 362,
2026-10-05T12:19:07.8630098Z         "mode": 420
2026-10-05T12:19:07.8630237Z       },
2026-10-05T12:19:07.8630359Z       {
2026-10-05T12:19:07.8630563Z         "path": "generated/.opencode/agdf-agent-router.md",
2026-10-05T12:19:07.8630793Z         "size": 12295,
2026-10-05T12:19:07.8630947Z         "mode": 420
2026-10-05T12:19:07.8631086Z       },
2026-10-05T12:19:07.8631224Z       {
2026-10-05T12:19:07.8631437Z         "path": "generated/.opencode/agdf-interaction-locales.json",
2026-10-05T12:19:07.8631678Z         "size": 153294,
2026-10-05T12:19:07.8631920Z         "mode": 420
2026-10-05T12:19:07.8632070Z       },
2026-10-05T12:19:07.8632195Z       {
2026-10-05T12:19:07.8632396Z         "path": "generated/.opencode/agdf-runtime-contract.md",
2026-10-05T12:19:07.8632624Z         "size": 1977,
2026-10-05T12:19:07.8632785Z         "mode": 420
2026-10-05T12:19:07.8633015Z       },
2026-10-05T12:19:07.8633144Z       {
2026-10-05T12:19:07.8633327Z         "path": "generated/.opencode/AGDF.md",
2026-10-05T12:19:07.8633537Z         "size": 1496,
2026-10-05T12:19:07.8633683Z         "mode": 420
2026-10-05T12:19:07.8633829Z       },
2026-10-05T12:19:07.8633945Z       {
2026-10-05T12:19:07.8634131Z         "path": "generated/.opencode/contracts/closeout.md",
2026-10-05T12:19:07.8634361Z         "size": 4196,
2026-10-05T12:19:07.8634501Z         "mode": 420
2026-10-05T12:19:07.8634644Z       },
2026-10-05T12:19:07.8634773Z       {
2026-10-05T12:19:07.8634992Z         "path": "generated/.opencode/contracts/context-graph.md",
2026-10-05T12:19:07.8635229Z         "size": 2512,
2026-10-05T12:19:07.8635376Z         "mode": 420
2026-10-05T12:19:07.8635525Z       },
2026-10-05T12:19:07.8635650Z       {
2026-10-05T12:19:07.8635858Z         "path": "generated/.opencode/contracts/control-scaffold.md",
2026-10-05T12:19:07.8636107Z         "size": 11537,
2026-10-05T12:19:07.8636260Z         "mode": 420
2026-10-05T12:19:07.8636397Z       },
2026-10-05T12:19:07.8636530Z       {
2026-10-05T12:19:07.8636774Z         "path": "generated/.opencode/contracts/gate-artifact-preparation.md",
2026-10-05T12:19:07.8637045Z         "size": 5731,
2026-10-05T12:19:07.8637191Z         "mode": 420
2026-10-05T12:19:07.8637337Z       },
2026-10-05T12:19:07.8637464Z       {
2026-10-05T12:19:07.8637683Z         "path": "generated/.opencode/contracts/gate-transition.md",
2026-10-05T12:19:07.8637929Z         "size": 17966,
2026-10-05T12:19:07.8638078Z         "mode": 420
2026-10-05T12:19:07.8638219Z       },
2026-10-05T12:19:07.8638465Z       {
2026-10-05T12:19:07.8638705Z         "path": "generated/.opencode/contracts/interaction.md",
2026-10-05T12:19:07.8638931Z         "size": 46599,
2026-10-05T12:19:07.8639077Z         "mode": 420
2026-10-05T12:19:07.8639225Z       },
2026-10-05T12:19:07.8639353Z       {
2026-10-05T12:19:07.8639543Z         "path": "generated/.opencode/contracts/modes.md",
2026-10-05T12:19:07.8639773Z         "size": 12906,
2026-10-05T12:19:07.8639919Z         "mode": 420
2026-10-05T12:19:07.8640056Z       },
2026-10-05T12:19:07.8640193Z       {
2026-10-05T12:19:07.8640405Z         "path": "generated/.opencode/contracts/prd-definition.md",
2026-10-05T12:19:07.8640881Z         "size": 5034,
2026-10-05T12:19:07.8641034Z         "mode": 420
2026-10-05T12:19:07.8641191Z       },
2026-10-05T12:19:07.8641322Z       {
2026-10-05T12:19:07.8641518Z         "path": "generated/.opencode/contracts/quality.md",
2026-10-05T12:19:07.8641744Z         "size": 8692,
2026-10-05T12:19:07.8641891Z         "mode": 420
2026-10-05T12:19:07.8642025Z       },
2026-10-05T12:19:07.8642164Z       {
2026-10-05T12:19:07.8642382Z         "path": "generated/.opencode/contracts/request-activation.md",
2026-10-05T12:19:07.8642630Z         "size": 18822,
2026-10-05T12:19:07.8642779Z         "mode": 420
2026-10-05T12:19:07.8643024Z       },
2026-10-05T12:19:07.8643156Z       {
2026-10-05T12:19:07.8643362Z         "path": "generated/.opencode/contracts/sd-definition.md",
2026-10-05T12:19:07.8643602Z         "size": 4617,
2026-10-05T12:19:07.8643748Z         "mode": 420
2026-10-05T12:19:07.8643887Z       },
2026-10-05T12:19:07.8644021Z       {
2026-10-05T12:19:07.8644249Z         "path": "generated/.opencode/contracts/task-target-resolution.md",
2026-10-05T12:19:07.8644508Z         "size": 8919,
2026-10-05T12:19:07.8644665Z         "mode": 420
2026-10-05T12:19:07.8644800Z       },
2026-10-05T12:19:07.8644936Z       {
2026-10-05T12:19:07.8645131Z         "path": "generated/.opencode/contracts/ur-definition.md",
2026-10-05T12:19:07.8645369Z         "size": 3139,
2026-10-05T12:19:07.8645512Z         "mode": 420
2026-10-05T12:19:07.8645651Z       },
2026-10-05T12:19:07.8645785Z       {
2026-10-05T12:19:07.8645955Z         "path": "generated/.opencode/README.md",
2026-10-05T12:19:07.8646164Z         "size": 1835,
2026-10-05T12:19:07.8646349Z         "mode": 420
2026-10-05T12:19:07.8646666Z       },
2026-10-05T12:19:07.8646847Z       {
2026-10-05T12:19:07.8647213Z         "path": "generated/.opencode/skills/agdf-brownfield-analysis/SKILL.md",
2026-10-05T12:19:07.8647656Z         "size": 15484,
2026-10-05T12:19:07.8647876Z         "mode": 420
2026-10-05T12:19:07.8648084Z       },
2026-10-05T12:19:07.8648289Z       {
2026-10-05T12:19:07.8648704Z         "path": "generated/.opencode/skills/agdf-clean-implementation-review/SKILL.md",
2026-10-05T12:19:07.8649173Z         "size": 7516,
2026-10-05T12:19:07.8649398Z         "mode": 420
2026-10-05T12:19:07.8649593Z       },
2026-10-05T12:19:07.8649790Z       {
2026-10-05T12:19:07.8650129Z         "path": "generated/.opencode/skills/agdf-code-review/SKILL.md",
2026-10-05T12:19:07.8650480Z         "size": 7615,
2026-10-05T12:19:07.8650701Z         "mode": 420
2026-10-05T12:19:07.8650904Z       },
2026-10-05T12:19:07.8651115Z       {
2026-10-05T12:19:07.8651509Z         "path": "generated/.opencode/skills/agdf-delivery-closeout/SKILL.md",
2026-10-05T12:19:07.8651967Z         "size": 7177,
2026-10-05T12:19:07.8652215Z         "mode": 420
2026-10-05T12:19:07.8652423Z       },
2026-10-05T12:19:07.8652609Z       {
2026-10-05T12:19:07.8652992Z         "path": "generated/.opencode/skills/agdf-delivery-path-search/SKILL.md",
2026-10-05T12:19:07.8653432Z         "size": 8015,
2026-10-05T12:19:07.8653661Z         "mode": 420
2026-10-05T12:19:07.8653861Z       },
2026-10-05T12:19:07.8654062Z       {
2026-10-05T12:19:07.8654408Z         "path": "generated/.opencode/skills/agdf-gate-check/SKILL.md",
2026-10-05T12:19:07.8654804Z         "size": 5506,
2026-10-05T12:19:07.8655040Z         "mode": 420
2026-10-05T12:19:07.8655251Z       },
2026-10-05T12:19:07.8655447Z       {
2026-10-05T12:19:07.8655815Z         "path": "generated/.opencode/skills/agdf-prd-definition/SKILL.md",
2026-10-05T12:19:07.8656235Z         "size": 3827,
2026-10-05T12:19:07.8656469Z         "mode": 420
2026-10-05T12:19:07.8656672Z       },
2026-10-05T12:19:07.8656850Z       {
2026-10-05T12:19:07.8657138Z         "path": "generated/.opencode/skills/agdf-qa-gate/SKILL.md",
2026-10-05T12:19:07.8657512Z         "size": 10610,
2026-10-05T12:19:07.8657729Z         "mode": 420
2026-10-05T12:19:07.8657936Z       },
2026-10-05T12:19:07.8658128Z       {
2026-10-05T12:19:07.8658486Z         "path": "generated/.opencode/skills/agdf-release-or/SKILL.md",
2026-10-05T12:19:07.8658899Z         "size": 10019,
2026-10-05T12:19:07.8659141Z         "mode": 420
2026-10-05T12:19:07.8659366Z       },
2026-10-05T12:19:07.8659557Z       {
2026-10-05T12:19:07.8659907Z         "path": "generated/.opencode/skills/agdf-sd-definition/SKILL.md",
2026-10-05T12:19:07.8660303Z         "size": 3732,
2026-10-05T12:19:07.8660512Z         "mode": 420
2026-10-05T12:19:07.8661001Z       },
2026-10-05T12:19:07.8661201Z       {
2026-10-05T12:19:07.8661698Z         "path": "generated/.opencode/skills/agdf-task-plan-review/SKILL.md",
2026-10-05T12:19:07.8661979Z         "size": 8267,
2026-10-05T12:19:07.8662143Z         "mode": 420
2026-10-05T12:19:07.8662287Z       },
2026-10-05T12:19:07.8662435Z       {
2026-10-05T12:19:07.8662681Z         "path": "generated/.opencode/skills/agdf-ur-definition/SKILL.md",
2026-10-05T12:19:07.8662949Z         "size": 3710,
2026-10-05T12:19:07.8663095Z         "mode": 420
2026-10-05T12:19:07.8663237Z       },
2026-10-05T12:19:07.8663376Z       {
2026-10-05T12:19:07.8663624Z         "path": "generated/.opencode/skills/agdf-ux-intent-definition/SKILL.md",
2026-10-05T12:19:07.8663900Z         "size": 7296,
2026-10-05T12:19:07.8664057Z         "mode": 420
2026-10-05T12:19:07.8664197Z       },
2026-10-05T12:19:07.8664323Z       {
2026-10-05T12:19:07.8664546Z         "path": "generated/opencode.json",
2026-10-05T12:19:07.8664847Z         "size": 268,
2026-10-05T12:19:07.8665047Z         "mode": 420
2026-10-05T12:19:07.8665229Z       },
2026-10-05T12:19:07.8665435Z       {
2026-10-05T12:19:07.8665759Z         "path": "generated/plugins/agdf/.claude-plugin/plugin.json",
2026-10-05T12:19:07.8666261Z         "size": 1090,
2026-10-05T12:19:07.8666489Z         "mode": 420
2026-10-05T12:19:07.8666702Z       },
2026-10-05T12:19:07.8666892Z       {
2026-10-05T12:19:07.8667221Z         "path": "generated/plugins/agdf/.codex-plugin/plugin.json",
2026-10-05T12:19:07.8667589Z         "size": 2020,
2026-10-05T12:19:07.8667804Z         "mode": 420
2026-10-05T12:19:07.8668034Z       },
2026-10-05T12:19:07.8668223Z       {
2026-10-05T12:19:07.8668537Z         "path": "generated/plugins/agdf/assets/agdf-icon.svg",
2026-10-05T12:19:07.8668907Z         "size": 924,
2026-10-05T12:19:07.8669149Z         "mode": 420
2026-10-05T12:19:07.8669356Z       },
2026-10-05T12:19:07.8669561Z       {
2026-10-05T12:19:07.8669887Z         "path": "generated/plugins/agdf/assets/agdf-logo.svg",
2026-10-05T12:19:07.8670257Z         "size": 962,
2026-10-05T12:19:07.8670477Z         "mode": 420
2026-10-05T12:19:07.8670693Z       },
2026-10-05T12:19:07.8670886Z       {
2026-10-05T12:19:07.8671176Z         "path": "generated/plugins/agdf/control/README.md",
2026-10-05T12:19:07.8671536Z         "size": 7277,
2026-10-05T12:19:07.8671780Z         "mode": 420
2026-10-05T12:19:07.8671990Z       },
2026-10-05T12:19:07.8672175Z       {
2026-10-05T12:19:07.8672531Z         "path": "generated/plugins/agdf/control/templates/AGDF_RUN.md",
2026-10-05T12:19:07.8672915Z         "size": 4174,
2026-10-05T12:19:07.8673142Z         "mode": 420
2026-10-05T12:19:07.8673362Z       },
2026-10-05T12:19:07.8673554Z       {
2026-10-05T12:19:07.8674001Z         "path": "generated/plugins/agdf/control/templates/AGENT_QUALITY_CONTRACTS.json",
2026-10-05T12:19:07.8674509Z         "size": 5289,
2026-10-05T12:19:07.8674755Z         "mode": 420
2026-10-05T12:19:07.8674971Z       },
2026-10-05T12:19:07.8675160Z       {
2026-10-05T12:19:07.8675616Z         "path": "generated/plugins/agdf/control/templates/artefacts/BROWNFIELD_REVIEW.md",
2026-10-05T12:19:07.8676147Z         "size": 4977,
2026-10-05T12:19:07.8676382Z         "mode": 420
2026-10-05T12:19:07.8676592Z       },
2026-10-05T12:19:07.8676798Z       {
2026-10-05T12:19:07.8677162Z         "path": "generated/plugins/agdf/control/templates/artefacts/OR.md",
2026-10-05T12:19:07.8677590Z         "size": 2685,
2026-10-05T12:19:07.8677841Z         "mode": 420
2026-10-05T12:19:07.8678065Z       },
2026-10-05T12:19:07.8678269Z       {
2026-10-05T12:19:07.8678664Z         "path": "generated/plugins/agdf/control/templates/artefacts/PRD.md",
2026-10-05T12:19:07.8679098Z         "size": 3100,
2026-10-05T12:19:07.8679330Z         "mode": 420
2026-10-05T12:19:07.8679544Z       },
2026-10-05T12:19:07.8679748Z       {
2026-10-05T12:19:07.8680152Z         "path": "generated/plugins/agdf/control/templates/artefacts/QA_REPORT.md",
2026-10-05T12:19:07.8680611Z         "size": 601,
2026-10-05T12:19:07.8681100Z         "mode": 420
2026-10-05T12:19:07.8681319Z       },
2026-10-05T12:19:07.8681691Z       {
2026-10-05T12:19:07.8682082Z         "path": "generated/plugins/agdf/control/templates/artefacts/SD.md",
2026-10-05T12:19:07.8682508Z         "size": 2562,
2026-10-05T12:19:07.8682741Z         "mode": 420
2026-10-05T12:19:07.8682955Z       },
2026-10-05T12:19:07.8683166Z       {
2026-10-05T12:19:07.8683518Z         "path": "generated/plugins/agdf/control/templates/artefacts/TP.md",
2026-10-05T12:19:07.8683955Z         "size": 1351,
2026-10-05T12:19:07.8684201Z         "mode": 420
2026-10-05T12:19:07.8684407Z       },
2026-10-05T12:19:07.8684603Z       {
2026-10-05T12:19:07.8684968Z         "path": "generated/plugins/agdf/control/templates/artefacts/UR.md",
2026-10-05T12:19:07.8685381Z         "size": 845,
2026-10-05T12:19:07.8685612Z         "mode": 420
2026-10-05T12:19:07.8685840Z       },
2026-10-05T12:19:07.8686047Z       {
2026-10-05T12:19:07.8686500Z         "path": "generated/plugins/agdf/control/templates/artefacts/UX_INTENT_DEFINITION.md",
2026-10-05T12:19:07.8687014Z         "size": 1196,
2026-10-05T12:19:07.8687253Z         "mode": 420
2026-10-05T12:19:07.8687618Z       },
2026-10-05T12:19:07.8687815Z       {
2026-10-05T12:19:07.8688249Z         "path": "generated/plugins/agdf/control/templates/artefacts/VERIFIED_CHANGE.md",
2026-10-05T12:19:07.8688732Z         "size": 1716,
2026-10-05T12:19:07.8688959Z         "mode": 420
2026-10-05T12:19:07.8689179Z       },
2026-10-05T12:19:07.8689374Z       {
2026-10-05T12:19:07.8689758Z         "path": "generated/plugins/agdf/control/templates/CONTEXT_GRAPH.md",
2026-10-05T12:19:07.8690192Z         "size": 1551,
2026-10-05T12:19:07.8690419Z         "mode": 420
2026-10-05T12:19:07.8690634Z       },
2026-10-05T12:19:07.8690824Z       {
2026-10-05T12:19:07.8691206Z         "path": "generated/plugins/agdf/control/templates/MASTER_BACKLOG.md",
2026-10-05T12:19:07.8691641Z         "size": 3436,
2026-10-05T12:19:07.8691863Z         "mode": 420
2026-10-05T12:19:07.8692079Z       },
2026-10-05T12:19:07.8692274Z       {
2026-10-05T12:19:07.8692623Z         "path": "generated/plugins/agdf/control/templates/RUN_STATE.md",
2026-10-05T12:19:07.8693042Z         "size": 2090,
2026-10-05T12:19:07.8693265Z         "mode": 420
2026-10-05T12:19:07.8693478Z       },
2026-10-05T12:19:07.8693659Z       {
2026-10-05T12:19:07.8694023Z         "path": "generated/plugins/agdf/control/templates/SOT_REGISTRY.md",
2026-10-05T12:19:07.8694462Z         "size": 905,
2026-10-05T12:19:07.8694692Z         "mode": 420
2026-10-05T12:19:07.8694889Z       },
2026-10-05T12:19:07.8695011Z       {
2026-10-05T12:19:07.8695195Z         "path": "generated/plugins/agdf/hooks/hooks.json",
2026-10-05T12:19:07.8695417Z         "size": 680,
2026-10-05T12:19:07.8695642Z         "mode": 420
2026-10-05T12:19:07.8695919Z       },
2026-10-05T12:19:07.8696128Z       {
2026-10-05T12:19:07.8696448Z         "path": "generated/plugins/agdf/hooks/session-start.sh",
2026-10-05T12:19:07.8696845Z         "size": 400,
2026-10-05T12:19:07.8697079Z         "mode": 420
2026-10-05T12:19:07.8697315Z       },
2026-10-05T12:19:07.8697515Z       {
2026-10-05T12:19:07.8697785Z         "path": "generated/plugins/agdf/LICENSE",
2026-10-05T12:19:07.8698069Z         "size": 11357,
2026-10-05T12:19:07.8698220Z         "mode": 420
2026-10-05T12:19:07.8698354Z       },
2026-10-05T12:19:07.8698472Z       {
2026-10-05T12:19:07.8698652Z         "path": "generated/plugins/agdf/mcp.json",
2026-10-05T12:19:07.8698857Z         "size": 329,
2026-10-05T12:19:07.8698996Z         "mode": 420
2026-10-05T12:19:07.8699147Z       },
2026-10-05T12:19:07.8699270Z       {
2026-10-05T12:19:07.8699467Z         "path": "generated/plugins/agdf/mcp/agdf-mcp-launch.js",
2026-10-05T12:19:07.8699703Z         "size": 314,
2026-10-05T12:19:07.8699847Z         "mode": 420
2026-10-05T12:19:07.8699985Z       },
2026-10-05T12:19:07.8700108Z       {
2026-10-05T12:19:07.8700304Z         "path": "generated/plugins/agdf/mcp/claude.mcp.json",
2026-10-05T12:19:07.8701475Z         "size": 173,
2026-10-05T12:19:07.8701675Z         "mode": 420
2026-10-05T12:19:07.8701837Z       },
2026-10-05T12:19:07.8701965Z       {
2026-10-05T12:19:07.8702194Z         "path": "generated/plugins/agdf/mcp/sdk/expected-sdk.json",
2026-10-05T12:19:07.8702448Z         "size": 709,
2026-10-05T12:19:07.8702595Z         "mode": 420
2026-10-05T12:19:07.8702732Z       },
2026-10-05T12:19:07.8702854Z       {
2026-10-05T12:19:07.8703061Z         "path": "generated/plugins/agdf/mcp/sdk/package-lock.json",
2026-10-05T12:19:07.8703295Z         "size": 1485,
2026-10-05T12:19:07.8703442Z         "mode": 420
2026-10-05T12:19:07.8703581Z       },
2026-10-05T12:19:07.8703700Z       {
2026-10-05T12:19:07.8703893Z         "path": "generated/plugins/agdf/mcp/sdk/package.json",
2026-10-05T12:19:07.8704121Z         "size": 124,
2026-10-05T12:19:07.8704264Z         "mode": 420
2026-10-05T12:19:07.8704399Z       },
2026-10-05T12:19:07.8704516Z       {
2026-10-05T12:19:07.8704735Z         "path": "generated/plugins/agdf/mcp/server/bin/agdf-mcp.js",
2026-10-05T12:19:07.8704969Z         "size": 659,
2026-10-05T12:19:07.8705208Z         "mode": 420
2026-10-05T12:19:07.8705345Z       },
2026-10-05T12:19:07.8705466Z       {
2026-10-05T12:19:07.8705646Z         "path": "generated/plugins/agdf/mcp/server/NOTICE",
2026-10-05T12:19:07.8705868Z         "size": 521,
2026-10-05T12:19:07.8706007Z         "mode": 420
2026-10-05T12:19:07.8706141Z       },
2026-10-05T12:19:07.8706257Z       {
2026-10-05T12:19:07.8706474Z         "path": "generated/plugins/agdf/mcp/server/package.json",
2026-10-05T12:19:07.8706712Z         "size": 1747,
2026-10-05T12:19:07.8706860Z         "mode": 420
2026-10-05T12:19:07.8707001Z       },
2026-10-05T12:19:07.8707123Z       {
2026-10-05T12:19:07.8707313Z         "path": "generated/plugins/agdf/mcp/server/README.md",
2026-10-05T12:19:07.8707540Z         "size": 2391,
2026-10-05T12:19:07.8707683Z         "mode": 420
2026-10-05T12:19:07.8707815Z       },
2026-10-05T12:19:07.8707938Z       {
2026-10-05T12:19:07.8708130Z         "path": "generated/plugins/agdf/mcp/server/src/main.js",
2026-10-05T12:19:07.8708357Z         "size": 1210,
2026-10-05T12:19:07.8708498Z         "mode": 420
2026-10-05T12:19:07.8708634Z       },
2026-10-05T12:19:07.8708753Z       {
2026-10-05T12:19:07.8708952Z         "path": "generated/plugins/agdf/mcp/server/src/server.js",
2026-10-05T12:19:07.8709188Z         "size": 3144,
2026-10-05T12:19:07.8709328Z         "mode": 420
2026-10-05T12:19:07.8709461Z       },
2026-10-05T12:19:07.8709588Z       {
2026-10-05T12:19:07.8709803Z         "path": "generated/plugins/agdf/mcp/server/src/worker-entry.js",
2026-10-05T12:19:07.8710047Z         "size": 964,
2026-10-05T12:19:07.8710187Z         "mode": 420
2026-10-05T12:19:07.8710324Z       },
2026-10-05T12:19:07.8710441Z       {
2026-10-05T12:19:07.8710634Z         "path": "generated/plugins/agdf/mcp/server/src/worker.js",
2026-10-05T12:19:07.8710862Z         "size": 2610,
2026-10-05T12:19:07.8711002Z         "mode": 420
2026-10-05T12:19:07.8711135Z       },
2026-10-05T12:19:07.8711261Z       {
2026-10-05T12:19:07.8711461Z         "path": "generated/plugins/agdf/meta/agdf-agent-router.md",
2026-10-05T12:19:07.8711690Z         "size": 12317,
2026-10-05T12:19:07.8711835Z         "mode": 420
2026-10-05T12:19:07.8711971Z       },
2026-10-05T12:19:07.8712090Z       {
2026-10-05T12:19:07.8712312Z         "path": "generated/plugins/agdf/meta/agdf-constitution.md",
2026-10-05T12:19:07.8712556Z         "size": 8709,
2026-10-05T12:19:07.8712704Z         "mode": 420
2026-10-05T12:19:07.8712845Z       },
2026-10-05T12:19:07.8712983Z       {
2026-10-05T12:19:07.8713219Z         "path": "generated/plugins/agdf/meta/agdf-interaction-locales.json",
2026-10-05T12:19:07.8713493Z         "size": 153294,
2026-10-05T12:19:07.8713650Z         "mode": 420
2026-10-05T12:19:07.8713797Z       },
2026-10-05T12:19:07.8713928Z       {
2026-10-05T12:19:07.8714233Z         "path": "generated/plugins/agdf/meta/agdf-mcp-capability.json",
2026-10-05T12:19:07.8714500Z         "size": 3972,
2026-10-05T12:19:07.8714650Z         "mode": 420
2026-10-05T12:19:07.8714789Z       },
2026-10-05T12:19:07.8714922Z       {
2026-10-05T12:19:07.8715153Z         "path": "generated/plugins/agdf/meta/agdf-plugin.definition.json",
2026-10-05T12:19:07.8715417Z         "size": 18450,
2026-10-05T12:19:07.8715575Z         "mode": 420
2026-10-05T12:19:07.8715716Z       },
2026-10-05T12:19:07.8715847Z       {
2026-10-05T12:19:07.8716066Z         "path": "generated/plugins/agdf/meta/agdf-runtime-contract.md",
2026-10-05T12:19:07.8716329Z         "size": 1977,
2026-10-05T12:19:07.8716474Z         "mode": 420
2026-10-05T12:19:07.8716612Z       },
2026-10-05T12:19:07.8716745Z       {
2026-10-05T12:19:07.8716944Z         "path": "generated/plugins/agdf/meta/agdf-tenets.md",
2026-10-05T12:19:07.8717171Z         "size": 8945,
2026-10-05T12:19:07.8717322Z         "mode": 420
2026-10-05T12:19:07.8717464Z       },
2026-10-05T12:19:07.8717590Z       {
2026-10-05T12:19:07.8717832Z         "path": "generated/plugins/agdf/meta/agent-skills-conformance.json",
2026-10-05T12:19:07.8718193Z         "size": 1867,
2026-10-05T12:19:07.8718347Z         "mode": 420
2026-10-05T12:19:07.8718492Z       },
2026-10-05T12:19:07.8718627Z       {
2026-10-05T12:19:07.8718843Z         "path": "generated/plugins/agdf/meta/contracts/closeout.md",
2026-10-05T12:19:07.8719088Z         "size": 4196,
2026-10-05T12:19:07.8719249Z         "mode": 420
2026-10-05T12:19:07.8719394Z       },
2026-10-05T12:19:07.8719526Z       {
2026-10-05T12:19:07.8719755Z         "path": "generated/plugins/agdf/meta/contracts/context-graph.md",
2026-10-05T12:19:07.8720025Z         "size": 2512,
2026-10-05T12:19:07.8720177Z         "mode": 420
2026-10-05T12:19:07.8720317Z       },
2026-10-05T12:19:07.8720453Z       {
2026-10-05T12:19:07.8720691Z         "path": "generated/plugins/agdf/meta/contracts/control-scaffold.md",
2026-10-05T12:19:07.8720959Z         "size": 11537,
2026-10-05T12:19:07.8721403Z         "mode": 420
2026-10-05T12:19:07.8721568Z       },
2026-10-05T12:19:07.8721700Z       {
2026-10-05T12:19:07.8721977Z         "path": "generated/plugins/agdf/meta/contracts/gate-artifact-preparation.md",
2026-10-05T12:19:07.8722275Z         "size": 5731,
2026-10-05T12:19:07.8722423Z         "mode": 420
2026-10-05T12:19:07.8722569Z       },
2026-10-05T12:19:07.8722714Z       {
2026-10-05T12:19:07.8722947Z         "path": "generated/plugins/agdf/meta/contracts/gate-transition.md",
2026-10-05T12:19:07.8723209Z         "size": 17966,
2026-10-05T12:19:07.8723365Z         "mode": 420
2026-10-05T12:19:07.8723500Z       },
2026-10-05T12:19:07.8723626Z       {
2026-10-05T12:19:07.8723850Z         "path": "generated/plugins/agdf/meta/contracts/interaction.md",
2026-10-05T12:19:07.8724118Z         "size": 46617,
2026-10-05T12:19:07.8724270Z         "mode": 420
2026-10-05T12:19:07.8724407Z       },
2026-10-05T12:19:07.8724541Z       {
2026-10-05T12:19:07.8724750Z         "path": "generated/plugins/agdf/meta/contracts/modes.md",
2026-10-05T12:19:07.8724985Z         "size": 12906,
2026-10-05T12:19:07.8725144Z         "mode": 420
2026-10-05T12:19:07.8725284Z       },
2026-10-05T12:19:07.8725410Z       {
2026-10-05T12:19:07.8725644Z         "path": "generated/plugins/agdf/meta/contracts/prd-definition.md",
2026-10-05T12:19:07.8725905Z         "size": 5034,
2026-10-05T12:19:07.8726057Z         "mode": 420
2026-10-05T12:19:07.8726196Z       },
2026-10-05T12:19:07.8726333Z       {
2026-10-05T12:19:07.8726547Z         "path": "generated/plugins/agdf/meta/contracts/quality.md",
2026-10-05T12:19:07.8726785Z         "size": 8692,
2026-10-05T12:19:07.8726951Z         "mode": 420
2026-10-05T12:19:07.8727089Z       },
2026-10-05T12:19:07.8727217Z       {
2026-10-05T12:19:07.8727469Z         "path": "generated/plugins/agdf/meta/contracts/request-activation.md",
2026-10-05T12:19:07.8727743Z         "size": 18822,
2026-10-05T12:19:07.8727891Z         "mode": 420
2026-10-05T12:19:07.8728159Z       },
2026-10-05T12:19:07.8728286Z       {
2026-10-05T12:19:07.8728503Z         "path": "generated/plugins/agdf/meta/contracts/sd-definition.md",
2026-10-05T12:19:07.8728751Z         "size": 4617,
2026-10-05T12:19:07.8728902Z         "mode": 420
2026-10-05T12:19:07.8729035Z       },
2026-10-05T12:19:07.8729155Z       {
2026-10-05T12:19:07.8729416Z         "path": "generated/plugins/agdf/meta/contracts/task-target-resolution.md",
2026-10-05T12:19:07.8729699Z         "size": 8919,
2026-10-05T12:19:07.8729850Z         "mode": 420
2026-10-05T12:19:07.8729998Z       },
2026-10-05T12:19:07.8730123Z       {
2026-10-05T12:19:07.8730338Z         "path": "generated/plugins/agdf/meta/contracts/ur-definition.md",
2026-10-05T12:19:07.8730586Z         "size": 3139,
2026-10-05T12:19:07.8730736Z         "mode": 420
2026-10-05T12:19:07.8730875Z       },
2026-10-05T12:19:07.8731000Z       {
2026-10-05T12:19:07.8731242Z         "path": "generated/plugins/agdf/meta/copilot-payload-baseline.json",
2026-10-05T12:19:07.8731511Z         "size": 276,
2026-10-05T12:19:07.8731663Z         "mode": 420
2026-10-05T12:19:07.8732266Z       },
2026-10-05T12:19:07.8732391Z       {
2026-10-05T12:19:07.8732651Z         "path": "generated/plugins/agdf/meta/distribution-profile-history.json",
2026-10-05T12:19:07.8732941Z         "size": 4398,
2026-10-05T12:19:07.8733089Z         "mode": 420
2026-10-05T12:19:07.8733231Z       },
2026-10-05T12:19:07.8733359Z       {
2026-10-05T12:19:07.8733642Z         "path": "generated/plugins/agdf/meta/schemas/agent-plugins/1.0.0/mcp.schema.json",
2026-10-05T12:19:07.8733942Z         "size": 3408,
2026-10-05T12:19:07.8734084Z         "mode": 420
2026-10-05T12:19:07.8734231Z       },
2026-10-05T12:19:07.8734378Z       {
2026-10-05T12:19:07.8734664Z         "path": "generated/plugins/agdf/meta/schemas/agent-plugins/1.0.0/plugin.schema.json",
2026-10-05T12:19:07.8734982Z         "size": 1805,
2026-10-05T12:19:07.8735130Z         "mode": 420
2026-10-05T12:19:07.8735272Z       },
2026-10-05T12:19:07.8735406Z       {
2026-10-05T12:19:07.8735691Z         "path": "generated/plugins/agdf/meta/schemas/agent-plugins/1.0.0/provenance.json",
2026-10-05T12:19:07.8735989Z         "size": 539,
2026-10-05T12:19:07.8736138Z         "mode": 420
2026-10-05T12:19:07.8736287Z       },
2026-10-05T12:19:07.8736415Z       {
2026-10-05T12:19:07.8736591Z         "path": "generated/plugins/agdf/plugin.json",
2026-10-05T12:19:07.8736815Z         "size": 526,
2026-10-05T12:19:07.8736961Z         "mode": 420
2026-10-05T12:19:07.8737099Z       },
2026-10-05T12:19:07.8737225Z       {
2026-10-05T12:19:07.8737435Z         "path": "generated/plugins/agdf/runtime/agdf-local.js",
2026-10-05T12:19:07.8737668Z         "size": 843,
2026-10-05T12:19:07.8737812Z         "mode": 420
2026-10-05T12:19:07.8737957Z       },
2026-10-05T12:19:07.8738080Z       {
2026-10-05T12:19:07.8738365Z         "path": "generated/plugins/agdf/runtime/agdf-session-check.js",
2026-10-05T12:19:07.8738994Z         "size": 9303,
2026-10-05T12:19:07.8739217Z         "mode": 420
2026-10-05T12:19:07.8739419Z       },
2026-10-05T12:19:07.8739608Z       {
2026-10-05T12:19:07.8739969Z         "path": "generated/plugins/agdf/runtime/create-agdf/bin/agdf-validator.js",
2026-10-05T12:19:07.8740256Z         "size": 323,
2026-10-05T12:19:07.8740403Z         "mode": 420
2026-10-05T12:19:07.8740553Z       },
2026-10-05T12:19:07.8740681Z       {
2026-10-05T12:19:07.8741058Z         "path": "generated/plugins/agdf/runtime/create-agdf/generated/plugins/agdf/meta/agdf-interaction-locales.json",
2026-10-05T12:19:07.8741463Z         "size": 153294,
2026-10-05T12:19:07.8741623Z         "mode": 420
2026-10-05T12:19:07.8741763Z       },
2026-10-05T12:19:07.8741896Z       {
2026-10-05T12:19:07.8742252Z         "path": "generated/plugins/agdf/runtime/create-agdf/generated/plugins/agdf/meta/agdf-plugin.definition.json",
2026-10-05T12:19:07.8742633Z         "size": 18450,
2026-10-05T12:19:07.8742791Z         "mode": 420
2026-10-05T12:19:07.8743056Z       },
2026-10-05T12:19:07.8743290Z       {
2026-10-05T12:19:07.8743724Z         "path": "generated/plugins/agdf/runtime/create-agdf/generated/plugins/agdf/meta/contracts/closeout.md",
2026-10-05T12:19:07.8744208Z         "size": 4196,
2026-10-05T12:19:07.8744480Z         "mode": 420
2026-10-05T12:19:07.8744687Z       },
2026-10-05T12:19:07.8744919Z       {
2026-10-05T12:19:07.8745393Z         "path": "generated/plugins/agdf/runtime/create-agdf/generated/plugins/agdf/meta/contracts/context-graph.md",
2026-10-05T12:19:07.8745851Z         "size": 2512,
2026-10-05T12:19:07.8746075Z         "mode": 420
2026-10-05T12:19:07.8746319Z       },
2026-10-05T12:19:07.8746531Z       {
2026-10-05T12:19:07.8746972Z         "path": "generated/plugins/agdf/runtime/create-agdf/generated/plugins/agdf/meta/contracts/control-scaffold.md",
2026-10-05T12:19:07.8747588Z         "size": 11537,
2026-10-05T12:19:07.8747915Z         "mode": 420
2026-10-05T12:19:07.8748208Z       },
2026-10-05T12:19:07.8748552Z       {
2026-10-05T12:19:07.8749244Z         "path": "generated/plugins/agdf/runtime/create-agdf/generated/plugins/agdf/meta/contracts/gate-artifact-preparation.md",
2026-10-05T12:19:07.8750185Z         "size": 5731,
2026-10-05T12:19:07.8750560Z         "mode": 420
2026-10-05T12:19:07.8750902Z       },
2026-10-05T12:19:07.8751195Z       {
2026-10-05T12:19:07.8751897Z         "path": "generated/plugins/agdf/runtime/create-agdf/generated/plugins/agdf/meta/contracts/gate-transition.md",
2026-10-05T12:19:07.8766827Z         "size": 17966,
2026-10-05T12:19:07.8767103Z         "mode": 420
2026-10-05T12:19:07.8767347Z       },
2026-10-05T12:19:07.8767561Z       {
2026-10-05T12:19:07.8768190Z         "path": "generated/plugins/agdf/runtime/create-agdf/generated/plugins/agdf/meta/contracts/interaction.md",
2026-10-05T12:19:07.8768773Z         "size": 46617,
2026-10-05T12:19:07.8768934Z         "mode": 420
2026-10-05T12:19:07.8769090Z       },
2026-10-05T12:19:07.8769224Z       {
2026-10-05T12:19:07.8769571Z         "path": "generated/plugins/agdf/runtime/create-agdf/generated/plugins/agdf/meta/contracts/modes.md",
2026-10-05T12:19:07.8770167Z         "size": 12906,
2026-10-05T12:19:07.8770377Z         "mode": 420
2026-10-05T12:19:07.8770603Z       },
2026-10-05T12:19:07.8770820Z       {
2026-10-05T12:19:07.8771374Z         "path": "generated/plugins/agdf/runtime/create-agdf/generated/plugins/agdf/meta/contracts/prd-definition.md",
2026-10-05T12:19:07.8771965Z         "size": 5034,
2026-10-05T12:19:07.8772214Z         "mode": 420
2026-10-05T12:19:07.8772451Z       },
2026-10-05T12:19:07.8772655Z       {
2026-10-05T12:19:07.8773204Z         "path": "generated/plugins/agdf/runtime/create-agdf/generated/plugins/agdf/meta/contracts/quality.md",
2026-10-05T12:19:07.8773802Z         "size": 8692,
2026-10-05T12:19:07.8774043Z         "mode": 420
2026-10-05T12:19:07.8774267Z       },
2026-10-05T12:19:07.8774481Z       {
2026-10-05T12:19:07.8775119Z         "path": "generated/plugins/agdf/runtime/create-agdf/generated/plugins/agdf/meta/contracts/request-activation.md",
2026-10-05T12:19:07.8775791Z         "size": 18822,
2026-10-05T12:19:07.8776020Z         "mode": 420
2026-10-05T12:19:07.8776265Z       },
2026-10-05T12:19:07.8776477Z       {
2026-10-05T12:19:07.8777011Z         "path": "generated/plugins/agdf/runtime/create-agdf/generated/plugins/agdf/meta/contracts/sd-definition.md",
2026-10-05T12:19:07.8777634Z         "size": 4617,
2026-10-05T12:19:07.8777864Z         "mode": 420
2026-10-05T12:19:07.8778092Z       },
2026-10-05T12:19:07.8778288Z       {
2026-10-05T12:19:07.8778836Z         "path": "generated/plugins/agdf/runtime/create-agdf/generated/plugins/agdf/meta/contracts/task-target-resolution.md",
2026-10-05T12:19:07.8779777Z         "size": 8919,
2026-10-05T12:19:07.8780036Z         "mode": 420
2026-10-05T12:19:07.8780265Z       },
2026-10-05T12:19:07.8780469Z       {
2026-10-05T12:19:07.8781230Z         "path": "generated/plugins/agdf/runtime/create-agdf/generated/plugins/agdf/meta/contracts/ur-definition.md",
2026-10-05T12:19:07.8781843Z         "size": 3139,
2026-10-05T12:19:07.8782081Z         "mode": 420
2026-10-05T12:19:07.8782285Z       },
2026-10-05T12:19:07.8782467Z       {
2026-10-05T12:19:07.8782890Z         "path": "generated/plugins/agdf/runtime/create-agdf/lib/cli/command-registry.js",
2026-10-05T12:19:07.8783404Z         "size": 25352,
2026-10-05T12:19:07.8783648Z         "mode": 420
2026-10-05T12:19:07.8783875Z       },
2026-10-05T12:19:07.8784069Z       {
2026-10-05T12:19:07.8784527Z         "path": "generated/plugins/agdf/runtime/create-agdf/lib/cli/contract-command.js",
2026-10-05T12:19:07.8785030Z         "size": 1796,
2026-10-05T12:19:07.8785268Z         "mode": 420
2026-10-05T12:19:07.8785500Z       },
2026-10-05T12:19:07.8785676Z       {
2026-10-05T12:19:07.8786143Z         "path": "generated/plugins/agdf/runtime/create-agdf/lib/cli/control-maintenance-command.js",
2026-10-05T12:19:07.8786716Z         "size": 2514,
2026-10-05T12:19:07.8786965Z         "mode": 420
2026-10-05T12:19:07.8787191Z       },
2026-10-05T12:19:07.8787510Z       {
2026-10-05T12:19:07.8788048Z         "path": "generated/plugins/agdf/runtime/create-agdf/lib/cli/delivery-path-search-command.js",
2026-10-05T12:19:07.8788607Z         "size": 9065,
2026-10-05T12:19:07.8788849Z         "mode": 420
2026-10-05T12:19:07.8789053Z       },
2026-10-05T12:19:07.8789233Z       {
2026-10-05T12:19:07.8789621Z         "path": "generated/plugins/agdf/runtime/create-agdf/lib/cli/parse-args.js",
2026-10-05T12:19:07.8790076Z         "size": 13953,
2026-10-05T12:19:07.8790309Z         "mode": 420
2026-10-05T12:19:07.8790524Z       },
2026-10-05T12:19:07.8790725Z       {
2026-10-05T12:19:07.8791170Z         "path": "generated/plugins/agdf/runtime/create-agdf/lib/cli/runtime-context.js",
2026-10-05T12:19:07.8791663Z         "size": 2217,
2026-10-05T12:19:07.8791907Z         "mode": 420
2026-10-05T12:19:07.8792126Z       },
2026-10-05T12:19:07.8792322Z       {
2026-10-05T12:19:07.8792797Z         "path": "generated/plugins/agdf/runtime/create-agdf/lib/cli/validation-handlers.js",
2026-10-05T12:19:07.8793339Z         "size": 11734,
2026-10-05T12:19:07.8793578Z         "mode": 420
2026-10-05T12:19:07.8793793Z       },
2026-10-05T12:19:07.8793978Z       {
2026-10-05T12:19:07.8794368Z         "path": "generated/plugins/agdf/runtime/create-agdf/lib/control-command.js",
2026-10-05T12:19:07.8794825Z         "size": 413,
2026-10-05T12:19:07.8795066Z         "mode": 420
2026-10-05T12:19:07.8795290Z       },
2026-10-05T12:19:07.8795484Z       {
2026-10-05T12:19:07.8796003Z         "path": "generated/plugins/agdf/runtime/create-agdf/lib/control-evaluation/git-observation.js",
2026-10-05T12:19:07.8796580Z         "size": 641,
2026-10-05T12:19:07.8796812Z         "mode": 420
2026-10-05T12:19:07.8797031Z       },
2026-10-05T12:19:07.8797237Z       {
2026-10-05T12:19:07.8797743Z         "path": "generated/plugins/agdf/runtime/create-agdf/lib/control-maintenance/interaction.js",
2026-10-05T12:19:07.8798290Z         "size": 1279,
2026-10-05T12:19:07.8798534Z         "mode": 420
2026-10-05T12:19:07.8798753Z       },
2026-10-05T12:19:07.8798945Z       {
2026-10-05T12:19:07.8799698Z         "path": "generated/plugins/agdf/runtime/create-agdf/lib/control-maintenance/repair.js",
2026-10-05T12:19:07.8800241Z         "size": 421,
2026-10-05T12:19:07.8800477Z         "mode": 420
2026-10-05T12:19:07.8800701Z       },
2026-10-05T12:19:07.8800905Z       {
2026-10-05T12:19:07.8801381Z         "path": "generated/plugins/agdf/runtime/create-agdf/lib/control-maintenance/service.js",
2026-10-05T12:19:07.8801916Z         "size": 264,
2026-10-05T12:19:07.8802171Z         "mode": 420
2026-10-05T12:19:07.8802335Z       },
2026-10-05T12:19:07.8802465Z       {
2026-10-05T12:19:07.8802762Z         "path": "generated/plugins/agdf/runtime/create-agdf/lib/control-maintenance/startup.js",
2026-10-05T12:19:07.8803088Z         "size": 1683,
2026-10-05T12:19:07.8803242Z         "mode": 420
2026-10-05T12:19:07.8803538Z       },
2026-10-05T12:19:07.8803671Z       {
2026-10-05T12:19:07.8803964Z         "path": "generated/plugins/agdf/runtime/create-agdf/lib/control-state/run-recovery.js",
2026-10-05T12:19:07.8804279Z         "size": 526,
2026-10-05T12:19:07.8804435Z         "mode": 420
2026-10-05T12:19:07.8804573Z       },
2026-10-05T12:19:07.8804707Z       {
2026-10-05T12:19:07.8805042Z         "path": "generated/plugins/agdf/runtime/create-agdf/lib/delivery-path-search/evaluators/claude.js",
2026-10-05T12:19:07.8805419Z         "size": 1525,
2026-10-05T12:19:07.8805578Z         "mode": 420
2026-10-05T12:19:07.8805725Z       },
2026-10-05T12:19:07.8805859Z       {
2026-10-05T12:19:07.8806195Z         "path": "generated/plugins/agdf/runtime/create-agdf/lib/delivery-path-search/evaluators/codex.js",
2026-10-05T12:19:07.8806544Z         "size": 1919,
2026-10-05T12:19:07.8806707Z         "mode": 420
2026-10-05T12:19:07.8806854Z       },
2026-10-05T12:19:07.8806982Z       {
2026-10-05T12:19:07.8807330Z         "path": "generated/plugins/agdf/runtime/create-agdf/lib/delivery-path-search/evaluators/opencode.js",
2026-10-05T12:19:07.8807782Z         "size": 8924,
2026-10-05T12:19:07.8807930Z         "mode": 420
2026-10-05T12:19:07.8808080Z       },
2026-10-05T12:19:07.8808206Z       {
2026-10-05T12:19:07.8808532Z         "path": "generated/plugins/agdf/runtime/create-agdf/lib/delivery-path-search/evaluators/prompt.js",
2026-10-05T12:19:07.8808874Z         "size": 753,
2026-10-05T12:19:07.8809032Z         "mode": 420
2026-10-05T12:19:07.8809171Z       },
2026-10-05T12:19:07.8809294Z       {
2026-10-05T12:19:07.8809623Z         "path": "generated/plugins/agdf/runtime/create-agdf/lib/delivery-path-search/evaluators/protocol.js",
2026-10-05T12:19:07.8809971Z         "size": 470,
2026-10-05T12:19:07.8810129Z         "mode": 420
2026-10-05T12:19:07.8810281Z       },
2026-10-05T12:19:07.8810409Z       {
2026-10-05T12:19:07.8810723Z         "path": "generated/plugins/agdf/runtime/create-agdf/lib/delivery-path-search/generators/claude.js",
2026-10-05T12:19:07.8811069Z         "size": 2203,
2026-10-05T12:19:07.8811221Z         "mode": 420
2026-10-05T12:19:07.8811361Z       },
2026-10-05T12:19:07.8811492Z       {
2026-10-05T12:19:07.8811821Z         "path": "generated/plugins/agdf/runtime/create-agdf/lib/delivery-path-search/generators/codex.js",
2026-10-05T12:19:07.8812160Z         "size": 2187,
2026-10-05T12:19:07.8812303Z         "mode": 420
2026-10-05T12:19:07.8812449Z       },
2026-10-05T12:19:07.8812577Z       {
2026-10-05T12:19:07.8812899Z         "path": "generated/plugins/agdf/runtime/create-agdf/lib/delivery-path-search/generators/protocol.js",
2026-10-05T12:19:07.8813253Z         "size": 389,
2026-10-05T12:19:07.8813403Z         "mode": 420
2026-10-05T12:19:07.8813543Z       },
2026-10-05T12:19:07.8813678Z       {
2026-10-05T12:19:07.8814015Z         "path": "generated/plugins/agdf/runtime/create-agdf/lib/delivery-path-search/surfaces/capabilities.js",
2026-10-05T12:19:07.8814370Z         "size": 1161,
2026-10-05T12:19:07.8814527Z         "mode": 420
2026-10-05T12:19:07.8814665Z       },
2026-10-05T12:19:07.8814793Z       {
2026-10-05T12:19:07.8815158Z         "path": "generated/plugins/agdf/runtime/create-agdf/lib/delivery-path-search/transports/read-only-guard.js",
2026-10-05T12:19:07.8815702Z         "size": 1271,
2026-10-05T12:19:07.8815939Z         "mode": 420
2026-10-05T12:19:07.8816162Z       },
2026-10-05T12:19:07.8816368Z       {
2026-10-05T12:19:07.8816882Z         "path": "generated/plugins/agdf/runtime/create-agdf/lib/host-adapters/claude/session-command.js",
2026-10-05T12:19:07.8817399Z         "size": 165,
2026-10-05T12:19:07.8817659Z         "mode": 420
2026-10-05T12:19:07.8817809Z       },
2026-10-05T12:19:07.8818049Z       {
2026-10-05T12:19:07.8818545Z         "path": "generated/plugins/agdf/runtime/create-agdf/lib/host-adapters/codex/session-command.js",
2026-10-05T12:19:07.8819096Z         "size": 455,
2026-10-05T12:19:07.8819715Z         "mode": 420
2026-10-05T12:19:07.8819932Z       },
2026-10-05T12:19:07.8820134Z       {
2026-10-05T12:19:07.8820649Z         "path": "generated/plugins/agdf/runtime/create-agdf/lib/host-adapters/copilot/session-command.js",
2026-10-05T12:19:07.8821181Z         "size": 91,
2026-10-05T12:19:07.8821397Z         "mode": 420
2026-10-05T12:19:07.8821607Z       },
2026-10-05T12:19:07.8821799Z       {
2026-10-05T12:19:07.8822303Z         "path": "generated/plugins/agdf/runtime/create-agdf/lib/host-adapters/opencode/session-command.js",
2026-10-05T12:19:07.8822816Z         "size": 76,
2026-10-05T12:19:07.8823018Z         "mode": 420
2026-10-05T12:19:07.8823235Z       },
2026-10-05T12:19:07.8823432Z       {
2026-10-05T12:19:07.8823911Z         "path": "generated/plugins/agdf/runtime/create-agdf/lib/host-adapters/session-command.js",
2026-10-05T12:19:07.8824462Z         "size": 609,
2026-10-05T12:19:07.8824701Z         "mode": 420
2026-10-05T12:19:07.8824893Z       },
2026-10-05T12:19:07.8825071Z       {
2026-10-05T12:19:07.8825479Z         "path": "generated/plugins/agdf/runtime/create-agdf/lib/host-command.js",
2026-10-05T12:19:07.8826069Z         "size": 5591,
2026-10-05T12:19:07.8826304Z         "mode": 420
2026-10-05T12:19:07.8826532Z       },
2026-10-05T12:19:07.8826691Z       {
2026-10-05T12:19:07.8827062Z         "path": "generated/plugins/agdf/runtime/create-agdf/lib/mcp-dispatch-runtime.js",
2026-10-05T12:19:07.8827490Z         "size": 7671,
2026-10-05T12:19:07.8827692Z         "mode": 420
2026-10-05T12:19:07.8827891Z       },
2026-10-05T12:19:07.8828058Z       {
2026-10-05T12:19:07.8828417Z         "path": "generated/plugins/agdf/runtime/create-agdf/lib/mcp-lifecycle/package.js",
2026-10-05T12:19:07.8828828Z         "size": 16097,
2026-10-05T12:19:07.8829032Z         "mode": 420
2026-10-05T12:19:07.8829212Z       },
2026-10-05T12:19:07.8829376Z       {
2026-10-05T12:19:07.8829809Z         "path": "generated/plugins/agdf/runtime/create-agdf/lib/mcp-lifecycle/plugin-runtime.js",
2026-10-05T12:19:07.8830253Z         "size": 12833,
2026-10-05T12:19:07.8830456Z         "mode": 420
2026-10-05T12:19:07.8830645Z       },
2026-10-05T12:19:07.8830813Z       {
2026-10-05T12:19:07.8831185Z         "path": "generated/plugins/agdf/runtime/create-agdf/lib/npm-invocation.js",
2026-10-05T12:19:07.8831597Z         "size": 969,
2026-10-05T12:19:07.8831798Z         "mode": 420
2026-10-05T12:19:07.8831980Z       },
2026-10-05T12:19:07.8832153Z       {
2026-10-05T12:19:07.8832586Z         "path": "generated/plugins/agdf/runtime/create-agdf/lib/repository-context.js",
2026-10-05T12:19:07.8833000Z         "size": 3033,
2026-10-05T12:19:07.8833182Z         "mode": 420
2026-10-05T12:19:07.8833354Z       },
2026-10-05T12:19:07.8833535Z       {
2026-10-05T12:19:07.8833992Z         "path": "generated/plugins/agdf/runtime/create-agdf/lib/runtime-check-consent/contract.js",
2026-10-05T12:19:07.8834509Z         "size": 3925,
2026-10-05T12:19:07.8834730Z         "mode": 420
2026-10-05T12:19:07.8834933Z       },
2026-10-05T12:19:07.8835126Z       {
2026-10-05T12:19:07.8835640Z         "path": "generated/plugins/agdf/runtime/create-agdf/lib/runtime/control-command-service.js",
2026-10-05T12:19:07.8836192Z         "size": 607,
2026-10-05T12:19:07.8836438Z         "mode": 420
2026-10-05T12:19:07.8836663Z       },
2026-10-05T12:19:07.8836849Z       {
2026-10-05T12:19:07.8837300Z         "path": "generated/plugins/agdf/runtime/create-agdf/lib/runtime/control-context.js",
2026-10-05T12:19:07.8837806Z         "size": 904,
2026-10-05T12:19:07.8838029Z         "mode": 420
2026-10-05T12:19:07.8838238Z       },
2026-10-05T12:19:07.8838430Z       {
2026-10-05T12:19:07.8838858Z         "path": "generated/plugins/agdf/runtime/create-agdf/lib/runtime/git-history.js",
2026-10-05T12:19:07.8839337Z         "size": 510,
2026-10-05T12:19:07.8839842Z         "mode": 420
2026-10-05T12:19:07.8840054Z       },
2026-10-05T12:19:07.8840239Z       {
2026-10-05T12:19:07.8840835Z         "path": "generated/plugins/agdf/runtime/create-agdf/lib/runtime/git-originals.js",
2026-10-05T12:19:07.8841344Z         "size": 2213,
2026-10-05T12:19:07.8841583Z         "mode": 420
2026-10-05T12:19:07.8841796Z       },
2026-10-05T12:19:07.8841993Z       {
2026-10-05T12:19:07.8842449Z         "path": "generated/plugins/agdf/runtime/create-agdf/lib/runtime/local-validator.js",
2026-10-05T12:19:07.8842955Z         "size": 14029,
2026-10-05T12:19:07.8843200Z         "mode": 420
2026-10-05T12:19:07.8843410Z       },
2026-10-05T12:19:07.8843599Z       {
2026-10-05T12:19:07.8844158Z         "path": "generated/plugins/agdf/runtime/create-agdf/lib/runtime/plugin-provenance.js",
2026-10-05T12:19:07.8844668Z         "size": 57,
2026-10-05T12:19:07.8844885Z         "mode": 420
2026-10-05T12:19:07.8845097Z       },
2026-10-05T12:19:07.8845298Z       {
2026-10-05T12:19:07.8845741Z         "path": "generated/plugins/agdf/runtime/create-agdf/lib/runtime/runtime-probe.js",
2026-10-05T12:19:07.8846233Z         "size": 3045,
2026-10-05T12:19:07.8846471Z         "mode": 420
2026-10-05T12:19:07.8846682Z       },
2026-10-05T12:19:07.8846976Z       {
2026-10-05T12:19:07.8847475Z         "path": "generated/plugins/agdf/runtime/create-agdf/lib/runtime/validator-application.js",
2026-10-05T12:19:07.8848009Z         "size": 1823,
2026-10-05T12:19:07.8848238Z         "mode": 420
2026-10-05T12:19:07.8848459Z       },
2026-10-05T12:19:07.8848644Z       {
2026-10-05T12:19:07.8849086Z         "path": "generated/plugins/agdf/runtime/create-agdf/lib/skill-dispatch/binding.js",
2026-10-05T12:19:07.8849587Z         "size": 642,
2026-10-05T12:19:07.8849815Z         "mode": 420
2026-10-05T12:19:07.8850024Z       },
2026-10-05T12:19:07.8850214Z       {
2026-10-05T12:19:07.8850549Z         "path": "generated/plugins/agdf/runtime/create-agdf/NOTICE",
2026-10-05T12:19:07.8850938Z         "size": 422,
2026-10-05T12:19:07.8851160Z         "mode": 420
2026-10-05T12:19:07.8851374Z       },
2026-10-05T12:19:07.8851562Z       {
2026-10-05T12:19:07.8851927Z         "path": "generated/plugins/agdf/runtime/create-agdf/package.json",
2026-10-05T12:19:07.8852359Z         "size": 220,
2026-10-05T12:19:07.8852582Z         "mode": 420
2026-10-05T12:19:07.8852791Z       },
2026-10-05T12:19:07.8852979Z       {
2026-10-05T12:19:07.8853569Z         "path": "generated/plugins/agdf/runtime/create-agdf/runtime/core/lib/control-evaluation/delivery-map.js",
2026-10-05T12:19:07.8854178Z         "size": 13111,
2026-10-05T12:19:07.8854409Z         "mode": 420
2026-10-05T12:19:07.8854616Z       },
2026-10-05T12:19:07.8854823Z       {
2026-10-05T12:19:07.8855452Z         "path": "generated/plugins/agdf/runtime/create-agdf/runtime/core/lib/control-evaluation/delivery-relationships.js",
2026-10-05T12:19:07.8856109Z         "size": 1370,
2026-10-05T12:19:07.8856343Z         "mode": 420
2026-10-05T12:19:07.8856559Z       },
2026-10-05T12:19:07.8856756Z       {
2026-10-05T12:19:07.8857271Z         "path": "generated/plugins/agdf/runtime/create-agdf/runtime/core/lib/control-evaluation/doctor.js",
2026-10-05T12:19:07.8857809Z         "size": 14393,
2026-10-05T12:19:07.8858016Z         "mode": 420
2026-10-05T12:19:07.8858227Z       },
2026-10-05T12:19:07.8858427Z       {
2026-10-05T12:19:07.8859002Z         "path": "generated/plugins/agdf/runtime/create-agdf/runtime/core/lib/control-evaluation/gate-check.js",
2026-10-05T12:19:07.8859615Z         "size": 37366,
2026-10-05T12:19:07.8860094Z         "mode": 420
2026-10-05T12:19:07.8860319Z       },
2026-10-05T12:19:07.8860517Z       {
2026-10-05T12:19:07.8861109Z         "path": "generated/plugins/agdf/runtime/create-agdf/runtime/core/lib/control-evaluation/gate-policy.js",
2026-10-05T12:19:07.8861777Z         "size": 17824,
2026-10-05T12:19:07.8862019Z         "mode": 420
2026-10-05T12:19:07.8862248Z       },
2026-10-05T12:19:07.8862446Z       {
2026-10-05T12:19:07.8863067Z         "path": "generated/plugins/agdf/runtime/create-agdf/runtime/core/lib/control-evaluation/parent-reconciliation.js",
2026-10-05T12:19:07.8864660Z         "size": 10121,
2026-10-05T12:19:07.8864925Z         "mode": 420
2026-10-05T12:19:07.8865155Z       },
2026-10-05T12:19:07.8865362Z       {
2026-10-05T12:19:07.8865945Z         "path": "generated/plugins/agdf/runtime/create-agdf/runtime/core/lib/control-evaluation/prd-readiness.js",
2026-10-05T12:19:07.8866553Z         "size": 2268,
2026-10-05T12:19:07.8866806Z         "mode": 420
2026-10-05T12:19:07.8867033Z       },
2026-10-05T12:19:07.8867233Z       {
2026-10-05T12:19:07.8867825Z         "path": "generated/plugins/agdf/runtime/create-agdf/runtime/core/lib/control-evaluation/required-files.js",
2026-10-05T12:19:07.8868447Z         "size": 337,
2026-10-05T12:19:07.8868687Z         "mode": 420
2026-10-05T12:19:07.8868912Z       },
2026-10-05T12:19:07.8869117Z       {
2026-10-05T12:19:07.8869686Z         "path": "generated/plugins/agdf/runtime/create-agdf/runtime/core/lib/control-evaluation/run-state.js",
2026-10-05T12:19:07.8870288Z         "size": 11605,
2026-10-05T12:19:07.8870542Z         "mode": 420
2026-10-05T12:19:07.8870762Z       },
2026-10-05T12:19:07.8871107Z       {
2026-10-05T12:19:07.8871717Z         "path": "generated/plugins/agdf/runtime/create-agdf/runtime/core/lib/control-evaluation/run-step-policy.js",
2026-10-05T12:19:07.8872356Z         "size": 1382,
2026-10-05T12:19:07.8872597Z         "mode": 420
2026-10-05T12:19:07.8872816Z       },
2026-10-05T12:19:07.8873025Z       {
2026-10-05T12:19:07.8873569Z         "path": "generated/plugins/agdf/runtime/create-agdf/runtime/core/lib/control-evaluation/sd-readiness.js",
2026-10-05T12:19:07.8874146Z         "size": 2561,
2026-10-05T12:19:07.8874391Z         "mode": 420
2026-10-05T12:19:07.8874617Z       },
2026-10-05T12:19:07.8874822Z       {
2026-10-05T12:19:07.8875394Z         "path": "generated/plugins/agdf/runtime/create-agdf/runtime/core/lib/control-evaluation/shared.js",
2026-10-05T12:19:07.8875992Z         "size": 10972,
2026-10-05T12:19:07.8876227Z         "mode": 420
2026-10-05T12:19:07.8876454Z       },
2026-10-05T12:19:07.8876648Z       {
2026-10-05T12:19:07.8877277Z         "path": "generated/plugins/agdf/runtime/create-agdf/runtime/core/lib/control-evaluation/traceability-readiness.js",
2026-10-05T12:19:07.8877950Z         "size": 13831,
2026-10-05T12:19:07.8878186Z         "mode": 420
2026-10-05T12:19:07.8878402Z       },
2026-10-05T12:19:07.8878593Z       {
2026-10-05T12:19:07.8879170Z         "path": "generated/plugins/agdf/runtime/create-agdf/runtime/core/lib/control-evaluation/ur-readiness.js",
2026-10-05T12:19:07.8879772Z         "size": 2045,
2026-10-05T12:19:07.8880297Z         "mode": 420
2026-10-05T12:19:07.8880522Z       },
2026-10-05T12:19:07.8880715Z       {
2026-10-05T12:19:07.8881301Z         "path": "generated/plugins/agdf/runtime/create-agdf/runtime/core/lib/control-evaluation/verified-change.js",
2026-10-05T12:19:07.8881917Z         "size": 12119,
2026-10-05T12:19:07.8882149Z         "mode": 420
2026-10-05T12:19:07.8882364Z       },
2026-10-05T12:19:07.8882582Z       {
2026-10-05T12:19:07.8883115Z         "path": "generated/plugins/agdf/runtime/create-agdf/runtime/core/lib/control-inspect/contract.js",
2026-10-05T12:19:07.8883696Z         "size": 13500,
2026-10-05T12:19:07.8883934Z         "mode": 420
2026-10-05T12:19:07.8884148Z       },
2026-10-05T12:19:07.8884337Z       {
2026-10-05T12:19:07.8884865Z         "path": "generated/plugins/agdf/runtime/create-agdf/runtime/core/lib/control-inspect/selection.js",
2026-10-05T12:19:07.8885457Z         "size": 1788,
2026-10-05T12:19:07.8885696Z         "mode": 420
2026-10-05T12:19:07.8885916Z       },
2026-10-05T12:19:07.8886120Z       {
2026-10-05T12:19:07.8886647Z         "path": "generated/plugins/agdf/runtime/create-agdf/runtime/core/lib/control-inspect/service.js",
2026-10-05T12:19:07.8887215Z         "size": 12577,
2026-10-05T12:19:07.8887458Z         "mode": 420
2026-10-05T12:19:07.8887671Z       },
2026-10-05T12:19:07.8887856Z       {
2026-10-05T12:19:07.8888615Z         "path": "generated/plugins/agdf/runtime/create-agdf/runtime/core/lib/control-maintenance/compatibility.js",
2026-10-05T12:19:07.8889234Z         "size": 8412,
2026-10-05T12:19:07.8889465Z         "mode": 420
2026-10-05T12:19:07.8889684Z       },
2026-10-05T12:19:07.8889889Z       {
2026-10-05T12:19:07.8890460Z         "path": "generated/plugins/agdf/runtime/create-agdf/runtime/core/lib/control-maintenance/contract.js",
2026-10-05T12:19:07.8891052Z         "size": 2342,
2026-10-05T12:19:07.8891289Z         "mode": 420
2026-10-05T12:19:07.8891378Z       },
2026-10-05T12:19:07.8891469Z       {
2026-10-05T12:19:07.8891935Z         "path": "generated/plugins/agdf/runtime/create-agdf/runtime/core/lib/control-maintenance/interaction.js",
2026-10-05T12:19:07.8892038Z         "size": 3207,
2026-10-05T12:19:07.8892131Z         "mode": 420
2026-10-05T12:19:07.8892220Z       },
2026-10-05T12:19:07.8892308Z       {
2026-10-05T12:19:07.8892757Z         "path": "generated/plugins/agdf/runtime/create-agdf/runtime/core/lib/control-maintenance/migration.js",
2026-10-05T12:19:07.8892856Z         "size": 5383,
2026-10-05T12:19:07.8893057Z         "mode": 420
2026-10-05T12:19:07.8893139Z       },
2026-10-05T12:19:07.8893231Z       {
2026-10-05T12:19:07.8893707Z         "path": "generated/plugins/agdf/runtime/create-agdf/runtime/core/lib/control-maintenance/presentation.js",
2026-10-05T12:19:07.8893808Z         "size": 8246,
2026-10-05T12:19:07.8893897Z         "mode": 420
2026-10-05T12:19:07.8893990Z       },
2026-10-05T12:19:07.8894077Z       {
2026-10-05T12:19:07.8894503Z         "path": "generated/plugins/agdf/runtime/create-agdf/runtime/core/lib/control-maintenance/repair.js",
2026-10-05T12:19:07.8894606Z         "size": 13216,
2026-10-05T12:19:07.8894704Z         "mode": 420
2026-10-05T12:19:07.8894798Z       },
2026-10-05T12:19:07.8894881Z       {
2026-10-05T12:19:07.8895333Z         "path": "generated/plugins/agdf/runtime/create-agdf/runtime/core/lib/control-maintenance/service.js",
2026-10-05T12:19:07.8895440Z         "size": 2412,
2026-10-05T12:19:07.8895531Z         "mode": 420
2026-10-05T12:19:07.8895627Z       },
2026-10-05T12:19:07.8895718Z       {
2026-10-05T12:19:07.8896141Z         "path": "generated/plugins/agdf/runtime/create-agdf/runtime/core/lib/control-read-boundary.js",
2026-10-05T12:19:07.8896233Z         "size": 906,
2026-10-05T12:19:07.8896334Z         "mode": 420
2026-10-05T12:19:07.8896426Z       },
2026-10-05T12:19:07.8896509Z       {
2026-10-05T12:19:07.8896930Z         "path": "generated/plugins/agdf/runtime/create-agdf/runtime/core/lib/control-state/aggregate.js",
2026-10-05T12:19:07.8897029Z         "size": 503,
2026-10-05T12:19:07.8897119Z         "mode": 420
2026-10-05T12:19:07.8897208Z       },
2026-10-05T12:19:07.8897297Z       {
2026-10-05T12:19:07.8898103Z         "path": "generated/plugins/agdf/runtime/create-agdf/runtime/core/lib/control-state/approval-command-contract.js",
2026-10-05T12:19:07.8898195Z         "size": 3748,
2026-10-05T12:19:07.8898295Z         "mode": 420
2026-10-05T12:19:07.8898392Z       },
2026-10-05T12:19:07.8898477Z       {
2026-10-05T12:19:07.8898942Z         "path": "generated/plugins/agdf/runtime/create-agdf/runtime/core/lib/control-state/approval-command.js",
2026-10-05T12:19:07.8899046Z         "size": 8139,
2026-10-05T12:19:07.8899156Z         "mode": 420
2026-10-05T12:19:07.8899238Z       },
2026-10-05T12:19:07.8899330Z       {
2026-10-05T12:19:07.8899811Z         "path": "generated/plugins/agdf/runtime/create-agdf/runtime/core/lib/control-state/approval-operations.js",
2026-10-05T12:19:07.8899901Z         "size": 6088,
2026-10-05T12:19:07.8900001Z         "mode": 420
2026-10-05T12:19:07.8900096Z       },
2026-10-05T12:19:07.8900185Z       {
2026-10-05T12:19:07.8900663Z         "path": "generated/plugins/agdf/runtime/create-agdf/runtime/core/lib/control-state/artefact-binding-proof.js",
2026-10-05T12:19:07.8900766Z         "size": 4880,
2026-10-05T12:19:07.8900870Z         "mode": 420
2026-10-05T12:19:07.8900949Z       },
2026-10-05T12:19:07.8901160Z       {
2026-10-05T12:19:07.8901625Z         "path": "generated/plugins/agdf/runtime/create-agdf/runtime/core/lib/control-state/artefact-bindings.js",
2026-10-05T12:19:07.8901728Z         "size": 6925,
2026-10-05T12:19:07.8901819Z         "mode": 420
2026-10-05T12:19:07.8901910Z       },
2026-10-05T12:19:07.8902002Z       {
2026-10-05T12:19:07.8902437Z         "path": "generated/plugins/agdf/runtime/create-agdf/runtime/core/lib/control-state/contained-file.js",
2026-10-05T12:19:07.8902536Z         "size": 2204,
2026-10-05T12:19:07.8902632Z         "mode": 420
2026-10-05T12:19:07.8902712Z       },
2026-10-05T12:19:07.8902806Z       {
2026-10-05T12:19:07.8903293Z         "path": "generated/plugins/agdf/runtime/create-agdf/runtime/core/lib/control-state/control-configuration.js",
2026-10-05T12:19:07.8903388Z         "size": 1072,
2026-10-05T12:19:07.8903476Z         "mode": 420
2026-10-05T12:19:07.8903563Z       },
2026-10-05T12:19:07.8903652Z       {
2026-10-05T12:19:07.8904143Z         "path": "generated/plugins/agdf/runtime/create-agdf/runtime/core/lib/control-state/gate-approval-validator.js",
2026-10-05T12:19:07.8904337Z         "size": 1704,
2026-10-05T12:19:07.8904432Z         "mode": 420
2026-10-05T12:19:07.8904524Z       },
2026-10-05T12:19:07.8904606Z       {
2026-10-05T12:19:07.8905006Z         "path": "generated/plugins/agdf/runtime/create-agdf/runtime/core/lib/control-state/index.js",
2026-10-05T12:19:07.8905106Z         "size": 346,
2026-10-05T12:19:07.8905196Z         "mode": 420
2026-10-05T12:19:07.8905289Z       },
2026-10-05T12:19:07.8905383Z       {
2026-10-05T12:19:07.8905832Z         "path": "generated/plugins/agdf/runtime/create-agdf/runtime/core/lib/control-state/legacy-migration.js",
2026-10-05T12:19:07.8905929Z         "size": 3088,
2026-10-05T12:19:07.8906026Z         "mode": 420
2026-10-05T12:19:07.8906115Z       },
2026-10-05T12:19:07.8906199Z       {
2026-10-05T12:19:07.8906702Z         "path": "generated/plugins/agdf/runtime/create-agdf/runtime/core/lib/control-state/legacy-projection-reader.js",
2026-10-05T12:19:07.8906805Z         "size": 1984,
2026-10-05T12:19:07.8906894Z         "mode": 420
2026-10-05T12:19:07.8906986Z       },
2026-10-05T12:19:07.8907072Z       {
2026-10-05T12:19:07.8907555Z         "path": "generated/plugins/agdf/runtime/create-agdf/runtime/core/lib/control-state/run-artefact-recording.js",
2026-10-05T12:19:07.8907643Z         "size": 6620,
2026-10-05T12:19:07.8907742Z         "mode": 420
2026-10-05T12:19:07.8907833Z       },
2026-10-05T12:19:07.8907913Z       {
2026-10-05T12:19:07.8908344Z         "path": "generated/plugins/agdf/runtime/create-agdf/runtime/core/lib/control-state/run-identity.js",
2026-10-05T12:19:07.8908442Z         "size": 573,
2026-10-05T12:19:07.8908537Z         "mode": 420
2026-10-05T12:19:07.8908620Z       },
2026-10-05T12:19:07.8908710Z       {
2026-10-05T12:19:07.8909198Z         "path": "generated/plugins/agdf/runtime/create-agdf/runtime/core/lib/control-state/run-presentation-render.js",
2026-10-05T12:19:07.8909284Z         "size": 17579,
2026-10-05T12:19:07.8909389Z         "mode": 420
2026-10-05T12:19:07.8909481Z       },
2026-10-05T12:19:07.8909562Z       {
2026-10-05T12:19:07.8910016Z         "path": "generated/plugins/agdf/runtime/create-agdf/runtime/core/lib/control-state/run-presentation.js",
2026-10-05T12:19:07.8910114Z         "size": 6777,
2026-10-05T12:19:07.8910211Z         "mode": 420
2026-10-05T12:19:07.8910294Z       },
2026-10-05T12:19:07.8910387Z       {
2026-10-05T12:19:07.8910821Z         "path": "generated/plugins/agdf/runtime/create-agdf/runtime/core/lib/control-state/run-recording.js",
2026-10-05T12:19:07.8910912Z         "size": 10751,
2026-10-05T12:19:07.8911010Z         "mode": 420
2026-10-05T12:19:07.8911100Z       },
2026-10-05T12:19:07.8911206Z       {
2026-10-05T12:19:07.8911627Z         "path": "generated/plugins/agdf/runtime/create-agdf/runtime/core/lib/control-state/run-recovery.js",
2026-10-05T12:19:07.8911730Z         "size": 17891,
2026-10-05T12:19:07.8911937Z         "mode": 420
2026-10-05T12:19:07.8912018Z       },
2026-10-05T12:19:07.8912112Z       {
2026-10-05T12:19:07.8912634Z         "path": "generated/plugins/agdf/runtime/create-agdf/runtime/core/lib/control-state/run-relationship-correction.js",
2026-10-05T12:19:07.8912735Z         "size": 5721,
2026-10-05T12:19:07.8912825Z         "mode": 420
2026-10-05T12:19:07.8912919Z       },
2026-10-05T12:19:07.8913008Z       {
2026-10-05T12:19:07.8913472Z         "path": "generated/plugins/agdf/runtime/create-agdf/runtime/core/lib/control-state/run-revision-history.js",
2026-10-05T12:19:07.8913573Z         "size": 9598,
2026-10-05T12:19:07.8913671Z         "mode": 420
2026-10-05T12:19:07.8913760Z       },
2026-10-05T12:19:07.8913854Z       {
2026-10-05T12:19:07.8914287Z         "path": "generated/plugins/agdf/runtime/create-agdf/runtime/core/lib/control-state/run-revision.js",
2026-10-05T12:19:07.8914386Z         "size": 24412,
2026-10-05T12:19:07.8914473Z         "mode": 420
2026-10-05T12:19:07.8914570Z       },
2026-10-05T12:19:07.8914663Z       {
2026-10-05T12:19:07.8915179Z         "path": "generated/plugins/agdf/runtime/create-agdf/runtime/core/lib/control-state/run-seal.js",
2026-10-05T12:19:07.8915283Z         "size": 7838,
2026-10-05T12:19:07.8915383Z         "mode": 420
2026-10-05T12:19:07.8915474Z       },
2026-10-05T12:19:07.8915555Z       {
2026-10-05T12:19:07.8916025Z         "path": "generated/plugins/agdf/runtime/create-agdf/runtime/core/lib/control-state/run-source-revisions.js",
2026-10-05T12:19:07.8916123Z         "size": 9961,
2026-10-05T12:19:07.8916215Z         "mode": 420
2026-10-05T12:19:07.8916308Z       },
2026-10-05T12:19:07.8916395Z       {
2026-10-05T12:19:07.8916853Z         "path": "generated/plugins/agdf/runtime/create-agdf/runtime/core/lib/control-state/run-state-edits.js",
2026-10-05T12:19:07.8916946Z         "size": 6233,
2026-10-05T12:19:07.8917046Z         "mode": 420
2026-10-05T12:19:07.8917131Z       },
2026-10-05T12:19:07.8917214Z       {
2026-10-05T12:19:07.8917884Z         "path": "generated/plugins/agdf/runtime/create-agdf/runtime/core/lib/control-state/run-state-parser.js",
2026-10-05T12:19:07.8917992Z         "size": 12277,
2026-10-05T12:19:07.8918080Z         "mode": 420
2026-10-05T12:19:07.8918170Z       },
2026-10-05T12:19:07.8918262Z       {
2026-10-05T12:19:07.8918725Z         "path": "generated/plugins/agdf/runtime/create-agdf/runtime/core/lib/control-state/run-state-reader.js",
2026-10-05T12:19:07.8918819Z         "size": 1875,
2026-10-05T12:19:07.8918915Z         "mode": 420
2026-10-05T12:19:07.8919009Z       },
2026-10-05T12:19:07.8919084Z       {
2026-10-05T12:19:07.8919543Z         "path": "generated/plugins/agdf/runtime/create-agdf/runtime/core/lib/control-state/run-state-repository.js",
2026-10-05T12:19:07.8919648Z         "size": 6390,
2026-10-05T12:19:07.8919741Z         "mode": 420
2026-10-05T12:19:07.8919821Z       },
2026-10-05T12:19:07.8919908Z       {
2026-10-05T12:19:07.8920328Z         "path": "generated/plugins/agdf/runtime/create-agdf/runtime/core/lib/control-state/run-state-resolver.js",
2026-10-05T12:19:07.8920427Z         "size": 1371,
2026-10-05T12:19:07.8920529Z         "mode": 420
2026-10-05T12:19:07.8920625Z       },
2026-10-05T12:19:07.8920719Z       {
2026-10-05T12:19:07.8921190Z         "path": "generated/plugins/agdf/runtime/create-agdf/runtime/core/lib/control-state/run-state-writer.js",
2026-10-05T12:19:07.8921299Z         "size": 16219,
2026-10-05T12:19:07.8921401Z         "mode": 420
2026-10-05T12:19:07.8921486Z       },
2026-10-05T12:19:07.8921583Z       {
2026-10-05T12:19:07.8922020Z         "path": "generated/plugins/agdf/runtime/create-agdf/runtime/core/lib/control-state/run-step-pending.js",
2026-10-05T12:19:07.8922118Z         "size": 620,
2026-10-05T12:19:07.8922204Z         "mode": 420
2026-10-05T12:19:07.8922291Z       },
2026-10-05T12:19:07.8922377Z       {
2026-10-05T12:19:07.8922956Z         "path": "generated/plugins/agdf/runtime/create-agdf/runtime/core/lib/control-state/run-step-transaction.js",
2026-10-05T12:19:07.8923052Z         "size": 15958,
2026-10-05T12:19:07.8923150Z         "mode": 420
2026-10-05T12:19:07.8923223Z       },
2026-10-05T12:19:07.8923304Z       {
2026-10-05T12:19:07.8923710Z         "path": "generated/plugins/agdf/runtime/create-agdf/runtime/core/lib/control-state/run-steps.js",
2026-10-05T12:19:07.8923805Z         "size": 15588,
2026-10-05T12:19:07.8923893Z         "mode": 420
2026-10-05T12:19:07.8923979Z       },
2026-10-05T12:19:07.8924062Z       {
2026-10-05T12:19:07.8924498Z         "path": "generated/plugins/agdf/runtime/create-agdf/runtime/core/lib/control-state/run-store-inspection.js",
2026-10-05T12:19:07.8924588Z         "size": 2164,
2026-10-05T12:19:07.8924678Z         "mode": 420
2026-10-05T12:19:07.8924766Z       },
2026-10-05T12:19:07.8924849Z       {
2026-10-05T12:19:07.8925301Z         "path": "generated/plugins/agdf/runtime/create-agdf/runtime/core/lib/delivery-continuation/service.js",
2026-10-05T12:19:07.8925396Z         "size": 3947,
2026-10-05T12:19:07.8925486Z         "mode": 420
2026-10-05T12:19:07.8925681Z       },
2026-10-05T12:19:07.8925767Z       {
2026-10-05T12:19:07.8926273Z         "path": "generated/plugins/agdf/runtime/create-agdf/runtime/core/lib/delivery-path-search/candidate-policy.js",
2026-10-05T12:19:07.8926378Z         "size": 3919,
2026-10-05T12:19:07.8926486Z         "mode": 420
2026-10-05T12:19:07.8926586Z       },
2026-10-05T12:19:07.8926675Z       {
2026-10-05T12:19:07.8927152Z         "path": "generated/plugins/agdf/runtime/create-agdf/runtime/core/lib/delivery-path-search/contracts.js",
2026-10-05T12:19:07.8927248Z         "size": 15955,
2026-10-05T12:19:07.8927341Z         "mode": 420
2026-10-05T12:19:07.8927431Z       },
2026-10-05T12:19:07.8927523Z       {
2026-10-05T12:19:07.8928007Z         "path": "generated/plugins/agdf/runtime/create-agdf/runtime/core/lib/delivery-path-search/persistence.js",
2026-10-05T12:19:07.8928100Z         "size": 2521,
2026-10-05T12:19:07.8928205Z         "mode": 420
2026-10-05T12:19:07.8928305Z       },
2026-10-05T12:19:07.8928398Z       {
2026-10-05T12:19:07.8928814Z         "path": "generated/plugins/agdf/runtime/create-agdf/runtime/core/lib/delivery-path-search/scoring.js",
2026-10-05T12:19:07.8928898Z         "size": 824,
2026-10-05T12:19:07.8928986Z         "mode": 420
2026-10-05T12:19:07.8929061Z       },
2026-10-05T12:19:07.8929141Z       {
2026-10-05T12:19:07.8929591Z         "path": "generated/plugins/agdf/runtime/create-agdf/runtime/core/lib/delivery-path-search/search-engine.js",
2026-10-05T12:19:07.8929683Z         "size": 11244,
2026-10-05T12:19:07.8929782Z         "mode": 420
2026-10-05T12:19:07.8929874Z       },
2026-10-05T12:19:07.8929957Z       {
2026-10-05T12:19:07.8930419Z         "path": "generated/plugins/agdf/runtime/create-agdf/runtime/core/lib/delivery-path-search/state-adapter.js",
2026-10-05T12:19:07.8930500Z         "size": 4596,
2026-10-05T12:19:07.8930589Z         "mode": 420
2026-10-05T12:19:07.8930673Z       },
2026-10-05T12:19:07.8930748Z       {
2026-10-05T12:19:07.8931066Z         "path": "generated/plugins/agdf/runtime/create-agdf/runtime/core/lib/fs-swap.js",
2026-10-05T12:19:07.8931147Z         "size": 916,
2026-10-05T12:19:07.8931246Z         "mode": 420
2026-10-05T12:19:07.8931340Z       },
2026-10-05T12:19:07.8931432Z       {
2026-10-05T12:19:07.8931754Z         "path": "generated/plugins/agdf/runtime/create-agdf/runtime/core/lib/index.js",
2026-10-05T12:19:07.8931853Z         "size": 954,
2026-10-05T12:19:07.8931950Z         "mode": 420
2026-10-05T12:19:07.8932037Z       },
2026-10-05T12:19:07.8932130Z       {
2026-10-05T12:19:07.8932608Z         "path": "generated/plugins/agdf/runtime/create-agdf/runtime/core/lib/interaction-catalog-validation.js",
2026-10-05T12:19:07.8932708Z         "size": 1453,
2026-10-05T12:19:07.8932801Z         "mode": 420
2026-10-05T12:19:07.8932896Z       },
2026-10-05T12:19:07.8932988Z       {
2026-10-05T12:19:07.8933511Z         "path": "generated/plugins/agdf/runtime/create-agdf/runtime/core/lib/interaction-catalog.js",
2026-10-05T12:19:07.8933619Z         "size": 3628,
2026-10-05T12:19:07.8933717Z         "mode": 420
2026-10-05T12:19:07.8933799Z       },
2026-10-05T12:19:07.8933891Z       {
2026-10-05T12:19:07.8934322Z         "path": "generated/plugins/agdf/runtime/create-agdf/runtime/core/lib/interaction-presentation.js",
2026-10-05T12:19:07.8934422Z         "size": 65120,
2026-10-05T12:19:07.8934513Z         "mode": 420
2026-10-05T12:19:07.8934608Z       },
2026-10-05T12:19:07.8934701Z       {
2026-10-05T12:19:07.8935135Z         "path": "generated/plugins/agdf/runtime/create-agdf/runtime/core/lib/repository-context-reader.js",
2026-10-05T12:19:07.8935241Z         "size": 3135,
2026-10-05T12:19:07.8935337Z         "mode": 420
2026-10-05T12:19:07.8935426Z       },
2026-10-05T12:19:07.8935508Z       {
2026-10-05T12:19:07.8935910Z         "path": "generated/plugins/agdf/runtime/create-agdf/runtime/core/lib/resources/binding.js",
2026-10-05T12:19:07.8936005Z         "size": 303,
2026-10-05T12:19:07.8936182Z         "mode": 420
2026-10-05T12:19:07.8936278Z       },
2026-10-05T12:19:07.8936371Z       {
2026-10-05T12:19:07.8936739Z         "path": "generated/plugins/agdf/runtime/create-agdf/runtime/core/lib/resources/context.js",
2026-10-05T12:19:07.8936839Z         "size": 3469,
2026-10-05T12:19:07.8936937Z         "mode": 420
2026-10-05T12:19:07.8937029Z       },
2026-10-05T12:19:07.8937114Z       {
2026-10-05T12:19:07.8937520Z         "path": "generated/plugins/agdf/runtime/create-agdf/runtime/core/lib/resources/contracts.js",
2026-10-05T12:19:07.8937618Z         "size": 1513,
2026-10-05T12:19:07.8937708Z         "mode": 420
2026-10-05T12:19:07.8938093Z       },
2026-10-05T12:19:07.8938194Z       {
2026-10-05T12:19:07.8938703Z         "path": "generated/plugins/agdf/runtime/create-agdf/runtime/core/lib/runtime/distribution-profile-history.js",
2026-10-05T12:19:07.8938795Z         "size": 6077,
2026-10-05T12:19:07.8938901Z         "mode": 420
2026-10-05T12:19:07.8938991Z       },
2026-10-05T12:19:07.8939077Z       {
2026-10-05T12:19:07.8939513Z         "path": "generated/plugins/agdf/runtime/create-agdf/runtime/core/lib/runtime/plugin-provenance.js",
2026-10-05T12:19:07.8939618Z         "size": 20490,
2026-10-05T12:19:07.8939716Z         "mode": 420
2026-10-05T12:19:07.8939799Z       },
2026-10-05T12:19:07.8939893Z       {
2026-10-05T12:19:07.8940313Z         "path": "generated/plugins/agdf/runtime/create-agdf/runtime/core/lib/skill-dispatch/binding.js",
2026-10-05T12:19:07.8940403Z         "size": 3647,
2026-10-05T12:19:07.8940501Z         "mode": 420
2026-10-05T12:19:07.8940596Z       },
2026-10-05T12:19:07.8940681Z       {
2026-10-05T12:19:07.8941106Z         "path": "generated/plugins/agdf/runtime/create-agdf/runtime/core/lib/skill-dispatch/contract.js",
2026-10-05T12:19:07.8941209Z         "size": 27887,
2026-10-05T12:19:07.8941310Z         "mode": 420
2026-10-05T12:19:07.8941398Z       },
2026-10-05T12:19:07.8941492Z       {
2026-10-05T12:19:07.8941960Z         "path": "generated/plugins/agdf/runtime/create-agdf/runtime/core/lib/skill-dispatch/delivery-intake.js",
2026-10-05T12:19:07.8942055Z         "size": 4635,
2026-10-05T12:19:07.8942155Z         "mode": 420
2026-10-05T12:19:07.8942250Z       },
2026-10-05T12:19:07.8942333Z       {
2026-10-05T12:19:07.8942835Z         "path": "generated/plugins/agdf/runtime/create-agdf/runtime/core/lib/skill-dispatch/delivery-run-assignment.js",
2026-10-05T12:19:07.8942932Z         "size": 4578,
2026-10-05T12:19:07.8943030Z         "mode": 420
2026-10-05T12:19:07.8943112Z       },
2026-10-05T12:19:07.8943203Z       {
2026-10-05T12:19:07.8943659Z         "path": "generated/plugins/agdf/runtime/create-agdf/runtime/core/lib/skill-dispatch/prd-definition.js",
2026-10-05T12:19:07.8943760Z         "size": 2845,
2026-10-05T12:19:07.8943847Z         "mode": 420
2026-10-05T12:19:07.8943939Z       },
2026-10-05T12:19:07.8944032Z       {
2026-10-05T12:19:07.8944575Z         "path": "generated/plugins/agdf/runtime/create-agdf/runtime/core/lib/skill-dispatch/sd-definition.js",
2026-10-05T12:19:07.8944678Z         "size": 2900,
2026-10-05T12:19:07.8944773Z         "mode": 420
2026-10-05T12:19:07.8944855Z       },
2026-10-05T12:19:07.8944946Z       {
2026-10-05T12:19:07.8945351Z         "path": "generated/plugins/agdf/runtime/create-agdf/runtime/core/lib/skill-dispatch/service.js",
2026-10-05T12:19:07.8945449Z         "size": 40882,
2026-10-05T12:19:07.8945537Z         "mode": 420
2026-10-05T12:19:07.8945625Z       },
2026-10-05T12:19:07.8945709Z       {
2026-10-05T12:19:07.8946111Z         "path": "generated/plugins/agdf/runtime/create-agdf/runtime/core/lib/task-target-resolution.js",
2026-10-05T12:19:07.8946213Z         "size": 8096,
2026-10-05T12:19:07.8946307Z         "mode": 420
2026-10-05T12:19:07.8946401Z       },
2026-10-05T12:19:07.8946488Z       {
2026-10-05T12:19:07.8946744Z         "path": "generated/plugins/agdf/runtime/runtime-manifest.json",
2026-10-05T12:19:07.8946839Z         "size": 236,
2026-10-05T12:19:07.8947036Z         "mode": 420
2026-10-05T12:19:07.8947131Z       },
2026-10-05T12:19:07.8947228Z       {
2026-10-05T12:19:07.8947508Z         "path": "generated/plugins/agdf/scripts/agent-skills-conformance.mjs",
2026-10-05T12:19:07.8947608Z         "size": 24427,
2026-10-05T12:19:07.8947705Z         "mode": 420
2026-10-05T12:19:07.8947793Z       },
2026-10-05T12:19:07.8947873Z       {
2026-10-05T12:19:07.8948157Z         "path": "generated/plugins/agdf/scripts/check-runtime-integrity.mjs",
2026-10-05T12:19:07.8948258Z         "size": 130053,
2026-10-05T12:19:07.8948346Z         "mode": 420
2026-10-05T12:19:07.8948435Z       },
2026-10-05T12:19:07.8948524Z       {
2026-10-05T12:19:07.8948789Z         "path": "generated/plugins/agdf/scripts/instruction-footprint.mjs",
2026-10-05T12:19:07.8948883Z         "size": 41754,
2026-10-05T12:19:07.8948984Z         "mode": 420
2026-10-05T12:19:07.8949076Z       },
2026-10-05T12:19:07.8949162Z       {
2026-10-05T12:19:07.8949437Z         "path": "generated/plugins/agdf/skills/brownfield-analysis/help.md",
2026-10-05T12:19:07.8949543Z         "size": 497,
2026-10-05T12:19:07.8949637Z         "mode": 420
2026-10-05T12:19:07.8949732Z       },
2026-10-05T12:19:07.8949826Z       {
2026-10-05T12:19:07.8950103Z         "path": "generated/plugins/agdf/skills/brownfield-analysis/SKILL.md",
2026-10-05T12:19:07.8950204Z         "size": 15519,
2026-10-05T12:19:07.8950303Z         "mode": 420
2026-10-05T12:19:07.8950392Z       },
2026-10-05T12:19:07.8950473Z       {
2026-10-05T12:19:07.8950798Z         "path": "generated/plugins/agdf/skills/clean-implementation-review/help.md",
2026-10-05T12:19:07.8950899Z         "size": 520,
2026-10-05T12:19:07.8950988Z         "mode": 420
2026-10-05T12:19:07.8951080Z       },
2026-10-05T12:19:07.8951170Z       {
2026-10-05T12:19:07.8951495Z         "path": "generated/plugins/agdf/skills/clean-implementation-review/SKILL.md",
2026-10-05T12:19:07.8951586Z         "size": 7536,
2026-10-05T12:19:07.8951685Z         "mode": 420
2026-10-05T12:19:07.8951781Z       },
2026-10-05T12:19:07.8951864Z       {
2026-10-05T12:19:07.8952106Z         "path": "generated/plugins/agdf/skills/code-review/help.md",
2026-10-05T12:19:07.8952212Z         "size": 407,
2026-10-05T12:19:07.8952301Z         "mode": 420
2026-10-05T12:19:07.8952388Z       },
2026-10-05T12:19:07.8952477Z       {
2026-10-05T12:19:07.8952711Z         "path": "generated/plugins/agdf/skills/code-review/SKILL.md",
2026-10-05T12:19:07.8952803Z         "size": 7635,
2026-10-05T12:19:07.8952900Z         "mode": 420
2026-10-05T12:19:07.8952991Z       },
2026-10-05T12:19:07.8953076Z       {
2026-10-05T12:19:07.8953346Z         "path": "generated/plugins/agdf/skills/delivery-closeout/help.md",
2026-10-05T12:19:07.8953444Z         "size": 416,
2026-10-05T12:19:07.8953531Z         "mode": 420
2026-10-05T12:19:07.8953627Z       },
2026-10-05T12:19:07.8953718Z       {
2026-10-05T12:19:07.8954090Z         "path": "generated/plugins/agdf/skills/delivery-closeout/SKILL.md",
2026-10-05T12:19:07.8954186Z         "size": 7197,
2026-10-05T12:19:07.8954278Z         "mode": 420
2026-10-05T12:19:07.8954364Z       },
2026-10-05T12:19:07.8954446Z       {
2026-10-05T12:19:07.8954730Z         "path": "generated/plugins/agdf/skills/delivery-path-search/help.md",
2026-10-05T12:19:07.8954827Z         "size": 555,
2026-10-05T12:19:07.8954925Z         "mode": 420
2026-10-05T12:19:07.8955011Z       },
2026-10-05T12:19:07.8955103Z       {
2026-10-05T12:19:07.8955389Z         "path": "generated/plugins/agdf/skills/delivery-path-search/SKILL.md",
2026-10-05T12:19:07.8955479Z         "size": 8035,
2026-10-05T12:19:07.8955577Z         "mode": 420
2026-10-05T12:19:07.8955668Z       },
2026-10-05T12:19:07.8955753Z       {
2026-10-05T12:19:07.8955985Z         "path": "generated/plugins/agdf/skills/gate-check/help.md",
2026-10-05T12:19:07.8956086Z         "size": 430,
2026-10-05T12:19:07.8956186Z         "mode": 420
2026-10-05T12:19:07.8956269Z       },
2026-10-05T12:19:07.8956460Z       {
2026-10-05T12:19:07.8956696Z         "path": "generated/plugins/agdf/skills/gate-check/SKILL.md",
2026-10-05T12:19:07.8956783Z         "size": 5536,
2026-10-05T12:19:07.8956883Z         "mode": 420
2026-10-05T12:19:07.8956969Z       },
2026-10-05T12:19:07.8957047Z       {
2026-10-05T12:19:07.8957300Z         "path": "generated/plugins/agdf/skills/prd-definition/help.md",
2026-10-05T12:19:07.8957396Z         "size": 551,
2026-10-05T12:19:07.8957495Z         "mode": 420
2026-10-05T12:19:07.8957573Z       },
2026-10-05T12:19:07.8957660Z       {
2026-10-05T12:19:07.8957911Z         "path": "generated/plugins/agdf/skills/prd-definition/SKILL.md",
2026-10-05T12:19:07.8958210Z         "size": 3842,
2026-10-05T12:19:07.8958309Z         "mode": 420
2026-10-05T12:19:07.8958407Z       },
2026-10-05T12:19:07.8958490Z       {
2026-10-05T12:19:07.8958718Z         "path": "generated/plugins/agdf/skills/qa-gate/help.md",
2026-10-05T12:19:07.8958818Z         "size": 385,
2026-10-05T12:19:07.8958922Z         "mode": 420
2026-10-05T12:19:07.8959006Z       },
2026-10-05T12:19:07.8959103Z       {
2026-10-05T12:19:07.8959331Z         "path": "generated/plugins/agdf/skills/qa-gate/SKILL.md",
2026-10-05T12:19:07.8959422Z         "size": 10640,
2026-10-05T12:19:07.8959522Z         "mode": 420
2026-10-05T12:19:07.8959613Z       },
2026-10-05T12:19:07.8959694Z       {
2026-10-05T12:19:07.8959924Z         "path": "generated/plugins/agdf/skills/release-or/help.md",
2026-10-05T12:19:07.8960024Z         "size": 447,
2026-10-05T12:19:07.8960121Z         "mode": 420
2026-10-05T12:19:07.8960203Z       },
2026-10-05T12:19:07.8960295Z       {
2026-10-05T12:19:07.8960524Z         "path": "generated/plugins/agdf/skills/release-or/SKILL.md",
2026-10-05T12:19:07.8960614Z         "size": 10049,
2026-10-05T12:19:07.8960712Z         "mode": 420
2026-10-05T12:19:07.8960806Z       },
2026-10-05T12:19:07.8960887Z       {
2026-10-05T12:19:07.8961131Z         "path": "generated/plugins/agdf/skills/sd-definition/help.md",
2026-10-05T12:19:07.8961235Z         "size": 531,
2026-10-05T12:19:07.8961330Z         "mode": 420
2026-10-05T12:19:07.8961412Z       },
2026-10-05T12:19:07.8961503Z       {
2026-10-05T12:19:07.8961816Z         "path": "generated/plugins/agdf/skills/sd-definition/SKILL.md",
2026-10-05T12:19:07.8961909Z         "size": 3747,
2026-10-05T12:19:07.8962003Z         "mode": 420
2026-10-05T12:19:07.8962089Z       },
2026-10-05T12:19:07.8962171Z       {
2026-10-05T12:19:07.8962427Z         "path": "generated/plugins/agdf/skills/task-plan-review/help.md",
2026-10-05T12:19:07.8962526Z         "size": 457,
2026-10-05T12:19:07.8962624Z         "mode": 420
2026-10-05T12:19:07.8962706Z       },
2026-10-05T12:19:07.8962795Z       {
2026-10-05T12:19:07.8963058Z         "path": "generated/plugins/agdf/skills/task-plan-review/SKILL.md",
2026-10-05T12:19:07.8963150Z         "size": 8292,
2026-10-05T12:19:07.8963376Z         "mode": 420
2026-10-05T12:19:07.8963472Z       },
2026-10-05T12:19:07.8963567Z       {
2026-10-05T12:19:07.8963851Z         "path": "generated/plugins/agdf/skills/ur-definition/help.md",
2026-10-05T12:19:07.8964015Z         "size": 524,
2026-10-05T12:19:07.8964176Z         "mode": 420
2026-10-05T12:19:07.8964293Z       },
2026-10-05T12:19:07.8964450Z       {
2026-10-05T12:19:07.8964795Z         "path": "generated/plugins/agdf/skills/ur-definition/SKILL.md",
2026-10-05T12:19:07.8977295Z         "size": 3720,
2026-10-05T12:19:07.8977436Z         "mode": 420
2026-10-05T12:19:07.8977538Z       },
2026-10-05T12:19:07.8977638Z       {
2026-10-05T12:19:07.8977926Z         "path": "generated/plugins/agdf/skills/ux-intent-definition/help.md",
2026-10-05T12:19:07.8978028Z         "size": 540,
2026-10-05T12:19:07.8978384Z         "mode": 420
2026-10-05T12:19:07.8978461Z       },
2026-10-05T12:19:07.8978541Z       {
2026-10-05T12:19:07.8978786Z         "path": "generated/plugins/agdf/skills/ux-intent-definition/SKILL.md",
2026-10-05T12:19:07.8978875Z         "size": 7311,
2026-10-05T12:19:07.8979177Z         "mode": 420
2026-10-05T12:19:07.8979273Z       },
2026-10-05T12:19:07.8979359Z       {
2026-10-05T12:19:07.8979633Z         "path": "generated/plugins/agdf/submission/openai/availability.md",
2026-10-05T12:19:07.8979735Z         "size": 763,
2026-10-05T12:19:07.8979832Z         "mode": 420
2026-10-05T12:19:07.8979914Z       },
2026-10-05T12:19:07.8980005Z       {
2026-10-05T12:19:07.8980316Z         "path": "generated/plugins/agdf/submission/openai/capability-matrix.json",
2026-10-05T12:19:07.8980398Z         "size": 2107,
2026-10-05T12:19:07.8980485Z         "mode": 420
2026-10-05T12:19:07.8980563Z       },
2026-10-05T12:19:07.8980651Z       {
2026-10-05T12:19:07.8980884Z         "path": "generated/plugins/agdf/submission/openai/release-notes.md",
2026-10-05T12:19:07.8980973Z         "size": 2461,
2026-10-05T12:19:07.8981059Z         "mode": 420
2026-10-05T12:19:07.8981140Z       },
2026-10-05T12:19:07.8981228Z       {
2026-10-05T12:19:07.8981476Z         "path": "generated/plugins/agdf/submission/openai/reviewer-cases.json",
2026-10-05T12:19:07.8981567Z         "size": 6324,
2026-10-05T12:19:07.8981656Z         "mode": 420
2026-10-05T12:19:07.8981747Z       },
2026-10-05T12:19:07.8981832Z       {
2026-10-05T12:19:07.8982073Z         "path": "generated/plugins/copilot/agdf/.agdf-payload-inventory.json",
2026-10-05T12:19:07.8982144Z         "size": 83835,
2026-10-05T12:19:07.8982209Z         "mode": 420
2026-10-05T12:19:07.8982264Z       },
2026-10-05T12:19:07.8982325Z       {
2026-10-05T12:19:07.8982523Z         "path": "generated/plugins/copilot/agdf/com.github.copilot/hooks/hooks.json",
2026-10-05T12:19:07.8982588Z         "size": 273,
2026-10-05T12:19:07.8982646Z         "mode": 420
2026-10-05T12:19:07.8982707Z       },
2026-10-05T12:19:07.8982767Z       {
2026-10-05T12:19:07.8982888Z         "path": "generated/plugins/copilot/agdf/LICENSE",
2026-10-05T12:19:07.8982959Z         "size": 11357,
2026-10-05T12:19:07.8983022Z         "mode": 420
2026-10-05T12:19:07.8983079Z       },
2026-10-05T12:19:07.8983144Z       {
2026-10-05T12:19:07.8983268Z         "path": "generated/plugins/copilot/agdf/mcp.json",
2026-10-05T12:19:07.8983334Z         "size": 322,
2026-10-05T12:19:07.8983391Z         "mode": 420
2026-10-05T12:19:07.8983453Z       },
2026-10-05T12:19:07.8983514Z       {
2026-10-05T12:19:07.8983668Z         "path": "generated/plugins/copilot/agdf/mcp/agdf-mcp-launch.js",
2026-10-05T12:19:07.8983735Z         "size": 314,
2026-10-05T12:19:07.8983798Z         "mode": 420
2026-10-05T12:19:07.8983853Z       },
2026-10-05T12:19:07.8983917Z       {
2026-10-05T12:19:07.8984081Z         "path": "generated/plugins/copilot/agdf/mcp/sdk/expected-sdk.json",
2026-10-05T12:19:07.8984146Z         "size": 709,
2026-10-05T12:19:07.8984203Z         "mode": 420
2026-10-05T12:19:07.8984263Z       },
2026-10-05T12:19:07.8984324Z       {
2026-10-05T12:19:07.8984612Z         "path": "generated/plugins/copilot/agdf/mcp/sdk/package-lock.json",
2026-10-05T12:19:07.8984682Z         "size": 1485,
2026-10-05T12:19:07.8984747Z         "mode": 420
2026-10-05T12:19:07.8984799Z       },
2026-10-05T12:19:07.8984861Z       {
2026-10-05T12:19:07.8985018Z         "path": "generated/plugins/copilot/agdf/mcp/sdk/package.json",
2026-10-05T12:19:07.8985083Z         "size": 124,
2026-10-05T12:19:07.8985139Z         "mode": 420
2026-10-05T12:19:07.8985198Z       },
2026-10-05T12:19:07.8985255Z       {
2026-10-05T12:19:07.8985414Z         "path": "generated/plugins/copilot/agdf/mcp/server/bin/agdf-mcp.js",
2026-10-05T12:19:07.8985481Z         "size": 659,
2026-10-05T12:19:07.8985546Z         "mode": 420
2026-10-05T12:19:07.8985605Z       },
2026-10-05T12:19:07.8985660Z       {
2026-10-05T12:19:07.8985802Z         "path": "generated/plugins/copilot/agdf/mcp/server/NOTICE",
2026-10-05T12:19:07.8985864Z         "size": 521,
2026-10-05T12:19:07.8985920Z         "mode": 420
2026-10-05T12:19:07.8985984Z       },
2026-10-05T12:19:07.8986043Z       {
2026-10-05T12:19:07.8986289Z         "path": "generated/plugins/copilot/agdf/mcp/server/package.json",
2026-10-05T12:19:07.8986356Z         "size": 1747,
2026-10-05T12:19:07.8986419Z         "mode": 420
2026-10-05T12:19:07.8986478Z       },
2026-10-05T12:19:07.8986530Z       {
2026-10-05T12:19:07.8986689Z         "path": "generated/plugins/copilot/agdf/mcp/server/README.md",
2026-10-05T12:19:07.8986756Z         "size": 2391,
2026-10-05T12:19:07.8986814Z         "mode": 420
2026-10-05T12:19:07.8986876Z       },
2026-10-05T12:19:07.8986938Z       {
2026-10-05T12:19:07.8987090Z         "path": "generated/plugins/copilot/agdf/mcp/server/src/main.js",
2026-10-05T12:19:07.8987154Z         "size": 1210,
2026-10-05T12:19:07.8987216Z         "mode": 420
2026-10-05T12:19:07.8987277Z       },
2026-10-05T12:19:07.8987329Z       {
2026-10-05T12:19:07.8987492Z         "path": "generated/plugins/copilot/agdf/mcp/server/src/server.js",
2026-10-05T12:19:07.8987562Z         "size": 3144,
2026-10-05T12:19:07.8987621Z         "mode": 420
2026-10-05T12:19:07.8987685Z       },
2026-10-05T12:19:07.8987744Z       {
2026-10-05T12:19:07.8987919Z         "path": "generated/plugins/copilot/agdf/mcp/server/src/worker-entry.js",
2026-10-05T12:19:07.8987984Z         "size": 964,
2026-10-05T12:19:07.8988046Z         "mode": 420
2026-10-05T12:19:07.8988108Z       },
2026-10-05T12:19:07.8988161Z       {
2026-10-05T12:19:07.8988316Z         "path": "generated/plugins/copilot/agdf/mcp/server/src/worker.js",
2026-10-05T12:19:07.8988379Z         "size": 2610,
2026-10-05T12:19:07.8988436Z         "mode": 420
2026-10-05T12:19:07.8988497Z       },
2026-10-05T12:19:07.8988556Z       {
2026-10-05T12:19:07.8988724Z         "path": "generated/plugins/copilot/agdf/meta/agdf-agent-router.md",
2026-10-05T12:19:07.8988787Z         "size": 12317,
2026-10-05T12:19:07.8988852Z         "mode": 420
2026-10-05T12:19:07.8988915Z       },
2026-10-05T12:19:07.8988974Z       {
2026-10-05T12:19:07.8989139Z         "path": "generated/plugins/copilot/agdf/meta/agdf-constitution.md",
2026-10-05T12:19:07.8989208Z         "size": 8709,
2026-10-05T12:19:07.8989267Z         "mode": 420
2026-10-05T12:19:07.8989332Z       },
2026-10-05T12:19:07.8989396Z       {
2026-10-05T12:19:07.8989585Z         "path": "generated/plugins/copilot/agdf/meta/agdf-plugin.definition.json",
2026-10-05T12:19:07.8989644Z         "size": 18450,
2026-10-05T12:19:07.8989706Z         "mode": 420
2026-10-05T12:19:07.8989766Z       },
2026-10-05T12:19:07.8989822Z       {
2026-10-05T12:19:07.8990003Z         "path": "generated/plugins/copilot/agdf/meta/agdf-runtime-contract.md",
2026-10-05T12:19:07.8990072Z         "size": 1977,
2026-10-05T12:19:07.8990131Z         "mode": 420
2026-10-05T12:19:07.8990192Z       },
2026-10-05T12:19:07.8990253Z       {
2026-10-05T12:19:07.8990464Z         "path": "generated/plugins/copilot/agdf/meta/distribution-profile-history.json",
2026-10-05T12:19:07.8990598Z         "size": 4398,
2026-10-05T12:19:07.8990665Z         "mode": 420
2026-10-05T12:19:07.8990728Z       },
2026-10-05T12:19:07.8990783Z       {
2026-10-05T12:19:07.8990921Z         "path": "generated/plugins/copilot/agdf/plugin.json",
2026-10-05T12:19:07.8990985Z         "size": 526,
2026-10-05T12:19:07.8991041Z         "mode": 420
2026-10-05T12:19:07.8991104Z       },
2026-10-05T12:19:07.8991162Z       {
2026-10-05T12:19:07.8991317Z         "path": "generated/plugins/copilot/agdf/runtime/agdf-local.js",
2026-10-05T12:19:07.8991374Z         "size": 843,
2026-10-05T12:19:07.8991436Z         "mode": 420
2026-10-05T12:19:07.8991495Z       },
2026-10-05T12:19:07.8991549Z       {
2026-10-05T12:19:07.8991723Z         "path": "generated/plugins/copilot/agdf/runtime/agdf-session-check.js",
2026-10-05T12:19:07.8991789Z         "size": 9303,
2026-10-05T12:19:07.8991854Z         "mode": 420
2026-10-05T12:19:07.8991908Z       },
2026-10-05T12:19:07.8991968Z       {
2026-10-05T12:19:07.8992183Z         "path": "generated/plugins/copilot/agdf/runtime/create-agdf/bin/agdf-validator.js",
2026-10-05T12:19:07.8992987Z         "size": 323,
2026-10-05T12:19:07.8993052Z         "mode": 420
2026-10-05T12:19:07.8993112Z       },
2026-10-05T12:19:07.8993168Z       {
2026-10-05T12:19:07.8993508Z         "path": "generated/plugins/copilot/agdf/runtime/create-agdf/generated/plugins/agdf/meta/agdf-interaction-locales.json",
2026-10-05T12:19:07.8993579Z         "size": 153294,
2026-10-05T12:19:07.8993641Z         "mode": 420
2026-10-05T12:19:07.8993695Z       },
2026-10-05T12:19:07.8993754Z       {
2026-10-05T12:19:07.8994072Z         "path": "generated/plugins/copilot/agdf/runtime/create-agdf/generated/plugins/agdf/meta/agdf-plugin.definition.json",
2026-10-05T12:19:07.8994134Z         "size": 18450,
2026-10-05T12:19:07.8994202Z         "mode": 420
2026-10-05T12:19:07.8994266Z       },
2026-10-05T12:19:07.8994330Z       {
2026-10-05T12:19:07.8994619Z         "path": "generated/plugins/copilot/agdf/runtime/create-agdf/generated/plugins/agdf/meta/contracts/closeout.md",
2026-10-05T12:19:07.8994692Z         "size": 4196,
2026-10-05T12:19:07.8994758Z         "mode": 420
2026-10-05T12:19:07.8994812Z       },
2026-10-05T12:19:07.8994870Z       {
2026-10-05T12:19:07.8995178Z         "path": "generated/plugins/copilot/agdf/runtime/create-agdf/generated/plugins/agdf/meta/contracts/context-graph.md",
2026-10-05T12:19:07.8995244Z         "size": 2512,
2026-10-05T12:19:07.8995300Z         "mode": 420
2026-10-05T12:19:07.8995362Z       },
2026-10-05T12:19:07.8995421Z       {
2026-10-05T12:19:07.8995730Z         "path": "generated/plugins/copilot/agdf/runtime/create-agdf/generated/plugins/agdf/meta/contracts/control-scaffold.md",
2026-10-05T12:19:07.8995797Z         "size": 11537,
2026-10-05T12:19:07.8995861Z         "mode": 420
2026-10-05T12:19:07.8995915Z       },
2026-10-05T12:19:07.8995976Z       {
2026-10-05T12:19:07.8996350Z         "path": "generated/plugins/copilot/agdf/runtime/create-agdf/generated/plugins/agdf/meta/contracts/gate-artifact-preparation.md",
2026-10-05T12:19:07.8996418Z         "size": 5731,
2026-10-05T12:19:07.8996481Z         "mode": 420
2026-10-05T12:19:07.8996546Z       },
2026-10-05T12:19:07.8996610Z       {
2026-10-05T12:19:07.8996925Z         "path": "generated/plugins/copilot/agdf/runtime/create-agdf/generated/plugins/agdf/meta/contracts/gate-transition.md",
2026-10-05T12:19:07.8996990Z         "size": 17966,
2026-10-05T12:19:07.8997052Z         "mode": 420
2026-10-05T12:19:07.8997111Z       },
2026-10-05T12:19:07.8997166Z       {
2026-10-05T12:19:07.8997464Z         "path": "generated/plugins/copilot/agdf/runtime/create-agdf/generated/plugins/agdf/meta/contracts/interaction.md",
2026-10-05T12:19:07.8997529Z         "size": 46617,
2026-10-05T12:19:07.8997587Z         "mode": 420
2026-10-05T12:19:07.8997651Z       },
2026-10-05T12:19:07.8997711Z       {
2026-10-05T12:19:07.8998060Z         "path": "generated/plugins/copilot/agdf/runtime/create-agdf/generated/plugins/agdf/meta/contracts/modes.md",
2026-10-05T12:19:07.8998122Z         "size": 12906,
2026-10-05T12:19:07.8998190Z         "mode": 420
2026-10-05T12:19:07.8998254Z       },
2026-10-05T12:19:07.8998588Z       {
2026-10-05T12:19:07.8998956Z         "path": "generated/plugins/copilot/agdf/runtime/create-agdf/generated/plugins/agdf/meta/contracts/prd-definition.md",
2026-10-05T12:19:07.8999026Z         "size": 5034,
2026-10-05T12:19:07.8999091Z         "mode": 420
2026-10-05T12:19:07.8999148Z       },
2026-10-05T12:19:07.8999213Z       {
2026-10-05T12:19:07.8999506Z         "path": "generated/plugins/copilot/agdf/runtime/create-agdf/generated/plugins/agdf/meta/contracts/quality.md",
2026-10-05T12:19:07.8999566Z         "size": 8692,
2026-10-05T12:19:07.8999633Z         "mode": 420
2026-10-05T12:19:07.8999689Z       },
2026-10-05T12:19:07.8999753Z       {
2026-10-05T12:19:07.9000079Z         "path": "generated/plugins/copilot/agdf/runtime/create-agdf/generated/plugins/agdf/meta/contracts/request-activation.md",
2026-10-05T12:19:07.9000140Z         "size": 18822,
2026-10-05T12:19:07.9000279Z         "mode": 420
2026-10-05T12:19:07.9000339Z       },
2026-10-05T12:19:07.9000395Z       {
2026-10-05T12:19:07.9000702Z         "path": "generated/plugins/copilot/agdf/runtime/create-agdf/generated/plugins/agdf/meta/contracts/sd-definition.md",
2026-10-05T12:19:07.9000763Z         "size": 4617,
2026-10-05T12:19:07.9000833Z         "mode": 420
2026-10-05T12:19:07.9000892Z       },
2026-10-05T12:19:07.9000954Z       {
2026-10-05T12:19:07.9001288Z         "path": "generated/plugins/copilot/agdf/runtime/create-agdf/generated/plugins/agdf/meta/contracts/task-target-resolution.md",
2026-10-05T12:19:07.9001346Z         "size": 8919,
2026-10-05T12:19:07.9001411Z         "mode": 420
2026-10-05T12:19:07.9001471Z       },
2026-10-05T12:19:07.9001533Z       {
2026-10-05T12:19:07.9001829Z         "path": "generated/plugins/copilot/agdf/runtime/create-agdf/generated/plugins/agdf/meta/contracts/ur-definition.md",
2026-10-05T12:19:07.9001898Z         "size": 3139,
2026-10-05T12:19:07.9001958Z         "mode": 420
2026-10-05T12:19:07.9002013Z       },
2026-10-05T12:19:07.9002073Z       {
2026-10-05T12:19:07.9002304Z         "path": "generated/plugins/copilot/agdf/runtime/create-agdf/lib/cli/command-registry.js",
2026-10-05T12:19:07.9002370Z         "size": 25352,
2026-10-05T12:19:07.9002428Z         "mode": 420
2026-10-05T12:19:07.9002491Z       },
2026-10-05T12:19:07.9002552Z       {
2026-10-05T12:19:07.9002764Z         "path": "generated/plugins/copilot/agdf/runtime/create-agdf/lib/cli/contract-command.js",
2026-10-05T12:19:07.9002830Z         "size": 1796,
2026-10-05T12:19:07.9002896Z         "mode": 420
2026-10-05T12:19:07.9002950Z       },
2026-10-05T12:19:07.9003013Z       {
2026-10-05T12:19:07.9003284Z         "path": "generated/plugins/copilot/agdf/runtime/create-agdf/lib/cli/control-maintenance-command.js",
2026-10-05T12:19:07.9003349Z         "size": 2514,
2026-10-05T12:19:07.9003409Z         "mode": 420
2026-10-05T12:19:07.9003470Z       },
2026-10-05T12:19:07.9003531Z       {
2026-10-05T12:19:07.9003794Z         "path": "generated/plugins/copilot/agdf/runtime/create-agdf/lib/cli/delivery-path-search-command.js",
2026-10-05T12:19:07.9003862Z         "size": 9065,
2026-10-05T12:19:07.9003928Z         "mode": 420
2026-10-05T12:19:07.9003989Z       },
2026-10-05T12:19:07.9004046Z       {
2026-10-05T12:19:07.9004260Z         "path": "generated/plugins/copilot/agdf/runtime/create-agdf/lib/cli/parse-args.js",
2026-10-05T12:19:07.9004327Z         "size": 13953,
2026-10-05T12:19:07.9004383Z         "mode": 420
2026-10-05T12:19:07.9004446Z       },
2026-10-05T12:19:07.9004507Z       {
2026-10-05T12:19:07.9004725Z         "path": "generated/plugins/copilot/agdf/runtime/create-agdf/lib/cli/runtime-context.js",
2026-10-05T12:19:07.9004792Z         "size": 2217,
2026-10-05T12:19:07.9004858Z         "mode": 420
2026-10-05T12:19:07.9004920Z       },
2026-10-05T12:19:07.9004978Z       {
2026-10-05T12:19:07.9005298Z         "path": "generated/plugins/copilot/agdf/runtime/create-agdf/lib/cli/validation-handlers.js",
2026-10-05T12:19:07.9005369Z         "size": 11734,
2026-10-05T12:19:07.9005427Z         "mode": 420
2026-10-05T12:19:07.9005491Z       },
2026-10-05T12:19:07.9005552Z       {
2026-10-05T12:19:07.9005766Z         "path": "generated/plugins/copilot/agdf/runtime/create-agdf/lib/control-command.js",
2026-10-05T12:19:07.9005827Z         "size": 413,
2026-10-05T12:19:07.9005893Z         "mode": 420
2026-10-05T12:19:07.9005954Z       },
2026-10-05T12:19:07.9006010Z       {
2026-10-05T12:19:07.9006280Z         "path": "generated/plugins/copilot/agdf/runtime/create-agdf/lib/control-evaluation/git-observation.js",
2026-10-05T12:19:07.9006345Z         "size": 641,
2026-10-05T12:19:07.9006404Z         "mode": 420
2026-10-05T12:19:07.9006465Z       },
2026-10-05T12:19:07.9006527Z       {
2026-10-05T12:19:07.9006788Z         "path": "generated/plugins/copilot/agdf/runtime/create-agdf/lib/control-maintenance/interaction.js",
2026-10-05T12:19:07.9006848Z         "size": 1279,
2026-10-05T12:19:07.9006980Z         "mode": 420
2026-10-05T12:19:07.9007036Z       },
2026-10-05T12:19:07.9007088Z       {
2026-10-05T12:19:07.9007339Z         "path": "generated/plugins/copilot/agdf/runtime/create-agdf/lib/control-maintenance/repair.js",
2026-10-05T12:19:07.9007404Z         "size": 421,
2026-10-05T12:19:07.9007466Z         "mode": 420
2026-10-05T12:19:07.9007521Z       },
2026-10-05T12:19:07.9007582Z       {
2026-10-05T12:19:07.9007827Z         "path": "generated/plugins/copilot/agdf/runtime/create-agdf/lib/control-maintenance/service.js",
2026-10-05T12:19:07.9007884Z         "size": 264,
2026-10-05T12:19:07.9007951Z         "mode": 420
2026-10-05T12:19:07.9008013Z       },
2026-10-05T12:19:07.9008065Z       {
2026-10-05T12:19:07.9008306Z         "path": "generated/plugins/copilot/agdf/runtime/create-agdf/lib/control-maintenance/startup.js",
2026-10-05T12:19:07.9008373Z         "size": 1683,
2026-10-05T12:19:07.9008440Z         "mode": 420
2026-10-05T12:19:07.9008495Z       },
2026-10-05T12:19:07.9008562Z       {
2026-10-05T12:19:07.9008808Z         "path": "generated/plugins/copilot/agdf/runtime/create-agdf/lib/control-state/run-recovery.js",
2026-10-05T12:19:07.9008866Z         "size": 526,
2026-10-05T12:19:07.9008933Z         "mode": 420
2026-10-05T12:19:07.9008995Z       },
2026-10-05T12:19:07.9009058Z       {
2026-10-05T12:19:07.9009333Z         "path": "generated/plugins/copilot/agdf/runtime/create-agdf/lib/delivery-path-search/evaluators/claude.js",
2026-10-05T12:19:07.9009399Z         "size": 1525,
2026-10-05T12:19:07.9009464Z         "mode": 420
2026-10-05T12:19:07.9009516Z       },
2026-10-05T12:19:07.9009577Z       {
2026-10-05T12:19:07.9009852Z         "path": "generated/plugins/copilot/agdf/runtime/create-agdf/lib/delivery-path-search/evaluators/codex.js",
2026-10-05T12:19:07.9009917Z         "size": 1919,
2026-10-05T12:19:07.9009976Z         "mode": 420
2026-10-05T12:19:07.9010044Z       },
2026-10-05T12:19:07.9010106Z       {
2026-10-05T12:19:07.9010393Z         "path": "generated/plugins/copilot/agdf/runtime/create-agdf/lib/delivery-path-search/evaluators/opencode.js",
2026-10-05T12:19:07.9010458Z         "size": 8924,
2026-10-05T12:19:07.9010524Z         "mode": 420
2026-10-05T12:19:07.9010577Z       },
2026-10-05T12:19:07.9010641Z       {
2026-10-05T12:19:07.9010918Z         "path": "generated/plugins/copilot/agdf/runtime/create-agdf/lib/delivery-path-search/evaluators/prompt.js",
2026-10-05T12:19:07.9010984Z         "size": 753,
2026-10-05T12:19:07.9011040Z         "mode": 420
2026-10-05T12:19:07.9011102Z       },
2026-10-05T12:19:07.9011162Z       {
2026-10-05T12:19:07.9011437Z         "path": "generated/plugins/copilot/agdf/runtime/create-agdf/lib/delivery-path-search/evaluators/protocol.js",
2026-10-05T12:19:07.9011505Z         "size": 470,
2026-10-05T12:19:07.9011572Z         "mode": 420
2026-10-05T12:19:07.9011641Z       },
2026-10-05T12:19:07.9011769Z       {
2026-10-05T12:19:07.9012051Z         "path": "generated/plugins/copilot/agdf/runtime/create-agdf/lib/delivery-path-search/generators/claude.js",
2026-10-05T12:19:07.9012119Z         "size": 2203,
2026-10-05T12:19:07.9012175Z         "mode": 420
2026-10-05T12:19:07.9012236Z       },
2026-10-05T12:19:07.9012297Z       {
2026-10-05T12:19:07.9012570Z         "path": "generated/plugins/copilot/agdf/runtime/create-agdf/lib/delivery-path-search/generators/codex.js",
2026-10-05T12:19:07.9012629Z         "size": 2187,
2026-10-05T12:19:07.9012694Z         "mode": 420
2026-10-05T12:19:07.9012757Z       },
2026-10-05T12:19:07.9012810Z       {
2026-10-05T12:19:07.9013090Z         "path": "generated/plugins/copilot/agdf/runtime/create-agdf/lib/delivery-path-search/generators/protocol.js",
2026-10-05T12:19:07.9013155Z         "size": 389,
2026-10-05T12:19:07.9013215Z         "mode": 420
2026-10-05T12:19:07.9013277Z       },
2026-10-05T12:19:07.9013341Z       {
2026-10-05T12:19:07.9013634Z         "path": "generated/plugins/copilot/agdf/runtime/create-agdf/lib/delivery-path-search/surfaces/capabilities.js",
2026-10-05T12:19:07.9013762Z         "size": 1161,
2026-10-05T12:19:07.9013827Z         "mode": 420
2026-10-05T12:19:07.9013887Z       },
2026-10-05T12:19:07.9013942Z       {
2026-10-05T12:19:07.9014248Z         "path": "generated/plugins/copilot/agdf/runtime/create-agdf/lib/delivery-path-search/transports/read-only-guard.js",
2026-10-05T12:19:07.9014313Z         "size": 1271,
2026-10-05T12:19:07.9014378Z         "mode": 420
2026-10-05T12:19:07.9014438Z       },
2026-10-05T12:19:07.9014497Z       {
2026-10-05T12:19:07.9014774Z         "path": "generated/plugins/copilot/agdf/runtime/create-agdf/lib/host-adapters/claude/session-command.js",
2026-10-05T12:19:07.9014832Z         "size": 165,
2026-10-05T12:19:07.9014895Z         "mode": 420
2026-10-05T12:19:07.9014953Z       },
2026-10-05T12:19:07.9015006Z       {
2026-10-05T12:19:07.9015276Z         "path": "generated/plugins/copilot/agdf/runtime/create-agdf/lib/host-adapters/codex/session-command.js",
2026-10-05T12:19:07.9015354Z         "size": 455,
2026-10-05T12:19:07.9015419Z         "mode": 420
2026-10-05T12:19:07.9015474Z       },
2026-10-05T12:19:07.9015538Z       {
2026-10-05T12:19:07.9015807Z         "path": "generated/plugins/copilot/agdf/runtime/create-agdf/lib/host-adapters/copilot/session-command.js",
2026-10-05T12:19:07.9015865Z         "size": 91,
2026-10-05T12:19:07.9015929Z         "mode": 420
2026-10-05T12:19:07.9015991Z       },
2026-10-05T12:19:07.9016052Z       {
2026-10-05T12:19:07.9016317Z         "path": "generated/plugins/copilot/agdf/runtime/create-agdf/lib/host-adapters/opencode/session-command.js",
2026-10-05T12:19:07.9016386Z         "size": 76,
2026-10-05T12:19:07.9016452Z         "mode": 420
2026-10-05T12:19:07.9016504Z       },
2026-10-05T12:19:07.9016563Z       {
2026-10-05T12:19:07.9016816Z         "path": "generated/plugins/copilot/agdf/runtime/create-agdf/lib/host-adapters/session-command.js",
2026-10-05T12:19:07.9016880Z         "size": 609,
2026-10-05T12:19:07.9016940Z         "mode": 420
2026-10-05T12:19:07.9017004Z       },
2026-10-05T12:19:07.9017067Z       {
2026-10-05T12:19:07.9017265Z         "path": "generated/plugins/copilot/agdf/runtime/create-agdf/lib/host-command.js",
2026-10-05T12:19:07.9017335Z         "size": 5591,
2026-10-05T12:19:07.9017404Z         "mode": 420
2026-10-05T12:19:07.9017461Z       },
2026-10-05T12:19:07.9017522Z       {
2026-10-05T12:19:07.9017747Z         "path": "generated/plugins/copilot/agdf/runtime/create-agdf/lib/mcp-dispatch-runtime.js",
2026-10-05T12:19:07.9017823Z         "size": 7671,
2026-10-05T12:19:07.9017878Z         "mode": 420
2026-10-05T12:19:07.9017939Z       },
2026-10-05T12:19:07.9018001Z       {
2026-10-05T12:19:07.9018226Z         "path": "generated/plugins/copilot/agdf/runtime/create-agdf/lib/mcp-lifecycle/package.js",
2026-10-05T12:19:07.9018292Z         "size": 16097,
2026-10-05T12:19:07.9018355Z         "mode": 420
2026-10-05T12:19:07.9018694Z       },
2026-10-05T12:19:07.9018789Z       {
2026-10-05T12:19:07.9019059Z         "path": "generated/plugins/copilot/agdf/runtime/create-agdf/lib/mcp-lifecycle/plugin-runtime.js",
2026-10-05T12:19:07.9019127Z         "size": 12833,
2026-10-05T12:19:07.9019188Z         "mode": 420
2026-10-05T12:19:07.9019251Z       },
2026-10-05T12:19:07.9019313Z       {
2026-10-05T12:19:07.9019519Z         "path": "generated/plugins/copilot/agdf/runtime/create-agdf/lib/npm-invocation.js",
2026-10-05T12:19:07.9019579Z         "size": 969,
2026-10-05T12:19:07.9019642Z         "mode": 420
2026-10-05T12:19:07.9019704Z       },
2026-10-05T12:19:07.9019764Z       {
2026-10-05T12:19:07.9019987Z         "path": "generated/plugins/copilot/agdf/runtime/create-agdf/lib/repository-context.js",
2026-10-05T12:19:07.9020053Z         "size": 3033,
2026-10-05T12:19:07.9020113Z         "mode": 420
2026-10-05T12:19:07.9020165Z       },
2026-10-05T12:19:07.9020227Z       {
2026-10-05T12:19:07.9020492Z         "path": "generated/plugins/copilot/agdf/runtime/create-agdf/lib/runtime-check-consent/contract.js",
2026-10-05T12:19:07.9020634Z         "size": 3925,
2026-10-05T12:19:07.9020694Z         "mode": 420
2026-10-05T12:19:07.9020753Z       },
2026-10-05T12:19:07.9020814Z       {
2026-10-05T12:19:07.9021070Z         "path": "generated/plugins/copilot/agdf/runtime/create-agdf/lib/runtime/control-command-service.js",
2026-10-05T12:19:07.9021135Z         "size": 607,
2026-10-05T12:19:07.9021199Z         "mode": 420
2026-10-05T12:19:07.9021251Z       },
2026-10-05T12:19:07.9021312Z       {
2026-10-05T12:19:07.9021549Z         "path": "generated/plugins/copilot/agdf/runtime/create-agdf/lib/runtime/control-context.js",
2026-10-05T12:19:07.9021613Z         "size": 904,
2026-10-05T12:19:07.9021670Z         "mode": 420
2026-10-05T12:19:07.9021729Z       },
2026-10-05T12:19:07.9021788Z       {
2026-10-05T12:19:07.9022005Z         "path": "generated/plugins/copilot/agdf/runtime/create-agdf/lib/runtime/git-history.js",
2026-10-05T12:19:07.9022071Z         "size": 510,
2026-10-05T12:19:07.9022137Z         "mode": 420
2026-10-05T12:19:07.9022197Z       },
2026-10-05T12:19:07.9022253Z       {
2026-10-05T12:19:07.9022479Z         "path": "generated/plugins/copilot/agdf/runtime/create-agdf/lib/runtime/git-originals.js",
2026-10-05T12:19:07.9022541Z         "size": 2213,
2026-10-05T12:19:07.9022598Z         "mode": 420
2026-10-05T12:19:07.9022658Z       },
2026-10-05T12:19:07.9022715Z       {
2026-10-05T12:19:07.9022937Z         "path": "generated/plugins/copilot/agdf/runtime/create-agdf/lib/runtime/local-validator.js",
2026-10-05T12:19:07.9023009Z         "size": 14029,
2026-10-05T12:19:07.9023076Z         "mode": 420
2026-10-05T12:19:07.9023134Z       },
2026-10-05T12:19:07.9023196Z       {
2026-10-05T12:19:07.9023433Z         "path": "generated/plugins/copilot/agdf/runtime/create-agdf/lib/runtime/plugin-provenance.js",
2026-10-05T12:19:07.9023494Z         "size": 57,
2026-10-05T12:19:07.9023560Z         "mode": 420
2026-10-05T12:19:07.9023614Z       },
2026-10-05T12:19:07.9023679Z       {
2026-10-05T12:19:07.9023901Z         "path": "generated/plugins/copilot/agdf/runtime/create-agdf/lib/runtime/runtime-probe.js",
2026-10-05T12:19:07.9023958Z         "size": 3045,
2026-10-05T12:19:07.9024024Z         "mode": 420
2026-10-05T12:19:07.9024084Z       },
2026-10-05T12:19:07.9024142Z       {
2026-10-05T12:19:07.9024390Z         "path": "generated/plugins/copilot/agdf/runtime/create-agdf/lib/runtime/validator-application.js",
2026-10-05T12:19:07.9024455Z         "size": 1823,
2026-10-05T12:19:07.9024517Z         "mode": 420
2026-10-05T12:19:07.9024568Z       },
2026-10-05T12:19:07.9024645Z       {
2026-10-05T12:19:07.9024881Z         "path": "generated/plugins/copilot/agdf/runtime/create-agdf/lib/skill-dispatch/binding.js",
2026-10-05T12:19:07.9024944Z         "size": 642,
2026-10-05T12:19:07.9025001Z         "mode": 420
2026-10-05T12:19:07.9025062Z       },
2026-10-05T12:19:07.9025200Z       {
2026-10-05T12:19:07.9025366Z         "path": "generated/plugins/copilot/agdf/runtime/create-agdf/NOTICE",
2026-10-05T12:19:07.9025431Z         "size": 422,
2026-10-05T12:19:07.9025495Z         "mode": 420
2026-10-05T12:19:07.9025548Z       },
2026-10-05T12:19:07.9025610Z       {
2026-10-05T12:19:07.9025797Z         "path": "generated/plugins/copilot/agdf/runtime/create-agdf/package.json",
2026-10-05T12:19:07.9025859Z         "size": 220,
2026-10-05T12:19:07.9025917Z         "mode": 420
2026-10-05T12:19:07.9025977Z       },
2026-10-05T12:19:07.9026037Z       {
2026-10-05T12:19:07.9026333Z         "path": "generated/plugins/copilot/agdf/runtime/create-agdf/runtime/core/lib/control-evaluation/delivery-map.js",
2026-10-05T12:19:07.9026400Z         "size": 13111,
2026-10-05T12:19:07.9026464Z         "mode": 420
2026-10-05T12:19:07.9026525Z       },
2026-10-05T12:19:07.9026580Z       {
2026-10-05T12:19:07.9026917Z         "path": "generated/plugins/copilot/agdf/runtime/create-agdf/runtime/core/lib/control-evaluation/delivery-relationships.js",
2026-10-05T12:19:07.9027050Z         "size": 1370,
2026-10-05T12:19:07.9027107Z         "mode": 420
2026-10-05T12:19:07.9027168Z       },
2026-10-05T12:19:07.9027231Z       {
2026-10-05T12:19:07.9027510Z         "path": "generated/plugins/copilot/agdf/runtime/create-agdf/runtime/core/lib/control-evaluation/doctor.js",
2026-10-05T12:19:07.9027569Z         "size": 14393,
2026-10-05T12:19:07.9027629Z         "mode": 420
2026-10-05T12:19:07.9027688Z       },
2026-10-05T12:19:07.9027741Z       {
2026-10-05T12:19:07.9028033Z         "path": "generated/plugins/copilot/agdf/runtime/create-agdf/runtime/core/lib/control-evaluation/gate-check.js",
2026-10-05T12:19:07.9028099Z         "size": 37366,
2026-10-05T12:19:07.9028155Z         "mode": 420
2026-10-05T12:19:07.9028214Z       },
2026-10-05T12:19:07.9028275Z       {
2026-10-05T12:19:07.9028570Z         "path": "generated/plugins/copilot/agdf/runtime/create-agdf/runtime/core/lib/control-evaluation/gate-policy.js",
2026-10-05T12:19:07.9028629Z         "size": 17824,
2026-10-05T12:19:07.9028694Z         "mode": 420
2026-10-05T12:19:07.9028753Z       },
2026-10-05T12:19:07.9028806Z       {
2026-10-05T12:19:07.9029135Z         "path": "generated/plugins/copilot/agdf/runtime/create-agdf/runtime/core/lib/control-evaluation/parent-reconciliation.js",
2026-10-05T12:19:07.9029199Z         "size": 10121,
2026-10-05T12:19:07.9029260Z         "mode": 420
2026-10-05T12:19:07.9029313Z       },
2026-10-05T12:19:07.9029374Z       {
2026-10-05T12:19:07.9029674Z         "path": "generated/plugins/copilot/agdf/runtime/create-agdf/runtime/core/lib/control-evaluation/prd-readiness.js",
2026-10-05T12:19:07.9029730Z         "size": 2268,
2026-10-05T12:19:07.9029796Z         "mode": 420
2026-10-05T12:19:07.9029859Z       },
2026-10-05T12:19:07.9029919Z       {
2026-10-05T12:19:07.9030213Z         "path": "generated/plugins/copilot/agdf/runtime/create-agdf/runtime/core/lib/control-evaluation/required-files.js",
2026-10-05T12:19:07.9030280Z         "size": 337,
2026-10-05T12:19:07.9030346Z         "mode": 420
2026-10-05T12:19:07.9030399Z       },
2026-10-05T12:19:07.9030459Z       {
2026-10-05T12:19:07.9030748Z         "path": "generated/plugins/copilot/agdf/runtime/create-agdf/runtime/core/lib/control-evaluation/run-state.js",
2026-10-05T12:19:07.9030814Z         "size": 11605,
2026-10-05T12:19:07.9030871Z         "mode": 420
2026-10-05T12:19:07.9030933Z       },
2026-10-05T12:19:07.9030996Z       {
2026-10-05T12:19:07.9031294Z         "path": "generated/plugins/copilot/agdf/runtime/create-agdf/runtime/core/lib/control-evaluation/run-step-policy.js",
2026-10-05T12:19:07.9031362Z         "size": 1382,
2026-10-05T12:19:07.9031427Z         "mode": 420
2026-10-05T12:19:07.9031479Z       },
2026-10-05T12:19:07.9031540Z       {
2026-10-05T12:19:07.9031834Z         "path": "generated/plugins/copilot/agdf/runtime/create-agdf/runtime/core/lib/control-evaluation/sd-readiness.js",
2026-10-05T12:19:07.9032347Z         "size": 2561,
2026-10-05T12:19:07.9032411Z         "mode": 420
2026-10-05T12:19:07.9032475Z       },
2026-10-05T12:19:07.9032533Z       {
2026-10-05T12:19:07.9032807Z         "path": "generated/plugins/copilot/agdf/runtime/create-agdf/runtime/core/lib/control-evaluation/shared.js",
2026-10-05T12:19:07.9032871Z         "size": 10972,
2026-10-05T12:19:07.9032933Z         "mode": 420
2026-10-05T12:19:07.9032993Z       },
2026-10-05T12:19:07.9033048Z       {
2026-10-05T12:19:07.9033378Z         "path": "generated/plugins/copilot/agdf/runtime/create-agdf/runtime/core/lib/control-evaluation/traceability-readiness.js",
2026-10-05T12:19:07.9033441Z         "size": 13831,
2026-10-05T12:19:07.9033496Z         "mode": 420
2026-10-05T12:19:07.9033560Z       },
2026-10-05T12:19:07.9033618Z       {
2026-10-05T12:19:07.9033909Z         "path": "generated/plugins/copilot/agdf/runtime/create-agdf/runtime/core/lib/control-evaluation/ur-readiness.js",
2026-10-05T12:19:07.9033965Z         "size": 2045,
2026-10-05T12:19:07.9034033Z         "mode": 420
2026-10-05T12:19:07.9034095Z       },
2026-10-05T12:19:07.9034226Z       {
2026-10-05T12:19:07.9034529Z         "path": "generated/plugins/copilot/agdf/runtime/create-agdf/runtime/core/lib/control-evaluation/verified-change.js",
2026-10-05T12:19:07.9034595Z         "size": 12119,
2026-10-05T12:19:07.9034662Z         "mode": 420
2026-10-05T12:19:07.9034715Z       },
2026-10-05T12:19:07.9034776Z       {
2026-10-05T12:19:07.9035050Z         "path": "generated/plugins/copilot/agdf/runtime/create-agdf/runtime/core/lib/control-inspect/contract.js",
2026-10-05T12:19:07.9035111Z         "size": 13500,
2026-10-05T12:19:07.9035176Z         "mode": 420
2026-10-05T12:19:07.9035246Z       },
2026-10-05T12:19:07.9035296Z       {
2026-10-05T12:19:07.9035570Z         "path": "generated/plugins/copilot/agdf/runtime/create-agdf/runtime/core/lib/control-inspect/selection.js",
2026-10-05T12:19:07.9035633Z         "size": 1788,
2026-10-05T12:19:07.9035691Z         "mode": 420
2026-10-05T12:19:07.9035754Z       },
2026-10-05T12:19:07.9035812Z       {
2026-10-05T12:19:07.9036082Z         "path": "generated/plugins/copilot/agdf/runtime/create-agdf/runtime/core/lib/control-inspect/service.js",
2026-10-05T12:19:07.9036140Z         "size": 12577,
2026-10-05T12:19:07.9036209Z         "mode": 420
2026-10-05T12:19:07.9036269Z       },
2026-10-05T12:19:07.9036321Z       {
2026-10-05T12:19:07.9036619Z         "path": "generated/plugins/copilot/agdf/runtime/create-agdf/runtime/core/lib/control-maintenance/compatibility.js",
2026-10-05T12:19:07.9036682Z         "size": 8412,
2026-10-05T12:19:07.9036741Z         "mode": 420
2026-10-05T12:19:07.9036800Z       },
2026-10-05T12:19:07.9036856Z       {
2026-10-05T12:19:07.9037142Z         "path": "generated/plugins/copilot/agdf/runtime/create-agdf/runtime/core/lib/control-maintenance/contract.js",
2026-10-05T12:19:07.9037200Z         "size": 2342,
2026-10-05T12:19:07.9037266Z         "mode": 420
2026-10-05T12:19:07.9037329Z       },
2026-10-05T12:19:07.9037383Z       {
2026-10-05T12:19:07.9037677Z         "path": "generated/plugins/copilot/agdf/runtime/create-agdf/runtime/core/lib/control-maintenance/interaction.js",
2026-10-05T12:19:07.9037748Z         "size": 3207,
2026-10-05T12:19:07.9037809Z         "mode": 420
2026-10-05T12:19:07.9037862Z       },
2026-10-05T12:19:07.9037921Z       {
2026-10-05T12:19:07.9038212Z         "path": "generated/plugins/copilot/agdf/runtime/create-agdf/runtime/core/lib/control-maintenance/migration.js",
2026-10-05T12:19:07.9038270Z         "size": 5383,
2026-10-05T12:19:07.9038332Z         "mode": 420
2026-10-05T12:19:07.9038393Z       },
2026-10-05T12:19:07.9038451Z       {
2026-10-05T12:19:07.9039046Z         "path": "generated/plugins/copilot/agdf/runtime/create-agdf/runtime/core/lib/control-maintenance/presentation.js",
2026-10-05T12:19:07.9039114Z         "size": 8246,
2026-10-05T12:19:07.9039178Z         "mode": 420
2026-10-05T12:19:07.9039233Z       },
2026-10-05T12:19:07.9039373Z       {
2026-10-05T12:19:07.9039658Z         "path": "generated/plugins/copilot/agdf/runtime/create-agdf/runtime/core/lib/control-maintenance/repair.js",
2026-10-05T12:19:07.9039726Z         "size": 13216,
2026-10-05T12:19:07.9039784Z         "mode": 420
2026-10-05T12:19:07.9039846Z       },
2026-10-05T12:19:07.9039907Z       {
2026-10-05T12:19:07.9040182Z         "path": "generated/plugins/copilot/agdf/runtime/create-agdf/runtime/core/lib/control-maintenance/service.js",
2026-10-05T12:19:07.9040249Z         "size": 2412,
2026-10-05T12:19:07.9040312Z         "mode": 420
2026-10-05T12:19:07.9040366Z       },
2026-10-05T12:19:07.9040428Z       {
2026-10-05T12:19:07.9040696Z         "path": "generated/plugins/copilot/agdf/runtime/create-agdf/runtime/core/lib/control-read-boundary.js",
2026-10-05T12:19:07.9040758Z         "size": 906,
2026-10-05T12:19:07.9040814Z         "mode": 420
2026-10-05T12:19:07.9040873Z       },
2026-10-05T12:19:07.9040931Z       {
2026-10-05T12:19:07.9041196Z         "path": "generated/plugins/copilot/agdf/runtime/create-agdf/runtime/core/lib/control-state/aggregate.js",
2026-10-05T12:19:07.9041330Z         "size": 503,
2026-10-05T12:19:07.9041390Z         "mode": 420
2026-10-05T12:19:07.9041453Z       },
2026-10-05T12:19:07.9041507Z       {
2026-10-05T12:19:07.9041833Z         "path": "generated/plugins/copilot/agdf/runtime/create-agdf/runtime/core/lib/control-state/approval-command-contract.js",
2026-10-05T12:19:07.9041897Z         "size": 3748,
2026-10-05T12:19:07.9041954Z         "mode": 420
2026-10-05T12:19:07.9042016Z       },
2026-10-05T12:19:07.9042076Z       {
2026-10-05T12:19:07.9042369Z         "path": "generated/plugins/copilot/agdf/runtime/create-agdf/runtime/core/lib/control-state/approval-command.js",
2026-10-05T12:19:07.9042428Z         "size": 8139,
2026-10-05T12:19:07.9042490Z         "mode": 420
2026-10-05T12:19:07.9042552Z       },
2026-10-05T12:19:07.9042604Z       {
2026-10-05T12:19:07.9042908Z         "path": "generated/plugins/copilot/agdf/runtime/create-agdf/runtime/core/lib/control-state/approval-operations.js",
2026-10-05T12:19:07.9042974Z         "size": 6088,
2026-10-05T12:19:07.9043039Z         "mode": 420
2026-10-05T12:19:07.9043092Z       },
2026-10-05T12:19:07.9043150Z       {
2026-10-05T12:19:07.9043467Z         "path": "generated/plugins/copilot/agdf/runtime/create-agdf/runtime/core/lib/control-state/artefact-binding-proof.js",
2026-10-05T12:19:07.9043526Z         "size": 4880,
2026-10-05T12:19:07.9043591Z         "mode": 420
2026-10-05T12:19:07.9043648Z       },
2026-10-05T12:19:07.9043701Z       {
2026-10-05T12:19:07.9043995Z         "path": "generated/plugins/copilot/agdf/runtime/create-agdf/runtime/core/lib/control-state/artefact-bindings.js",
2026-10-05T12:19:07.9044056Z         "size": 6925,
2026-10-05T12:19:07.9044117Z         "mode": 420
2026-10-05T12:19:07.9044171Z       },
2026-10-05T12:19:07.9044231Z       {
2026-10-05T12:19:07.9044514Z         "path": "generated/plugins/copilot/agdf/runtime/create-agdf/runtime/core/lib/control-state/contained-file.js",
2026-10-05T12:19:07.9044573Z         "size": 2204,
2026-10-05T12:19:07.9044636Z         "mode": 420
2026-10-05T12:19:07.9044692Z       },
2026-10-05T12:19:07.9044750Z       {
2026-10-05T12:19:07.9045046Z         "path": "generated/plugins/copilot/agdf/runtime/create-agdf/runtime/core/lib/control-state/control-configuration.js",
2026-10-05T12:19:07.9045115Z         "size": 1072,
2026-10-05T12:19:07.9045178Z         "mode": 420
2026-10-05T12:19:07.9045231Z       },
2026-10-05T12:19:07.9045296Z       {
2026-10-05T12:19:07.9045614Z         "path": "generated/plugins/copilot/agdf/runtime/create-agdf/runtime/core/lib/control-state/gate-approval-validator.js",
2026-10-05T12:19:07.9045681Z         "size": 1704,
2026-10-05T12:19:07.9045738Z         "mode": 420
2026-10-05T12:19:07.9045798Z       },
2026-10-05T12:19:07.9045857Z       {
2026-10-05T12:19:07.9046187Z         "path": "generated/plugins/copilot/agdf/runtime/create-agdf/runtime/core/lib/control-state/index.js",
2026-10-05T12:19:07.9046253Z         "size": 346,
2026-10-05T12:19:07.9046372Z         "mode": 420
2026-10-05T12:19:07.9046445Z       },
2026-10-05T12:19:07.9046533Z       {
2026-10-05T12:19:07.9047007Z         "path": "generated/plugins/copilot/agdf/runtime/create-agdf/runtime/core/lib/control-state/legacy-migration.js",
2026-10-05T12:19:07.9047110Z         "size": 3088,
2026-10-05T12:19:07.9047199Z         "mode": 420
2026-10-05T12:19:07.9047291Z       },
2026-10-05T12:19:07.9047381Z       {
2026-10-05T12:19:07.9047922Z         "path": "generated/plugins/copilot/agdf/runtime/create-agdf/runtime/core/lib/control-state/legacy-projection-reader.js",
2026-10-05T12:19:07.9048022Z         "size": 1984,
2026-10-05T12:19:07.9048122Z         "mode": 420
2026-10-05T12:19:07.9048216Z       },
2026-10-05T12:19:07.9048297Z       {
2026-10-05T12:19:07.9048826Z         "path": "generated/plugins/copilot/agdf/runtime/create-agdf/runtime/core/lib/control-state/run-artefact-recording.js",
2026-10-05T12:19:07.9048927Z         "size": 6620,
2026-10-05T12:19:07.9049187Z         "mode": 420
2026-10-05T12:19:07.9049284Z       },
2026-10-05T12:19:07.9049376Z       {
2026-10-05T12:19:07.9049830Z         "path": "generated/plugins/copilot/agdf/runtime/create-agdf/runtime/core/lib/control-state/run-identity.js",
2026-10-05T12:19:07.9049924Z         "size": 573,
2026-10-05T12:19:07.9050025Z         "mode": 420
2026-10-05T12:19:07.9050121Z       },
2026-10-05T12:19:07.9050212Z       {
2026-10-05T12:19:07.9050735Z         "path": "generated/plugins/copilot/agdf/runtime/create-agdf/runtime/core/lib/control-state/run-presentation-render.js",
2026-10-05T12:19:07.9050819Z         "size": 17579,
2026-10-05T12:19:07.9050899Z         "mode": 420
2026-10-05T12:19:07.9050982Z       },
2026-10-05T12:19:07.9051073Z       {
2026-10-05T12:19:07.9051498Z         "path": "generated/plugins/copilot/agdf/runtime/create-agdf/runtime/core/lib/control-state/run-presentation.js",
2026-10-05T12:19:07.9051579Z         "size": 6777,
2026-10-05T12:19:07.9051658Z         "mode": 420
2026-10-05T12:19:07.9051744Z       },
2026-10-05T12:19:07.9051814Z       {
2026-10-05T12:19:07.9052263Z         "path": "generated/plugins/copilot/agdf/runtime/create-agdf/runtime/core/lib/control-state/run-recording.js",
2026-10-05T12:19:07.9052372Z         "size": 10751,
2026-10-05T12:19:07.9052469Z         "mode": 420
2026-10-05T12:19:07.9052553Z       },
2026-10-05T12:19:07.9052642Z       {
2026-10-05T12:19:07.9053102Z         "path": "generated/plugins/copilot/agdf/runtime/create-agdf/runtime/core/lib/control-state/run-recovery.js",
2026-10-05T12:19:07.9053189Z         "size": 17891,
2026-10-05T12:19:07.9053285Z         "mode": 420
2026-10-05T12:19:07.9053381Z       },
2026-10-05T12:19:07.9053474Z       {
2026-10-05T12:19:07.9054032Z         "path": "generated/plugins/copilot/agdf/runtime/create-agdf/runtime/core/lib/control-state/run-relationship-correction.js",
2026-10-05T12:19:07.9054140Z         "size": 5721,
2026-10-05T12:19:07.9054243Z         "mode": 420
2026-10-05T12:19:07.9054325Z       },
2026-10-05T12:19:07.9054423Z       {
2026-10-05T12:19:07.9054942Z         "path": "generated/plugins/copilot/agdf/runtime/create-agdf/runtime/core/lib/control-state/run-revision-history.js",
2026-10-05T12:19:07.9055027Z         "size": 9598,
2026-10-05T12:19:07.9055128Z         "mode": 420
2026-10-05T12:19:07.9055217Z       },
2026-10-05T12:19:07.9055337Z       {
2026-10-05T12:19:07.9056050Z         "path": "generated/plugins/copilot/agdf/runtime/create-agdf/runtime/core/lib/control-state/run-revision.js",
2026-10-05T12:19:07.9056191Z         "size": 24412,
2026-10-05T12:19:07.9056554Z         "mode": 420
2026-10-05T12:19:07.9056648Z       },
2026-10-05T12:19:07.9056731Z       {
2026-10-05T12:19:07.9057203Z         "path": "generated/plugins/copilot/agdf/runtime/create-agdf/runtime/core/lib/control-state/run-seal.js",
2026-10-05T12:19:07.9057311Z         "size": 7838,
2026-10-05T12:19:07.9057579Z         "mode": 420
2026-10-05T12:19:07.9057682Z       },
2026-10-05T12:19:07.9057774Z       {
2026-10-05T12:19:07.9058299Z         "path": "generated/plugins/copilot/agdf/runtime/create-agdf/runtime/core/lib/control-state/run-source-revisions.js",
2026-10-05T12:19:07.9058409Z         "size": 9961,
2026-10-05T12:19:07.9058507Z         "mode": 420
2026-10-05T12:19:07.9058597Z       },
2026-10-05T12:19:07.9058683Z       {
2026-10-05T12:19:07.9059182Z         "path": "generated/plugins/copilot/agdf/runtime/create-agdf/runtime/core/lib/control-state/run-state-edits.js",
2026-10-05T12:19:07.9059278Z         "size": 6233,
2026-10-05T12:19:07.9059369Z         "mode": 420
2026-10-05T12:19:07.9059464Z       },
2026-10-05T12:19:07.9059555Z       {
2026-10-05T12:19:07.9060036Z         "path": "generated/plugins/copilot/agdf/runtime/create-agdf/runtime/core/lib/control-state/run-state-parser.js",
2026-10-05T12:19:07.9060125Z         "size": 12277,
2026-10-05T12:19:07.9060225Z         "mode": 420
2026-10-05T12:19:07.9060324Z       },
2026-10-05T12:19:07.9060398Z       {
2026-10-05T12:19:07.9061018Z         "path": "generated/plugins/copilot/agdf/runtime/create-agdf/runtime/core/lib/control-state/run-state-reader.js",
2026-10-05T12:19:07.9061117Z         "size": 1875,
2026-10-05T12:19:07.9061214Z         "mode": 420
2026-10-05T12:19:07.9061295Z       },
2026-10-05T12:19:07.9061384Z       {
2026-10-05T12:19:07.9061973Z         "path": "generated/plugins/copilot/agdf/runtime/create-agdf/runtime/core/lib/control-state/run-state-repository.js",
2026-10-05T12:19:07.9062070Z         "size": 6390,
2026-10-05T12:19:07.9062167Z         "mode": 420
2026-10-05T12:19:07.9062256Z       },
2026-10-05T12:19:07.9062335Z       {
2026-10-05T12:19:07.9062860Z         "path": "generated/plugins/copilot/agdf/runtime/create-agdf/runtime/core/lib/control-state/run-state-resolver.js",
2026-10-05T12:19:07.9062964Z         "size": 1371,
2026-10-05T12:19:07.9063058Z         "mode": 420
2026-10-05T12:19:07.9063143Z       },
2026-10-05T12:19:07.9063248Z       {
2026-10-05T12:19:07.9063748Z         "path": "generated/plugins/copilot/agdf/runtime/create-agdf/runtime/core/lib/control-state/run-state-writer.js",
2026-10-05T12:19:07.9063854Z         "size": 16219,
2026-10-05T12:19:07.9063953Z         "mode": 420
2026-10-05T12:19:07.9064048Z       },
2026-10-05T12:19:07.9064145Z       {
2026-10-05T12:19:07.9064623Z         "path": "generated/plugins/copilot/agdf/runtime/create-agdf/runtime/core/lib/control-state/run-step-pending.js",
2026-10-05T12:19:07.9064717Z         "size": 620,
2026-10-05T12:19:07.9064813Z         "mode": 420
2026-10-05T12:19:07.9064897Z       },
2026-10-05T12:19:07.9064989Z       {
2026-10-05T12:19:07.9065492Z         "path": "generated/plugins/copilot/agdf/runtime/create-agdf/runtime/core/lib/control-state/run-step-transaction.js",
2026-10-05T12:19:07.9065595Z         "size": 15958,
2026-10-05T12:19:07.9065686Z         "mode": 420
2026-10-05T12:19:07.9065776Z       },
2026-10-05T12:19:07.9065865Z       {
2026-10-05T12:19:07.9066300Z         "path": "generated/plugins/copilot/agdf/runtime/create-agdf/runtime/core/lib/control-state/run-steps.js",
2026-10-05T12:19:07.9066406Z         "size": 15588,
2026-10-05T12:19:07.9066506Z         "mode": 420
2026-10-05T12:19:07.9066596Z       },
2026-10-05T12:19:07.9066681Z       {
2026-10-05T12:19:07.9067200Z         "path": "generated/plugins/copilot/agdf/runtime/create-agdf/runtime/core/lib/control-state/run-store-inspection.js",
2026-10-05T12:19:07.9067298Z         "size": 2164,
2026-10-05T12:19:07.9067388Z         "mode": 420
2026-10-05T12:19:07.9067478Z       },
2026-10-05T12:19:07.9067564Z       {
2026-10-05T12:19:07.9068063Z         "path": "generated/plugins/copilot/agdf/runtime/create-agdf/runtime/core/lib/delivery-continuation/service.js",
2026-10-05T12:19:07.9068157Z         "size": 3947,
2026-10-05T12:19:07.9068236Z         "mode": 420
2026-10-05T12:19:07.9068327Z       },
2026-10-05T12:19:07.9068416Z       {
2026-10-05T12:19:07.9068952Z         "path": "generated/plugins/copilot/agdf/runtime/create-agdf/runtime/core/lib/delivery-path-search/candidate-policy.js",
2026-10-05T12:19:07.9069020Z         "size": 3919,
2026-10-05T12:19:07.9069075Z         "mode": 420
2026-10-05T12:19:07.9069137Z       },
2026-10-05T12:19:07.9069196Z       {
2026-10-05T12:19:07.9069506Z         "path": "generated/plugins/copilot/agdf/runtime/create-agdf/runtime/core/lib/delivery-path-search/contracts.js",
2026-10-05T12:19:07.9069568Z         "size": 15955,
2026-10-05T12:19:07.9069632Z         "mode": 420
2026-10-05T12:19:07.9069692Z       },
2026-10-05T12:19:07.9069745Z       {
2026-10-05T12:19:07.9070064Z         "path": "generated/plugins/copilot/agdf/runtime/create-agdf/runtime/core/lib/delivery-path-search/persistence.js",
2026-10-05T12:19:07.9070129Z         "size": 2521,
2026-10-05T12:19:07.9070193Z         "mode": 420
2026-10-05T12:19:07.9070248Z       },
2026-10-05T12:19:07.9070310Z       {
2026-10-05T12:19:07.9070607Z         "path": "generated/plugins/copilot/agdf/runtime/create-agdf/runtime/core/lib/delivery-path-search/scoring.js",
2026-10-05T12:19:07.9070738Z         "size": 824,
2026-10-05T12:19:07.9070801Z         "mode": 420
2026-10-05T12:19:07.9070861Z       },
2026-10-05T12:19:07.9070922Z       {
2026-10-05T12:19:07.9071253Z         "path": "generated/plugins/copilot/agdf/runtime/create-agdf/runtime/core/lib/delivery-path-search/search-engine.js",
2026-10-05T12:19:07.9071318Z         "size": 11244,
2026-10-05T12:19:07.9071380Z         "mode": 420
2026-10-05T12:19:07.9071431Z       },
2026-10-05T12:19:07.9071490Z       {
2026-10-05T12:19:07.9071798Z         "path": "generated/plugins/copilot/agdf/runtime/create-agdf/runtime/core/lib/delivery-path-search/state-adapter.js",
2026-10-05T12:19:07.9071864Z         "size": 4596,
2026-10-05T12:19:07.9071922Z         "mode": 420
2026-10-05T12:19:07.9071982Z       },
2026-10-05T12:19:07.9072040Z       {
2026-10-05T12:19:07.9072270Z         "path": "generated/plugins/copilot/agdf/runtime/create-agdf/runtime/core/lib/fs-swap.js",
2026-10-05T12:19:07.9072339Z         "size": 916,
2026-10-05T12:19:07.9072410Z         "mode": 420
2026-10-05T12:19:07.9072463Z       },
2026-10-05T12:19:07.9072529Z       {
2026-10-05T12:19:07.9072753Z         "path": "generated/plugins/copilot/agdf/runtime/create-agdf/runtime/core/lib/index.js",
2026-10-05T12:19:07.9072816Z         "size": 954,
2026-10-05T12:19:07.9072871Z         "mode": 420
2026-10-05T12:19:07.9072929Z       },
2026-10-05T12:19:07.9072992Z       {
2026-10-05T12:19:07.9073287Z         "path": "generated/plugins/copilot/agdf/runtime/create-agdf/runtime/core/lib/interaction-catalog-validation.js",
2026-10-05T12:19:07.9073350Z         "size": 1453,
2026-10-05T12:19:07.9073413Z         "mode": 420
2026-10-05T12:19:07.9073472Z       },
2026-10-05T12:19:07.9073525Z       {
2026-10-05T12:19:07.9073792Z         "path": "generated/plugins/copilot/agdf/runtime/create-agdf/runtime/core/lib/interaction-catalog.js",
2026-10-05T12:19:07.9073862Z         "size": 3628,
2026-10-05T12:19:07.9073918Z         "mode": 420
2026-10-05T12:19:07.9073980Z       },
2026-10-05T12:19:07.9074039Z       {
2026-10-05T12:19:07.9074314Z         "path": "generated/plugins/copilot/agdf/runtime/create-agdf/runtime/core/lib/interaction-presentation.js",
2026-10-05T12:19:07.9074384Z         "size": 65120,
2026-10-05T12:19:07.9074450Z         "mode": 420
2026-10-05T12:19:07.9074511Z       },
2026-10-05T12:19:07.9074567Z       {
2026-10-05T12:19:07.9074853Z         "path": "generated/plugins/copilot/agdf/runtime/create-agdf/runtime/core/lib/repository-context-reader.js",
2026-10-05T12:19:07.9074919Z         "size": 3135,
2026-10-05T12:19:07.9074978Z         "mode": 420
2026-10-05T12:19:07.9075040Z       },
2026-10-05T12:19:07.9075100Z       {
2026-10-05T12:19:07.9075353Z         "path": "generated/plugins/copilot/agdf/runtime/create-agdf/runtime/core/lib/resources/binding.js",
2026-10-05T12:19:07.9075409Z         "size": 296,
2026-10-05T12:19:07.9075544Z         "mode": 420
2026-10-05T12:19:07.9075605Z       },
2026-10-05T12:19:07.9075658Z       {
2026-10-05T12:19:07.9075911Z         "path": "generated/plugins/copilot/agdf/runtime/create-agdf/runtime/core/lib/resources/context.js",
2026-10-05T12:19:07.9075974Z         "size": 3469,
2026-10-05T12:19:07.9076041Z         "mode": 420
2026-10-05T12:19:07.9076093Z       },
2026-10-05T12:19:07.9076150Z       {
2026-10-05T12:19:07.9076710Z         "path": "generated/plugins/copilot/agdf/runtime/create-agdf/runtime/core/lib/resources/contracts.js",
2026-10-05T12:19:07.9076786Z         "size": 1513,
2026-10-05T12:19:07.9076848Z         "mode": 420
2026-10-05T12:19:07.9076909Z       },
2026-10-05T12:19:07.9076963Z       {
2026-10-05T12:19:07.9077284Z         "path": "generated/plugins/copilot/agdf/runtime/create-agdf/runtime/core/lib/runtime/distribution-profile-history.js",
2026-10-05T12:19:07.9077359Z         "size": 6077,
2026-10-05T12:19:07.9077425Z         "mode": 420
2026-10-05T12:19:07.9077475Z       },
2026-10-05T12:19:07.9077543Z       {
2026-10-05T12:19:07.9077824Z         "path": "generated/plugins/copilot/agdf/runtime/create-agdf/runtime/core/lib/runtime/plugin-provenance.js",
2026-10-05T12:19:07.9077976Z         "size": 20490,
2026-10-05T12:19:07.9078039Z         "mode": 420
2026-10-05T12:19:07.9078103Z       },
2026-10-05T12:19:07.9078163Z       {
2026-10-05T12:19:07.9078426Z         "path": "generated/plugins/copilot/agdf/runtime/create-agdf/runtime/core/lib/skill-dispatch/binding.js",
2026-10-05T12:19:07.9078500Z         "size": 3647,
2026-10-05T12:19:07.9078564Z         "mode": 420
2026-10-05T12:19:07.9078618Z       },
2026-10-05T12:19:07.9078681Z       {
2026-10-05T12:19:07.9078953Z         "path": "generated/plugins/copilot/agdf/runtime/create-agdf/runtime/core/lib/skill-dispatch/contract.js",
2026-10-05T12:19:07.9079018Z         "size": 27887,
2026-10-05T12:19:07.9079073Z         "mode": 420
2026-10-05T12:19:07.9079135Z       },
2026-10-05T12:19:07.9079193Z       {
2026-10-05T12:19:07.9079479Z         "path": "generated/plugins/copilot/agdf/runtime/create-agdf/runtime/core/lib/skill-dispatch/delivery-intake.js",
2026-10-05T12:19:07.9079548Z         "size": 4635,
2026-10-05T12:19:07.9079612Z         "mode": 420
2026-10-05T12:19:07.9079664Z       },
2026-10-05T12:19:07.9079725Z       {
2026-10-05T12:19:07.9080044Z         "path": "generated/plugins/copilot/agdf/runtime/create-agdf/runtime/core/lib/skill-dispatch/delivery-run-assignment.js",
2026-10-05T12:19:07.9080107Z         "size": 4578,
2026-10-05T12:19:07.9080166Z         "mode": 420
2026-10-05T12:19:07.9080226Z       },
2026-10-05T12:19:07.9080284Z       {
2026-10-05T12:19:07.9080570Z         "path": "generated/plugins/copilot/agdf/runtime/create-agdf/runtime/core/lib/skill-dispatch/prd-definition.js",
2026-10-05T12:19:07.9080635Z         "size": 2845,
2026-10-05T12:19:07.9080697Z         "mode": 420
2026-10-05T12:19:07.9080757Z       },
2026-10-05T12:19:07.9080811Z       {
2026-10-05T12:19:07.9081103Z         "path": "generated/plugins/copilot/agdf/runtime/create-agdf/runtime/core/lib/skill-dispatch/sd-definition.js",
2026-10-05T12:19:07.9081169Z         "size": 2900,
2026-10-05T12:19:07.9081224Z         "mode": 420
2026-10-05T12:19:07.9081281Z       },
2026-10-05T12:19:07.9081339Z       {
2026-10-05T12:19:07.9081599Z         "path": "generated/plugins/copilot/agdf/runtime/create-agdf/runtime/core/lib/skill-dispatch/service.js",
2026-10-05T12:19:07.9081655Z         "size": 40882,
2026-10-05T12:19:07.9081720Z         "mode": 420
2026-10-05T12:19:07.9081780Z       },
2026-10-05T12:19:07.9081830Z       {
2026-10-05T12:19:07.9082096Z         "path": "generated/plugins/copilot/agdf/runtime/create-agdf/runtime/core/lib/task-target-resolution.js",
2026-10-05T12:19:07.9082161Z         "size": 8096,
2026-10-05T12:19:07.9082223Z         "mode": 420
2026-10-05T12:19:07.9082275Z       },
2026-10-05T12:19:07.9082332Z       {
2026-10-05T12:19:07.9082601Z         "path": "generated/plugins/copilot/agdf/runtime/runtime-manifest.json",
2026-10-05T12:19:07.9082661Z         "size": 236,
2026-10-05T12:19:07.9082730Z         "mode": 420
2026-10-05T12:19:07.9082789Z       },
2026-10-05T12:19:07.9082842Z       {
2026-10-05T12:19:07.9083055Z         "path": "generated/plugins/copilot/agdf/skills/agdf-brownfield-analysis/SKILL.md",
2026-10-05T12:19:07.9083121Z         "size": 15460,
2026-10-05T12:19:07.9083186Z         "mode": 420
2026-10-05T12:19:07.9083238Z       },
2026-10-05T12:19:07.9083296Z       {
2026-10-05T12:19:07.9083532Z         "path": "generated/plugins/copilot/agdf/skills/agdf-clean-implementation-review/SKILL.md",
2026-10-05T12:19:07.9083589Z         "size": 7501,
2026-10-05T12:19:07.9083656Z         "mode": 420
2026-10-05T12:19:07.9083716Z       },
2026-10-05T12:19:07.9083770Z       {
2026-10-05T12:19:07.9083955Z         "path": "generated/plugins/copilot/agdf/skills/agdf-code-review/SKILL.md",
2026-10-05T12:19:07.9084023Z         "size": 7600,
2026-10-05T12:19:07.9084087Z         "mode": 420
2026-10-05T12:19:07.9084147Z       },
2026-10-05T12:19:07.9084207Z       {
2026-10-05T12:19:07.9084487Z         "path": "generated/plugins/copilot/agdf/skills/agdf-delivery-closeout/SKILL.md",
2026-10-05T12:19:07.9084548Z         "size": 7162,
2026-10-05T12:19:07.9084613Z         "mode": 420
2026-10-05T12:19:07.9084675Z       },
2026-10-05T12:19:07.9084734Z       {
2026-10-05T12:19:07.9084940Z         "path": "generated/plugins/copilot/agdf/skills/agdf-delivery-path-search/SKILL.md",
2026-10-05T12:19:07.9085003Z         "size": 8000,
2026-10-05T12:19:07.9085064Z         "mode": 420
2026-10-05T12:19:07.9085116Z       },
2026-10-05T12:19:07.9085177Z       {
2026-10-05T12:19:07.9085365Z         "path": "generated/plugins/copilot/agdf/skills/agdf-gate-check/SKILL.md",
2026-10-05T12:19:07.9085422Z         "size": 5485,
2026-10-05T12:19:07.9085483Z         "mode": 420
2026-10-05T12:19:07.9085542Z       },
2026-10-05T12:19:07.9085599Z       {
2026-10-05T12:19:07.9085795Z         "path": "generated/plugins/copilot/agdf/skills/agdf-interaction-locales.json",
2026-10-05T12:19:07.9085867Z         "size": 153294,
2026-10-05T12:19:07.9085937Z         "mode": 420
2026-10-05T12:19:07.9085991Z       },
2026-10-05T12:19:07.9086050Z       {
2026-10-05T12:19:07.9086241Z         "path": "generated/plugins/copilot/agdf/skills/agdf-prd-definition/SKILL.md",
2026-10-05T12:19:07.9086306Z         "size": 3815,
2026-10-05T12:19:07.9086362Z         "mode": 420
2026-10-05T12:19:07.9086424Z       },
2026-10-05T12:19:07.9086481Z       {
2026-10-05T12:19:07.9086651Z         "path": "generated/plugins/copilot/agdf/skills/agdf-qa-gate/SKILL.md",
2026-10-05T12:19:07.9086717Z         "size": 10589,
2026-10-05T12:19:07.9086778Z         "mode": 420
2026-10-05T12:19:07.9086831Z       },
2026-10-05T12:19:07.9086892Z       {
2026-10-05T12:19:07.9087080Z         "path": "generated/plugins/copilot/agdf/skills/agdf-release-or/SKILL.md",
2026-10-05T12:19:07.9087145Z         "size": 9998,
2026-10-05T12:19:07.9087203Z         "mode": 420
2026-10-05T12:19:07.9087262Z       },
2026-10-05T12:19:07.9087321Z       {
2026-10-05T12:19:07.9087496Z         "path": "generated/plugins/copilot/agdf/skills/agdf-runtime-contract.md",
2026-10-05T12:19:07.9087560Z         "size": 1977,
2026-10-05T12:19:07.9087622Z         "mode": 420
2026-10-05T12:19:07.9087674Z       },
2026-10-05T12:19:07.9087733Z       {
2026-10-05T12:19:07.9087922Z         "path": "generated/plugins/copilot/agdf/skills/agdf-sd-definition/SKILL.md",
2026-10-05T12:19:07.9087981Z         "size": 3720,
2026-10-05T12:19:07.9088039Z         "mode": 420
2026-10-05T12:19:07.9088098Z       },
2026-10-05T12:19:07.9088154Z       {
2026-10-05T12:19:07.9088343Z         "path": "generated/plugins/copilot/agdf/skills/agdf-task-plan-review/SKILL.md",
2026-10-05T12:19:07.9088407Z         "size": 8249,
2026-10-05T12:19:07.9088469Z         "mode": 420
2026-10-05T12:19:07.9088527Z       },
2026-10-05T12:19:07.9088578Z       {
2026-10-05T12:19:07.9088835Z         "path": "generated/plugins/copilot/agdf/skills/agdf-ur-definition/SKILL.md",
2026-10-05T12:19:07.9088909Z         "size": 3701,
2026-10-05T12:19:07.9088971Z         "mode": 420
2026-10-05T12:19:07.9089033Z       },
2026-10-05T12:19:07.9089090Z       {
2026-10-05T12:19:07.9089292Z         "path": "generated/plugins/copilot/agdf/skills/agdf-ux-intent-definition/SKILL.md",
2026-10-05T12:19:07.9089355Z         "size": 7284,
2026-10-05T12:19:07.9089419Z         "mode": 420
2026-10-05T12:19:07.9089478Z       },
2026-10-05T12:19:07.9089531Z       {
2026-10-05T12:19:07.9089711Z         "path": "generated/plugins/copilot/agdf/skills/contracts/closeout.md",
2026-10-05T12:19:07.9089776Z         "size": 4196,
2026-10-05T12:19:07.9089833Z         "mode": 420
2026-10-05T12:19:07.9089892Z       },
2026-10-05T12:19:07.9089955Z       {
2026-10-05T12:19:07.9090140Z         "path": "generated/plugins/copilot/agdf/skills/contracts/context-graph.md",
2026-10-05T12:19:07.9090205Z         "size": 2512,
2026-10-05T12:19:07.9090273Z         "mode": 420
2026-10-05T12:19:07.9090331Z       },
2026-10-05T12:19:07.9090454Z       {
2026-10-05T12:19:07.9090644Z         "path": "generated/plugins/copilot/agdf/skills/contracts/control-scaffold.md",
2026-10-05T12:19:07.9090709Z         "size": 11537,
2026-10-05T12:19:07.9090766Z         "mode": 420
2026-10-05T12:19:07.9090827Z       },
2026-10-05T12:19:07.9090887Z       {
2026-10-05T12:19:07.9091116Z         "path": "generated/plugins/copilot/agdf/skills/contracts/gate-artifact-preparation.md",
2026-10-05T12:19:07.9091173Z         "size": 5731,
2026-10-05T12:19:07.9091237Z         "mode": 420
2026-10-05T12:19:07.9091295Z       },
2026-10-05T12:19:07.9091345Z       {
2026-10-05T12:19:07.9091533Z         "path": "generated/plugins/copilot/agdf/skills/contracts/gate-transition.md",
2026-10-05T12:19:07.9091598Z         "size": 17966,
2026-10-05T12:19:07.9091654Z         "mode": 420
2026-10-05T12:19:07.9091716Z       },
2026-10-05T12:19:07.9091773Z       {
2026-10-05T12:19:07.9091949Z         "path": "generated/plugins/copilot/agdf/skills/contracts/interaction.md",
2026-10-05T12:19:07.9092010Z         "size": 46599,
2026-10-05T12:19:07.9092072Z         "mode": 420
2026-10-05T12:19:07.9092132Z       },
2026-10-05T12:19:07.9092184Z       {
2026-10-05T12:19:07.9092348Z         "path": "generated/plugins/copilot/agdf/skills/contracts/modes.md",
2026-10-05T12:19:07.9092414Z         "size": 12906,
2026-10-05T12:19:07.9092480Z         "mode": 420
2026-10-05T12:19:07.9092535Z       },
2026-10-05T12:19:07.9092594Z       {
2026-10-05T12:19:07.9092776Z         "path": "generated/plugins/copilot/agdf/skills/contracts/prd-definition.md",
2026-10-05T12:19:07.9092832Z         "size": 5034,
2026-10-05T12:19:07.9092896Z         "mode": 420
2026-10-05T12:19:07.9092954Z       },
2026-10-05T12:19:07.9093011Z       {
2026-10-05T12:19:07.9093188Z         "path": "generated/plugins/copilot/agdf/skills/contracts/quality.md",
2026-10-05T12:19:07.9093251Z         "size": 8692,
2026-10-05T12:19:07.9093317Z         "mode": 420
2026-10-05T12:19:07.9093368Z       },
2026-10-05T12:19:07.9093429Z       {
2026-10-05T12:19:07.9093630Z         "path": "generated/plugins/copilot/agdf/skills/contracts/request-activation.md",
2026-10-05T12:19:07.9093687Z         "size": 18822,
2026-10-05T12:19:07.9093748Z         "mode": 420
2026-10-05T12:19:07.9093805Z       },
2026-10-05T12:19:07.9093856Z       {
2026-10-05T12:19:07.9094034Z         "path": "generated/plugins/copilot/agdf/skills/contracts/sd-definition.md",
2026-10-05T12:19:07.9094098Z         "size": 4617,
2026-10-05T12:19:07.9094161Z         "mode": 420
2026-10-05T12:19:07.9094212Z       },
2026-10-05T12:19:07.9094270Z       {
2026-10-05T12:19:07.9094481Z         "path": "generated/plugins/copilot/agdf/skills/contracts/task-target-resolution.md",
2026-10-05T12:19:07.9094537Z         "size": 8919,
2026-10-05T12:19:07.9094599Z         "mode": 420
2026-10-05T12:19:07.9094655Z       },
2026-10-05T12:19:07.9094715Z       {
2026-10-05T12:19:07.9094965Z         "path": "generated/plugins/copilot/agdf/skills/contracts/ur-definition.md",
2026-10-05T12:19:07.9095036Z         "size": 3139,
2026-10-05T12:19:07.9095098Z         "mode": 420
2026-10-05T12:19:07.9095152Z       },
2026-10-05T12:19:07.9095213Z       {
2026-10-05T12:19:07.9095391Z         "path": "generated/submissions/openai/agdf/.codex-plugin/plugin.json",
2026-10-05T12:19:07.9095448Z         "size": 1889,
2026-10-05T12:19:07.9095516Z         "mode": 420
2026-10-05T12:19:07.9095574Z       },
2026-10-05T12:19:07.9095634Z       {
2026-10-05T12:19:07.9095784Z         "path": "generated/submissions/openai/agdf/assets/agdf-icon.svg",
2026-10-05T12:19:07.9095851Z         "size": 924,
2026-10-05T12:19:07.9095913Z         "mode": 420
2026-10-05T12:19:07.9095965Z       },
2026-10-05T12:19:07.9096024Z       {
2026-10-05T12:19:07.9096171Z         "path": "generated/submissions/openai/agdf/assets/agdf-logo.svg",
2026-10-05T12:19:07.9096228Z         "size": 962,
2026-10-05T12:19:07.9096292Z         "mode": 420
2026-10-05T12:19:07.9096350Z       },
2026-10-05T12:19:07.9096483Z       {
2026-10-05T12:19:07.9096892Z         "path": "generated/submissions/openai/agdf/meta/agdf-agent-router.md",
2026-10-05T12:19:07.9096961Z         "size": 12317,
2026-10-05T12:19:07.9097023Z         "mode": 420
2026-10-05T12:19:07.9097076Z       },
2026-10-05T12:19:07.9097138Z       {
2026-10-05T12:19:07.9097315Z         "path": "generated/submissions/openai/agdf/meta/agdf-constitution.md",
2026-10-05T12:19:07.9097382Z         "size": 8709,
2026-10-05T12:19:07.9097437Z         "mode": 420
2026-10-05T12:19:07.9097496Z       },
2026-10-05T12:19:07.9097553Z       {
2026-10-05T12:19:07.9097752Z         "path": "generated/submissions/openai/agdf/meta/agdf-interaction-locales.json",
2026-10-05T12:19:07.9097819Z         "size": 153294,
2026-10-05T12:19:07.9097882Z         "mode": 420
2026-10-05T12:19:07.9097934Z       },
2026-10-05T12:19:07.9097992Z       {
2026-10-05T12:19:07.9098192Z         "path": "generated/submissions/openai/agdf/meta/agdf-plugin.definition.json",
2026-10-05T12:19:07.9098261Z         "size": 18450,
2026-10-05T12:19:07.9098320Z         "mode": 420
2026-10-05T12:19:07.9098379Z       },
2026-10-05T12:19:07.9098440Z       {
2026-10-05T12:19:07.9098619Z         "path": "generated/submissions/openai/agdf/meta/agdf-runtime-contract.md",
2026-10-05T12:19:07.9098683Z         "size": 1977,
2026-10-05T12:19:07.9098747Z         "mode": 420
2026-10-05T12:19:07.9098800Z       },
2026-10-05T12:19:07.9098860Z       {
2026-10-05T12:19:07.9099017Z         "path": "generated/submissions/openai/agdf/meta/agdf-tenets.md",
2026-10-05T12:19:07.9099079Z         "size": 8945,
2026-10-05T12:19:07.9099133Z         "mode": 420
2026-10-05T12:19:07.9099194Z       },
2026-10-05T12:19:07.9099253Z       {
2026-10-05T12:19:07.9099457Z         "path": "generated/submissions/openai/agdf/meta/agent-skills-conformance.json",
2026-10-05T12:19:07.9099525Z         "size": 1867,
2026-10-05T12:19:07.9099592Z         "mode": 420
2026-10-05T12:19:07.9099650Z       },
2026-10-05T12:19:07.9099705Z       {
2026-10-05T12:19:07.9099883Z         "path": "generated/submissions/openai/agdf/meta/contracts/closeout.md",
2026-10-05T12:19:07.9099945Z         "size": 4196,
2026-10-05T12:19:07.9100001Z         "mode": 420
2026-10-05T12:19:07.9100061Z       },
2026-10-05T12:19:07.9100121Z       {
2026-10-05T12:19:07.9100302Z         "path": "generated/submissions/openai/agdf/meta/contracts/context-graph.md",
2026-10-05T12:19:07.9100367Z         "size": 2512,
2026-10-05T12:19:07.9100428Z         "mode": 420
2026-10-05T12:19:07.9100487Z       },
2026-10-05T12:19:07.9100540Z       {
2026-10-05T12:19:07.9100730Z         "path": "generated/submissions/openai/agdf/meta/contracts/control-scaffold.md",
2026-10-05T12:19:07.9100790Z         "size": 11537,
2026-10-05T12:19:07.9100847Z         "mode": 420
2026-10-05T12:19:07.9100907Z       },
2026-10-05T12:19:07.9100964Z       {
2026-10-05T12:19:07.9101268Z         "path": "generated/submissions/openai/agdf/meta/contracts/gate-artifact-preparation.md",
2026-10-05T12:19:07.9101334Z         "size": 5731,
2026-10-05T12:19:07.9101395Z         "mode": 420
2026-10-05T12:19:07.9101455Z       },
2026-10-05T12:19:07.9101508Z       {
2026-10-05T12:19:07.9101709Z         "path": "generated/submissions/openai/agdf/meta/contracts/gate-transition.md",
2026-10-05T12:19:07.9101773Z         "size": 17966,
2026-10-05T12:19:07.9101828Z         "mode": 420
2026-10-05T12:19:07.9101889Z       },
2026-10-05T12:19:07.9101948Z       {
2026-10-05T12:19:07.9102123Z         "path": "generated/submissions/openai/agdf/meta/contracts/interaction.md",
2026-10-05T12:19:07.9102186Z         "size": 46617,
2026-10-05T12:19:07.9102253Z         "mode": 420
2026-10-05T12:19:07.9102312Z       },
2026-10-05T12:19:07.9102366Z       {
2026-10-05T12:19:07.9102533Z         "path": "generated/submissions/openai/agdf/meta/contracts/modes.md",
2026-10-05T12:19:07.9102599Z         "size": 12906,
2026-10-05T12:19:07.9102660Z         "mode": 420
2026-10-05T12:19:07.9102723Z       },
2026-10-05T12:19:07.9102848Z       {
2026-10-05T12:19:07.9103033Z         "path": "generated/submissions/openai/agdf/meta/contracts/prd-definition.md",
2026-10-05T12:19:07.9103090Z         "size": 5034,
2026-10-05T12:19:07.9103154Z         "mode": 420
2026-10-05T12:19:07.9103213Z       },
2026-10-05T12:19:07.9103266Z       {
2026-10-05T12:19:07.9103441Z         "path": "generated/submissions/openai/agdf/meta/contracts/quality.md",
2026-10-05T12:19:07.9103515Z         "size": 8692,
2026-10-05T12:19:07.9103579Z         "mode": 420
2026-10-05T12:19:07.9103634Z       },
2026-10-05T12:19:07.9103693Z       {
2026-10-05T12:19:07.9103894Z         "path": "generated/submissions/openai/agdf/meta/contracts/request-activation.md",
2026-10-05T12:19:07.9103953Z         "size": 18822,
2026-10-05T12:19:07.9104015Z         "mode": 420
2026-10-05T12:19:07.9104072Z       },
2026-10-05T12:19:07.9104123Z       {
2026-10-05T12:19:07.9104313Z         "path": "generated/submissions/openai/agdf/meta/contracts/sd-definition.md",
2026-10-05T12:19:07.9104377Z         "size": 4617,
2026-10-05T12:19:07.9104436Z         "mode": 420
2026-10-05T12:19:07.9104489Z       },
2026-10-05T12:19:07.9104548Z       {
2026-10-05T12:19:07.9104771Z         "path": "generated/submissions/openai/agdf/meta/contracts/task-target-resolution.md",
2026-10-05T12:19:07.9104829Z         "size": 8919,
2026-10-05T12:19:07.9104890Z         "mode": 420
2026-10-05T12:19:07.9104946Z       },
2026-10-05T12:19:07.9105000Z       {
2026-10-05T12:19:07.9105179Z         "path": "generated/submissions/openai/agdf/meta/contracts/ur-definition.md",
2026-10-05T12:19:07.9105241Z         "size": 3139,
2026-10-05T12:19:07.9105305Z         "mode": 420
2026-10-05T12:19:07.9105358Z       },
2026-10-05T12:19:07.9105422Z       {
2026-10-05T12:19:07.9105620Z         "path": "generated/submissions/openai/agdf/meta/copilot-payload-baseline.json",
2026-10-05T12:19:07.9105678Z         "size": 276,
2026-10-05T12:19:07.9105748Z         "mode": 420
2026-10-05T12:19:07.9105804Z       },
2026-10-05T12:19:07.9105866Z       {
2026-10-05T12:19:07.9106080Z         "path": "generated/submissions/openai/agdf/meta/distribution-profile-history.json",
2026-10-05T12:19:07.9106146Z         "size": 4398,
2026-10-05T12:19:07.9106210Z         "mode": 420
2026-10-05T12:19:07.9106262Z       },
2026-10-05T12:19:07.9106320Z       {
2026-10-05T12:19:07.9106562Z         "path": "generated/submissions/openai/agdf/meta/schemas/agent-plugins/1.0.0/mcp.schema.json",
2026-10-05T12:19:07.9106622Z         "size": 3408,
2026-10-05T12:19:07.9106685Z         "mode": 420
2026-10-05T12:19:07.9106742Z       },
2026-10-05T12:19:07.9106800Z       {
2026-10-05T12:19:07.9107042Z         "path": "generated/submissions/openai/agdf/meta/schemas/agent-plugins/1.0.0/plugin.schema.json",
2026-10-05T12:19:07.9107110Z         "size": 1805,
2026-10-05T12:19:07.9107172Z         "mode": 420
2026-10-05T12:19:07.9107223Z       },
2026-10-05T12:19:07.9107359Z       {
2026-10-05T12:19:07.9107597Z         "path": "generated/submissions/openai/agdf/meta/schemas/agent-plugins/1.0.0/provenance.json",
2026-10-05T12:19:07.9107664Z         "size": 539,
2026-10-05T12:19:07.9107721Z         "mode": 420
2026-10-05T12:19:07.9107781Z       },
2026-10-05T12:19:07.9107840Z       {
2026-10-05T12:19:07.9107972Z         "path": "generated/submissions/openai/agdf/plugin.json",
2026-10-05T12:19:07.9108037Z         "size": 2104,
2026-10-05T12:19:07.9108101Z         "mode": 420
2026-10-05T12:19:07.9108155Z       },
2026-10-05T12:19:07.9108216Z       {
2026-10-05T12:19:07.9108418Z         "path": "generated/submissions/openai/agdf/skills/brownfield-analysis/help.md",
2026-10-05T12:19:07.9108485Z         "size": 497,
2026-10-05T12:19:07.9108544Z         "mode": 420
2026-10-05T12:19:07.9108605Z       },
2026-10-05T12:19:07.9108665Z       {
2026-10-05T12:19:07.9108853Z         "path": "generated/submissions/openai/agdf/skills/brownfield-analysis/SKILL.md",
2026-10-05T12:19:07.9108923Z         "size": 15519,
2026-10-05T12:19:07.9109677Z         "mode": 420
2026-10-05T12:19:07.9109789Z       },
2026-10-05T12:19:07.9109875Z       {
2026-10-05T12:19:07.9110166Z         "path": "generated/submissions/openai/agdf/skills/clean-implementation-review/help.md",
2026-10-05T12:19:07.9119692Z         "size": 520,
2026-10-05T12:19:07.9119791Z         "mode": 420
2026-10-05T12:19:07.9119852Z       },
2026-10-05T12:19:07.9119922Z       {
2026-10-05T12:19:07.9120182Z         "path": "generated/submissions/openai/agdf/skills/clean-implementation-review/SKILL.md",
2026-10-05T12:19:07.9120253Z         "size": 7536,
2026-10-05T12:19:07.9120314Z         "mode": 420
2026-10-05T12:19:07.9120377Z       },
2026-10-05T12:19:07.9120438Z       {
2026-10-05T12:19:07.9120622Z         "path": "generated/submissions/openai/agdf/skills/code-review/help.md",
2026-10-05T12:19:07.9120692Z         "size": 407,
2026-10-05T12:19:07.9120756Z         "mode": 420
2026-10-05T12:19:07.9120817Z       },
2026-10-05T12:19:07.9120882Z       {
2026-10-05T12:19:07.9121072Z         "path": "generated/submissions/openai/agdf/skills/code-review/SKILL.md",
2026-10-05T12:19:07.9121141Z         "size": 7635,
2026-10-05T12:19:07.9121200Z         "mode": 420
2026-10-05T12:19:07.9121262Z       },
2026-10-05T12:19:07.9121324Z       {
2026-10-05T12:19:07.9121516Z         "path": "generated/submissions/openai/agdf/skills/delivery-closeout/help.md",
2026-10-05T12:19:07.9121581Z         "size": 416,
2026-10-05T12:19:07.9121647Z         "mode": 420
2026-10-05T12:19:07.9121703Z       },
2026-10-05T12:19:07.9121767Z       {
2026-10-05T12:19:07.9121964Z         "path": "generated/submissions/openai/agdf/skills/delivery-closeout/SKILL.md",
2026-10-05T12:19:07.9122027Z         "size": 7197,
2026-10-05T12:19:07.9122083Z         "mode": 420
2026-10-05T12:19:07.9122146Z       },
2026-10-05T12:19:07.9122206Z       {
2026-10-05T12:19:07.9122407Z         "path": "generated/submissions/openai/agdf/skills/delivery-path-search/help.md",
2026-10-05T12:19:07.9122476Z         "size": 555,
2026-10-05T12:19:07.9122545Z         "mode": 420
2026-10-05T12:19:07.9122606Z       },
2026-10-05T12:19:07.9122662Z       {
2026-10-05T12:19:07.9122866Z         "path": "generated/submissions/openai/agdf/skills/delivery-path-search/SKILL.md",
2026-10-05T12:19:07.9122929Z         "size": 8035,
2026-10-05T12:19:07.9122984Z         "mode": 420
2026-10-05T12:19:07.9123049Z       },
2026-10-05T12:19:07.9123118Z       {
2026-10-05T12:19:07.9123287Z         "path": "generated/submissions/openai/agdf/skills/gate-check/help.md",
2026-10-05T12:19:07.9123353Z         "size": 430,
2026-10-05T12:19:07.9123422Z         "mode": 420
2026-10-05T12:19:07.9123483Z       },
2026-10-05T12:19:07.9123538Z       {
2026-10-05T12:19:07.9123714Z         "path": "generated/submissions/openai/agdf/skills/gate-check/SKILL.md",
2026-10-05T12:19:07.9123782Z         "size": 5536,
2026-10-05T12:19:07.9123841Z         "mode": 420
2026-10-05T12:19:07.9124036Z       },
2026-10-05T12:19:07.9124102Z       {
2026-10-05T12:19:07.9124292Z         "path": "generated/submissions/openai/agdf/skills/prd-definition/help.md",
2026-10-05T12:19:07.9124352Z         "size": 551,
2026-10-05T12:19:07.9124416Z         "mode": 420
2026-10-05T12:19:07.9124478Z       },
2026-10-05T12:19:07.9124539Z       {
2026-10-05T12:19:07.9124728Z         "path": "generated/submissions/openai/agdf/skills/prd-definition/SKILL.md",
2026-10-05T12:19:07.9124794Z         "size": 3842,
2026-10-05T12:19:07.9124851Z         "mode": 420
2026-10-05T12:19:07.9124916Z       },
2026-10-05T12:19:07.9124978Z       {
2026-10-05T12:19:07.9125143Z         "path": "generated/submissions/openai/agdf/skills/qa-gate/help.md",
2026-10-05T12:19:07.9125202Z         "size": 385,
2026-10-05T12:19:07.9125268Z         "mode": 420
2026-10-05T12:19:07.9125329Z       },
2026-10-05T12:19:07.9125384Z       {
2026-10-05T12:19:07.9125554Z         "path": "generated/submissions/openai/agdf/skills/qa-gate/SKILL.md",
2026-10-05T12:19:07.9125620Z         "size": 10640,
2026-10-05T12:19:07.9125757Z         "mode": 420
2026-10-05T12:19:07.9125818Z       },
2026-10-05T12:19:07.9125880Z       {
2026-10-05T12:19:07.9126053Z         "path": "generated/submissions/openai/agdf/skills/release-or/help.md",
2026-10-05T12:19:07.9126110Z         "size": 447,
2026-10-05T12:19:07.9126175Z         "mode": 420
2026-10-05T12:19:07.9126234Z       },
2026-10-05T12:19:07.9126286Z       {
2026-10-05T12:19:07.9126458Z         "path": "generated/submissions/openai/agdf/skills/release-or/SKILL.md",
2026-10-05T12:19:07.9126523Z         "size": 10049,
2026-10-05T12:19:07.9126589Z         "mode": 420
2026-10-05T12:19:07.9126642Z       },
2026-10-05T12:19:07.9126701Z       {
2026-10-05T12:19:07.9126881Z         "path": "generated/submissions/openai/agdf/skills/sd-definition/help.md",
2026-10-05T12:19:07.9126939Z         "size": 531,
2026-10-05T12:19:07.9127003Z         "mode": 420
2026-10-05T12:19:07.9127064Z       },
2026-10-05T12:19:07.9127121Z       {
2026-10-05T12:19:07.9127300Z         "path": "generated/submissions/openai/agdf/skills/sd-definition/SKILL.md",
2026-10-05T12:19:07.9127367Z         "size": 3747,
2026-10-05T12:19:07.9127431Z         "mode": 420
2026-10-05T12:19:07.9127486Z       },
2026-10-05T12:19:07.9127546Z       {
2026-10-05T12:19:07.9127737Z         "path": "generated/submissions/openai/agdf/skills/task-plan-review/help.md",
2026-10-05T12:19:07.9127794Z         "size": 457,
2026-10-05T12:19:07.9127859Z         "mode": 420
2026-10-05T12:19:07.9127918Z       },
2026-10-05T12:19:07.9127970Z       {
2026-10-05T12:19:07.9128163Z         "path": "generated/submissions/openai/agdf/skills/task-plan-review/SKILL.md",
2026-10-05T12:19:07.9128230Z         "size": 8292,
2026-10-05T12:19:07.9128294Z         "mode": 420
2026-10-05T12:19:07.9128348Z       },
2026-10-05T12:19:07.9128413Z       {
2026-10-05T12:19:07.9128587Z         "path": "generated/submissions/openai/agdf/skills/ur-definition/help.md",
2026-10-05T12:19:07.9128647Z         "size": 524,
2026-10-05T12:19:07.9128715Z         "mode": 420
2026-10-05T12:19:07.9128778Z       },
2026-10-05T12:19:07.9128832Z       {
2026-10-05T12:19:07.9129009Z         "path": "generated/submissions/openai/agdf/skills/ur-definition/SKILL.md",
2026-10-05T12:19:07.9129075Z         "size": 3720,
2026-10-05T12:19:07.9129139Z         "mode": 420
2026-10-05T12:19:07.9129194Z       },
2026-10-05T12:19:07.9129255Z       {
2026-10-05T12:19:07.9129453Z         "path": "generated/submissions/openai/agdf/skills/ux-intent-definition/help.md",
2026-10-05T12:19:07.9129511Z         "size": 540,
2026-10-05T12:19:07.9129578Z         "mode": 420
2026-10-05T12:19:07.9129641Z       },
2026-10-05T12:19:07.9129705Z       {
2026-10-05T12:19:07.9129901Z         "path": "generated/submissions/openai/agdf/skills/ux-intent-definition/SKILL.md",
2026-10-05T12:19:07.9129967Z         "size": 7311,
2026-10-05T12:19:07.9130033Z         "mode": 420
2026-10-05T12:19:07.9130166Z       },
2026-10-05T12:19:07.9130228Z       {
2026-10-05T12:19:07.9130425Z         "path": "generated/submissions/openai/agdf/submission/openai/availability.md",
2026-10-05T12:19:07.9130489Z         "size": 763,
2026-10-05T12:19:07.9130556Z         "mode": 420
2026-10-05T12:19:07.9130621Z       },
2026-10-05T12:19:07.9130680Z       {
2026-10-05T12:19:07.9130899Z         "path": "generated/submissions/openai/agdf/submission/openai/capability-matrix.json",
2026-10-05T12:19:07.9130968Z         "size": 2107,
2026-10-05T12:19:07.9131036Z         "mode": 420
2026-10-05T12:19:07.9131090Z       },
2026-10-05T12:19:07.9131153Z       {
2026-10-05T12:19:07.9131341Z         "path": "generated/submissions/openai/agdf/submission/openai/inventory.json",
2026-10-05T12:19:07.9131407Z         "size": 8870,
2026-10-05T12:19:07.9131465Z         "mode": 420
2026-10-05T12:19:07.9131526Z       },
2026-10-05T12:19:07.9131588Z       {
2026-10-05T12:19:07.9131766Z         "path": "generated/submissions/openai/agdf/submission/openai/listing.json",
2026-10-05T12:19:07.9131833Z         "size": 1745,
2026-10-05T12:19:07.9131964Z         "mode": 420
2026-10-05T12:19:07.9132018Z       },
2026-10-05T12:19:07.9132079Z       {
2026-10-05T12:19:07.9132266Z         "path": "generated/submissions/openai/agdf/submission/openai/readiness.json",
2026-10-05T12:19:07.9132331Z         "size": 1138,
2026-10-05T12:19:07.9132389Z         "mode": 420
2026-10-05T12:19:07.9132451Z       },
2026-10-05T12:19:07.9132514Z       {
2026-10-05T12:19:07.9132687Z         "path": "generated/submissions/openai/agdf/submission/openai/readiness.md",
2026-10-05T12:19:07.9132756Z         "size": 920,
2026-10-05T12:19:07.9132822Z         "mode": 420
2026-10-05T12:19:07.9132876Z       },
2026-10-05T12:19:07.9132937Z       {
2026-10-05T12:19:07.9133131Z         "path": "generated/submissions/openai/agdf/submission/openai/release-notes.md",
2026-10-05T12:19:07.9133196Z         "size": 2461,
2026-10-05T12:19:07.9133254Z         "mode": 420
2026-10-05T12:19:07.9133316Z       },
2026-10-05T12:19:07.9133377Z       {
2026-10-05T12:19:07.9133581Z         "path": "generated/submissions/openai/agdf/submission/openai/reviewer-cases.json",
2026-10-05T12:19:07.9133648Z         "size": 6324,
2026-10-05T12:19:07.9133710Z         "mode": 420
2026-10-05T12:19:07.9133775Z       },
2026-10-05T12:19:07.9133832Z       {
2026-10-05T12:19:07.9133934Z         "path": "lib/cli/application.js",
2026-10-05T12:19:07.9134001Z         "size": 50643,
2026-10-05T12:19:07.9134059Z         "mode": 420
2026-10-05T12:19:07.9134118Z       },
2026-10-05T12:19:07.9134178Z       {
2026-10-05T12:19:07.9134275Z         "path": "lib/cli/command-registry.js",
2026-10-05T12:19:07.9134345Z         "size": 25352,
2026-10-05T12:19:07.9134411Z         "mode": 420
2026-10-05T12:19:07.9134472Z       },
2026-10-05T12:19:07.9134526Z       {
2026-10-05T12:19:07.9134624Z         "path": "lib/cli/contract-command.js",
2026-10-05T12:19:07.9134689Z         "size": 1796,
2026-10-05T12:19:07.9134749Z         "mode": 420
2026-10-05T12:19:07.9134812Z       },
2026-10-05T12:19:07.9134877Z       {
2026-10-05T12:19:07.9135001Z         "path": "lib/cli/control-maintenance-command.js",
2026-10-05T12:19:07.9135068Z         "size": 2514,
2026-10-05T12:19:07.9135134Z         "mode": 420
2026-10-05T12:19:07.9135194Z       },
2026-10-05T12:19:07.9135248Z       {
2026-10-05T12:19:07.9135376Z         "path": "lib/cli/delivery-path-search-command.js",
2026-10-05T12:19:07.9135441Z         "size": 9065,
2026-10-05T12:19:07.9135497Z         "mode": 420
2026-10-05T12:19:07.9135559Z       },
2026-10-05T12:19:07.9135620Z       {
2026-10-05T12:19:07.9135710Z         "path": "lib/cli/parse-args.js",
2026-10-05T12:19:07.9135780Z         "size": 13953,
2026-10-05T12:19:07.9135846Z         "mode": 420
2026-10-05T12:19:07.9135907Z       },
2026-10-05T12:19:07.9135961Z       {
2026-10-05T12:19:07.9136063Z         "path": "lib/cli/runtime-context.js",
2026-10-05T12:19:07.9136132Z         "size": 2217,
2026-10-05T12:19:07.9136263Z         "mode": 420
2026-10-05T12:19:07.9136328Z       },
2026-10-05T12:19:07.9136392Z       {
2026-10-05T12:19:07.9136493Z         "path": "lib/cli/validation-handlers.js",
2026-10-05T12:19:07.9136560Z         "size": 11734,
2026-10-05T12:19:07.9136624Z         "mode": 420
2026-10-05T12:19:07.9136677Z       },
2026-10-05T12:19:07.9136741Z       {
2026-10-05T12:19:07.9136838Z         "path": "lib/control-command.js",
2026-10-05T12:19:07.9137143Z         "size": 413,
2026-10-05T12:19:07.9137234Z         "mode": 420
2026-10-05T12:19:07.9137299Z       },
2026-10-05T12:19:07.9137365Z       {
2026-10-05T12:19:07.9137491Z         "path": "lib/control-evaluation/git-observation.js",
2026-10-05T12:19:07.9137556Z         "size": 641,
2026-10-05T12:19:07.9137620Z         "mode": 420
2026-10-05T12:19:07.9137673Z       },
2026-10-05T12:19:07.9137736Z       {
2026-10-05T12:19:07.9137862Z         "path": "lib/control-maintenance/interaction.js",
2026-10-05T12:19:07.9137935Z         "size": 1279,
2026-10-05T12:19:07.9137993Z         "mode": 420
2026-10-05T12:19:07.9138136Z       },
2026-10-05T12:19:07.9138194Z       {
2026-10-05T12:19:07.9138310Z         "path": "lib/control-maintenance/repair.js",
2026-10-05T12:19:07.9138368Z         "size": 421,
2026-10-05T12:19:07.9138434Z         "mode": 420
2026-10-05T12:19:07.9138492Z       },
2026-10-05T12:19:07.9138553Z       {
2026-10-05T12:19:07.9138660Z         "path": "lib/control-maintenance/service.js",
2026-10-05T12:19:07.9138723Z         "size": 264,
2026-10-05T12:19:07.9138785Z         "mode": 420
2026-10-05T12:19:07.9138839Z       },
2026-10-05T12:19:07.9138903Z       {
2026-10-05T12:19:07.9139011Z         "path": "lib/control-maintenance/startup.js",
2026-10-05T12:19:07.9139069Z         "size": 1683,
2026-10-05T12:19:07.9139133Z         "mode": 420
2026-10-05T12:19:07.9139192Z       },
2026-10-05T12:19:07.9139251Z       {
2026-10-05T12:19:07.9139353Z         "path": "lib/control-state/run-recovery.js",
2026-10-05T12:19:07.9139423Z         "size": 526,
2026-10-05T12:19:07.9139487Z         "mode": 420
2026-10-05T12:19:07.9139544Z       },
2026-10-05T12:19:07.9139604Z       {
2026-10-05T12:19:07.9139744Z         "path": "lib/delivery-path-search/evaluators/claude.js",
2026-10-05T12:19:07.9139804Z         "size": 1525,
2026-10-05T12:19:07.9139869Z         "mode": 420
2026-10-05T12:19:07.9139929Z       },
2026-10-05T12:19:07.9139989Z       {
2026-10-05T12:19:07.9140118Z         "path": "lib/delivery-path-search/evaluators/codex.js",
2026-10-05T12:19:07.9140188Z         "size": 1919,
2026-10-05T12:19:07.9140253Z         "mode": 420
2026-10-05T12:19:07.9140306Z       },
2026-10-05T12:19:07.9140368Z       {
2026-10-05T12:19:07.9140515Z         "path": "lib/delivery-path-search/evaluators/opencode.js",
2026-10-05T12:19:07.9140573Z         "size": 8924,
2026-10-05T12:19:07.9140642Z         "mode": 420
2026-10-05T12:19:07.9140703Z       },
2026-10-05T12:19:07.9140765Z       {
2026-10-05T12:19:07.9140900Z         "path": "lib/delivery-path-search/evaluators/prompt.js",
2026-10-05T12:19:07.9140969Z         "size": 753,
2026-10-05T12:19:07.9141031Z         "mode": 420
2026-10-05T12:19:07.9141084Z       },
2026-10-05T12:19:07.9141143Z       {
2026-10-05T12:19:07.9141278Z         "path": "lib/delivery-path-search/evaluators/protocol.js",
2026-10-05T12:19:07.9141335Z         "size": 470,
2026-10-05T12:19:07.9141400Z         "mode": 420
2026-10-05T12:19:07.9141462Z       },
2026-10-05T12:19:07.9141522Z       {
2026-10-05T12:19:07.9141644Z         "path": "lib/delivery-path-search/generators/claude.js",
2026-10-05T12:19:07.9141712Z         "size": 2203,
2026-10-05T12:19:07.9141776Z         "mode": 420
2026-10-05T12:19:07.9141830Z       },
2026-10-05T12:19:07.9141893Z       {
2026-10-05T12:19:07.9142022Z         "path": "lib/delivery-path-search/generators/codex.js",
2026-10-05T12:19:07.9142081Z         "size": 2187,
2026-10-05T12:19:07.9142145Z         "mode": 420
2026-10-05T12:19:07.9142201Z       },
2026-10-05T12:19:07.9142336Z       {
2026-10-05T12:19:07.9142465Z         "path": "lib/delivery-path-search/generators/protocol.js",
2026-10-05T12:19:07.9142532Z         "size": 389,
2026-10-05T12:19:07.9142595Z         "mode": 420
2026-10-05T12:19:07.9142647Z       },
2026-10-05T12:19:07.9142707Z       {
2026-10-05T12:19:07.9142856Z         "path": "lib/delivery-path-search/surfaces/capabilities.js",
2026-10-05T12:19:07.9142914Z         "size": 1161,
2026-10-05T12:19:07.9142980Z         "mode": 420
2026-10-05T12:19:07.9143036Z       },
2026-10-05T12:19:07.9143093Z       {
2026-10-05T12:19:07.9143248Z         "path": "lib/delivery-path-search/transports/read-only-guard.js",
2026-10-05T12:19:07.9143312Z         "size": 1271,
2026-10-05T12:19:07.9143374Z         "mode": 420
2026-10-05T12:19:07.9143427Z       },
2026-10-05T12:19:07.9143490Z       {
2026-10-05T12:19:07.9143623Z         "path": "lib/host-adapters/claude/loaded-sessions.js",
2026-10-05T12:19:07.9143689Z         "size": 1927,
2026-10-05T12:19:07.9143748Z         "mode": 420
2026-10-05T12:19:07.9143805Z       },
2026-10-05T12:19:07.9143935Z       {
2026-10-05T12:19:07.9144047Z         "path": "lib/host-adapters/claude/marketplace.js",
2026-10-05T12:19:07.9144112Z         "size": 131,
2026-10-05T12:19:07.9144173Z         "mode": 420
2026-10-05T12:19:07.9144225Z       },
2026-10-05T12:19:07.9144287Z       {
2026-10-05T12:19:07.9144418Z         "path": "lib/host-adapters/claude/permission-rules.js",
2026-10-05T12:19:07.9144484Z         "size": 1149,
2026-10-05T12:19:07.9144543Z         "mode": 420
2026-10-05T12:19:07.9144602Z       },
2026-10-05T12:19:07.9144661Z       {
2026-10-05T12:19:07.9144776Z         "path": "lib/host-adapters/claude/plugin-mcp.js",
2026-10-05T12:19:07.9144843Z         "size": 1936,
2026-10-05T12:19:07.9144907Z         "mode": 420
2026-10-05T12:19:07.9144961Z       },
2026-10-05T12:19:07.9145021Z       {
2026-10-05T12:19:07.9145131Z         "path": "lib/host-adapters/claude/plugin.js",
2026-10-05T12:19:07.9145200Z         "size": 8982,
2026-10-05T12:19:07.9145256Z         "mode": 420
2026-10-05T12:19:07.9145324Z       },
2026-10-05T12:19:07.9145382Z       {
2026-10-05T12:19:07.9145504Z         "path": "lib/host-adapters/claude/runtime-check.js",
2026-10-05T12:19:07.9145569Z         "size": 1747,
2026-10-05T12:19:07.9145633Z         "mode": 420
2026-10-05T12:19:07.9145686Z       },
2026-10-05T12:19:07.9145748Z       {
2026-10-05T12:19:07.9145879Z         "path": "lib/host-adapters/claude/session-command.js",
2026-10-05T12:19:07.9145943Z         "size": 165,
2026-10-05T12:19:07.9146002Z         "mode": 420
2026-10-05T12:19:07.9146060Z       },
2026-10-05T12:19:07.9146123Z       {
2026-10-05T12:19:07.9146236Z         "path": "lib/host-adapters/claude/uninstall.js",
2026-10-05T12:19:07.9146302Z         "size": 4583,
2026-10-05T12:19:07.9146365Z         "mode": 420
2026-10-05T12:19:07.9146420Z       },
2026-10-05T12:19:07.9146484Z       {
2026-10-05T12:19:07.9146603Z         "path": "lib/host-adapters/codex/identity.js",
2026-10-05T12:19:07.9146668Z         "size": 840,
2026-10-05T12:19:07.9146728Z         "mode": 420
2026-10-05T12:19:07.9146790Z       },
2026-10-05T12:19:07.9146851Z       {
2026-10-05T12:19:07.9146957Z         "path": "lib/host-adapters/codex/plugin-mcp.js",
2026-10-05T12:19:07.9147025Z         "size": 2066,
2026-10-05T12:19:07.9147090Z         "mode": 420
2026-10-05T12:19:07.9147143Z       },
2026-10-05T12:19:07.9147204Z       {
2026-10-05T12:19:07.9147314Z         "path": "lib/host-adapters/codex/plugin.js",
2026-10-05T12:19:07.9147383Z         "size": 12230,
2026-10-05T12:19:07.9147440Z         "mode": 420
2026-10-05T12:19:07.9147501Z       },
2026-10-05T12:19:07.9147562Z       {
2026-10-05T12:19:07.9147679Z         "path": "lib/host-adapters/codex/runtime-check.js",
2026-10-05T12:19:07.9147745Z         "size": 2085,
2026-10-05T12:19:07.9147805Z         "mode": 420
2026-10-05T12:19:07.9147858Z       },
2026-10-05T12:19:07.9147918Z       {
2026-10-05T12:19:07.9148121Z         "path": "lib/host-adapters/codex/session-command.js",
2026-10-05T12:19:07.9148187Z         "size": 455,
2026-10-05T12:19:07.9148244Z         "mode": 420
2026-10-05T12:19:07.9148303Z       },
2026-10-05T12:19:07.9148364Z       {
2026-10-05T12:19:07.9148471Z         "path": "lib/host-adapters/copilot/plugin.js",
2026-10-05T12:19:07.9148535Z         "size": 13888,
2026-10-05T12:19:07.9148599Z         "mode": 420
2026-10-05T12:19:07.9148653Z       },
2026-10-05T12:19:07.9148716Z       {
2026-10-05T12:19:07.9148848Z         "path": "lib/host-adapters/copilot/session-command.js",
2026-10-05T12:19:07.9148912Z         "size": 91,
2026-10-05T12:19:07.9148967Z         "mode": 420
2026-10-05T12:19:07.9149023Z       },
2026-10-05T12:19:07.9149080Z       {
2026-10-05T12:19:07.9149200Z         "path": "lib/host-adapters/opencode/runtime-check.js",
2026-10-05T12:19:07.9149266Z         "size": 2198,
2026-10-05T12:19:07.9149328Z         "mode": 420
2026-10-05T12:19:07.9149382Z       },
2026-10-05T12:19:07.9149445Z       {
2026-10-05T12:19:07.9149578Z         "path": "lib/host-adapters/opencode/session-command.js",
2026-10-05T12:19:07.9149714Z         "size": 76,
2026-10-05T12:19:07.9149770Z         "mode": 420
2026-10-05T12:19:07.9149834Z       },
2026-10-05T12:19:07.9149894Z       {
2026-10-05T12:19:07.9150005Z         "path": "lib/host-adapters/opencode/status.js",
2026-10-05T12:19:07.9150068Z         "size": 2119,
2026-10-05T12:19:07.9150132Z         "mode": 420
2026-10-05T12:19:07.9150186Z       },
2026-10-05T12:19:07.9150244Z       {
2026-10-05T12:19:07.9150355Z         "path": "lib/host-adapters/session-command.js",
2026-10-05T12:19:07.9150418Z         "size": 609,
2026-10-05T12:19:07.9150475Z         "mode": 420
2026-10-05T12:19:07.9150535Z       },
2026-10-05T12:19:07.9150594Z       {
2026-10-05T12:19:07.9150681Z         "path": "lib/host-command.js",
2026-10-05T12:19:07.9150746Z         "size": 5591,
2026-10-05T12:19:07.9150808Z         "mode": 420
2026-10-05T12:19:07.9150862Z       },
2026-10-05T12:19:07.9150926Z       {
2026-10-05T12:19:07.9151036Z         "path": "lib/install-setup/contract.js",
2026-10-05T12:19:07.9151104Z         "size": 16559,
2026-10-05T12:19:07.9151159Z         "mode": 420
2026-10-05T12:19:07.9151219Z       },
2026-10-05T12:19:07.9151282Z       {
2026-10-05T12:19:07.9151397Z         "path": "lib/install-setup/control-migration.js",
2026-10-05T12:19:07.9151462Z         "size": 609,
2026-10-05T12:19:07.9151525Z         "mode": 420
2026-10-05T12:19:07.9151578Z       },
2026-10-05T12:19:07.9151640Z       {
2026-10-05T12:19:07.9151751Z         "path": "lib/install-setup/control-repair.js",
2026-10-05T12:19:07.9151817Z         "size": 100,
2026-10-05T12:19:07.9151874Z         "mode": 420
2026-10-05T12:19:07.9151936Z       },
2026-10-05T12:19:07.9151999Z       {
2026-10-05T12:19:07.9152104Z         "path": "lib/install-setup/interaction.js",
2026-10-05T12:19:07.9152167Z         "size": 4950,
2026-10-05T12:19:07.9152234Z         "mode": 420
2026-10-05T12:19:07.9152292Z       },
2026-10-05T12:19:07.9152347Z       {
2026-10-05T12:19:07.9152454Z         "path": "lib/install-setup/presentation.js",
2026-10-05T12:19:07.9152518Z         "size": 15298,
2026-10-05T12:19:07.9152575Z         "mode": 420
2026-10-05T12:19:07.9152637Z       },
2026-10-05T12:19:07.9152696Z       {
2026-10-05T12:19:07.9152798Z         "path": "lib/install-setup/service.js",
2026-10-05T12:19:07.9152856Z         "size": 19652,
2026-10-05T12:19:07.9152919Z         "mode": 420
2026-10-05T12:19:07.9152976Z       },
2026-10-05T12:19:07.9153028Z       {
2026-10-05T12:19:07.9153153Z         "path": "lib/installers/claude-cache-recovery.js",
2026-10-05T12:19:07.9153217Z         "size": 3047,
2026-10-05T12:19:07.9153272Z         "mode": 420
2026-10-05T12:19:07.9153333Z       },
2026-10-05T12:19:07.9153393Z       {
2026-10-05T12:19:07.9153541Z         "path": "lib/installers/copilot-marketplace-transport.js",
2026-10-05T12:19:07.9154132Z         "size": 4086,
2026-10-05T12:19:07.9154205Z         "mode": 420
2026-10-05T12:19:07.9154266Z       },
2026-10-05T12:19:07.9154318Z       {
2026-10-05T12:19:07.9154431Z         "path": "lib/installers/copilot-precedence.js",
2026-10-05T12:19:07.9154493Z         "size": 1432,
2026-10-05T12:19:07.9154547Z         "mode": 420
2026-10-05T12:19:07.9154607Z       },
2026-10-05T12:19:07.9154667Z       {
2026-10-05T12:19:07.9154775Z         "path": "lib/installers/copilot-settings.js",
2026-10-05T12:19:07.9154833Z         "size": 12074,
2026-10-05T12:19:07.9154896Z         "mode": 420
2026-10-05T12:19:07.9154955Z       },
2026-10-05T12:19:07.9155007Z       {
2026-10-05T12:19:07.9155131Z         "path": "lib/installers/copilot-skill-discovery.js",
2026-10-05T12:19:07.9155194Z         "size": 1551,
2026-10-05T12:19:07.9155260Z         "mode": 420
2026-10-05T12:19:07.9155313Z       },
2026-10-05T12:19:07.9155375Z       {
2026-10-05T12:19:07.9155486Z         "path": "lib/installers/local-development.js",
2026-10-05T12:19:07.9155547Z         "size": 11485,
2026-10-05T12:19:07.9155611Z         "mode": 420
2026-10-05T12:19:07.9155747Z       },
2026-10-05T12:19:07.9155804Z       {
2026-10-05T12:19:07.9155907Z         "path": "lib/installers/local-marketplace.js",
2026-10-05T12:19:07.9155971Z         "size": 39624,
2026-10-05T12:19:07.9156032Z         "mode": 420
2026-10-05T12:19:07.9156087Z       },
2026-10-05T12:19:07.9156150Z       {
2026-10-05T12:19:07.9156257Z         "path": "lib/installers/npm-invocation.js",
2026-10-05T12:19:07.9156313Z         "size": 194,
2026-10-05T12:19:07.9156374Z         "mode": 420
2026-10-05T12:19:07.9156434Z       },
2026-10-05T12:19:07.9156491Z       {
2026-10-05T12:19:07.9156601Z         "path": "lib/installers/opencode-activation.js",
2026-10-05T12:19:07.9156666Z         "size": 866,
2026-10-05T12:19:07.9156728Z         "mode": 420
2026-10-05T12:19:07.9156778Z       },
2026-10-05T12:19:07.9156838Z       {
2026-10-05T12:19:07.9156944Z         "path": "lib/installers/opencode.js",
2026-10-05T12:19:07.9157002Z         "size": 51900,
2026-10-05T12:19:07.9157506Z         "mode": 420
2026-10-05T12:19:07.9157593Z       },
2026-10-05T12:19:07.9157663Z       {
2026-10-05T12:19:07.9157809Z         "path": "lib/installers/plugin-command.js",
2026-10-05T12:19:07.9157901Z         "size": 4513,
2026-10-05T12:19:07.9157984Z         "mode": 420
2026-10-05T12:19:07.9158049Z       },
2026-10-05T12:19:07.9158125Z       {
2026-10-05T12:19:07.9158311Z         "path": "lib/installers/plugin-installers.js",
2026-10-05T12:19:07.9158383Z         "size": 1395,
2026-10-05T12:19:07.9158447Z         "mode": 420
2026-10-05T12:19:07.9158506Z       },
2026-10-05T12:19:07.9158568Z       {
2026-10-05T12:19:07.9158668Z         "path": "lib/lifecycle/operations.js",
2026-10-05T12:19:07.9158737Z         "size": 7301,
2026-10-05T12:19:07.9158800Z         "mode": 420
2026-10-05T12:19:07.9158855Z       },
2026-10-05T12:19:07.9158914Z       {
2026-10-05T12:19:07.9159026Z         "path": "lib/lifecycle/owned-mutation.js",
2026-10-05T12:19:07.9159084Z         "size": 2374,
2026-10-05T12:19:07.9159150Z         "mode": 420
2026-10-05T12:19:07.9159210Z       },
2026-10-05T12:19:07.9159267Z       {
2026-10-05T12:19:07.9159362Z         "path": "lib/lifecycle/presentation.js",
2026-10-05T12:19:07.9159429Z         "size": 8106,
2026-10-05T12:19:07.9159491Z         "mode": 420
2026-10-05T12:19:07.9159546Z       },
2026-10-05T12:19:07.9159608Z       {
2026-10-05T12:19:07.9159701Z         "path": "lib/lifecycle/result.js",
2026-10-05T12:19:07.9159757Z         "size": 13388,
2026-10-05T12:19:07.9159821Z         "mode": 420
2026-10-05T12:19:07.9159880Z       },
2026-10-05T12:19:07.9159939Z       {
2026-10-05T12:19:07.9160024Z         "path": "lib/lifecycle/status.js",
2026-10-05T12:19:07.9160084Z         "size": 9584,
2026-10-05T12:19:07.9160145Z         "mode": 420
2026-10-05T12:19:07.9160197Z       },
2026-10-05T12:19:07.9160254Z       {
2026-10-05T12:19:07.9160523Z         "path": "lib/live-agent/read-only-structured.js",
2026-10-05T12:19:07.9160613Z         "size": 1864,
2026-10-05T12:19:07.9160710Z         "mode": 420
2026-10-05T12:19:07.9160792Z       },
2026-10-05T12:19:07.9160874Z       {
2026-10-05T12:19:07.9161010Z         "path": "lib/mcp-dispatch-runtime.js",
2026-10-05T12:19:07.9161094Z         "size": 7671,
2026-10-05T12:19:07.9161189Z         "mode": 420
2026-10-05T12:19:07.9161262Z       },
2026-10-05T12:19:07.9161349Z       {
2026-10-05T12:19:07.9161533Z         "path": "lib/mcp-lifecycle/adapter-contract.js",
2026-10-05T12:19:07.9161620Z         "size": 2654,
2026-10-05T12:19:07.9161767Z         "mode": 420
2026-10-05T12:19:07.9161855Z       },
2026-10-05T12:19:07.9161941Z       {
2026-10-05T12:19:07.9162462Z         "path": "lib/mcp-lifecycle/adapters/claude.js",
2026-10-05T12:19:07.9162565Z         "size": 6298,
2026-10-05T12:19:07.9162656Z         "mode": 420
2026-10-05T12:19:07.9162730Z       },
2026-10-05T12:19:07.9162821Z       {
2026-10-05T12:19:07.9162998Z         "path": "lib/mcp-lifecycle/adapters/codex.js",
2026-10-05T12:19:07.9163225Z         "size": 7829,
2026-10-05T12:19:07.9163329Z         "mode": 420
2026-10-05T12:19:07.9163420Z       },
2026-10-05T12:19:07.9163509Z       {
2026-10-05T12:19:07.9163688Z         "path": "lib/mcp-lifecycle/adapters/copilot.js",
2026-10-05T12:19:07.9163788Z         "size": 5351,
2026-10-05T12:19:07.9163886Z         "mode": 420
2026-10-05T12:19:07.9163969Z       },
2026-10-05T12:19:07.9164379Z       {
2026-10-05T12:19:07.9164895Z         "path": "lib/mcp-lifecycle/adapters/file-utils.js",
2026-10-05T12:19:07.9165009Z         "size": 3292,
2026-10-05T12:19:07.9165117Z         "mode": 420
2026-10-05T12:19:07.9165220Z       },
2026-10-05T12:19:07.9165322Z       {
2026-10-05T12:19:07.9165533Z         "path": "lib/mcp-lifecycle/adapters/opencode.js",
2026-10-05T12:19:07.9165644Z         "size": 8173,
2026-10-05T12:19:07.9165749Z         "mode": 420
2026-10-05T12:19:07.9165841Z       },
2026-10-05T12:19:07.9165951Z       {
2026-10-05T12:19:07.9166132Z         "path": "lib/mcp-lifecycle/evidence.js",
2026-10-05T12:19:07.9166236Z         "size": 3556,
2026-10-05T12:19:07.9166341Z         "mode": 420
2026-10-05T12:19:07.9166441Z       },
2026-10-05T12:19:07.9166549Z       {
2026-10-05T12:19:07.9166732Z         "path": "lib/mcp-lifecycle/host-config.js",
2026-10-05T12:19:07.9166838Z         "size": 2865,
2026-10-05T12:19:07.9166942Z         "mode": 420
2026-10-05T12:19:07.9167032Z       },
2026-10-05T12:19:07.9167129Z       {
2026-10-05T12:19:07.9167305Z         "path": "lib/mcp-lifecycle/package.js",
2026-10-05T12:19:07.9167414Z         "size": 16097,
2026-10-05T12:19:07.9167515Z         "mode": 420
2026-10-05T12:19:07.9167619Z       },
2026-10-05T12:19:07.9167707Z       {
2026-10-05T12:19:07.9167910Z         "path": "lib/mcp-lifecycle/plugin-runtime.js",
2026-10-05T12:19:07.9168019Z         "size": 12833,
2026-10-05T12:19:07.9168116Z         "mode": 420
2026-10-05T12:19:07.9168219Z       },
2026-10-05T12:19:07.9168321Z       {
2026-10-05T12:19:07.9168504Z         "path": "lib/mcp-lifecycle/presentation.js",
2026-10-05T12:19:07.9168616Z         "size": 2925,
2026-10-05T12:19:07.9168725Z         "mode": 420
2026-10-05T12:19:07.9168824Z       },
2026-10-05T12:19:07.9168915Z       {
2026-10-05T12:19:07.9169119Z         "path": "lib/mcp-lifecycle/profile-context.js",
2026-10-05T12:19:07.9169230Z         "size": 473,
2026-10-05T12:19:07.9169327Z         "mode": 420
2026-10-05T12:19:07.9169428Z       },
2026-10-05T12:19:07.9169524Z       {
2026-10-05T12:19:07.9169694Z         "path": "lib/mcp-lifecycle/profile.js",
2026-10-05T12:19:07.9169802Z         "size": 4171,
2026-10-05T12:19:07.9169907Z         "mode": 420
2026-10-05T12:19:07.9170005Z       },
2026-10-05T12:19:07.9170094Z       {
2026-10-05T12:19:07.9170269Z         "path": "lib/mcp-lifecycle/result.js",
2026-10-05T12:19:07.9170379Z         "size": 3846,
2026-10-05T12:19:07.9170475Z         "mode": 420
2026-10-05T12:19:07.9170717Z       },
2026-10-05T12:19:07.9170817Z       {
2026-10-05T12:19:07.9170985Z         "path": "lib/mcp-lifecycle/service.js",
2026-10-05T12:19:07.9171091Z         "size": 18831,
2026-10-05T12:19:07.9171196Z         "mode": 420
2026-10-05T12:19:07.9171294Z       },
2026-10-05T12:19:07.9171383Z       {
2026-10-05T12:19:07.9171547Z         "path": "lib/npm-invocation.js",
2026-10-05T12:19:07.9171653Z         "size": 969,
2026-10-05T12:19:07.9171752Z         "mode": 420
2026-10-05T12:19:07.9171851Z       },
2026-10-05T12:19:07.9171952Z       {
2026-10-05T12:19:07.9172115Z         "path": "lib/repository-context.js",
2026-10-05T12:19:07.9172220Z         "size": 3033,
2026-10-05T12:19:07.9172326Z         "mode": 420
2026-10-05T12:19:07.9172423Z       },
2026-10-05T12:19:07.9172514Z       {
2026-10-05T12:19:07.9172724Z         "path": "lib/runtime-check-consent/adapters.js",
2026-10-05T12:19:07.9172832Z         "size": 314,
2026-10-05T12:19:07.9172930Z         "mode": 420
2026-10-05T12:19:07.9173029Z       },
2026-10-05T12:19:07.9173127Z       {
2026-10-05T12:19:07.9173466Z         "path": "lib/runtime-check-consent/claude-settings.js",
2026-10-05T12:19:07.9173574Z         "size": 2458,
2026-10-05T12:19:07.9173682Z         "mode": 420
2026-10-05T12:19:07.9173782Z       },
2026-10-05T12:19:07.9173876Z       {
2026-10-05T12:19:07.9174089Z         "path": "lib/runtime-check-consent/codex-hooks.js",
2026-10-05T12:19:07.9174193Z         "size": 4261,
2026-10-05T12:19:07.9174287Z         "mode": 420
2026-10-05T12:19:07.9174388Z       },
2026-10-05T12:19:07.9174488Z       {
2026-10-05T12:19:07.9174745Z         "path": "lib/runtime-check-consent/codex-plugin-consent.js",
2026-10-05T12:19:07.9174852Z         "size": 6474,
2026-10-05T12:19:07.9174956Z         "mode": 420
2026-10-05T12:19:07.9175054Z       },
2026-10-05T12:19:07.9175147Z       {
2026-10-05T12:19:07.9175356Z         "path": "lib/runtime-check-consent/contract.js",
2026-10-05T12:19:07.9175463Z         "size": 3925,
2026-10-05T12:19:07.9175564Z         "mode": 420
2026-10-05T12:19:07.9175661Z       },
2026-10-05T12:19:07.9175763Z       {
2026-10-05T12:19:07.9175944Z         "path": "lib/runtime-check-consent/coordinator.js",
2026-10-05T12:19:07.9176051Z         "size": 1866,
2026-10-05T12:19:07.9176155Z         "mode": 420
2026-10-05T12:19:07.9176251Z       },
2026-10-05T12:19:07.9176342Z       {
2026-10-05T12:19:07.9176546Z         "path": "lib/runtime-check-consent/service.js",
2026-10-05T12:19:07.9176654Z         "size": 8988,
2026-10-05T12:19:07.9176748Z         "mode": 420
2026-10-05T12:19:07.9176848Z       },
2026-10-05T12:19:07.9176949Z       {
2026-10-05T12:19:07.9177135Z         "path": "lib/runtime-check-consent/state.js",
2026-10-05T12:19:07.9177452Z         "size": 4910,
2026-10-05T12:19:07.9177557Z         "mode": 420
2026-10-05T12:19:07.9177654Z       },
2026-10-05T12:19:07.9177748Z       {
2026-10-05T12:19:07.9177963Z         "path": "lib/runtime/control-command-service.js",
2026-10-05T12:19:07.9178076Z         "size": 607,
2026-10-05T12:19:07.9178173Z         "mode": 420
2026-10-05T12:19:07.9178279Z       },
2026-10-05T12:19:07.9178377Z       {
2026-10-05T12:19:07.9178551Z         "path": "lib/runtime/control-context.js",
2026-10-05T12:19:07.9178663Z         "size": 904,
2026-10-05T12:19:07.9178770Z         "mode": 420
2026-10-05T12:19:07.9178870Z       },
2026-10-05T12:19:07.9178961Z       {
2026-10-05T12:19:07.9179126Z         "path": "lib/runtime/git-history.js",
2026-10-05T12:19:07.9179231Z         "size": 510,
2026-10-05T12:19:07.9179327Z         "mode": 420
2026-10-05T12:19:07.9179426Z       },
2026-10-05T12:19:07.9179525Z       {
2026-10-05T12:19:07.9179686Z         "path": "lib/runtime/git-originals.js",
2026-10-05T12:19:07.9179794Z         "size": 2213,
2026-10-05T12:19:07.9179899Z         "mode": 420
2026-10-05T12:19:07.9179997Z       },
2026-10-05T12:19:07.9180087Z       {
2026-10-05T12:19:07.9180266Z         "path": "lib/runtime/local-validator.js",
2026-10-05T12:19:07.9180483Z         "size": 14029,
2026-10-05T12:19:07.9180580Z         "mode": 420
2026-10-05T12:19:07.9180684Z       },
2026-10-05T12:19:07.9180782Z       {
2026-10-05T12:19:07.9180963Z         "path": "lib/runtime/plugin-provenance.js",
2026-10-05T12:19:07.9181070Z         "size": 57,
2026-10-05T12:19:07.9181176Z         "mode": 420
2026-10-05T12:19:07.9181276Z       },
2026-10-05T12:19:07.9181365Z       {
2026-10-05T12:19:07.9181534Z         "path": "lib/runtime/runtime-probe.js",
2026-10-05T12:19:07.9181639Z         "size": 3045,
2026-10-05T12:19:07.9181739Z         "mode": 420
2026-10-05T12:19:07.9181843Z       },
2026-10-05T12:19:07.9181941Z       {
2026-10-05T12:19:07.9182137Z         "path": "lib/runtime/validator-application.js",
2026-10-05T12:19:07.9182242Z         "size": 1823,
2026-10-05T12:19:07.9182329Z         "mode": 420
2026-10-05T12:19:07.9182403Z       },
2026-10-05T12:19:07.9182486Z       {
2026-10-05T12:19:07.9182658Z         "path": "lib/scaffold/canonical-init.js",
2026-10-05T12:19:07.9182764Z         "size": 27671,
2026-10-05T12:19:07.9182950Z         "mode": 420
2026-10-05T12:19:07.9183042Z       },
2026-10-05T12:19:07.9183133Z       {
2026-10-05T12:19:07.9183271Z         "path": "lib/scaffold/plan.js",
2026-10-05T12:19:07.9183380Z         "size": 6801,
2026-10-05T12:19:07.9183483Z         "mode": 420
2026-10-05T12:19:07.9183580Z       },
2026-10-05T12:19:07.9183668Z       {
2026-10-05T12:19:07.9183835Z         "path": "lib/scaffold/presentation.js",
2026-10-05T12:19:07.9183934Z         "size": 6227,
2026-10-05T12:19:07.9184029Z         "mode": 420
2026-10-05T12:19:07.9184125Z       },
2026-10-05T12:19:07.9184222Z       {
2026-10-05T12:19:07.9184365Z         "path": "lib/scaffold/write.js",
2026-10-05T12:19:07.9184469Z         "size": 1862,
2026-10-05T12:19:07.9184572Z         "mode": 420
2026-10-05T12:19:07.9184657Z       },
2026-10-05T12:19:07.9184754Z       {
2026-10-05T12:19:07.9184928Z         "path": "lib/skill-dispatch/binding.js",
2026-10-05T12:19:07.9185034Z         "size": 642,
2026-10-05T12:19:07.9185128Z         "mode": 420
2026-10-05T12:19:07.9185221Z       },
2026-10-05T12:19:07.9185316Z       {
2026-10-05T12:19:07.9185460Z         "path": "opencode-plugin.js",
2026-10-05T12:19:07.9185560Z         "size": 8893,
2026-10-05T12:19:07.9185658Z         "mode": 420
2026-10-05T12:19:07.9185745Z       },
2026-10-05T12:19:07.9185843Z       {
2026-10-05T12:19:07.9185979Z         "path": "package.json",
2026-10-05T12:19:07.9186082Z         "size": 1496,
2026-10-05T12:19:07.9186176Z         "mode": 420
2026-10-05T12:19:07.9186271Z       },
2026-10-05T12:19:07.9186369Z       {
2026-10-05T12:19:07.9186624Z         "path": "runtime/core/lib/control-evaluation/delivery-map.js",
2026-10-05T12:19:07.9186729Z         "size": 13111,
2026-10-05T12:19:07.9186830Z         "mode": 420
2026-10-05T12:19:07.9186917Z       },
2026-10-05T12:19:07.9187008Z       {
2026-10-05T12:19:07.9187324Z         "path": "runtime/core/lib/control-evaluation/delivery-relationships.js",
2026-10-05T12:19:07.9187427Z         "size": 1370,
2026-10-05T12:19:07.9187524Z         "mode": 420
2026-10-05T12:19:07.9187621Z       },
2026-10-05T12:19:07.9187715Z       {
2026-10-05T12:19:07.9187935Z         "path": "runtime/core/lib/control-evaluation/doctor.js",
2026-10-05T12:19:07.9188035Z         "size": 14393,
2026-10-05T12:19:07.9188135Z         "mode": 420
2026-10-05T12:19:07.9188221Z       },
2026-10-05T12:19:07.9188313Z       {
2026-10-05T12:19:07.9188552Z         "path": "runtime/core/lib/control-evaluation/gate-check.js",
2026-10-05T12:19:07.9188652Z         "size": 37366,
2026-10-05T12:19:07.9188744Z         "mode": 420
2026-10-05T12:19:07.9188839Z       },
2026-10-05T12:19:07.9188935Z       {
2026-10-05T12:19:07.9189173Z         "path": "runtime/core/lib/control-evaluation/gate-policy.js",
2026-10-05T12:19:07.9189277Z         "size": 17824,
2026-10-05T12:19:07.9189376Z         "mode": 420
2026-10-05T12:19:07.9189469Z       },
2026-10-05T12:19:07.9189656Z       {
2026-10-05T12:19:07.9189968Z         "path": "runtime/core/lib/control-evaluation/parent-reconciliation.js",
2026-10-05T12:19:07.9190075Z         "size": 10121,
2026-10-05T12:19:07.9190172Z         "mode": 420
2026-10-05T12:19:07.9190266Z       },
2026-10-05T12:19:07.9190360Z       {
2026-10-05T12:19:07.9190612Z         "path": "runtime/core/lib/control-evaluation/prd-readiness.js",
2026-10-05T12:19:07.9190716Z         "size": 2268,
2026-10-05T12:19:07.9190822Z         "mode": 420
2026-10-05T12:19:07.9190916Z       },
2026-10-05T12:19:07.9191001Z       {
2026-10-05T12:19:07.9191260Z         "path": "runtime/core/lib/control-evaluation/required-files.js",
2026-10-05T12:19:07.9191359Z         "size": 337,
2026-10-05T12:19:07.9191452Z         "mode": 420
2026-10-05T12:19:07.9191543Z       },
2026-10-05T12:19:07.9191637Z       {
2026-10-05T12:19:07.9191868Z         "path": "runtime/core/lib/control-evaluation/run-state.js",
2026-10-05T12:19:07.9191971Z         "size": 11605,
2026-10-05T12:19:07.9192071Z         "mode": 420
2026-10-05T12:19:07.9192164Z       },
2026-10-05T12:19:07.9192345Z       {
2026-10-05T12:19:07.9192619Z         "path": "runtime/core/lib/control-evaluation/run-step-policy.js",
2026-10-05T12:19:07.9192724Z         "size": 1382,
2026-10-05T12:19:07.9192817Z         "mode": 420
2026-10-05T12:19:07.9192915Z       },
2026-10-05T12:19:07.9193010Z       {
2026-10-05T12:19:07.9193249Z         "path": "runtime/core/lib/control-evaluation/sd-readiness.js",
2026-10-05T12:19:07.9193349Z         "size": 2561,
2026-10-05T12:19:07.9193447Z         "mode": 420
2026-10-05T12:19:07.9193547Z       },
2026-10-05T12:19:07.9193635Z       {
2026-10-05T12:19:07.9193861Z         "path": "runtime/core/lib/control-evaluation/shared.js",
2026-10-05T12:19:07.9193961Z         "size": 10972,
2026-10-05T12:19:07.9194056Z         "mode": 420
2026-10-05T12:19:07.9194149Z       },
2026-10-05T12:19:07.9194243Z       {
2026-10-05T12:19:07.9194545Z         "path": "runtime/core/lib/control-evaluation/traceability-readiness.js",
2026-10-05T12:19:07.9194649Z         "size": 13831,
2026-10-05T12:19:07.9194751Z         "mode": 420
2026-10-05T12:19:07.9194842Z       },
2026-10-05T12:19:07.9194927Z       {
2026-10-05T12:19:07.9195175Z         "path": "runtime/core/lib/control-evaluation/ur-readiness.js",
2026-10-05T12:19:07.9195274Z         "size": 2045,
2026-10-05T12:19:07.9195369Z         "mode": 420
2026-10-05T12:19:07.9195461Z       },
2026-10-05T12:19:07.9195553Z       {
2026-10-05T12:19:07.9195818Z         "path": "runtime/core/lib/control-evaluation/verified-change.js",
2026-10-05T12:19:07.9195915Z         "size": 12119,
2026-10-05T12:19:07.9196019Z         "mode": 420
2026-10-05T12:19:07.9196115Z       },
2026-10-05T12:19:07.9196202Z       {
2026-10-05T12:19:07.9196423Z         "path": "runtime/core/lib/control-inspect/contract.js",
2026-10-05T12:19:07.9196527Z         "size": 13500,
2026-10-05T12:19:07.9196648Z         "mode": 420
2026-10-05T12:19:07.9196746Z       },
2026-10-05T12:19:07.9196847Z       {
2026-10-05T12:19:07.9197072Z         "path": "runtime/core/lib/control-inspect/selection.js",
2026-10-05T12:19:07.9197171Z         "size": 1788,
2026-10-05T12:19:07.9197269Z         "mode": 420
2026-10-05T12:19:07.9197591Z       },
2026-10-05T12:19:07.9197682Z       {
2026-10-05T12:19:07.9197901Z         "path": "runtime/core/lib/control-inspect/service.js",
2026-10-05T12:19:07.9198003Z         "size": 12577,
2026-10-05T12:19:07.9198095Z         "mode": 420
2026-10-05T12:19:07.9198188Z       },
2026-10-05T12:19:07.9198282Z       {
2026-10-05T12:19:07.9198543Z         "path": "runtime/core/lib/control-maintenance/compatibility.js",
2026-10-05T12:19:07.9198638Z         "size": 8412,
2026-10-05T12:19:07.9198737Z         "mode": 420
2026-10-05T12:19:07.9198831Z       },
2026-10-05T12:19:07.9198918Z       {
2026-10-05T12:19:07.9199151Z         "path": "runtime/core/lib/control-maintenance/contract.js",
2026-10-05T12:19:07.9199252Z         "size": 2342,
2026-10-05T12:19:07.9199478Z         "mode": 420
2026-10-05T12:19:07.9199575Z       },
2026-10-05T12:19:07.9199669Z       {
2026-10-05T12:19:07.9199923Z         "path": "runtime/core/lib/control-maintenance/interaction.js",
2026-10-05T12:19:07.9200015Z         "size": 3207,
2026-10-05T12:19:07.9200115Z         "mode": 420
2026-10-05T12:19:07.9200208Z       },
2026-10-05T12:19:07.9200295Z       {
2026-10-05T12:19:07.9200529Z         "path": "runtime/core/lib/control-maintenance/migration.js",
2026-10-05T12:19:07.9200631Z         "size": 5383,
2026-10-05T12:19:07.9200724Z         "mode": 420
2026-10-05T12:19:07.9200820Z       },
2026-10-05T12:19:07.9200915Z       {
2026-10-05T12:19:07.9201169Z         "path": "runtime/core/lib/control-maintenance/presentation.js",
2026-10-05T12:19:07.9201260Z         "size": 8246,
2026-10-05T12:19:07.9201360Z         "mode": 420
2026-10-05T12:19:07.9201459Z       },
2026-10-05T12:19:07.9201546Z       {
2026-10-05T12:19:07.9201782Z         "path": "runtime/core/lib/control-maintenance/repair.js",
2026-10-05T12:19:07.9201886Z         "size": 13216,
2026-10-05T12:19:07.9202071Z         "mode": 420
2026-10-05T12:19:07.9202158Z       },
2026-10-05T12:19:07.9202251Z       {
2026-10-05T12:19:07.9202486Z         "path": "runtime/core/lib/control-maintenance/service.js",
2026-10-05T12:19:07.9202579Z         "size": 2412,
2026-10-05T12:19:07.9202678Z         "mode": 420
2026-10-05T12:19:07.9202772Z       },
2026-10-05T12:19:07.9202858Z       {
2026-10-05T12:19:07.9203072Z         "path": "runtime/core/lib/control-read-boundary.js",
2026-10-05T12:19:07.9203172Z         "size": 906,
2026-10-05T12:19:07.9203276Z         "mode": 420
2026-10-05T12:19:07.9203367Z       },
2026-10-05T12:19:07.9203464Z       {
2026-10-05T12:19:07.9203680Z         "path": "runtime/core/lib/control-state/aggregate.js",
2026-10-05T12:19:07.9203774Z         "size": 503,
2026-10-05T12:19:07.9203873Z         "mode": 420
2026-10-05T12:19:07.9203968Z       },
2026-10-05T12:19:07.9204045Z       {
2026-10-05T12:19:07.9204336Z         "path": "runtime/core/lib/control-state/approval-command-contract.js",
2026-10-05T12:19:07.9204442Z         "size": 3748,
2026-10-05T12:19:07.9204542Z         "mode": 420
2026-10-05T12:19:07.9204630Z       },
2026-10-05T12:19:07.9204721Z       {
2026-10-05T12:19:07.9204978Z         "path": "runtime/core/lib/control-state/approval-command.js",
2026-10-05T12:19:07.9205073Z         "size": 8139,
2026-10-05T12:19:07.9205178Z         "mode": 420
2026-10-05T12:19:07.9205270Z       },
2026-10-05T12:19:07.9205359Z       {
2026-10-05T12:19:07.9205623Z         "path": "runtime/core/lib/control-state/approval-operations.js",
2026-10-05T12:19:07.9205725Z         "size": 6088,
2026-10-05T12:19:07.9205824Z         "mode": 420
2026-10-05T12:19:07.9205912Z       },
2026-10-05T12:19:07.9206009Z       {
2026-10-05T12:19:07.9206289Z         "path": "runtime/core/lib/control-state/artefact-binding-proof.js",
2026-10-05T12:19:07.9206383Z         "size": 4880,
2026-10-05T12:19:07.9206491Z         "mode": 420
2026-10-05T12:19:07.9206590Z       },
2026-10-05T12:19:07.9206683Z       {
2026-10-05T12:19:07.9206935Z         "path": "runtime/core/lib/control-state/artefact-bindings.js",
2026-10-05T12:19:07.9207038Z         "size": 6925,
2026-10-05T12:19:07.9207141Z         "mode": 420
2026-10-05T12:19:07.9207232Z       },
2026-10-05T12:19:07.9207326Z       {
2026-10-05T12:19:07.9207560Z         "path": "runtime/core/lib/control-state/contained-file.js",
2026-10-05T12:19:07.9207653Z         "size": 2204,
2026-10-05T12:19:07.9207754Z         "mode": 420
2026-10-05T12:19:07.9207850Z       },
2026-10-05T12:19:07.9207937Z       {
2026-10-05T12:19:07.9208214Z         "path": "runtime/core/lib/control-state/control-configuration.js",
2026-10-05T12:19:07.9208313Z         "size": 1072,
2026-10-05T12:19:07.9208414Z         "mode": 420
2026-10-05T12:19:07.9208501Z       },
2026-10-05T12:19:07.9208596Z       {
2026-10-05T12:19:07.9208973Z         "path": "runtime/core/lib/control-state/gate-approval-validator.js",
2026-10-05T12:19:07.9209068Z         "size": 1704,
2026-10-05T12:19:07.9209173Z         "mode": 420
2026-10-05T12:19:07.9209273Z       },
2026-10-05T12:19:07.9209383Z       {
2026-10-05T12:19:07.9209588Z         "path": "runtime/core/lib/control-state/index.js",
2026-10-05T12:19:07.9209691Z         "size": 346,
2026-10-05T12:19:07.9209793Z         "mode": 420
2026-10-05T12:19:07.9209883Z       },
2026-10-05T12:19:07.9209980Z       {
2026-10-05T12:19:07.9210225Z         "path": "runtime/core/lib/control-state/legacy-migration.js",
2026-10-05T12:19:07.9210320Z         "size": 3088,
2026-10-05T12:19:07.9210426Z         "mode": 420
2026-10-05T12:19:07.9210521Z       },
2026-10-05T12:19:07.9210615Z       {
2026-10-05T12:19:07.9210898Z         "path": "runtime/core/lib/control-state/legacy-projection-reader.js",
2026-10-05T12:19:07.9210998Z         "size": 1984,
2026-10-05T12:19:07.9211095Z         "mode": 420
2026-10-05T12:19:07.9211180Z       },
2026-10-05T12:19:07.9211279Z       {
2026-10-05T12:19:07.9211552Z         "path": "runtime/core/lib/control-state/run-artefact-recording.js",
2026-10-05T12:19:07.9211732Z         "size": 6620,
2026-10-05T12:19:07.9211834Z         "mode": 420
2026-10-05T12:19:07.9211931Z       },
2026-10-05T12:19:07.9212027Z       {
2026-10-05T12:19:07.9212251Z         "path": "runtime/core/lib/control-state/run-identity.js",
2026-10-05T12:19:07.9212358Z         "size": 573,
2026-10-05T12:19:07.9212459Z         "mode": 420
2026-10-05T12:19:07.9212550Z       },
2026-10-05T12:19:07.9212642Z       {
2026-10-05T12:19:07.9212920Z         "path": "runtime/core/lib/control-state/run-presentation-render.js",
2026-10-05T12:19:07.9213015Z         "size": 17579,
2026-10-05T12:19:07.9213115Z         "mode": 420
2026-10-05T12:19:07.9213207Z       },
2026-10-05T12:19:07.9213300Z       {
2026-10-05T12:19:07.9213534Z         "path": "runtime/core/lib/control-state/run-presentation.js",
2026-10-05T12:19:07.9213635Z         "size": 6777,
2026-10-05T12:19:07.9213737Z         "mode": 420
2026-10-05T12:19:07.9213825Z       },
2026-10-05T12:19:07.9213919Z       {
2026-10-05T12:19:07.9214153Z         "path": "runtime/core/lib/control-state/run-recording.js",
2026-10-05T12:19:07.9214255Z         "size": 10751,
2026-10-05T12:19:07.9214351Z         "mode": 420
2026-10-05T12:19:07.9214446Z       },
2026-10-05T12:19:07.9214782Z       {
2026-10-05T12:19:07.9215526Z         "path": "runtime/core/lib/control-state/run-recovery.js",
2026-10-05T12:19:07.9215636Z         "size": 17891,
2026-10-05T12:19:07.9215740Z         "mode": 420
2026-10-05T12:19:07.9215829Z       },
2026-10-05T12:19:07.9215930Z       {
2026-10-05T12:19:07.9216240Z         "path": "runtime/core/lib/control-state/run-relationship-correction.js",
2026-10-05T12:19:07.9216343Z         "size": 5721,
2026-10-05T12:19:07.9216436Z         "mode": 420
2026-10-05T12:19:07.9216532Z       },
2026-10-05T12:19:07.9216628Z       {
2026-10-05T12:19:07.9216894Z         "path": "runtime/core/lib/control-state/run-revision-history.js",
2026-10-05T12:19:07.9217001Z         "size": 9598,
2026-10-05T12:19:07.9217102Z         "mode": 420
2026-10-05T12:19:07.9217192Z       },
2026-10-05T12:19:07.9217286Z       {
2026-10-05T12:19:07.9217510Z         "path": "runtime/core/lib/control-state/run-revision.js",
2026-10-05T12:19:07.9217610Z         "size": 24412,
2026-10-05T12:19:07.9217703Z         "mode": 420
2026-10-05T12:19:07.9217800Z       },
2026-10-05T12:19:07.9217897Z       {
2026-10-05T12:19:07.9218101Z         "path": "runtime/core/lib/control-state/run-seal.js",
2026-10-05T12:19:07.9218204Z         "size": 7838,
2026-10-05T12:19:07.9218304Z         "mode": 420
2026-10-05T12:19:07.9218390Z       },
2026-10-05T12:19:07.9218485Z       {
2026-10-05T12:19:07.9218753Z         "path": "runtime/core/lib/control-state/run-source-revisions.js",
2026-10-05T12:19:07.9218853Z         "size": 9961,
2026-10-05T12:19:07.9218945Z         "mode": 420
2026-10-05T12:19:07.9219037Z       },
2026-10-05T12:19:07.9219256Z       {
2026-10-05T12:19:07.9219489Z         "path": "runtime/core/lib/control-state/run-state-edits.js",
2026-10-05T12:19:07.9219593Z         "size": 6233,
2026-10-05T12:19:07.9219693Z         "mode": 420
2026-10-05T12:19:07.9219780Z       },
2026-10-05T12:19:07.9219876Z       {
2026-10-05T12:19:07.9220122Z         "path": "runtime/core/lib/control-state/run-state-parser.js",
2026-10-05T12:19:07.9220221Z         "size": 12277,
2026-10-05T12:19:07.9220315Z         "mode": 420
2026-10-05T12:19:07.9220409Z       },
2026-10-05T12:19:07.9220503Z       {
2026-10-05T12:19:07.9220738Z         "path": "runtime/core/lib/control-state/run-state-reader.js",
2026-10-05T12:19:07.9220838Z         "size": 1875,
2026-10-05T12:19:07.9220935Z         "mode": 420
2026-10-05T12:19:07.9221020Z       },
2026-10-05T12:19:07.9221115Z       {
2026-10-05T12:19:07.9221375Z         "path": "runtime/core/lib/control-state/run-state-repository.js",
2026-10-05T12:19:07.9221479Z         "size": 6390,
2026-10-05T12:19:07.9221571Z         "mode": 420
2026-10-05T12:19:07.9221771Z       },
2026-10-05T12:19:07.9221866Z       {
2026-10-05T12:19:07.9222118Z         "path": "runtime/core/lib/control-state/run-state-resolver.js",
2026-10-05T12:19:07.9222220Z         "size": 1371,
2026-10-05T12:19:07.9222317Z         "mode": 420
2026-10-05T12:19:07.9222410Z       },
2026-10-05T12:19:07.9222502Z       {
2026-10-05T12:19:07.9222755Z         "path": "runtime/core/lib/control-state/run-state-writer.js",
2026-10-05T12:19:07.9222861Z         "size": 16219,
2026-10-05T12:19:07.9222957Z         "mode": 420
2026-10-05T12:19:07.9223056Z       },
2026-10-05T12:19:07.9223146Z       {
2026-10-05T12:19:07.9223386Z         "path": "runtime/core/lib/control-state/run-step-pending.js",
2026-10-05T12:19:07.9223493Z         "size": 620,
2026-10-05T12:19:07.9223593Z         "mode": 420
2026-10-05T12:19:07.9223686Z       },
2026-10-05T12:19:07.9223773Z       {
2026-10-05T12:19:07.9224046Z         "path": "runtime/core/lib/control-state/run-step-transaction.js",
2026-10-05T12:19:07.9224150Z         "size": 15958,
2026-10-05T12:19:07.9224244Z         "mode": 420
2026-10-05T12:19:07.9224340Z       },
2026-10-05T12:19:07.9224435Z       {
2026-10-05T12:19:07.9224645Z         "path": "runtime/core/lib/control-state/run-steps.js",
2026-10-05T12:19:07.9224746Z         "size": 15588,
2026-10-05T12:19:07.9224848Z         "mode": 420
2026-10-05T12:19:07.9224941Z       },
2026-10-05T12:19:07.9225029Z       {
2026-10-05T12:19:07.9225291Z         "path": "runtime/core/lib/control-state/run-store-inspection.js",
2026-10-05T12:19:07.9225391Z         "size": 2164,
2026-10-05T12:19:07.9225483Z         "mode": 420
2026-10-05T12:19:07.9225579Z       },
2026-10-05T12:19:07.9225671Z       {
2026-10-05T12:19:07.9225904Z         "path": "runtime/core/lib/delivery-continuation/service.js",
2026-10-05T12:19:07.9226008Z         "size": 3947,
2026-10-05T12:19:07.9226107Z         "mode": 420
2026-10-05T12:19:07.9226202Z       },
2026-10-05T12:19:07.9226287Z       {
2026-10-05T12:19:07.9226579Z         "path": "runtime/core/lib/delivery-path-search/candidate-policy.js",
2026-10-05T12:19:07.9226683Z         "size": 3919,
2026-10-05T12:19:07.9226774Z         "mode": 420
2026-10-05T12:19:07.9226872Z       },
2026-10-05T12:19:07.9226965Z       {
2026-10-05T12:19:07.9227209Z         "path": "runtime/core/lib/delivery-path-search/contracts.js",
2026-10-05T12:19:07.9227304Z         "size": 15955,
2026-10-05T12:19:07.9227402Z         "mode": 420
2026-10-05T12:19:07.9227493Z       },
2026-10-05T12:19:07.9227581Z       {
2026-10-05T12:19:07.9227843Z         "path": "runtime/core/lib/delivery-path-search/persistence.js",
2026-10-05T12:19:07.9227944Z         "size": 2521,
2026-10-05T12:19:07.9228038Z         "mode": 420
2026-10-05T12:19:07.9228136Z       },
2026-10-05T12:19:07.9228229Z       {
2026-10-05T12:19:07.9228463Z         "path": "runtime/core/lib/delivery-path-search/scoring.js",
2026-10-05T12:19:07.9228663Z         "size": 824,
2026-10-05T12:19:07.9228775Z         "mode": 420
2026-10-05T12:19:07.9228870Z       },
2026-10-05T12:19:07.9228959Z       {
2026-10-05T12:19:07.9229224Z         "path": "runtime/core/lib/delivery-path-search/search-engine.js",
2026-10-05T12:19:07.9229328Z         "size": 11244,
2026-10-05T12:19:07.9229421Z         "mode": 420
2026-10-05T12:19:07.9229516Z       },
2026-10-05T12:19:07.9229608Z       {
2026-10-05T12:19:07.9229867Z         "path": "runtime/core/lib/delivery-path-search/state-adapter.js",
2026-10-05T12:19:07.9229959Z         "size": 4596,
2026-10-05T12:19:07.9230060Z         "mode": 420
2026-10-05T12:19:07.9230156Z       },
2026-10-05T12:19:07.9230245Z       {
2026-10-05T12:19:07.9230412Z         "path": "runtime/core/lib/fs-swap.js",
2026-10-05T12:19:07.9230511Z         "size": 916,
2026-10-05T12:19:07.9230602Z         "mode": 420
2026-10-05T12:19:07.9230698Z       },
2026-10-05T12:19:07.9230789Z       {
2026-10-05T12:19:07.9230949Z         "path": "runtime/core/lib/index.js",
2026-10-05T12:19:07.9231043Z         "size": 954,
2026-10-05T12:19:07.9231235Z         "mode": 420
2026-10-05T12:19:07.9231330Z       },
2026-10-05T12:19:07.9231421Z       {
2026-10-05T12:19:07.9231687Z         "path": "runtime/core/lib/interaction-catalog-validation.js",
2026-10-05T12:19:07.9231789Z         "size": 1453,
2026-10-05T12:19:07.9231880Z         "mode": 420
2026-10-05T12:19:07.9231978Z       },
2026-10-05T12:19:07.9232072Z       {
2026-10-05T12:19:07.9232280Z         "path": "runtime/core/lib/interaction-catalog.js",
2026-10-05T12:19:07.9232374Z         "size": 3628,
2026-10-05T12:19:07.9232476Z         "mode": 420
2026-10-05T12:19:07.9232572Z       },
2026-10-05T12:19:07.9232657Z       {
2026-10-05T12:19:07.9232910Z         "path": "runtime/core/lib/interaction-presentation.js",
2026-10-05T12:19:07.9233014Z         "size": 65120,
2026-10-05T12:19:07.9233118Z         "mode": 420
2026-10-05T12:19:07.9233220Z       },
2026-10-05T12:19:07.9233313Z       {
2026-10-05T12:19:07.9233548Z         "path": "runtime/core/lib/repository-context-reader.js",
2026-10-05T12:19:07.9233648Z         "size": 3135,
2026-10-05T12:19:07.9233749Z         "mode": 420
2026-10-05T12:19:07.9233843Z       },
2026-10-05T12:19:07.9233929Z       {
2026-10-05T12:19:07.9234124Z         "path": "runtime/core/lib/resources/binding.js",
2026-10-05T12:19:07.9234223Z         "size": 303,
2026-10-05T12:19:07.9234314Z         "mode": 420
2026-10-05T12:19:07.9234409Z       },
2026-10-05T12:19:07.9234503Z       {
2026-10-05T12:19:07.9234687Z         "path": "runtime/core/lib/resources/context.js",
2026-10-05T12:19:07.9234781Z         "size": 3469,
2026-10-05T12:19:07.9234880Z         "mode": 420
2026-10-05T12:19:07.9234975Z       },
2026-10-05T12:19:07.9235243Z       {
2026-10-05T12:19:07.9235442Z         "path": "runtime/core/lib/resources/contracts.js",
2026-10-05T12:19:07.9235542Z         "size": 1513,
2026-10-05T12:19:07.9235635Z         "mode": 420
2026-10-05T12:19:07.9235728Z       },
2026-10-05T12:19:07.9235827Z       {
2026-10-05T12:19:07.9236118Z         "path": "runtime/core/lib/runtime/distribution-profile-history.js",
2026-10-05T12:19:07.9236216Z         "size": 6077,
2026-10-05T12:19:07.9236321Z         "mode": 420
2026-10-05T12:19:07.9236416Z       },
2026-10-05T12:19:07.9236503Z       {
2026-10-05T12:19:07.9236733Z         "path": "runtime/core/lib/runtime/plugin-provenance.js",
2026-10-05T12:19:07.9236838Z         "size": 20490,
2026-10-05T12:19:07.9236933Z         "mode": 420
2026-10-05T12:19:07.9237029Z       },
2026-10-05T12:19:07.9237120Z       {
2026-10-05T12:19:07.9237334Z         "path": "runtime/core/lib/skill-dispatch/binding.js",
2026-10-05T12:19:07.9237426Z         "size": 3647,
2026-10-05T12:19:07.9237529Z         "mode": 420
2026-10-05T12:19:07.9237623Z       },
2026-10-05T12:19:07.9237709Z       {
2026-10-05T12:19:07.9237927Z         "path": "runtime/core/lib/skill-dispatch/contract.js",
2026-10-05T12:19:07.9238027Z         "size": 27887,
2026-10-05T12:19:07.9238227Z         "mode": 420
2026-10-05T12:19:07.9238330Z       },
2026-10-05T12:19:07.9238425Z       {
2026-10-05T12:19:07.9238670Z         "path": "runtime/core/lib/skill-dispatch/delivery-intake.js",
2026-10-05T12:19:07.9238763Z         "size": 4635,
2026-10-05T12:19:07.9238865Z         "mode": 420
2026-10-05T12:19:07.9238957Z       },
2026-10-05T12:19:07.9239044Z       {
2026-10-05T12:19:07.9239338Z         "path": "runtime/core/lib/skill-dispatch/delivery-run-assignment.js",
2026-10-05T12:19:07.9239439Z         "size": 4578,
2026-10-05T12:19:07.9239540Z         "mode": 420
2026-10-05T12:19:07.9239627Z       },
2026-10-05T12:19:07.9239719Z       {
2026-10-05T12:19:07.9239959Z         "path": "runtime/core/lib/skill-dispatch/prd-definition.js",
2026-10-05T12:19:07.9240053Z         "size": 2845,
2026-10-05T12:19:07.9240151Z         "mode": 420
2026-10-05T12:19:07.9240244Z       },
2026-10-05T12:19:07.9240331Z       {
2026-10-05T12:19:07.9240577Z         "path": "runtime/core/lib/skill-dispatch/sd-definition.js",
2026-10-05T12:19:07.9240679Z         "size": 2900,
2026-10-05T12:19:07.9240872Z         "mode": 420
2026-10-05T12:19:07.9240957Z       },
2026-10-05T12:19:07.9241055Z       {
2026-10-05T12:19:07.9241267Z         "path": "runtime/core/lib/skill-dispatch/service.js",
2026-10-05T12:19:07.9241363Z         "size": 40882,
2026-10-05T12:19:07.9241461Z         "mode": 420
2026-10-05T12:19:07.9241551Z       },
2026-10-05T12:19:07.9241636Z       {
2026-10-05T12:19:07.9241851Z         "path": "runtime/core/lib/task-target-resolution.js",
2026-10-05T12:19:07.9241957Z         "size": 8096,
2026-10-05T12:19:07.9242063Z         "mode": 420
2026-10-05T12:19:07.9242150Z       }
2026-10-05T12:19:07.9242247Z     ],
2026-10-05T12:19:07.9242355Z     "entryCount": 761,
2026-10-05T12:19:07.9242453Z     "bundled": []
2026-10-05T12:19:07.9242547Z   }
2026-10-05T12:19:07.9242650Z ]
2026-10-05T12:19:08.3021685Z [
2026-10-05T12:19:08.3021919Z   {
2026-10-05T12:19:08.3022154Z     "id": "@agdf/cli@0.14.5",
2026-10-05T12:19:08.3022433Z     "name": "@agdf/cli",
2026-10-05T12:19:08.3022671Z     "version": "0.14.5",
2026-10-05T12:19:08.3022898Z     "size": 8032,
2026-10-05T12:19:08.3023074Z     "unpackedSize": 22320,
2026-10-05T12:19:08.3023331Z     "shasum": "17488d5e043d8075bee788085d5a8a67c4fd5e36",
2026-10-05T12:19:08.3023835Z     "integrity": "sha512-oKD8494HurBVHH2YZzCKpjTP6CyzjUv1XZzYDVBx3Gp18QxwkIBzJNvZX/xg6VbJTj1r5t3fF6wXom8YBk9/hg==",
2026-10-05T12:19:08.3024291Z     "filename": "agdf-cli-0.14.5.tgz",
2026-10-05T12:19:08.3024481Z     "files": [
2026-10-05T12:19:08.3024623Z       {
2026-10-05T12:19:08.3024764Z         "path": "LICENSE",
2026-10-05T12:19:08.3024944Z         "size": 11357,
2026-10-05T12:19:08.3025099Z         "mode": 420
2026-10-05T12:19:08.3025242Z       },
2026-10-05T12:19:08.3025377Z       {
2026-10-05T12:19:08.3025510Z         "path": "NOTICE",
2026-10-05T12:19:08.3025665Z         "size": 483,
2026-10-05T12:19:08.3025823Z         "mode": 420
2026-10-05T12:19:08.3025976Z       },
2026-10-05T12:19:08.3026111Z       {
2026-10-05T12:19:08.3026256Z         "path": "README.md",
2026-10-05T12:19:08.3026440Z         "size": 9382,
2026-10-05T12:19:08.3026593Z         "mode": 420
2026-10-05T12:19:08.3036082Z       },
2026-10-05T12:19:08.3036239Z       {
2026-10-05T12:19:08.3036414Z         "path": "bin/agdf.js",
2026-10-05T12:19:08.3036611Z         "size": 47,
2026-10-05T12:19:08.3036765Z         "mode": 420
2026-10-05T12:19:08.3036913Z       },
2026-10-05T12:19:08.3037039Z       {
2026-10-05T12:19:08.3037190Z         "path": "package.json",
2026-10-05T12:19:08.3037355Z         "size": 1051,
2026-10-05T12:19:08.3037507Z         "mode": 420
2026-10-05T12:19:08.3037648Z       }
2026-10-05T12:19:08.3037773Z     ],
2026-10-05T12:19:08.3037923Z     "entryCount": 5,
2026-10-05T12:19:08.3038078Z     "bundled": []
2026-10-05T12:19:08.3038222Z   }
2026-10-05T12:19:08.3038349Z ]
2026-10-05T12:19:08.7370240Z [
2026-10-05T12:19:08.7370436Z   {
2026-10-05T12:19:08.7370881Z     "id": "@agdf/mcp-server@0.14.5",
2026-10-05T12:19:08.7371167Z     "name": "@agdf/mcp-server",
2026-10-05T12:19:08.7371374Z     "version": "0.14.5",
2026-10-05T12:19:08.7371550Z     "size": 8363,
2026-10-05T12:19:08.7371721Z     "unpackedSize": 23720,
2026-10-05T12:19:08.7371956Z     "shasum": "1e4a7b32cc1e58089708a99b3dd2f0254726b141",
2026-10-05T12:19:08.7372490Z     "integrity": "sha512-lkHFX3dCKq7rNDTYpLmfygh0uLv9ZE6P02tWX4SiLooGJvLDeQYipOBv14nHZsbw8Re0ZKCxER7Fs6zeTjNC4w==",
2026-10-05T12:19:08.7372992Z     "filename": "agdf-mcp-server-0.14.5.tgz",
2026-10-05T12:19:08.7373205Z     "files": [
2026-10-05T12:19:08.7373349Z       {
2026-10-05T12:19:08.7373743Z         "path": "LICENSE",
2026-10-05T12:19:08.7373918Z         "size": 11357,
2026-10-05T12:19:08.7374075Z         "mode": 420
2026-10-05T12:19:08.7374231Z       },
2026-10-05T12:19:08.7374362Z       {
2026-10-05T12:19:08.7374502Z         "path": "NOTICE",
2026-10-05T12:19:08.7374664Z         "size": 521,
2026-10-05T12:19:08.7374827Z         "mode": 420
2026-10-05T12:19:08.7374963Z       },
2026-10-05T12:19:08.7376022Z       {
2026-10-05T12:19:08.7376169Z         "path": "README.md",
2026-10-05T12:19:08.7376346Z         "size": 2391,
2026-10-05T12:19:08.7376496Z         "mode": 420
2026-10-05T12:19:08.7376635Z       },
2026-10-05T12:19:08.7376775Z       {
2026-10-05T12:19:08.7376933Z         "path": "bin/agdf-mcp.js",
2026-10-05T12:19:08.7377119Z         "size": 659,
2026-10-05T12:19:08.7377273Z         "mode": 420
2026-10-05T12:19:08.7377412Z       },
2026-10-05T12:19:08.7377539Z       {
2026-10-05T12:19:08.7377699Z         "path": "package.json",
2026-10-05T12:19:08.7377873Z         "size": 864,
2026-10-05T12:19:08.7378017Z         "mode": 420
2026-10-05T12:19:08.7378150Z       },
2026-10-05T12:19:08.7378287Z       {
2026-10-05T12:19:08.7378434Z         "path": "src/main.js",
2026-10-05T12:19:08.7378603Z         "size": 1210,
2026-10-05T12:19:08.7378755Z         "mode": 420
2026-10-05T12:19:08.7378896Z       },
2026-10-05T12:19:08.7379021Z       {
2026-10-05T12:19:08.7379173Z         "path": "src/server.js",
2026-10-05T12:19:08.7379353Z         "size": 3144,
2026-10-05T12:19:08.7379500Z         "mode": 420
2026-10-05T12:19:08.7379636Z       },
2026-10-05T12:19:08.7379772Z       {
2026-10-05T12:19:08.7379934Z         "path": "src/worker-entry.js",
2026-10-05T12:19:08.7380122Z         "size": 964,
2026-10-05T12:19:08.7380274Z         "mode": 420
2026-10-05T12:19:08.7380412Z       },
2026-10-05T12:19:08.7380538Z       {
2026-10-05T12:19:08.7380683Z         "path": "src/worker.js",
2026-10-05T12:19:08.7380861Z         "size": 2610,
2026-10-05T12:19:08.7381005Z         "mode": 420
2026-10-05T12:19:08.7381142Z       }
2026-10-05T12:19:08.7381276Z     ],
2026-10-05T12:19:08.7381411Z     "entryCount": 9,
2026-10-05T12:19:08.7381567Z     "bundled": []
2026-10-05T12:19:08.7381717Z   }
2026-10-05T12:19:08.7381847Z ]
2026-10-05T12:19:31.1352392Z Three normal archives: manifests, Core bytes, CLI/bootstrap, exports, blocked-network offline profiles and both MCP protocols passed.
2026-10-05T12:19:36.1468686Z [verify-ci] cli-smoke
2026-10-05T12:19:36.2867019Z 
2026-10-05T12:19:36.2867548Z > create-agdf@0.14.5 smoke-test
2026-10-05T12:19:36.2874999Z > npm run release:prepare && npm run test:release-workflows && npm run test:release-registry-state && npm run test:instruction-footprint && npm run test:request-activation && npm run test:gate-check-missing-control && npm run test:canonical-init && npm run test:cli-modularization && npm run test:install-setup-contract && npm run test:install-setup-interaction && npm run test:install-setup-service && npm run test:install-control-migration && npm run test:install-control-repair && npm run test:control-maintenance && npm run test:runtime-check-consent && npm run test:task-target-resolution && npm run test:skill-dispatch && npm run test:control-inspect && npm run test:host-command && npm run test:mcp-lifecycle && npm run test:plugin-mcp-runtime && npm run test:claude-plugin-mcp && npm run test:codex-plugin-mcp && npm run test:mcp-server && npm run test:local-validator && npm run test:local-marketplace && npm run test:claude-cache-recovery && npm run test:copilot-profile && npm run test:copilot-installer && npm run test:local-preparation && npm run test:local-development-install && npm run test:package-build && npm run test:package-contents && npm run test:lifecycle && npm run test:copilot-repository-retention && npm run test:control-command && npm run test:control-command-process && npm run test:control-command-package && npm run test:cli-gates && npm run test:control-state && npm run test:run-step-transaction && npm run test:run-recovery && npm run test:run-lock && npm run test:prd-readiness && npm run test:run-revision && npm run test:late-source-revision && npm run test:intake-continuation && npm run test:prd-definition && npm run test:sd-readiness && npm run test:sd-definition && npm run test:artifact-language && npm run test:parent-reconciliation && npm run test:interaction-presentation && npm run test:operational-localization && npm run test:verified-change && npm run test:runtime-integrity-layout && npm run test:runtime-integrity-negative && npm run test:agent-skills-conformance && npm run test:skill-evals && npm run eval:skills && npm run test:proportionality && npm run test:delivery-path-search && npm run test:delivery-path-search-unit && npm run test:delivery-path-search-generator && npm run test:opencode-hardening && node scripts/smoke-test.js && node scripts/test-routing.js
2026-10-05T12:19:36.2880890Z 
2026-10-05T12:19:36.6082315Z 
2026-10-05T12:19:36.6082878Z > create-agdf@0.14.5 release:prepare
2026-10-05T12:19:36.6083736Z > npm run sync-package-assets && npm run test:distribution-profile-history && npm run test:release-bump && npm run test:release-version-coherence && npm run test:public-plugin && npm run test:portable-plugin
2026-10-05T12:19:36.6084299Z 
2026-10-05T12:19:36.9186859Z 
2026-10-05T12:19:36.9187379Z > create-agdf@0.14.5 sync-package-assets
2026-10-05T12:19:36.9187732Z > node ../../scripts/sync-package-assets.js
2026-10-05T12:19:36.9187923Z 
2026-10-05T12:19:37.9902475Z 
2026-10-05T12:19:37.9903126Z > create-agdf@0.14.5 test:distribution-profile-history
2026-10-05T12:19:37.9903534Z > node scripts/distribution-profile-history-test.js
2026-10-05T12:19:37.9903727Z 
2026-10-05T12:19:38.0774991Z Distribution profile history passed (8 exact releases, malformed and closed-policy matrices)
2026-10-05T12:19:38.3981328Z 
2026-10-05T12:19:38.3981896Z > create-agdf@0.14.5 test:release-bump
2026-10-05T12:19:38.3982235Z > node scripts/release-bump-test.js
2026-10-05T12:19:38.3982384Z 
2026-10-05T12:19:39.7125280Z Release bump passed (20 transactional files; repair, forward, review, rollback and recovery)
2026-10-05T12:19:40.2154625Z 
2026-10-05T12:19:40.2155303Z > create-agdf@0.14.5 test:release-version-coherence
2026-10-05T12:19:40.2155701Z > node scripts/release-version-coherence-test.js
2026-10-05T12:19:40.2155886Z 
2026-10-05T12:19:47.4441936Z Release version coherence passed (50 surfaces at 0.14.5; 8 profile snapshots)
2026-10-05T12:19:47.7540747Z 
2026-10-05T12:19:47.7541335Z > create-agdf@0.14.5 test:public-plugin
2026-10-05T12:19:47.7541806Z > node scripts/public-plugin-test.js
2026-10-05T12:19:47.7542020Z 
2026-10-05T12:19:48.7109112Z Public plugin tests passed (60 inventoried candidate files; digest 416c48ca8fe420b133c90d0a967d9e834341c3b1578d8ca02e43db39b4b173e5)
2026-10-05T12:19:49.0493290Z 
2026-10-05T12:19:49.0493889Z > create-agdf@0.14.5 test:portable-plugin
2026-10-05T12:19:49.0494249Z > node scripts/portable-plugin-test.js
2026-10-05T12:19:49.0494413Z 
2026-10-05T12:19:52.5531204Z Portable plugin schema/profile/resource/selection/retry tests passed; digest 416c48ca8fe420b133c90d0a967d9e834341c3b1578d8ca02e43db39b4b173e5
2026-10-05T12:19:52.8727221Z 
2026-10-05T12:19:52.8727861Z > create-agdf@0.14.5 test:release-workflows
2026-10-05T12:19:52.8728419Z > node scripts/release-workflow-contract-test.js
2026-10-05T12:19:52.8729073Z 
2026-10-05T12:19:53.0146451Z Coupled release workflow contract passed.
2026-10-05T12:19:57.3572455Z Evidence publication tests passed (create, update, path rejection, stale source; isolated Git remote and mocked GitHub).
2026-10-05T12:19:57.7093086Z 
2026-10-05T12:19:57.7093724Z > create-agdf@0.14.5 test:release-registry-state
2026-10-05T12:19:57.7094104Z > node scripts/release-registry-state-test.js
2026-10-05T12:19:57.7094279Z 
2026-10-05T12:19:57.7693334Z Release registry state classification passed.
2026-10-05T12:19:58.0940725Z 
2026-10-05T12:19:58.0941308Z > create-agdf@0.14.5 test:instruction-footprint
2026-10-05T12:19:58.0941685Z > node scripts/instruction-footprint-test.js
2026-10-05T12:19:58.0941848Z 
2026-10-05T12:20:02.2300529Z {
2026-10-05T12:20:02.2300839Z   "status": "pass",
2026-10-05T12:20:02.2301169Z   "evidence_plane": "source_composed",
2026-10-05T12:20:02.2301616Z   "profile_surface": "generated_and_temporary_install_fixture",
2026-10-05T12:20:02.2301965Z   "evaluator_surface": "node_deterministic",
2026-10-05T12:20:02.2302761Z   "loaded_host_evidence": false,
2026-10-05T12:20:02.2303127Z   "generated_digest": "bc78aac08bebc1db1b1af4c8af34e7280b931343248e9109e9d3dc23118fd39d",
2026-10-05T12:20:02.2303673Z   "canonical_kernel_fingerprint": "sha256:af2f01f9e18a3ba1c520faf0691aa1cd4a4299bdfa027cf83651c5d14319bfdc",
2026-10-05T12:20:02.2304045Z   "measurements": [
2026-10-05T12:20:02.2304212Z     {
2026-10-05T12:20:02.2304385Z       "surface_id": "activationKernel",
2026-10-05T12:20:02.2304612Z       "instance_id": "canonical",
2026-10-05T12:20:02.2304816Z       "raw_bytes": 1087,
2026-10-05T12:20:02.2305003Z       "normalized_bytes": 1087,
2026-10-05T12:20:02.2305203Z       "max_normalized_bytes": 1100,
2026-10-05T12:20:02.2305405Z       "status": "pass"
2026-10-05T12:20:02.2305560Z     },
2026-10-05T12:20:02.2305693Z     {
2026-10-05T12:20:02.2305883Z       "surface_id": "skillDiscoveryDescription",
2026-10-05T12:20:02.2306158Z       "instance_id": "delivery-path-search",
2026-10-05T12:20:02.2306378Z       "raw_bytes": 281,
2026-10-05T12:20:02.2306571Z       "normalized_bytes": 281,
2026-10-05T12:20:02.2306782Z       "max_normalized_bytes": 420,
2026-10-05T12:20:02.2306973Z       "status": "pass"
2026-10-05T12:20:02.2307132Z     },
2026-10-05T12:20:02.2307275Z     {
2026-10-05T12:20:02.2307459Z       "surface_id": "skillDiscoveryDescription",
2026-10-05T12:20:02.2307716Z       "instance_id": "brownfield-analysis",
2026-10-05T12:20:02.2307926Z       "raw_bytes": 287,
2026-10-05T12:20:02.2308117Z       "normalized_bytes": 287,
2026-10-05T12:20:02.2308314Z       "max_normalized_bytes": 420,
2026-10-05T12:20:02.2308499Z       "status": "pass"
2026-10-05T12:20:02.2308662Z     },
2026-10-05T12:20:02.2308791Z     {
2026-10-05T12:20:02.2308967Z       "surface_id": "skillDiscoveryDescription",
2026-10-05T12:20:02.2309220Z       "instance_id": "ux-intent-definition",
2026-10-05T12:20:02.2309462Z       "raw_bytes": 278,
2026-10-05T12:20:02.2309649Z       "normalized_bytes": 278,
2026-10-05T12:20:02.2309839Z       "max_normalized_bytes": 420,
2026-10-05T12:20:02.2310024Z       "status": "pass"
2026-10-05T12:20:02.2310180Z     },
2026-10-05T12:20:02.2310306Z     {
2026-10-05T12:20:02.2310475Z       "surface_id": "skillDiscoveryDescription",
2026-10-05T12:20:02.2310739Z       "instance_id": "clean-implementation-review",
2026-10-05T12:20:02.2310964Z       "raw_bytes": 231,
2026-10-05T12:20:02.2311138Z       "normalized_bytes": 231,
2026-10-05T12:20:02.2311335Z       "max_normalized_bytes": 420,
2026-10-05T12:20:02.2311514Z       "status": "pass"
2026-10-05T12:20:02.2311661Z     },
2026-10-05T12:20:02.2311789Z     {
2026-10-05T12:20:02.2311963Z       "surface_id": "skillDiscoveryDescription",
2026-10-05T12:20:02.2312191Z       "instance_id": "code-review",
2026-10-05T12:20:02.2312372Z       "raw_bytes": 243,
2026-10-05T12:20:02.2312554Z       "normalized_bytes": 243,
2026-10-05T12:20:02.2312934Z       "max_normalized_bytes": 420,
2026-10-05T12:20:02.2313121Z       "status": "pass"
2026-10-05T12:20:02.2313283Z     },
2026-10-05T12:20:02.2313416Z     {
2026-10-05T12:20:02.2313597Z       "surface_id": "skillDiscoveryDescription",
2026-10-05T12:20:02.2313840Z       "instance_id": "delivery-closeout",
2026-10-05T12:20:02.2314051Z       "raw_bytes": 186,
2026-10-05T12:20:02.2314320Z       "normalized_bytes": 186,
2026-10-05T12:20:02.2314594Z       "max_normalized_bytes": 420,
2026-10-05T12:20:02.2314795Z       "status": "pass"
2026-10-05T12:20:02.2314945Z     },
2026-10-05T12:20:02.2315083Z     {
2026-10-05T12:20:02.2315254Z       "surface_id": "skillDiscoveryDescription",
2026-10-05T12:20:02.2315481Z       "instance_id": "ur-definition",
2026-10-05T12:20:02.2315673Z       "raw_bytes": 252,
2026-10-05T12:20:02.2316082Z       "normalized_bytes": 252,
2026-10-05T12:20:02.2316281Z       "max_normalized_bytes": 420,
2026-10-05T12:20:02.2316467Z       "status": "pass"
2026-10-05T12:20:02.2316628Z     },
2026-10-05T12:20:02.2316761Z     {
2026-10-05T12:20:02.2316940Z       "surface_id": "skillDiscoveryDescription",
2026-10-05T12:20:02.2317311Z       "instance_id": "prd-definition",
2026-10-05T12:20:02.2317510Z       "raw_bytes": 279,
2026-10-05T12:20:02.2317694Z       "normalized_bytes": 279,
2026-10-05T12:20:02.2317891Z       "max_normalized_bytes": 420,
2026-10-05T12:20:02.2318080Z       "status": "pass"
2026-10-05T12:20:02.2318228Z     },
2026-10-05T12:20:02.2318353Z     {
2026-10-05T12:20:02.2318539Z       "surface_id": "skillDiscoveryDescription",
2026-10-05T12:20:02.2318784Z       "instance_id": "sd-definition",
2026-10-05T12:20:02.2318980Z       "raw_bytes": 191,
2026-10-05T12:20:02.2319153Z       "normalized_bytes": 191,
2026-10-05T12:20:02.2319343Z       "max_normalized_bytes": 420,
2026-10-05T12:20:02.2319524Z       "status": "pass"
2026-10-05T12:20:02.2319681Z     },
2026-10-05T12:20:02.2319810Z     {
2026-10-05T12:20:02.2319980Z       "surface_id": "skillDiscoveryDescription",
2026-10-05T12:20:02.2320212Z       "instance_id": "gate-check",
2026-10-05T12:20:02.2320392Z       "raw_bytes": 190,
2026-10-05T12:20:02.2320563Z       "normalized_bytes": 190,
2026-10-05T12:20:02.2320752Z       "max_normalized_bytes": 420,
2026-10-05T12:20:02.2320933Z       "status": "pass"
2026-10-05T12:20:02.2321078Z     },
2026-10-05T12:20:02.2321202Z     {
2026-10-05T12:20:02.2321376Z       "surface_id": "skillDiscoveryDescription",
2026-10-05T12:20:02.2321598Z       "instance_id": "qa-gate",
2026-10-05T12:20:02.2321774Z       "raw_bytes": 186,
2026-10-05T12:20:02.2321946Z       "normalized_bytes": 186,
2026-10-05T12:20:02.2322128Z       "max_normalized_bytes": 420,
2026-10-05T12:20:02.2322302Z       "status": "pass"
2026-10-05T12:20:02.2322456Z     },
2026-10-05T12:20:02.2322583Z     {
2026-10-05T12:20:02.2322751Z       "surface_id": "skillDiscoveryDescription",
2026-10-05T12:20:02.2322973Z       "instance_id": "release-or",
2026-10-05T12:20:02.2323156Z       "raw_bytes": 168,
2026-10-05T12:20:02.2323324Z       "normalized_bytes": 168,
2026-10-05T12:20:02.2323506Z       "max_normalized_bytes": 420,
2026-10-05T12:20:02.2323694Z       "status": "pass"
2026-10-05T12:20:02.2323840Z     },
2026-10-05T12:20:02.2323962Z     {
2026-10-05T12:20:02.2324132Z       "surface_id": "skillDiscoveryDescription",
2026-10-05T12:20:02.2324361Z       "instance_id": "task-plan-review",
2026-10-05T12:20:02.2324555Z       "raw_bytes": 227,
2026-10-05T12:20:02.2324728Z       "normalized_bytes": 227,
2026-10-05T12:20:02.2324912Z       "max_normalized_bytes": 420,
2026-10-05T12:20:02.2325090Z       "status": "pass"
2026-10-05T12:20:02.2325237Z     },
2026-10-05T12:20:02.2325366Z     {
2026-10-05T12:20:02.2325549Z       "surface_id": "allSkillDiscoveryDescriptions",
2026-10-05T12:20:02.2325796Z       "instance_id": "definition-order",
2026-10-05T12:20:02.2325999Z       "raw_bytes": 2999,
2026-10-05T12:20:02.2326182Z       "normalized_bytes": 2999,
2026-10-05T12:20:02.2326377Z       "max_normalized_bytes": 3000,
2026-10-05T12:20:02.2326674Z       "status": "pass"
2026-10-05T12:20:02.2326819Z     },
2026-10-05T12:20:02.2326943Z     {
2026-10-05T12:20:02.2327098Z       "surface_id": "sessionStartBase",
2026-10-05T12:20:02.2327299Z       "instance_id": "codex",
2026-10-05T12:20:02.2327474Z       "raw_bytes": 2034,
2026-10-05T12:20:02.2327642Z       "normalized_bytes": 1898,
2026-10-05T12:20:02.2327836Z       "max_normalized_bytes": 1900,
2026-10-05T12:20:02.2328015Z       "status": "pass"
2026-10-05T12:20:02.2328164Z     },
2026-10-05T12:20:02.2328295Z     {
2026-10-05T12:20:02.2328446Z       "surface_id": "sessionStartBase",
2026-10-05T12:20:02.2328646Z       "instance_id": "claude",
2026-10-05T12:20:02.2328819Z       "raw_bytes": 2035,
2026-10-05T12:20:02.2329010Z       "normalized_bytes": 1899,
2026-10-05T12:20:02.2329193Z       "max_normalized_bytes": 1900,
2026-10-05T12:20:02.2329372Z       "status": "pass"
2026-10-05T12:20:02.2329522Z     },
2026-10-05T12:20:02.2329649Z     {
2026-10-05T12:20:02.2329803Z       "surface_id": "sessionStartBase",
2026-10-05T12:20:02.2329999Z       "instance_id": "copilot",
2026-10-05T12:20:02.2330265Z       "raw_bytes": 2036,
2026-10-05T12:20:02.2330434Z       "normalized_bytes": 1900,
2026-10-05T12:20:02.2330614Z       "max_normalized_bytes": 1900,
2026-10-05T12:20:02.2330798Z       "status": "pass"
2026-10-05T12:20:02.2330943Z     },
2026-10-05T12:20:02.2331067Z     {
2026-10-05T12:20:02.2331238Z       "surface_id": "runtimeCheckSupplement",
2026-10-05T12:20:02.2331469Z       "instance_id": "codex-consented",
2026-10-05T12:20:02.2331653Z       "raw_bytes": 1385,
2026-10-05T12:20:02.2331883Z       "normalized_bytes": 773,
2026-10-05T12:20:02.2332201Z       "max_normalized_bytes": 1200,
2026-10-05T12:20:02.2332760Z       "status": "pass"
2026-10-05T12:20:02.2338495Z     },
2026-10-05T12:20:02.2338710Z     {
2026-10-05T12:20:02.2339005Z       "surface_id": "openCodeEagerInstructions",
2026-10-05T12:20:02.2339411Z       "instance_id": "repository",
2026-10-05T12:20:02.2339740Z       "raw_bytes": 1496,
2026-10-05T12:20:02.2340021Z       "normalized_bytes": 1496,
2026-10-05T12:20:02.2340345Z       "max_normalized_bytes": 4000,
2026-10-05T12:20:02.2340647Z       "status": "pass"
2026-10-05T12:20:02.2340893Z     },
2026-10-05T12:20:02.2341089Z     {
2026-10-05T12:20:02.2341369Z       "surface_id": "openCodeEagerInstructions",
2026-10-05T12:20:02.2341771Z       "instance_id": "global-installed",
2026-10-05T12:20:02.2343681Z       "raw_bytes": 1572,
2026-10-05T12:20:02.2344069Z       "normalized_bytes": 1572,
2026-10-05T12:20:02.2344313Z       "max_normalized_bytes": 4000,
2026-10-05T12:20:02.2344508Z       "status": "pass"
2026-10-05T12:20:02.2344665Z     },
2026-10-05T12:20:02.2344804Z     {
2026-10-05T12:20:02.2345005Z       "surface_id": "openCodeActiveDynamicContext",
2026-10-05T12:20:02.2345251Z       "instance_id": "active",
2026-10-05T12:20:02.2345428Z       "raw_bytes": 909,
2026-10-05T12:20:02.2345606Z       "normalized_bytes": 748,
2026-10-05T12:20:02.2345805Z       "max_normalized_bytes": 1000,
2026-10-05T12:20:02.2346000Z       "status": "pass"
2026-10-05T12:20:02.2346162Z     },
2026-10-05T12:20:02.2346293Z     {
2026-10-05T12:20:02.2346484Z       "surface_id": "openCodeInactiveDynamicContext",
2026-10-05T12:20:02.2346739Z       "instance_id": "inactive",
2026-10-05T12:20:02.2346918Z       "raw_bytes": 0,
2026-10-05T12:20:02.2347077Z       "normalized_bytes": 0,
2026-10-05T12:20:02.2347263Z       "max_normalized_bytes": 0,
2026-10-05T12:20:02.2347440Z       "status": "pass"
2026-10-05T12:20:02.2347589Z     },
2026-10-05T12:20:02.2347713Z     {
2026-10-05T12:20:02.2347931Z       "surface_id": "openCodeComposedStaticAndActiveDynamic",
2026-10-05T12:20:02.2348196Z       "instance_id": "repository",
2026-10-05T12:20:02.2348393Z       "raw_bytes": 2406,
2026-10-05T12:20:02.2348574Z       "normalized_bytes": 2245,
2026-10-05T12:20:02.2348765Z       "max_normalized_bytes": 5000,
2026-10-05T12:20:02.2348946Z       "status": "pass"
2026-10-05T12:20:02.2349265Z     },
2026-10-05T12:20:02.2349392Z     {
2026-10-05T12:20:02.2349596Z       "surface_id": "openCodeComposedStaticAndActiveDynamic",
2026-10-05T12:20:02.2349862Z       "instance_id": "global-installed",
2026-10-05T12:20:02.2350069Z       "raw_bytes": 2482,
2026-10-05T12:20:02.2350240Z       "normalized_bytes": 2321,
2026-10-05T12:20:02.2350423Z       "max_normalized_bytes": 5000,
2026-10-05T12:20:02.2350608Z       "status": "pass"
2026-10-05T12:20:02.2350754Z     },
2026-10-05T12:20:02.2350878Z     {
2026-10-05T12:20:02.2351058Z       "surface_id": "openCodeCompactionAddition",
2026-10-05T12:20:02.2351291Z       "instance_id": "active",
2026-10-05T12:20:02.2351463Z       "raw_bytes": 1087,
2026-10-05T12:20:02.2351636Z       "normalized_bytes": 1087,
2026-10-05T12:20:02.2351831Z       "max_normalized_bytes": 1100,
2026-10-05T12:20:02.2352005Z       "status": "pass"
2026-10-05T12:20:02.2352147Z     },
2026-10-05T12:20:02.2352276Z     {
2026-10-05T12:20:02.2352448Z       "surface_id": "selectedGateCheckSkill",
2026-10-05T12:20:02.2352683Z       "instance_id": "canonical-generated",
2026-10-05T12:20:02.2352987Z       "raw_bytes": 5536,
2026-10-05T12:20:02.2353160Z       "normalized_bytes": 5536,
2026-10-05T12:20:02.2353549Z       "max_normalized_bytes": 6900,
2026-10-05T12:20:02.2353739Z       "status": "pass"
2026-10-05T12:20:02.2353958Z     },
2026-10-05T12:20:02.2354166Z     {
2026-10-05T12:20:02.2354851Z       "surface_id": "selectedGateCheckSkill",
2026-10-05T12:20:02.2355619Z       "instance_id": "global-installed",
2026-10-05T12:20:02.2355899Z       "raw_bytes": 6839,
2026-10-05T12:20:02.2356094Z       "normalized_bytes": 6839,
2026-10-05T12:20:02.2356305Z       "max_normalized_bytes": 6900,
2026-10-05T12:20:02.2356509Z       "status": "pass"
2026-10-05T12:20:02.2356722Z     }
2026-10-05T12:20:02.2356925Z   ]
2026-10-05T12:20:02.2357057Z }
2026-10-05T12:20:02.2357240Z Instruction-footprint tests passed
2026-10-05T12:20:03.0218275Z 
2026-10-05T12:20:03.0218975Z > create-agdf@0.14.5 test:request-activation
2026-10-05T12:20:03.0219941Z > npm run test:instruction-footprint && node scripts/request-activation-test.js && node scripts/request-activation-evals-test.js && npm run test:request-activation-callbacks && npm run test:request-activation-host-schema
2026-10-05T12:20:03.0220541Z 
2026-10-05T12:20:03.3440909Z 
2026-10-05T12:20:03.3441502Z > create-agdf@0.14.5 test:instruction-footprint
2026-10-05T12:20:03.3441896Z > node scripts/instruction-footprint-test.js
2026-10-05T12:20:03.3442065Z 
2026-10-05T12:20:08.4746922Z {
2026-10-05T12:20:08.4747225Z   "status": "pass",
2026-10-05T12:20:08.4747524Z   "evidence_plane": "source_composed",
2026-10-05T12:20:08.4748026Z   "profile_surface": "generated_and_temporary_install_fixture",
2026-10-05T12:20:08.4748505Z   "evaluator_surface": "node_deterministic",
2026-10-05T12:20:08.4748894Z   "loaded_host_evidence": false,
2026-10-05T12:20:08.4749448Z   "generated_digest": "bc78aac08bebc1db1b1af4c8af34e7280b931343248e9109e9d3dc23118fd39d",
2026-10-05T12:20:08.4750220Z   "canonical_kernel_fingerprint": "sha256:af2f01f9e18a3ba1c520faf0691aa1cd4a4299bdfa027cf83651c5d14319bfdc",
2026-10-05T12:20:08.4751511Z   "measurements": [
2026-10-05T12:20:08.4751746Z     {
2026-10-05T12:20:08.4751995Z       "surface_id": "activationKernel",
2026-10-05T12:20:08.4752314Z       "instance_id": "canonical",
2026-10-05T12:20:08.4752578Z       "raw_bytes": 1087,
2026-10-05T12:20:08.4752851Z       "normalized_bytes": 1087,
2026-10-05T12:20:08.4753148Z       "max_normalized_bytes": 1100,
2026-10-05T12:20:08.4753417Z       "status": "pass"
2026-10-05T12:20:08.4753639Z     },
2026-10-05T12:20:08.4753831Z     {
2026-10-05T12:20:08.4754098Z       "surface_id": "skillDiscoveryDescription",
2026-10-05T12:20:08.4754494Z       "instance_id": "delivery-path-search",
2026-10-05T12:20:08.4754822Z       "raw_bytes": 281,
2026-10-05T12:20:08.4755093Z       "normalized_bytes": 281,
2026-10-05T12:20:08.4757129Z       "max_normalized_bytes": 420,
2026-10-05T12:20:08.4758257Z       "status": "pass"
2026-10-05T12:20:08.4758529Z     },
2026-10-05T12:20:08.4758737Z     {
2026-10-05T12:20:08.4759055Z       "surface_id": "skillDiscoveryDescription",
2026-10-05T12:20:08.4759447Z       "instance_id": "brownfield-analysis",
2026-10-05T12:20:08.4759760Z       "raw_bytes": 287,
2026-10-05T12:20:08.4760037Z       "normalized_bytes": 287,
2026-10-05T12:20:08.4760326Z       "max_normalized_bytes": 420,
2026-10-05T12:20:08.4760613Z       "status": "pass"
2026-10-05T12:20:08.4760840Z     },
2026-10-05T12:20:08.4761022Z     {
2026-10-05T12:20:08.4761277Z       "surface_id": "skillDiscoveryDescription",
2026-10-05T12:20:08.4761680Z       "instance_id": "ux-intent-definition",
2026-10-05T12:20:08.4761999Z       "raw_bytes": 278,
2026-10-05T12:20:08.4762273Z       "normalized_bytes": 278,
2026-10-05T12:20:08.4762579Z       "max_normalized_bytes": 420,
2026-10-05T12:20:08.4762880Z       "status": "pass"
2026-10-05T12:20:08.4763118Z     },
2026-10-05T12:20:08.4763298Z     {
2026-10-05T12:20:08.4763580Z       "surface_id": "skillDiscoveryDescription",
2026-10-05T12:20:08.4764287Z       "instance_id": "clean-implementation-review",
2026-10-05T12:20:08.4764658Z       "raw_bytes": 231,
2026-10-05T12:20:08.4764933Z       "normalized_bytes": 231,
2026-10-05T12:20:08.4765239Z       "max_normalized_bytes": 420,
2026-10-05T12:20:08.4765527Z       "status": "pass"
2026-10-05T12:20:08.4765766Z     },
2026-10-05T12:20:08.4765990Z     {
2026-10-05T12:20:08.4766280Z       "surface_id": "skillDiscoveryDescription",
2026-10-05T12:20:08.4766661Z       "instance_id": "code-review",
2026-10-05T12:20:08.4766948Z       "raw_bytes": 243,
2026-10-05T12:20:08.4767227Z       "normalized_bytes": 243,
2026-10-05T12:20:08.4767523Z       "max_normalized_bytes": 420,
2026-10-05T12:20:08.4767819Z       "status": "pass"
2026-10-05T12:20:08.4768056Z     },
2026-10-05T12:20:08.4768253Z     {
2026-10-05T12:20:08.4768534Z       "surface_id": "skillDiscoveryDescription",
2026-10-05T12:20:08.4768935Z       "instance_id": "delivery-closeout",
2026-10-05T12:20:08.4769512Z       "raw_bytes": 186,
2026-10-05T12:20:08.4769787Z       "normalized_bytes": 186,
2026-10-05T12:20:08.4770089Z       "max_normalized_bytes": 420,
2026-10-05T12:20:08.4770373Z       "status": "pass"
2026-10-05T12:20:08.4770610Z     },
2026-10-05T12:20:08.4770796Z     {
2026-10-05T12:20:08.4771078Z       "surface_id": "skillDiscoveryDescription",
2026-10-05T12:20:08.4771455Z       "instance_id": "ur-definition",
2026-10-05T12:20:08.4771744Z       "raw_bytes": 252,
2026-10-05T12:20:08.4772006Z       "normalized_bytes": 252,
2026-10-05T12:20:08.4772307Z       "max_normalized_bytes": 420,
2026-10-05T12:20:08.4772594Z       "status": "pass"
2026-10-05T12:20:08.4772818Z     },
2026-10-05T12:20:08.4773023Z     {
2026-10-05T12:20:08.4773299Z       "surface_id": "skillDiscoveryDescription",
2026-10-05T12:20:08.4773679Z       "instance_id": "prd-definition",
2026-10-05T12:20:08.4774007Z       "raw_bytes": 279,
2026-10-05T12:20:08.4774272Z       "normalized_bytes": 279,
2026-10-05T12:20:08.4774573Z       "max_normalized_bytes": 420,
2026-10-05T12:20:08.4774878Z       "status": "pass"
2026-10-05T12:20:08.4775105Z     },
2026-10-05T12:20:08.4775301Z     {
2026-10-05T12:20:08.4775578Z       "surface_id": "skillDiscoveryDescription",
2026-10-05T12:20:08.4775956Z       "instance_id": "sd-definition",
2026-10-05T12:20:08.4776253Z       "raw_bytes": 191,
2026-10-05T12:20:08.4776517Z       "normalized_bytes": 191,
2026-10-05T12:20:08.4776816Z       "max_normalized_bytes": 420,
2026-10-05T12:20:08.4777105Z       "status": "pass"
2026-10-05T12:20:08.4777325Z     },
2026-10-05T12:20:08.4777527Z     {
2026-10-05T12:20:08.4777795Z       "surface_id": "skillDiscoveryDescription",
2026-10-05T12:20:08.4778153Z       "instance_id": "gate-check",
2026-10-05T12:20:08.4778446Z       "raw_bytes": 190,
2026-10-05T12:20:08.4778713Z       "normalized_bytes": 190,
2026-10-05T12:20:08.4779248Z       "max_normalized_bytes": 420,
2026-10-05T12:20:08.4779542Z       "status": "pass"
2026-10-05T12:20:08.4779789Z     },
2026-10-05T12:20:08.4779985Z     {
2026-10-05T12:20:08.4780259Z       "surface_id": "skillDiscoveryDescription",
2026-10-05T12:20:08.4780639Z       "instance_id": "qa-gate",
2026-10-05T12:20:08.4780919Z       "raw_bytes": 186,
2026-10-05T12:20:08.4781191Z       "normalized_bytes": 186,
2026-10-05T12:20:08.4781512Z       "max_normalized_bytes": 420,
2026-10-05T12:20:08.4781799Z       "status": "pass"
2026-10-05T12:20:08.4782028Z     },
2026-10-05T12:20:08.4782214Z     {
2026-10-05T12:20:08.4782496Z       "surface_id": "skillDiscoveryDescription",
2026-10-05T12:20:08.4782874Z       "instance_id": "release-or",
2026-10-05T12:20:08.4783164Z       "raw_bytes": 168,
2026-10-05T12:20:08.4783454Z       "normalized_bytes": 168,
2026-10-05T12:20:08.4783758Z       "max_normalized_bytes": 420,
2026-10-05T12:20:08.4784042Z       "status": "pass"
2026-10-05T12:20:08.4784286Z     },
2026-10-05T12:20:08.4784496Z     {
2026-10-05T12:20:08.4784759Z       "surface_id": "skillDiscoveryDescription",
2026-10-05T12:20:08.4785372Z       "instance_id": "task-plan-review",
2026-10-05T12:20:08.4785684Z       "raw_bytes": 227,
2026-10-05T12:20:08.4785954Z       "normalized_bytes": 227,
2026-10-05T12:20:08.4786256Z       "max_normalized_bytes": 420,
2026-10-05T12:20:08.4786557Z       "status": "pass"
2026-10-05T12:20:08.4786791Z     },
2026-10-05T12:20:08.4786990Z     {
2026-10-05T12:20:08.4787289Z       "surface_id": "allSkillDiscoveryDescriptions",
2026-10-05T12:20:08.4787689Z       "instance_id": "definition-order",
2026-10-05T12:20:08.4788003Z       "raw_bytes": 2999,
2026-10-05T12:20:08.4788283Z       "normalized_bytes": 2999,
2026-10-05T12:20:08.4788610Z       "max_normalized_bytes": 3000,
2026-10-05T12:20:08.4788909Z       "status": "pass"
2026-10-05T12:20:08.4789142Z     },
2026-10-05T12:20:08.4789346Z     {
2026-10-05T12:20:08.4789856Z       "surface_id": "sessionStartBase",
2026-10-05T12:20:08.4790177Z       "instance_id": "codex",
2026-10-05T12:20:08.4790466Z       "raw_bytes": 2034,
2026-10-05T12:20:08.4790751Z       "normalized_bytes": 1898,
2026-10-05T12:20:08.4791063Z       "max_normalized_bytes": 1900,
2026-10-05T12:20:08.4791368Z       "status": "pass"
2026-10-05T12:20:08.4791610Z     },
2026-10-05T12:20:08.4791814Z     {
2026-10-05T12:20:08.4792058Z       "surface_id": "sessionStartBase",
2026-10-05T12:20:08.4792391Z       "instance_id": "claude",
2026-10-05T12:20:08.4792659Z       "raw_bytes": 2035,
2026-10-05T12:20:08.4792934Z       "normalized_bytes": 1899,
2026-10-05T12:20:08.4793248Z       "max_normalized_bytes": 1900,
2026-10-05T12:20:08.4793543Z       "status": "pass"
2026-10-05T12:20:08.4793785Z     },
2026-10-05T12:20:08.4793992Z     {
2026-10-05T12:20:08.4794245Z       "surface_id": "sessionStartBase",
2026-10-05T12:20:08.4794572Z       "instance_id": "copilot",
2026-10-05T12:20:08.4794860Z       "raw_bytes": 2036,
2026-10-05T12:20:08.4795144Z       "normalized_bytes": 1900,
2026-10-05T12:20:08.4795445Z       "max_normalized_bytes": 1900,
2026-10-05T12:20:08.4795748Z       "status": "pass"
2026-10-05T12:20:08.4795984Z     },
2026-10-05T12:20:08.4796178Z     {
2026-10-05T12:20:08.4796443Z       "surface_id": "runtimeCheckSupplement",
2026-10-05T12:20:08.4796832Z       "instance_id": "codex-consented",
2026-10-05T12:20:08.4797138Z       "raw_bytes": 1385,
2026-10-05T12:20:08.4797411Z       "normalized_bytes": 773,
2026-10-05T12:20:08.4797723Z       "max_normalized_bytes": 1200,
2026-10-05T12:20:08.4798017Z       "status": "pass"
2026-10-05T12:20:08.4798244Z     },
2026-10-05T12:20:08.4798433Z     {
2026-10-05T12:20:08.4798716Z       "surface_id": "openCodeEagerInstructions",
2026-10-05T12:20:08.4799088Z       "instance_id": "repository",
2026-10-05T12:20:08.4799388Z       "raw_bytes": 1496,
2026-10-05T12:20:08.4799692Z       "normalized_bytes": 1496,
2026-10-05T12:20:08.4800007Z       "max_normalized_bytes": 4000,
2026-10-05T12:20:08.4800518Z       "status": "pass"
2026-10-05T12:20:08.4800777Z     },
2026-10-05T12:20:08.4800982Z     {
2026-10-05T12:20:08.4801259Z       "surface_id": "openCodeEagerInstructions",
2026-10-05T12:20:08.4801658Z       "instance_id": "global-installed",
2026-10-05T12:20:08.4801976Z       "raw_bytes": 1572,
2026-10-05T12:20:08.4802255Z       "normalized_bytes": 1572,
2026-10-05T12:20:08.4802569Z       "max_normalized_bytes": 4000,
2026-10-05T12:20:08.4802882Z       "status": "pass"
2026-10-05T12:20:08.4803182Z     },
2026-10-05T12:20:08.4803374Z     {
2026-10-05T12:20:08.4803675Z       "surface_id": "openCodeActiveDynamicContext",
2026-10-05T12:20:08.4804058Z       "instance_id": "active",
2026-10-05T12:20:08.4804329Z       "raw_bytes": 909,
2026-10-05T12:20:08.4804619Z       "normalized_bytes": 748,
2026-10-05T12:20:08.4804924Z       "max_normalized_bytes": 1000,
2026-10-05T12:20:08.4805200Z       "status": "pass"
2026-10-05T12:20:08.4805427Z     },
2026-10-05T12:20:08.4805628Z     {
2026-10-05T12:20:08.4805939Z       "surface_id": "openCodeInactiveDynamicContext",
2026-10-05T12:20:08.4806546Z       "instance_id": "inactive",
2026-10-05T12:20:08.4806819Z       "raw_bytes": 0,
2026-10-05T12:20:08.4807064Z       "normalized_bytes": 0,
2026-10-05T12:20:08.4807358Z       "max_normalized_bytes": 0,
2026-10-05T12:20:08.4807645Z       "status": "pass"
2026-10-05T12:20:08.4807878Z     },
2026-10-05T12:20:08.4808080Z     {
2026-10-05T12:20:08.4808415Z       "surface_id": "openCodeComposedStaticAndActiveDynamic",
2026-10-05T12:20:08.4808865Z       "instance_id": "repository",
2026-10-05T12:20:08.4809162Z       "raw_bytes": 2406,
2026-10-05T12:20:08.4809445Z       "normalized_bytes": 2245,
2026-10-05T12:20:08.4810058Z       "max_normalized_bytes": 5000,
2026-10-05T12:20:08.4810349Z       "status": "pass"
2026-10-05T12:20:08.4810584Z     },
2026-10-05T12:20:08.4810779Z     {
2026-10-05T12:20:08.4811106Z       "surface_id": "openCodeComposedStaticAndActiveDynamic",
2026-10-05T12:20:08.4811584Z       "instance_id": "global-installed",
2026-10-05T12:20:08.4811899Z       "raw_bytes": 2482,
2026-10-05T12:20:08.4812187Z       "normalized_bytes": 2321,
2026-10-05T12:20:08.4812493Z       "max_normalized_bytes": 5000,
2026-10-05T12:20:08.4812779Z       "status": "pass"
2026-10-05T12:20:08.4813025Z     },
2026-10-05T12:20:08.4813206Z     {
2026-10-05T12:20:08.4813489Z       "surface_id": "openCodeCompactionAddition",
2026-10-05T12:20:08.4813855Z       "instance_id": "active",
2026-10-05T12:20:08.4814136Z       "raw_bytes": 1087,
2026-10-05T12:20:08.4814415Z       "normalized_bytes": 1087,
2026-10-05T12:20:08.4814733Z       "max_normalized_bytes": 1100,
2026-10-05T12:20:08.4815010Z       "status": "pass"
2026-10-05T12:20:08.4815235Z     },
2026-10-05T12:20:08.4815424Z     {
2026-10-05T12:20:08.4815691Z       "surface_id": "selectedGateCheckSkill",
2026-10-05T12:20:08.4816071Z       "instance_id": "canonical-generated",
2026-10-05T12:20:08.4830186Z       "raw_bytes": 5536,
2026-10-05T12:20:08.4830531Z       "normalized_bytes": 5536,
2026-10-05T12:20:08.4830869Z       "max_normalized_bytes": 6900,
2026-10-05T12:20:08.4831185Z       "status": "pass"
2026-10-05T12:20:08.4831443Z     },
2026-10-05T12:20:08.4831645Z     {
2026-10-05T12:20:08.4831921Z       "surface_id": "selectedGateCheckSkill",
2026-10-05T12:20:08.4832306Z       "instance_id": "global-installed",
2026-10-05T12:20:08.4832630Z       "raw_bytes": 6839,
2026-10-05T12:20:08.4832921Z       "normalized_bytes": 6839,
2026-10-05T12:20:08.4833238Z       "max_normalized_bytes": 6900,
2026-10-05T12:20:08.4833548Z       "status": "pass"
2026-10-05T12:20:08.4833783Z     }
2026-10-05T12:20:08.4833976Z   ]
2026-10-05T12:20:08.4834177Z }
2026-10-05T12:20:08.4834447Z Instruction-footprint tests passed
2026-10-05T12:20:10.6390030Z Request activation projection tests passed
2026-10-05T12:20:11.8728047Z Request Activation eval tests passed (39 cases; source and callback policy current)
2026-10-05T12:20:12.2077023Z 
2026-10-05T12:20:12.2078116Z > create-agdf@0.14.5 test:request-activation-callbacks
2026-10-05T12:20:12.2078773Z > node scripts/request-activation-callback-test.js
2026-10-05T12:20:12.2079051Z 
2026-10-05T12:20:12.2799806Z Request Activation callback and ordering integration tests passed
2026-10-05T12:20:12.5996107Z 
2026-10-05T12:20:12.5996727Z > create-agdf@0.14.5 test:request-activation-host-schema
2026-10-05T12:20:12.5997134Z > node scripts/request-activation-host-schema-test.js
2026-10-05T12:20:12.5997324Z 
2026-10-05T12:20:12.9809053Z Request Activation host observation schema tests passed
2026-10-05T12:20:13.3082471Z 
2026-10-05T12:20:13.3083201Z > create-agdf@0.14.5 test:gate-check-missing-control
2026-10-05T12:20:13.3084028Z > node scripts/gate-check-missing-control-test.js
2026-10-05T12:20:13.3084306Z 
2026-10-05T12:20:14.0448842Z Gate-check missing-control tests passed.
2026-10-05T12:20:14.3662102Z 
2026-10-05T12:20:14.3662753Z > create-agdf@0.14.5 test:canonical-init
2026-10-05T12:20:14.3663135Z > node scripts/canonical-init-test.js
2026-10-05T12:20:14.3663310Z 
2026-10-05T12:20:27.8887529Z Canonical init tests passed.
2026-10-05T12:20:28.5374076Z 
2026-10-05T12:20:28.5374929Z > create-agdf@0.14.5 test:cli-modularization
2026-10-05T12:20:28.5375470Z > node scripts/cli-modularization-test.js
2026-10-05T12:20:28.5375747Z 
2026-10-05T12:20:30.9266844Z cli modularization tests passed
2026-10-05T12:20:31.2328253Z 
2026-10-05T12:20:31.2328858Z > create-agdf@0.14.5 test:install-setup-contract
2026-10-05T12:20:31.2329232Z > node scripts/install-setup-contract-test.js
2026-10-05T12:20:31.2329414Z 
2026-10-05T12:20:31.3363490Z install setup contract tests passed
2026-10-05T12:20:31.6437553Z 
2026-10-05T12:20:31.6438240Z > create-agdf@0.14.5 test:install-setup-interaction
2026-10-05T12:20:31.6438821Z > node scripts/install-setup-interaction-test.js
2026-10-05T12:20:31.6439105Z 
2026-10-05T12:20:31.9372381Z install setup interaction tests passed
2026-10-05T12:20:32.2430265Z 
2026-10-05T12:20:32.2431038Z > create-agdf@0.14.5 test:install-setup-service
2026-10-05T12:20:32.2431420Z > node scripts/install-setup-service-test.js
2026-10-05T12:20:32.2431617Z 
2026-10-05T12:20:32.4240309Z install setup service tests passed
2026-10-05T12:20:32.7394299Z 
2026-10-05T12:20:32.7394969Z > create-agdf@0.14.5 test:install-control-migration
2026-10-05T12:20:32.7395560Z > node ../core/test/install-control-migration-test.js
2026-10-05T12:20:32.7395848Z 
2026-10-05T12:20:38.7527055Z Installation control migration: batch consent, partial migration, read-only deferral, bound snapshots, backups, CLI/JSON and EN/DE rendering passed.
2026-10-05T12:20:39.1324925Z 
2026-10-05T12:20:39.1325520Z > create-agdf@0.14.5 test:install-control-repair
2026-10-05T12:20:39.1325894Z > node scripts/install-control-repair-test.js
2026-10-05T12:20:39.1326071Z 
2026-10-05T12:20:55.7291923Z Installation repair: 1/2/3, verified checkpoint/Git sources, missing inputs, backups, approval reset, conflicts, interruptions, CLI and EN/DE passed.
2026-10-05T12:20:56.3443094Z 
2026-10-05T12:20:56.3443690Z > create-agdf@0.14.5 test:control-maintenance
2026-10-05T12:20:56.3444437Z > node scripts/control-maintenance-test.js && node scripts/control-maintenance-command-test.js && node ./scripts/repository-control-startup-test.js
2026-10-05T12:20:56.3444890Z 
2026-10-05T12:20:59.2445339Z Control maintenance shared service and interaction tests passed.
2026-10-05T12:21:02.2278194Z Control maintenance source/generated command tests passed.
2026-10-05T12:21:05.7673359Z Repository control bounded startup, consent and reentry tests passed.
2026-10-05T12:21:06.0962687Z 
2026-10-05T12:21:06.0963320Z > create-agdf@0.14.5 test:runtime-check-consent
2026-10-05T12:21:06.0963912Z > node scripts/runtime-check-consent-test.js && node scripts/codex-plugin-consent-test.js
2026-10-05T12:21:06.0964208Z 
2026-10-05T12:21:06.4089783Z Codex hook observation tests passed.
2026-10-05T12:21:12.3866676Z Runtime-check consent tests passed
2026-10-05T12:21:12.7432697Z Codex plugin consent: exact tool policy, readback, disable preservation, failures and input validation passed; revocation removes only the approval key.
2026-10-05T12:21:13.0383295Z 
2026-10-05T12:21:13.0383875Z > create-agdf@0.14.5 test:task-target-resolution
2026-10-05T12:21:13.0384266Z > node ../core/test/task-target-resolution-test.js
2026-10-05T12:21:13.0384457Z 
2026-10-05T12:21:13.4414175Z task target resolution tests passed
2026-10-05T12:21:13.7772609Z 
2026-10-05T12:21:13.7773224Z > create-agdf@0.14.5 test:skill-dispatch
2026-10-05T12:21:13.7774680Z > node ../core/test/skill-names-test.js && node scripts/skill-dispatch-function-contract-test.js && node scripts/skill-dispatch-test.js && node scripts/skill-dispatch-binding-test.js && node scripts/delivery-run-assignment-test.js
2026-10-05T12:21:13.7775685Z 
2026-10-05T12:21:14.5735238Z skill names tests passed
2026-10-05T12:21:15.1008045Z Skill dispatch semantic function contract tests passed
2026-10-05T12:21:15.1032299Z agdf_inspect function contract pins passed.
2026-10-05T12:21:15.5391414Z skill dispatch tests passed
2026-10-05T12:21:15.5443640Z presentation_required preview tests passed.
2026-10-05T12:21:34.2840234Z 40 adapter-to-dispatch cases passed (generated SessionStart and source-composed OpenCode, not loaded-host evidence)
2026-10-05T12:21:34.3739815Z Skill dispatch binding tests passed
2026-10-05T12:21:35.5123446Z Delivery run assignment: zero/one/multiple runs, UR references, explicit scope binding, new scope, stale and racing revisions, ambient selector, integrity and EN/DE status passed.
2026-10-05T12:21:35.8442418Z 
2026-10-05T12:21:35.8443127Z > create-agdf@0.14.5 test:control-inspect
2026-10-05T12:21:35.8443891Z > node scripts/control-inspect-test.js && node scripts/active-run-inventory-test.js
2026-10-05T12:21:35.8444329Z 
2026-10-05T12:21:52.7249063Z control-inspect parity, shared selection, read-only and preview tests passed.
2026-10-05T12:21:54.1828458Z Active-run inventory routing corpus, target binding, localized output and read-only runtime tests passed.
2026-10-05T12:21:54.4908020Z 
2026-10-05T12:21:54.4908651Z > create-agdf@0.14.5 test:host-command
2026-10-05T12:21:54.4908992Z > node scripts/host-command-test.js
2026-10-05T12:21:54.4909235Z 
2026-10-05T12:21:54.6930273Z Host command tests passed
2026-10-05T12:21:54.9891406Z 
2026-10-05T12:21:54.9892312Z > create-agdf@0.14.5 test:mcp-lifecycle
2026-10-05T12:21:54.9892809Z > node scripts/mcp-lifecycle-test.js
2026-10-05T12:21:54.9893061Z 
2026-10-05T12:23:35.2660638Z AGDF MCP lifecycle, package acquisition and host adapter tests passed.
2026-10-05T12:23:35.8940101Z 
2026-10-05T12:23:35.8940748Z > create-agdf@0.14.5 test:plugin-mcp-runtime
2026-10-05T12:23:35.8941286Z > node scripts/plugin-mcp-runtime-test.js
2026-10-05T12:23:35.8941547Z 
2026-10-05T12:24:24.5692004Z Plugin MCP runtime tests passed
2026-10-05T12:24:24.8871561Z 
2026-10-05T12:24:24.8872162Z > create-agdf@0.14.5 test:claude-plugin-mcp
2026-10-05T12:24:24.8872706Z > node scripts/claude-plugin-mcp-test.js
2026-10-05T12:24:24.8872972Z 
2026-10-05T12:24:27.5910701Z Claude plugin MCP tests passed
2026-10-05T12:24:27.9830587Z 
2026-10-05T12:24:27.9831197Z > create-agdf@0.14.5 test:codex-plugin-mcp
2026-10-05T12:24:27.9834201Z > node scripts/codex-plugin-mcp-test.js
2026-10-05T12:24:27.9834498Z 
2026-10-05T12:24:31.7951289Z Codex plugin MCP tests passed
2026-10-05T12:24:32.1137943Z 
2026-10-05T12:24:32.1138562Z > create-agdf@0.14.5 test:mcp-server
2026-10-05T12:24:32.1138935Z > npm --prefix ../mcp-server test
2026-10-05T12:24:32.1139090Z 
2026-10-05T12:24:32.4241192Z 
2026-10-05T12:24:32.4242041Z > @agdf/mcp-server@0.14.5 test
2026-10-05T12:24:32.4243166Z > npm run test:contract && npm run test:continuation && npm run test:late-source-revision && npm run test:protocol && npm run test:safety && npm run test:provenance && npm run test:performance && npm run test:package && npm run test:sdk-digest
2026-10-05T12:24:32.4243853Z 
2026-10-05T12:24:32.7436176Z 
2026-10-05T12:24:32.7436999Z > @agdf/mcp-server@0.14.5 test:contract
2026-10-05T12:24:32.7437337Z > node ./test/contract.test.js
2026-10-05T12:24:32.7437509Z 
2026-10-05T12:24:33.3006162Z AGDF MCP semantic contract tests passed.
2026-10-05T12:24:33.5998756Z 
2026-10-05T12:24:33.5999403Z > @agdf/mcp-server@0.14.5 test:continuation
2026-10-05T12:24:33.5999913Z > node ./test/continuation.test.js
2026-10-05T12:24:33.6000145Z 
2026-10-05T12:25:12.2382394Z All catalog-registered MCP judgement skill continuations supply exact packaged contracts without a hook binding.
2026-10-05T12:25:12.5506947Z 
2026-10-05T12:25:12.5507624Z > @agdf/mcp-server@0.14.5 test:late-source-revision
2026-10-05T12:25:12.5508177Z > node ./test/late-source-revision.test.js
2026-10-05T12:25:12.5508440Z 
2026-10-05T12:26:04.2285365Z Late source revision CLI/Core/MCP parity passed (actual stdio server, synthetic fixture approvals).
2026-10-05T12:26:38.9336279Z 
2026-10-05T12:26:38.9337272Z > @agdf/mcp-server@0.14.5 test:protocol
2026-10-05T12:26:38.9338256Z > node ./test/protocol.test.js && node ./test/skill-names.test.js
2026-10-05T12:26:38.9339817Z 
2026-10-05T12:26:40.7039002Z AGDF MCP 2025-11-25 and 2026-07-28 separate language-matrix protocol tests passed.
2026-10-05T12:27:43.6521787Z CLI/MCP host skill name parity passed
2026-10-05T12:27:43.9839073Z 
2026-10-05T12:27:43.9839948Z > @agdf/mcp-server@0.14.5 test:safety
2026-10-05T12:27:43.9840588Z > node ./test/safety.test.js
2026-10-05T12:27:43.9841106Z 
2026-10-05T12:27:44.2601020Z AGDF MCP isolation, timeout, cancellation and static safety tests passed.
2026-10-05T12:27:44.6233121Z 
2026-10-05T12:27:44.6234072Z > @agdf/mcp-server@0.14.5 test:provenance
2026-10-05T12:27:44.6235088Z > node ./test/provenance.test.js
2026-10-05T12:27:44.6235391Z 
2026-10-05T12:28:21.6568865Z AGDF MCP owned-runtime provenance, shutdown and tamper tests passed.
2026-10-05T12:28:21.9931435Z 
2026-10-05T12:28:21.9931929Z > @agdf/mcp-server@0.14.5 test:performance
2026-10-05T12:28:21.9932530Z > node ./test/performance.test.js
2026-10-05T12:28:21.9932786Z 
2026-10-05T12:28:46.6544769Z {"node":"v22.23.3","platform":"win32-x64","runs":20,"cold_tools_list_ms":[403.44,407.289,396.423,387.206,391.436,387.291,385.04,384.146,395.947,396.321,388.132,403.243,397.987,403.82,398.416,414.921,395.533,387.195,395.525,398.2],"cold_p95_ms":407.289,"warm_dispatch_ms":[423.665,389.467,399.573,387.448,389.149,416.307,410.271,401.68,398.223,397.723,400.939,406.175,403.962,393.234,406.969,416.944,394.382,394.86,403.633,400.961],"warm_p95_ms":416.944}
2026-10-05T12:28:48.6220176Z 
2026-10-05T12:28:48.6220895Z > @agdf/mcp-server@0.14.5 test:package
2026-10-05T12:28:48.6221518Z > node ./test/package.test.js
2026-10-05T12:28:48.6221801Z 
2026-10-05T12:28:49.2092725Z AGDF MCP package boundary tests passed.
2026-10-05T12:28:49.5170928Z 
2026-10-05T12:28:49.5171682Z > @agdf/mcp-server@0.14.5 test:sdk-digest
2026-10-05T12:28:49.5172076Z > node ./test/sdk-digest.test.js
2026-10-05T12:28:49.5172266Z 
2026-10-05T12:28:49.7520291Z MCP SDK digest tests passed
2026-10-05T12:28:50.0979323Z 
2026-10-05T12:28:50.0980333Z > create-agdf@0.14.5 test:local-validator
2026-10-05T12:28:50.0980977Z > node scripts/local-validator-test.js
2026-10-05T12:28:50.0981234Z 
2026-10-05T12:28:51.0553091Z Local validator tests passed
2026-10-05T12:28:51.4038372Z 
2026-10-05T12:28:51.4039062Z > create-agdf@0.14.5 test:local-marketplace
2026-10-05T12:28:51.4039487Z > node scripts/local-marketplace-test.js
2026-10-05T12:28:51.4039695Z 
2026-10-05T12:30:13.6852396Z Local marketplace tests passed
2026-10-05T12:30:17.1391182Z 
2026-10-05T12:30:17.1391886Z > create-agdf@0.14.5 test:claude-cache-recovery
2026-10-05T12:30:17.1392466Z > node scripts/claude-cache-recovery-test.js
2026-10-05T12:30:17.1392656Z 
2026-10-05T12:30:17.2074740Z Claude cache recovery tests passed
2026-10-05T12:30:17.8834461Z 
2026-10-05T12:30:17.8835165Z > create-agdf@0.14.5 test:copilot-profile
2026-10-05T12:30:17.8837086Z > node ../../scripts/skill-name-projection-test.mjs && node scripts/copilot-profile-test.js
2026-10-05T12:30:17.8837840Z 
2026-10-05T12:30:18.0747219Z skill name projections passed
2026-10-05T12:30:24.6255613Z Copilot profile tests passed (inventory, drift, exclusions and growth fail closed)
2026-10-05T12:30:24.9498990Z 
2026-10-05T12:30:24.9499634Z > create-agdf@0.14.5 test:copilot-installer
2026-10-05T12:30:24.9500059Z > node scripts/copilot-installer-test.js
2026-10-05T12:30:24.9500263Z 
2026-10-05T12:31:57.9631177Z Copilot installer tests passed (native Git checkout, same-version updates, migration, rollback, discovery and isolation)
2026-10-05T12:31:59.0183229Z 
2026-10-05T12:31:59.0183803Z > create-agdf@0.14.5 test:local-preparation
2026-10-05T12:31:59.0184242Z > node scripts/local-preparation-test.js
2026-10-05T12:31:59.0184419Z 
2026-10-05T12:32:20.6696870Z local host preparation: isolation, clean bootstrap, runtime validation and release guard passed
2026-10-05T12:32:24.4393414Z 
2026-10-05T12:32:24.4394141Z > create-agdf@0.14.5 test:local-development-install
2026-10-05T12:32:24.4394665Z > npm run release:prepare && node scripts/local-development-install-test.js
2026-10-05T12:32:24.4395205Z 
2026-10-05T12:32:24.7726575Z 
2026-10-05T12:32:24.7727058Z > create-agdf@0.14.5 release:prepare
2026-10-05T12:32:24.7728014Z > npm run sync-package-assets && npm run test:distribution-profile-history && npm run test:release-bump && npm run test:release-version-coherence && npm run test:public-plugin && npm run test:portable-plugin
2026-10-05T12:32:24.7728606Z 
2026-10-05T12:32:25.0947852Z 
2026-10-05T12:32:25.0948498Z > create-agdf@0.14.5 sync-package-assets
2026-10-05T12:32:25.0949059Z > node ../../scripts/sync-package-assets.js
2026-10-05T12:32:25.0949376Z 
2026-10-05T12:32:26.2623068Z 
2026-10-05T12:32:26.2623832Z > create-agdf@0.14.5 test:distribution-profile-history
2026-10-05T12:32:26.2624309Z > node scripts/distribution-profile-history-test.js
2026-10-05T12:32:26.2624551Z 
2026-10-05T12:32:26.3578080Z Distribution profile history passed (8 exact releases, malformed and closed-policy matrices)
2026-10-05T12:32:26.7057177Z 
2026-10-05T12:32:26.7057820Z > create-agdf@0.14.5 test:release-bump
2026-10-05T12:32:26.7058217Z > node scripts/release-bump-test.js
2026-10-05T12:32:26.7058424Z 
2026-10-05T12:32:27.8231185Z Release bump passed (20 transactional files; repair, forward, review, rollback and recovery)
2026-10-05T12:32:28.2063039Z 
2026-10-05T12:32:28.2063831Z > create-agdf@0.14.5 test:release-version-coherence
2026-10-05T12:32:28.2064294Z > node scripts/release-version-coherence-test.js
2026-10-05T12:32:28.2064522Z 
2026-10-05T12:32:35.4151689Z Release version coherence passed (50 surfaces at 0.14.5; 8 profile snapshots)
2026-10-05T12:32:35.7446693Z 
2026-10-05T12:32:35.7447373Z > create-agdf@0.14.5 test:public-plugin
2026-10-05T12:32:35.7447785Z > node scripts/public-plugin-test.js
2026-10-05T12:32:35.7447993Z 
2026-10-05T12:32:36.9818353Z Public plugin tests passed (60 inventoried candidate files; digest 416c48ca8fe420b133c90d0a967d9e834341c3b1578d8ca02e43db39b4b173e5)
2026-10-05T12:32:37.3066152Z 
2026-10-05T12:32:37.3066855Z > create-agdf@0.14.5 test:portable-plugin
2026-10-05T12:32:37.3067278Z > node scripts/portable-plugin-test.js
2026-10-05T12:32:37.3067484Z 
2026-10-05T12:32:43.5839821Z Portable plugin schema/profile/resource/selection/retry tests passed; digest 416c48ca8fe420b133c90d0a967d9e834341c3b1578d8ca02e43db39b4b173e5
2026-10-05T12:35:29.4512430Z Local development install tests passed
2026-10-05T12:35:33.8166837Z 
2026-10-05T12:35:33.8167551Z > create-agdf@0.14.5 test:package-build
2026-10-05T12:35:33.8167969Z > node scripts/package-build-test.js
2026-10-05T12:35:33.8168170Z 
2026-10-05T12:35:36.4544284Z Package build tests passed (all generated profiles byte-identical across complete builds; source untouched)
2026-10-05T12:35:36.7682650Z 
2026-10-05T12:35:36.7683685Z > create-agdf@0.14.5 test:package-contents
2026-10-05T12:35:36.7687118Z > node scripts/package-contents-test.js
2026-10-05T12:35:36.7688044Z 
2026-10-05T12:35:38.8592434Z Package contents tests passed (761 files; complete release-built plugin present)
2026-10-05T12:35:39.2726756Z 
2026-10-05T12:35:39.2727501Z > create-agdf@0.14.5 test:lifecycle
2026-10-05T12:35:39.2728065Z > node scripts/lifecycle-test.js
2026-10-05T12:35:39.2728608Z 
2026-10-05T12:35:42.7196084Z lifecycle tests passed
2026-10-05T12:35:43.0369728Z 
2026-10-05T12:35:43.0370506Z > create-agdf@0.14.5 test:copilot-repository-retention
2026-10-05T12:35:43.0371131Z > node scripts/copilot-repository-retention-test.js
2026-10-05T12:35:43.0371370Z 
2026-10-05T12:36:01.2175091Z warning: in the working copy of '.github/copilot/settings.local.json', LF will be replaced by CRLF the next time Git touches it
2026-10-05T12:36:11.8005264Z Copilot repository retention tests passed (install, update, status, disable, uninstall and failure)
2026-10-05T12:36:12.2963183Z 
2026-10-05T12:36:12.2963853Z > create-agdf@0.14.5 test:control-command
2026-10-05T12:36:12.2964414Z > node scripts/control-command-test.js
2026-10-05T12:36:12.2964713Z 
2026-10-05T12:36:14.5596820Z PASS SCN-016 Windows replay flush uses a writable handle without changing canonical bytes
2026-10-05T12:36:14.5604821Z PASS SCN-002 undeclared {"role":"user"}
2026-10-05T12:36:14.5606369Z PASS SCN-002 undeclared {"seen":true}
2026-10-05T12:36:14.5608481Z PASS SCN-002 undeclared {"trusted":true}
2026-10-05T12:36:14.5610072Z PASS SCN-002 undeclared {"tool_provenance":"human"}
2026-10-05T12:36:14.5613777Z PASS SCN-002 accessor schema_version rejected without evaluation
2026-10-05T12:36:14.5615111Z PASS SCN-002 accessor action rejected without evaluation
2026-10-05T12:36:14.5617137Z PASS SCN-002 accessor target_id rejected without evaluation
2026-10-05T12:36:14.5619477Z PASS SCN-002 accessor run_id rejected without evaluation
2026-10-05T12:36:14.5622537Z PASS SCN-002 accessor gate rejected without evaluation
2026-10-05T12:36:14.5623990Z PASS SCN-002 accessor expected_revision_id rejected without evaluation
2026-10-05T12:36:14.5625188Z PASS SCN-002 accessor presentation_id rejected without evaluation
2026-10-05T12:36:14.5626249Z PASS SCN-002 accessor response rejected without evaluation
2026-10-05T12:36:14.5627399Z PASS SCN-002 accessor operation_id rejected without evaluation
2026-10-05T12:36:14.5628624Z PASS SCN-002 accessor assurance rejected without evaluation
2026-10-05T12:36:14.5629556Z PASS SCN-009 "authenticated_human"
2026-10-05T12:36:14.5630531Z PASS SCN-009 "verified_human"
2026-10-05T12:36:14.5631568Z PASS SCN-009 "host_attested"
2026-10-05T12:36:14.5632795Z PASS SCN-009 "signed"
2026-10-05T12:36:14.5633839Z PASS SCN-009 "trusted"
2026-10-05T12:36:14.5634860Z PASS SCN-009 ""
2026-10-05T12:36:14.5636710Z PASS SCN-002 malformed {"schema_version":"2"}
2026-10-05T12:36:14.5637900Z PASS SCN-002 malformed {"action":"present"}
2026-10-05T12:36:14.5640926Z PASS SCN-002 malformed {"operation_id":"x"}
2026-10-05T12:36:14.5642758Z PASS SCN-002 malformed {"run_id":"../foreign"}
2026-10-05T12:36:14.5644089Z PASS SCN-002 malformed {"expected_revision_id":null}
2026-10-05T12:36:14.5645305Z PASS SCN-002 malformed {}
2026-10-05T12:36:14.8100550Z PASS SCN-002/009 closed schema and unsupported authority, zero mutation
2026-10-05T12:36:16.3646942Z PASS SCN-008 ""
2026-10-05T12:36:16.5510077Z PASS SCN-008 "Ja"
2026-10-05T12:36:16.7996621Z PASS SCN-008 "Leg los"
2026-10-05T12:36:16.9791979Z PASS SCN-008 "Approval: PRD"
2026-10-05T12:36:17.1695756Z PASS SCN-008 "`Approval: UR`"
2026-10-05T12:36:17.5321550Z PASS SCN-008 "Zitat: Approval: UR"
2026-10-05T12:36:17.5322104Z PASS SCN-007/008 read, present, derived and nonexact replies do not approve
2026-10-05T12:36:17.6156801Z PASS SCN-011 {"target_id":"sha256:aaaaaaaaaaaaaaaaaaaaaaaaaaaaaaaaaaaaaaaaaaaaaaaaaaaaaaaaaaaaaaaa"}
2026-10-05T12:36:17.8724020Z PASS SCN-011 {"expected_revision_id":"3da8af70-af83-4bef-8dd5-f99651d06b37"}
2026-10-05T12:36:18.3024647Z PASS SCN-011 {"presentation_id":"0ae97d6e-bcfa-4620-a9f9-9628776de4d8"}
2026-10-05T12:36:18.5230921Z PASS SCN-011 {"gate":"PRD"}
2026-10-05T12:36:18.6630935Z PASS SCN-011 exact target, revision and presentation bindings
2026-10-05T12:36:18.8825970Z PASS SCN-015 live and unknown locks are retained and never succeed
2026-10-05T12:36:19.2938841Z PASS SCN-020 temp_opened
2026-10-05T12:36:19.6520425Z PASS SCN-020 temp_written
2026-10-05T12:36:20.0288473Z PASS SCN-020 after_file_sync
2026-10-05T12:36:20.4064763Z PASS SCN-020 before_rename
2026-10-05T12:36:20.4065254Z PASS SCN-020 write checkpoints before rename leave no approval or receipt
2026-10-05T12:36:20.6116395Z PASS SCN-012 final presentation validation under lock
2026-10-05T12:36:20.8845923Z PASS SCN-012 prepared presentation mutation is rejected at final validation
2026-10-05T12:36:21.2881220Z PASS SCN-001/003/004/010 one revision, atomic receipt and explicit cooperative result
2026-10-05T12:36:21.2886845Z PASS SCN-025 invalid receipt subcase 0
2026-10-05T12:36:21.2889073Z PASS SCN-025 invalid receipt subcase 1
2026-10-05T12:36:21.2891340Z PASS SCN-025 invalid receipt subcase 2
2026-10-05T12:36:21.2893460Z PASS SCN-025 invalid receipt subcase 3
2026-10-05T12:36:21.2895456Z PASS SCN-025 invalid receipt subcase 4
2026-10-05T12:36:21.2897860Z PASS SCN-025 invalid receipt subcase 5
2026-10-05T12:36:21.2899934Z PASS SCN-025 invalid receipt subcase 6
2026-10-05T12:36:21.2916213Z PASS SCN-023/025 receipt version, row identity, effect and encoding validation
2026-10-05T12:36:21.6383853Z PASS SCN-016/017 same request replays; changed bytes conflict without a revision
2026-10-05T12:36:21.7851179Z PASS SCN-018/019 historical effect survives revocation, current state is separately observed
2026-10-05T12:36:21.8216949Z PASS SCN-023/025 receipt corruption, deletion and seal tampering fail closed
2026-10-05T12:36:21.9738239Z PASS SCN-018 receipt-preserving recovery never restores approval
2026-10-05T12:36:23.0767076Z PASS SCN-022 postrename failure exposes canonical effect; retry acknowledges without writing
2026-10-05T12:36:23.2500886Z PASS SCN-018 bounded PRD supersession preserves UR receipt and never reapproves PRD
2026-10-05T12:36:26.5176908Z PASS SCN-024 legacy seal bytes and CLI rejection/assurance remain compatible
2026-10-05T12:36:26.5752307Z PASS SCN-011 symlink run paths are rejected before mutation
2026-10-05T12:36:26.5857383Z Control command tests passed: 18 scenario groups.
2026-10-05T12:36:29.5829355Z PASS SCN-020/022 postcommit after_directory_sync acknowledged without another revision
2026-10-05T12:36:32.2056217Z PASS SCN-020/022 postcommit before_response acknowledged without another revision
2026-10-05T12:36:35.4358711Z PASS SCN-020/022 postcommit before_lock_release acknowledged without another revision
2026-10-05T12:36:38.9894819Z PASS SCN-020/022 postcommit after_lock_release acknowledged without another revision
2026-10-05T12:36:39.3513988Z 
2026-10-05T12:36:39.3514672Z > create-agdf@0.14.5 test:control-command-process
2026-10-05T12:36:39.3515129Z > node scripts/control-command-process-test.js
2026-10-05T12:36:39.3515360Z 
2026-10-05T12:36:42.5606821Z PASS SCN-021/016 kill before_rename, confirmed death, one committed revision
2026-10-05T12:36:45.4274855Z PASS SCN-021/016 kill after_rename, confirmed death, one committed revision
2026-10-05T12:36:50.0953359Z PASS SCN-021/016 kill before_response, confirmed death, one committed revision
2026-10-05T12:36:53.6532418Z PASS SCN-013/014/015 CLI/API concurrent identical
2026-10-05T12:36:57.3103573Z PASS SCN-013/014/015 CLI/API concurrent distinct
2026-10-05T12:37:00.9155194Z PASS SCN-013/014/015 CLI/API concurrent changed_payload
2026-10-05T12:37:00.9262028Z Control command process tests passed on win32/x64.
2026-10-05T12:37:04.5075441Z PASS SCN-026 real legacy CLI interruption before_rename
2026-10-05T12:37:07.4910288Z PASS SCN-026 real legacy CLI interruption after_rename
2026-10-05T12:37:07.5034180Z SCN-026 INTERRUPTION_METRICS [{"lane":"command","point":"before_rename","interrupted_calls":1,"retry_calls":1,"resulting_revision_count":1,"replay_outcome":"accepted","manual_corrections":0,"human_decision":"unavailable"},{"lane":"command","point":"after_rename","interrupted_calls":1,"retry_calls":1,"resulting_revision_count":1,"replay_outcome":"already_applied","manual_corrections":0,"human_decision":"unavailable"},{"lane":"command","point":"before_response","interrupted_calls":1,"retry_calls":1,"resulting_revision_count":1,"replay_outcome":"already_applied","manual_corrections":0,"human_decision":"unavailable"},{"lane":"legacy","point":"before_rename","interrupted_calls":1,"retry_calls":1,"resulting_revision_count":1,"replay_outcome":"approved","manual_corrections":0,"human_decision":"unavailable"},{"lane":"legacy","point":"after_rename","interrupted_calls":1,"retry_calls":1,"resulting_revision_count":1,"replay_outcome":"rejected","manual_corrections":0,"human_decision":"unavailable"}]
2026-10-05T12:37:07.5131753Z PROCESS_EVIDENCE [{"point":"before_rename","child_pid":6532,"observed_exit":{"code":null,"signal":"SIGKILL"},"interrupted_revision":"bac468e0-6322-43de-b47f-c0be90ff13f4","retry":{"schema_version":"1","outcome":"accepted","reason":null,"operation_id":"8883cf5f-19d6-4d92-a0e3-ec0ec4723ffd","request_digest":"sha256:b71ac6892aa9a866fe2131e65854e2f5916b629e88b585d29a87dce77f2e45e4","binding":{"target_id":"sha256:22e0aa6cb8f078bfe6b9b2feab26be45933104cdc4e148b78c0c230ab97170c1","run_id":"command-test","gate":"UR","expected_revision_id":"bac468e0-6322-43de-b47f-c0be90ff13f4","presentation_id":"45a93aff-9630-495e-998f-1c3a482c0ef4"},"effect":{"previous_revision_id":"bac468e0-6322-43de-b47f-c0be90ff13f4","resulting_revision_id":"977bd0ca-6b88-4248-b23e-d9a28ef3e78a","revision":3,"gate":"UR","approval":"Approval: UR","artefact_digest":"sha256:316ee25501048fbea4206beee4a1d9d7d92981377a792f9e1c111270d8d753bb","presentation_digest":"sha256:ebabbdc7cf0ef155c2352254f317d3ac68dcca25588aa79b36577fa8fe5858f7","next_gate_after_approval":"Brownfield Review","allowed_after_approval":"Run Brownfield Review after G-00 before drafting PRD, or mark Brownfield Review not_applicable with evidence."},"assurance":{"lane":"cooperative_local","reply_provenance":"caller_forwarded_deliberate_reply","independent_human_proof":"unavailable"},"current":{"available":true,"revision":3,"revision_id":"977bd0ca-6b88-4248-b23e-d9a28ef3e78a","approval_status":"approved","lifecycle":"active","gate":"Brownfield Review","status":"open","missing_approval":"none","next_allowed_action":"Run Brownfield Review after G-00 before drafting PRD, or mark Brownfield Review not_applicable with evidence.","blocking_reason":"none"},"observations":{"commit":"canonical_receipt_observed","durability":"file_sync_completed_directory_sync_unavailable","independent_human_proof":"unavailable"},"recovery":null}},{"point":"after_rename","child_pid":6728,"observed_exit":{"code":null,"signal":"SIGKILL"},"interrupted_revision":"1b9a4824-1b90-48a0-bf4c-958a02eecbbf","retry":{"schema_version":"1","outcome":"already_applied","reason":null,"operation_id":"fadd0e36-c0fc-4388-90e9-28b5b7c5b9e0","request_digest":"sha256:1bb32a06cd28a9c9c52c8bdb1a6e2fadc9a66b0d6fee376bc7aa0c905d5c2e87","binding":{"target_id":"sha256:32fc1e922ce1a87f5637ecbc28a0ad1725690d097d9ba10586188451db93409f","run_id":"command-test","gate":"UR","expected_revision_id":"f21ec345-f2ce-4e6f-b62a-6eef6c24cade","presentation_id":"7d01ba48-449f-4d9f-aa81-c5248edec839"},"effect":{"allowed_after_approval":"Run Brownfield Review after G-00 before drafting PRD, or mark Brownfield Review not_applicable with evidence.","approval":"Approval: UR","artefact_digest":"sha256:316ee25501048fbea4206beee4a1d9d7d92981377a792f9e1c111270d8d753bb","gate":"UR","next_gate_after_approval":"Brownfield Review","presentation_digest":"sha256:13b1cc623569833f6d681910e5cf913c738a5134e4814927865b8c7af8828c96","previous_revision_id":"f21ec345-f2ce-4e6f-b62a-6eef6c24cade","resulting_revision_id":"1b9a4824-1b90-48a0-bf4c-958a02eecbbf","revision":3},"assurance":{"lane":"cooperative_local","reply_provenance":"caller_forwarded_deliberate_reply","independent_human_proof":"unavailable"},"current":{"available":true,"revision":3,"revision_id":"1b9a4824-1b90-48a0-bf4c-958a02eecbbf","approval_status":"approved","lifecycle":"active","gate":"Brownfield Review","status":"open","missing_approval":"none","next_allowed_action":"Run Brownfield Review after G-00 before drafting PRD, or mark Brownfield Review not_applicable with evidence.","blocking_reason":"none"},"observations":{"commit":"canonical_receipt_observed","durability":"file_sync_completed_directory_sync_unavailable","independent_human_proof":"unavailable"},"recovery":null}},{"point":"before_response","child_pid":772,"observed_exit":{"code":null,"signal":"SIGKILL"},"interrupted_revision":"721de792-8c26-4ec3-a045-0908ebfaa374","retry":{"schema_version":"1","outcome":"already_applied","reason":null,"operation_id":"472feb70-4930-405f-8683-06a6da0a8b3f","request_digest":"sha256:6b79bab553003b3cd79f056f13b25bf1a4fff86c26cea0e834783e6b98cd24aa","binding":{"target_id":"sha256:7d6b1f021e883441835f11121dc599aa7028be150534bfbcb30eba2856e19b1a","run_id":"command-test","gate":"UR","expected_revision_id":"1a99515a-80a8-4f24-87cf-8bedbd94251a","presentation_id":"d5409e32-792c-4595-b37d-2ef47016c494"},"effect":{"allowed_after_approval":"Run Brownfield Review after G-00 before drafting PRD, or mark Brownfield Review not_applicable with evidence.","approval":"Approval: UR","artefact_digest":"sha256:316ee25501048fbea4206beee4a1d9d7d92981377a792f9e1c111270d8d753bb","gate":"UR","next_gate_after_approval":"Brownfield Review","presentation_digest":"sha256:6fa31177d3388f72b06adb368f69de0bcd657aaba7e23a17a85058bf02d98d9a","previous_revision_id":"1a99515a-80a8-4f24-87cf-8bedbd94251a","resulting_revision_id":"721de792-8c26-4ec3-a045-0908ebfaa374","revision":3},"assurance":{"lane":"cooperative_local","reply_provenance":"caller_forwarded_deliberate_reply","independent_human_proof":"unavailable"},"current":{"available":true,"revision":3,"revision_id":"721de792-8c26-4ec3-a045-0908ebfaa374","approval_status":"approved","lifecycle":"active","gate":"Brownfield Review","status":"open","missing_approval":"none","next_allowed_action":"Run Brownfield Review after G-00 before drafting PRD, or mark Brownfield Review not_applicable with evidence.","blocking_reason":"none"},"observations":{"commit":"canonical_receipt_observed","durability":"file_sync_completed_directory_sync_unavailable","independent_human_proof":"unavailable"},"recovery":null}},{"mode":"identical","child_pid":7536,"winner":{"schema_version":"1","outcome":"accepted","reason":null,"operation_id":"e6df2394-977a-482a-adc9-63da90756491","request_digest":"sha256:43945f7ea06a2ed0f902c1a49a9c4f9dda2692ff9f3843d187cc618ca5025cde","binding":{"target_id":"sha256:0325002c6860b5b89e61b722a8e03747cbf0091cc05e749659afe481958bd3cd","run_id":"command-test","gate":"UR","expected_revision_id":"cb512481-7474-4171-822b-fd9e6857f8de","presentation_id":"0cdb15e6-aed3-4212-915a-46fc08fce682"},"effect":{"previous_revision_id":"cb512481-7474-4171-822b-fd9e6857f8de","resulting_revision_id":"834ce47f-3087-48ee-b532-01c7f3c60a3d","revision":3,"gate":"UR","approval":"Approval: UR","artefact_digest":"sha256:316ee25501048fbea4206beee4a1d9d7d92981377a792f9e1c111270d8d753bb","presentation_digest":"sha256:5f822820ad71d400f148883ef5c6e1d5cc71e0ab0342f47a8661c98fc1605acc","next_gate_after_approval":"Brownfield Review","allowed_after_approval":"Run Brownfield Review after G-00 before drafting PRD, or mark Brownfield Review not_applicable with evidence."},"assurance":{"lane":"cooperative_local","reply_provenance":"caller_forwarded_deliberate_reply","independent_human_proof":"unavailable"},"current":{"available":true,"revision":3,"revision_id":"834ce47f-3087-48ee-b532-01c7f3c60a3d","approval_status":"approved","lifecycle":"active","gate":"Brownfield Review","status":"open","missing_approval":"none","next_allowed_action":"Run Brownfield Review after G-00 before drafting PRD, or mark Brownfield Review not_applicable with evidence.","blocking_reason":"none"},"observations":{"commit":"canonical_receipt_observed","durability":"file_sync_completed_directory_sync_unavailable","independent_human_proof":"unavailable"},"recovery":null},"concurrent":{"code":2,"result":{"schema_version":"1","outcome":"retryable_failure","reason":"run_write_locked","operation_id":"e6df2394-977a-482a-adc9-63da90756491","request_digest":"sha256:43945f7ea06a2ed0f902c1a49a9c4f9dda2692ff9f3843d187cc618ca5025cde","binding":{"target_id":"sha256:0325002c6860b5b89e61b722a8e03747cbf0091cc05e749659afe481958bd3cd","run_id":"command-test","gate":"UR","expected_revision_id":"cb512481-7474-4171-822b-fd9e6857f8de","presentation_id":"0cdb15e6-aed3-4212-915a-46fc08fce682"},"effect":null,"assurance":{"lane":"cooperative_local","reply_provenance":"caller_forwarded_deliberate_reply","independent_human_proof":"unavailable"},"current":{"available":true,"revision":2,"revision_id":"cb512481-7474-4171-822b-fd9e6857f8de","approval_status":"missing","lifecycle":"active","gate":"UR","status":"open","missing_approval":"Approval: UR","next_allowed_action":"Fill the current UR control state, persist the UR draft, and request exact approval: Approval: UR.","blocking_reason":"none"},"observations":{"commit":"no_receipt_acknowledged","durability":"unconfirmed","independent_human_proof":"unavailable"},"recovery":"Retry the identical command with the original operation UUID and payload; do not create a new decision."}},"retried":{"code":0,"result":{"schema_version":"1","outcome":"already_applied","reason":null,"operation_id":"e6df2394-977a-482a-adc9-63da90756491","request_digest":"sha256:43945f7ea06a2ed0f902c1a49a9c4f9dda2692ff9f3843d187cc618ca5025cde","binding":{"target_id":"sha256:0325002c6860b5b89e61b722a8e03747cbf0091cc05e749659afe481958bd3cd","run_id":"command-test","gate":"UR","expected_revision_id":"cb512481-7474-4171-822b-fd9e6857f8de","presentation_id":"0cdb15e6-aed3-4212-915a-46fc08fce682"},"effect":{"allowed_after_approval":"Run Brownfield Review after G-00 before drafting PRD, or mark Brownfield Review not_applicable with evidence.","approval":"Approval: UR","artefact_digest":"sha256:316ee25501048fbea4206beee4a1d9d7d92981377a792f9e1c111270d8d753bb","gate":"UR","next_gate_after_approval":"Brownfield Review","presentation_digest":"sha256:5f822820ad71d400f148883ef5c6e1d5cc71e0ab0342f47a8661c98fc1605acc","previous_revision_id":"cb512481-7474-4171-822b-fd9e6857f8de","resulting_revision_id":"834ce47f-3087-48ee-b532-01c7f3c60a3d","revision":3},"assurance":{"lane":"cooperative_local","reply_provenance":"caller_forwarded_deliberate_reply","independent_human_proof":"unavailable"},"current":{"available":true,"revision":3,"revision_id":"834ce47f-3087-48ee-b532-01c7f3c60a3d","approval_status":"approved","lifecycle":"active","gate":"Brownfield Review","status":"open","missing_approval":"none","next_allowed_action":"Run Brownfield Review after G-00 before drafting PRD, or mark Brownfield Review not_applicable with evidence.","blocking_reason":"none"},"observations":{"commit":"canonical_receipt_observed","durability":"file_sync_completed_directory_sync_unavailable","independent_human_proof":"unavailable"},"recovery":null}}},{"mode":"distinct","child_pid":9028,"winner":{"schema_version":"1","outcome":"accepted","reason":null,"operation_id":"ade3deab-7be7-4f6f-bf1e-0f07a042c44a","request_digest":"sha256:b2675860aaffbe8a9ab7c22ab10907a5d95974975d5f312922b0fcbc33a52f9a","binding":{"target_id":"sha256:5cbba595ad005f995700deb20c492e1c1289cbb6c04eaf7952b671f536dbbad6","run_id":"command-test","gate":"UR","expected_revision_id":"c0051ef7-6da7-49d0-84e3-d2edaa6516b6","presentation_id":"509ca8cb-9ea2-4338-9a7e-636dc55a22cc"},"effect":{"previous_revision_id":"c0051ef7-6da7-49d0-84e3-d2edaa6516b6","resulting_revision_id":"e1c492f0-8375-49ec-b4ca-d975d89f0ef2","revision":3,"gate":"UR","approval":"Approval: UR","artefact_digest":"sha256:316ee25501048fbea4206beee4a1d9d7d92981377a792f9e1c111270d8d753bb","presentation_digest":"sha256:a1b78611f2b08b15a3cc7ec6f6b9e537d82599caf9fbb49692aa9c1c66f998c9","next_gate_after_approval":"Brownfield Review","allowed_after_approval":"Run Brownfield Review after G-00 before drafting PRD, or mark Brownfield Review not_applicable with evidence."},"assurance":{"lane":"cooperative_local","reply_provenance":"caller_forwarded_deliberate_reply","independent_human_proof":"unavailable"},"current":{"available":true,"revision":3,"revision_id":"e1c492f0-8375-49ec-b4ca-d975d89f0ef2","approval_status":"approved","lifecycle":"active","gate":"Brownfield Review","status":"open","missing_approval":"none","next_allowed_action":"Run Brownfield Review after G-00 before drafting PRD, or mark Brownfield Review not_applicable with evidence.","blocking_reason":"none"},"observations":{"commit":"canonical_receipt_observed","durability":"file_sync_completed_directory_sync_unavailable","independent_human_proof":"unavailable"},"recovery":null},"concurrent":{"code":2,"result":{"schema_version":"1","outcome":"retryable_failure","reason":"run_write_locked","operation_id":"831ce6b7-5aaf-4fa8-af0e-ebdfa3275eeb","request_digest":"sha256:b2675860aaffbe8a9ab7c22ab10907a5d95974975d5f312922b0fcbc33a52f9a","binding":{"target_id":"sha256:5cbba595ad005f995700deb20c492e1c1289cbb6c04eaf7952b671f536dbbad6","run_id":"command-test","gate":"UR","expected_revision_id":"c0051ef7-6da7-49d0-84e3-d2edaa6516b6","presentation_id":"509ca8cb-9ea2-4338-9a7e-636dc55a22cc"},"effect":null,"assurance":{"lane":"cooperative_local","reply_provenance":"caller_forwarded_deliberate_reply","independent_human_proof":"unavailable"},"current":{"available":true,"revision":2,"revision_id":"c0051ef7-6da7-49d0-84e3-d2edaa6516b6","approval_status":"missing","lifecycle":"active","gate":"UR","status":"open","missing_approval":"Approval: UR","next_allowed_action":"Fill the current UR control state, persist the UR draft, and request exact approval: Approval: UR.","blocking_reason":"none"},"observations":{"commit":"no_receipt_acknowledged","durability":"unconfirmed","independent_human_proof":"unavailable"},"recovery":"Retry the identical command with the original operation UUID and payload; do not create a new decision."}},"retried":{"code":2,"result":{"schema_version":"1","outcome":"rejected","reason":"gate_not_ready","operation_id":"831ce6b7-5aaf-4fa8-af0e-ebdfa3275eeb","request_digest":"sha256:b2675860aaffbe8a9ab7c22ab10907a5d95974975d5f312922b0fcbc33a52f9a","binding":{"target_id":"sha256:5cbba595ad005f995700deb20c492e1c1289cbb6c04eaf7952b671f536dbbad6","run_id":"command-test","gate":"UR","expected_revision_id":"c0051ef7-6da7-49d0-84e3-d2edaa6516b6","presentation_id":"509ca8cb-9ea2-4338-9a7e-636dc55a22cc"},"effect":null,"assurance":{"lane":"cooperative_local","reply_provenance":"caller_forwarded_deliberate_reply","independent_human_proof":"unavailable"},"current":{"available":true,"revision":3,"revision_id":"e1c492f0-8375-49ec-b4ca-d975d89f0ef2","approval_status":"approved","lifecycle":"active","gate":"Brownfield Review","status":"open","missing_approval":"none","next_allowed_action":"Run Brownfield Review after G-00 before drafting PRD, or mark Brownfield Review not_applicable with evidence.","blocking_reason":"none"},"observations":{"commit":"no_receipt_acknowledged","durability":"unconfirmed","independent_human_proof":"unavailable"},"recovery":"Follow current.next_allowed_action. For a changed binding, prepare the current presentation and obtain a NEW deliberate reply; never rebind an earlier reply."}}},{"mode":"changed_payload","child_pid":3280,"winner":{"schema_version":"1","outcome":"accepted","reason":null,"operation_id":"9003cbb1-ccc1-4939-b08b-69e1d0c9b947","request_digest":"sha256:4254576445de19f647fe2bcbb75234653feb4195a21b78362715163b58f0814c","binding":{"target_id":"sha256:fd8b6466e9cc869a4deba798456534318dab54c690db1477033529a14f6b9040","run_id":"command-test","gate":"UR","expected_revision_id":"99937323-411d-44ae-b24c-1d4b287c0792","presentation_id":"6cc2910d-c38d-4b8a-9859-57102ecc55c1"},"effect":{"previous_revision_id":"99937323-411d-44ae-b24c-1d4b287c0792","resulting_revision_id":"ee8c6c30-2923-4279-a602-1137ea6faefa","revision":3,"gate":"UR","approval":"Approval: UR","artefact_digest":"sha256:316ee25501048fbea4206beee4a1d9d7d92981377a792f9e1c111270d8d753bb","presentation_digest":"sha256:7ffd2bfc2a76dcbcf8c4f73fb53003ccdc59cc01704b82f95de435f4b7b81a44","next_gate_after_approval":"Brownfield Review","allowed_after_approval":"Run Brownfield Review after G-00 before drafting PRD, or mark Brownfield Review not_applicable with evidence."},"assurance":{"lane":"cooperative_local","reply_provenance":"caller_forwarded_deliberate_reply","independent_human_proof":"unavailable"},"current":{"available":true,"revision":3,"revision_id":"ee8c6c30-2923-4279-a602-1137ea6faefa","approval_status":"approved","lifecycle":"active","gate":"Brownfield Review","status":"open","missing_approval":"none","next_allowed_action":"Run Brownfield Review after G-00 before drafting PRD, or mark Brownfield Review not_applicable with evidence.","blocking_reason":"none"},"observations":{"commit":"canonical_receipt_observed","durability":"file_sync_completed_directory_sync_unavailable","independent_human_proof":"unavailable"},"recovery":null},"concurrent":{"code":2,"result":{"schema_version":"1","outcome":"retryable_failure","reason":"run_write_locked","operation_id":"9003cbb1-ccc1-4939-b08b-69e1d0c9b947","request_digest":"sha256:d991bf30ff1872020b15aa2b574561b2b71d1a53c535a87f144a5a3086d8147b","binding":{"target_id":"sha256:fd8b6466e9cc869a4deba798456534318dab54c690db1477033529a14f6b9040","run_id":"command-test","gate":"UR","expected_revision_id":"99937323-411d-44ae-b24c-1d4b287c0792","presentation_id":"6cc2910d-c38d-4b8a-9859-57102ecc55c1"},"effect":null,"assurance":{"lane":"cooperative_local","reply_provenance":"caller_forwarded_deliberate_reply","independent_human_proof":"unavailable"},"current":{"available":true,"revision":2,"revision_id":"99937323-411d-44ae-b24c-1d4b287c0792","approval_status":"missing","lifecycle":"active","gate":"UR","status":"open","missing_approval":"Approval: UR","next_allowed_action":"Fill the current UR control state, persist the UR draft, and request exact approval: Approval: UR.","blocking_reason":"none"},"observations":{"commit":"no_receipt_acknowledged","durability":"unconfirmed","independent_human_proof":"unavailable"},"recovery":"Retry the identical command with the original operation UUID and payload; do not create a new decision."}},"retried":{"code":2,"result":{"schema_version":"1","outcome":"rejected","reason":"operation_payload_conflict","operation_id":"9003cbb1-ccc1-4939-b08b-69e1d0c9b947","request_digest":"sha256:d991bf30ff1872020b15aa2b574561b2b71d1a53c535a87f144a5a3086d8147b","binding":{"target_id":"sha256:fd8b6466e9cc869a4deba798456534318dab54c690db1477033529a14f6b9040","run_id":"command-test","gate":"UR","expected_revision_id":"99937323-411d-44ae-b24c-1d4b287c0792","presentation_id":"6cc2910d-c38d-4b8a-9859-57102ecc55c1"},"effect":null,"assurance":{"lane":"cooperative_local","reply_provenance":"caller_forwarded_deliberate_reply","independent_human_proof":"unavailable"},"current":{"available":true,"revision":3,"revision_id":"ee8c6c30-2923-4279-a602-1137ea6faefa","approval_status":"approved","lifecycle":"active","gate":"Brownfield Review","status":"open","missing_approval":"none","next_allowed_action":"Run Brownfield Review after G-00 before drafting PRD, or mark Brownfield Review not_applicable with evidence.","blocking_reason":"none"},"observations":{"commit":"no_receipt_acknowledged","durability":"unconfirmed","independent_human_proof":"unavailable"},"recovery":null}}}]
2026-10-05T12:37:09.7523187Z PASS SCN-012 real child final-checkpoint artefact, no command effect
2026-10-05T12:37:09.7529460Z FRESHNESS_EVIDENCE {"kind":"artefact","child_pid":6472,"result":{"schema_version":"1","outcome":"recovery_required","reason":"canonical_state_unconfirmed","operation_id":"805c97bd-406c-4f89-a05f-cc0bca42c06f","request_digest":"sha256:190393d239be36ed668c9d3112164f91c5bef70e54d4338d5981bc6a01c78f3d","binding":{"target_id":"sha256:60af89d7a79a367a356f6a3cc7ab2008b186b02dd4d4d87e1750d7ec9e001609","run_id":"command-test","gate":"UR","expected_revision_id":"969becd0-38ef-4775-a516-712de2b2f935","presentation_id":"0d85a52b-c3d8-4175-bd85-f39d842c5376"},"effect":null,"assurance":{"lane":"cooperative_local","reply_provenance":"caller_forwarded_deliberate_reply","independent_human_proof":"unavailable"},"current":{"available":false,"reason":"seal_invalid"},"observations":{"commit":"no_receipt_acknowledged","durability":"unconfirmed","independent_human_proof":"unavailable"},"recovery":"Inspect the canonical run and pending transaction before retrying; do not infer approval from this response."}}
2026-10-05T12:37:12.3618237Z PASS SCN-012 real child final-checkpoint presentation, no command effect
2026-10-05T12:37:12.3625584Z FRESHNESS_EVIDENCE {"kind":"presentation","child_pid":7628,"result":{"schema_version":"1","outcome":"rejected","reason":"stale_revision","operation_id":"03c66bf7-13ff-41a2-98dc-e55cc0f51852","request_digest":"sha256:177c8d6bcaabe0a66b29aa64cba9db6f27f9c3922af3b50f12cfa28bb2300a5b","binding":{"target_id":"sha256:dc4a50f166edc76232cfcd6854afa045ae0e2591f9f35cfe4d0eb84716e99d35","run_id":"command-test","gate":"UR","expected_revision_id":"ffdf8c47-f5bf-4f62-a77f-c6bd7047d2d4","presentation_id":"008dc8e3-9f62-40c9-919c-88c4b1e96e17"},"effect":null,"assurance":{"lane":"cooperative_local","reply_provenance":"caller_forwarded_deliberate_reply","independent_human_proof":"unavailable"},"current":{"available":true,"revision":2,"revision_id":"ffdf8c47-f5bf-4f62-a77f-c6bd7047d2d4","approval_status":"missing","lifecycle":"active","gate":"UR","status":"open","missing_approval":"Approval: UR","next_allowed_action":"Fill the current UR control state, persist the UR draft, and request exact approval: Approval: UR.","blocking_reason":"none"},"observations":{"commit":"no_receipt_acknowledged","durability":"unconfirmed","independent_human_proof":"unavailable"},"recovery":"Prepare the current presentation and obtain a NEW deliberate reply; never rebind an earlier reply."}}
2026-10-05T12:37:15.1652260Z PASS SCN-012 real child final-checkpoint revision, no command effect
2026-10-05T12:37:15.1656617Z FRESHNESS_EVIDENCE {"kind":"revision","child_pid":5088,"result":{"schema_version":"1","outcome":"rejected","reason":"stale_revision","operation_id":"f14f6e19-28f6-4efd-b376-ad9ca0811419","request_digest":"sha256:82c13df777b02fc41b2e1c5971596b13fe58da7f2c5c445b3fb4efa68360b850","binding":{"target_id":"sha256:3129f9c4da37b3a8cb343257235afd4863d9e4c14fa1af0fdfe574094d3fb91d","run_id":"command-test","gate":"UR","expected_revision_id":"7b80d0fc-0be8-4d9c-a95d-ef72a4e9df51","presentation_id":"6cb240ec-6da9-420a-87f9-450137997f51"},"effect":null,"assurance":{"lane":"cooperative_local","reply_provenance":"caller_forwarded_deliberate_reply","independent_human_proof":"unavailable"},"current":{"available":true,"revision":3,"revision_id":"3578c740-98e6-4ad4-a989-1d6d5c126da9","approval_status":"missing","lifecycle":"active","gate":"UR","status":"open","missing_approval":"Approval: UR","next_allowed_action":"Fill the current UR control state, persist the UR draft, and request exact approval: Approval: UR.","blocking_reason":"none"},"observations":{"commit":"no_receipt_acknowledged","durability":"unconfirmed","independent_human_proof":"unavailable"},"recovery":"Prepare the current presentation and obtain a NEW deliberate reply; never rebind an earlier reply."}}
2026-10-05T12:37:17.5160086Z PASS SCN-012 real child final-checkpoint gate_eligibility, no command effect
2026-10-05T12:37:17.5164632Z FRESHNESS_EVIDENCE {"kind":"gate_eligibility","child_pid":7316,"result":{"schema_version":"1","outcome":"rejected","reason":"stale_revision","operation_id":"8b68d382-2ca9-47da-a48f-6162b907a007","request_digest":"sha256:53e7fe73ac935df606b5149e95067d1fcebd7b98a6bb83bde7b414104bf7df26","binding":{"target_id":"sha256:e70d4faf19129369545b1d7b48f07b5750d2db3cac4c09bee21a5c53c0d211f6","run_id":"command-test","gate":"UR","expected_revision_id":"3bb38a35-38f0-41da-8917-3176872f5909","presentation_id":"318c72e6-5c5f-4eb1-9a88-1f1de529ee39"},"effect":null,"assurance":{"lane":"cooperative_local","reply_provenance":"caller_forwarded_deliberate_reply","independent_human_proof":"unavailable"},"current":{"available":true,"revision":2,"revision_id":"3bb38a35-38f0-41da-8917-3176872f5909","approval_status":"missing","lifecycle":"completed","gate":"UR","status":"open","missing_approval":"Approval: UR","next_allowed_action":"Fill the current UR control state, persist the UR draft, and request exact approval: Approval: UR.","blocking_reason":"none"},"observations":{"commit":"no_receipt_acknowledged","durability":"unconfirmed","independent_human_proof":"unavailable"},"recovery":"Prepare the current presentation and obtain a NEW deliberate reply; never rebind an earlier reply."}}
2026-10-05T12:37:17.8364426Z 
2026-10-05T12:37:17.8365112Z > create-agdf@0.14.5 test:control-command-package
2026-10-05T12:37:17.8365566Z > node scripts/control-command-package-test.js
2026-10-05T12:37:17.8365877Z 
2026-10-05T12:37:17.9451474Z PASS package containment accepts POSIX/Windows dependencies and rejects sibling, parent and foreign-drive paths
2026-10-05T12:37:41.2448123Z PASS SCN-024/028 CLI modularization against the current source and documentation in isolated snapshot
2026-10-05T12:37:47.2336788Z PASS SCN-029/032 isolated package-build regression
2026-10-05T12:37:51.2219022Z PASS SCN-029/032 isolated copilot-profile regression
2026-10-05T12:37:58.3358568Z PASS SCN-029/032 isolated release-version-coherence regression
2026-10-05T12:38:00.3154498Z PASS SCN-029/032 isolated package-contents regression
2026-10-05T12:38:01.5224713Z PASS SCN-029/032 isolated local-validator regression
2026-10-05T12:38:41.7231725Z PASS SCN-029/032 isolated plugin-mcp-runtime regression
2026-10-05T12:38:47.3366511Z PASS SCN-029/032 isolated runtime-integrity-layout regression
2026-10-05T12:39:31.2840467Z PASS SCN-029/032 isolated runtime-integrity-negative regression
2026-10-05T12:39:36.6488983Z PASS SCN-005/006/027 package exports and 48 pure runtime dependency modules
2026-10-05T12:39:36.7564858Z PASS SCN-006 external import has only package-owned reads and no target/process/write/print/exit effects
2026-10-05T12:39:40.6668738Z SCN-001 PACKED_API_RESULT {"schema_version":"1","outcome":"accepted","reason":null,"operation_id":"8bd5c2b8-06b3-4bd7-81e7-f6555418fdb2","request_digest":"sha256:3e6356634c6f1627516d2d75295ffec143cffb96a283eb8657043102ad42ff37","binding":{"target_id":"sha256:2714c67dada6a8afc2c65e10b50c6b5706b4ad4f2090543db9669d5ac0d74bdb","run_id":"external-consumer","gate":"UR","expected_revision_id":"2922e141-07c1-4a8a-a499-45fbd00b84df","presentation_id":"7c70da58-8233-40cd-bf7a-8aabef06fbbb"},"effect":{"previous_revision_id":"2922e141-07c1-4a8a-a499-45fbd00b84df","resulting_revision_id":"597454b3-4288-41d7-93f0-67a3dc2f1822","revision":3,"gate":"UR","approval":"Approval: UR","artefact_digest":"sha256:316ee25501048fbea4206beee4a1d9d7d92981377a792f9e1c111270d8d753bb","presentation_digest":"sha256:26caac6d11d81516ec1ef28781bebcd8b9b45728948eddd613912296f4da4f6a","next_gate_after_approval":"Brownfield Review","allowed_after_approval":"Run Brownfield Review after G-00 before drafting PRD, or mark Brownfield Review not_applicable with evidence."},"assurance":{"lane":"cooperative_local","reply_provenance":"caller_forwarded_deliberate_reply","independent_human_proof":"unavailable"},"current":{"available":true,"revision":3,"revision_id":"597454b3-4288-41d7-93f0-67a3dc2f1822","approval_status":"approved","lifecycle":"active","gate":"Brownfield Review","status":"open","missing_approval":"none","next_allowed_action":"Run Brownfield Review after G-00 before drafting PRD, or mark Brownfield Review not_applicable with evidence.","blocking_reason":"none"},"observations":{"commit":"canonical_receipt_observed","durability":"file_sync_completed_directory_sync_unavailable","independent_human_proof":"unavailable"},"recovery":null}
2026-10-05T12:39:41.8099999Z PASS SCN-001/028/029 packed external CLI/API approve/replay/Git/locale parity
2026-10-05T12:39:41.9130635Z PASS SCN-029 missing packed locale resource fails without canonical mutation
2026-10-05T12:39:44.7416285Z SCN-032 RUNTIME_IDENTITY {"profile":"generated/plugins/agdf","version":"0.14.5","digest":"671e4edcc391fd96300526b923d5cda3ce0105d22c28e2b9c4906390673cd052","result":{"schema_version":"1","outcome":"accepted","reason":null,"operation_id":"bb1ea1d9-94fe-46f9-bb21-fb37129e109c","request_digest":"sha256:bd241213a636e6268e0f718978cdb2f0e964ae65c8e207544aa4d780c1c07e93","binding":{"target_id":"sha256:d5d0d276d098368bf3b75d6d33ab150dc1e65cef458b4e197fd49432d6947b28","run_id":"generated-shared","gate":"UR","expected_revision_id":"36549204-ec70-4f19-99c5-679cf5081f08","presentation_id":"cf9658eb-400b-49bc-9818-ceb1a0c5a646"},"effect":{"previous_revision_id":"36549204-ec70-4f19-99c5-679cf5081f08","resulting_revision_id":"d77177a7-b134-4270-998e-ddda67fbac08","revision":3,"gate":"UR","approval":"Approval: UR","artefact_digest":"sha256:316ee25501048fbea4206beee4a1d9d7d92981377a792f9e1c111270d8d753bb","presentation_digest":"sha256:3ae7cb2f04579e8deff506b6d7108ccefd5ac45e3c810ea9ee619b63689e1007","next_gate_after_approval":"Brownfield Review","allowed_after_approval":"Run Brownfield Review after G-00 before drafting PRD, or mark Brownfield Review not_applicable with evidence."},"assurance":{"lane":"cooperative_local","reply_provenance":"caller_forwarded_deliberate_reply","independent_human_proof":"unavailable"},"current":{"available":true,"revision":3,"revision_id":"d77177a7-b134-4270-998e-ddda67fbac08","approval_status":"approved","lifecycle":"active","gate":"Brownfield Review","status":"open","missing_approval":"none","next_allowed_action":"Run Brownfield Review after G-00 before drafting PRD, or mark Brownfield Review not_applicable with evidence.","blocking_reason":"none"},"observations":{"commit":"canonical_receipt_observed","durability":"file_sync_completed_directory_sync_unavailable","independent_human_proof":"unavailable"},"recovery":null}}
2026-10-05T12:39:45.2588068Z PASS SCN-032 generated generated/plugins/agdf module/resource closure and missing resource fail closed
2026-10-05T12:39:48.6925399Z SCN-032 RUNTIME_IDENTITY {"profile":"generated/plugins/copilot/agdf","version":"0.14.5","digest":"c4c1db3ef284f53442ae3c55bea17c5a9be727072797e81b92d4ee2b8a5ceef3","result":{"schema_version":"1","outcome":"accepted","reason":null,"operation_id":"dd3af321-487b-402b-b636-ddac5284a535","request_digest":"sha256:c4698b104caba51c5a349db7b230f068805425e6ce44ac40f4808408b2e38241","binding":{"target_id":"sha256:13742e9e4430c8c96b751e46b94447907c26b4f4a328547efd5adb92ff434d43","run_id":"generated-copilot","gate":"UR","expected_revision_id":"9825b3bd-dceb-4274-9335-2cd037aada81","presentation_id":"3a5fd6d4-4502-46ed-b1bd-7eba46d159a8"},"effect":{"previous_revision_id":"9825b3bd-dceb-4274-9335-2cd037aada81","resulting_revision_id":"f44670d3-e02a-4c8b-9a0d-a354f46a1a2c","revision":3,"gate":"UR","approval":"Approval: UR","artefact_digest":"sha256:316ee25501048fbea4206beee4a1d9d7d92981377a792f9e1c111270d8d753bb","presentation_digest":"sha256:8864deb62efeab02c3de19ad409aacc31c4d374b909262172cac15aeeed2b600","next_gate_after_approval":"Brownfield Review","allowed_after_approval":"Run Brownfield Review after G-00 before drafting PRD, or mark Brownfield Review not_applicable with evidence."},"assurance":{"lane":"cooperative_local","reply_provenance":"caller_forwarded_deliberate_reply","independent_human_proof":"unavailable"},"current":{"available":true,"revision":3,"revision_id":"f44670d3-e02a-4c8b-9a0d-a354f46a1a2c","approval_status":"approved","lifecycle":"active","gate":"Brownfield Review","status":"open","missing_approval":"none","next_allowed_action":"Run Brownfield Review after G-00 before drafting PRD, or mark Brownfield Review not_applicable with evidence.","blocking_reason":"none"},"observations":{"commit":"canonical_receipt_observed","durability":"file_sync_completed_directory_sync_unavailable","independent_human_proof":"unavailable"},"recovery":null}}
2026-10-05T12:39:49.2445302Z PASS SCN-032 generated generated/plugins/copilot/agdf module/resource closure and missing resource fail closed
2026-10-05T12:39:57.8625242Z SCN-026 WORKFLOW_METRICS [{"lane":"legacy","boundary":"recorded_UR_to_inspected_approval","success_calls":3,"presentation_prepared":1,"presentations_visibly_shown":"unavailable","manual_corrections":0,"simulated_replies":1,"observed_human_decisions":"unavailable","retry_calls":1,"retry_outcome":"rejected","stale_calls":1,"stale_outcome":"rejected"},{"lane":"command","boundary":"recorded_UR_to_inspected_approval","success_calls":3,"presentation_prepared":1,"presentations_visibly_shown":"unavailable","manual_corrections":0,"simulated_replies":1,"observed_human_decisions":"unavailable","retry_calls":1,"retry_outcome":"already_applied","stale_calls":1,"stale_outcome":"rejected"}]
2026-10-05T12:39:57.8628131Z SCN-030/031 QUALIFICATION {"source":"passed","packed_external":"passed","generated_validator":"passed","native_platform":"win32/x64","native_linux":"unavailable","native_windows":"unavailable","new_installed_plugin":"not_installed","visible_host":"not_observed","independent_human_proof":"unavailable"}
2026-10-05T12:39:57.8629880Z PACKAGE_IDENTITY {"version":"0.14.5","tarball_sha256":"7f6174d94c8c8840f766e793b6f49bfff0c6344d85998df51478556fb0804447","command_schema_version":"1","receipt_schema_version":"1","approval_seal_legacy_version":"1","receipt_approval_seal_version":"2","files":761,"node":"v22.23.3","platform":"win32","arch":"x64"}
2026-10-05T12:39:57.8631055Z Control command package tests passed (761 real packed files).
2026-10-05T12:40:02.2074916Z 
2026-10-05T12:40:02.2075584Z > create-agdf@0.14.5 test:cli-gates
2026-10-05T12:40:02.2076056Z > node scripts/cli-gate-scenarios-test.js
2026-10-05T12:40:02.2076334Z 
2026-10-05T12:40:02.2932951Z [cli-gates] START new-ur
2026-10-05T12:40:05.6313960Z [cli-gates] PASS new-ur (3.3s)
2026-10-05T12:40:05.6314369Z [cli-gates] START duplicate-prd
2026-10-05T12:40:09.5520591Z [cli-gates] PASS duplicate-prd (3.9s)
2026-10-05T12:40:09.5520970Z [cli-gates] START bound-ur
2026-10-05T12:40:13.5707837Z [cli-gates] PASS bound-ur (4.0s)
2026-10-05T12:40:13.8833863Z 
2026-10-05T12:40:13.8834545Z > create-agdf@0.14.5 test:control-state
2026-10-05T12:40:13.8834985Z > node ../core/test/control-state-test.js
2026-10-05T12:40:13.8835164Z 
2026-10-05T12:40:28.9375176Z artefact recording/correction tests passed (210 assertions)
2026-10-05T12:40:53.6614806Z warning: in the working copy of 'RUN_STATE.md', LF will be replaced by CRLF the next time Git touches it
2026-10-05T12:40:54.0291403Z warning: in the working copy of 'RUN_STATE.md', LF will be replaced by CRLF the next time Git touches it
2026-10-05T12:40:54.7378797Z warning: in the working copy of 'RUN_STATE.md', LF will be replaced by CRLF the next time Git touches it
2026-10-05T12:41:01.8704366Z control-state tests passed
2026-10-05T12:41:01.8704812Z backlog status vocabulary tests passed
2026-10-05T12:41:02.1908560Z 
2026-10-05T12:41:02.1909201Z > create-agdf@0.14.5 test:run-step-transaction
2026-10-05T12:41:02.1909639Z > node ../core/test/run-step-transaction-test.js
2026-10-05T12:41:02.1909877Z 
2026-10-05T12:41:13.7895992Z Run-step transaction boundaries passed.
2026-10-05T12:41:14.1246637Z 
2026-10-05T12:41:14.1247314Z > create-agdf@0.14.5 test:run-recovery
2026-10-05T12:41:14.1247713Z > node scripts/run-recovery-test.js
2026-10-05T12:41:14.1247948Z 
2026-10-05T12:41:16.8377289Z run recovery tests passed
2026-10-05T12:41:17.1735776Z 
2026-10-05T12:41:17.1736620Z > create-agdf@0.14.5 test:run-lock
2026-10-05T12:41:17.1737159Z > node ../core/test/run-lock-test.js
2026-10-05T12:41:17.1737431Z 
2026-10-05T12:41:17.3724068Z Run lock owner recovery passed.
2026-10-05T12:41:17.6902914Z 
2026-10-05T12:41:17.6903557Z > create-agdf@0.14.5 test:prd-readiness
2026-10-05T12:41:17.6904108Z > node ../core/test/prd-readiness-test.js
2026-10-05T12:41:17.6904406Z 
2026-10-05T12:41:17.7793369Z PRD readiness tests passed
2026-10-05T12:41:18.0998555Z 
2026-10-05T12:41:18.0999407Z > create-agdf@0.14.5 test:run-revision
2026-10-05T12:41:18.0999972Z > node ../core/test/run-revision-test.js
2026-10-05T12:41:18.1000277Z 
2026-10-05T12:41:20.4780540Z run-revise tests passed
2026-10-05T12:41:20.7906646Z 
2026-10-05T12:41:20.7907392Z > create-agdf@0.14.5 test:late-source-revision
2026-10-05T12:41:20.7909203Z > node ../core/test/run-source-revisions-test.js && node scripts/late-source-revision-test.js && npm run test:late-source-revision-performance
2026-10-05T12:41:20.7910011Z 
2026-10-05T12:42:39.0057344Z {"suite":"source-revisions","scenarios":["SCN-001","SCN-003","SCN-004","SCN-005","SCN-007","SCN-008","SCN-011","SCN-012","SCN-013","SCN-014","SCN-018","SCN-009","SCN-010","SCN-015","SCN-017","SCN-019","SCN-020","SCN-016","SCN-021","SCN-006"],"fixture_authority":"synthetic_only"}
2026-10-05T12:43:13.5233050Z {"suite":"late-source-revision-cli","candidate":"D:\\a\\ai-native-governance-delivery-framework\\ai-native-governance-delivery-framework\\dist\\npm\\create-agdf","cases":51,"fixture_authority":"synthetic_only"}
2026-10-05T12:43:13.8365192Z 
2026-10-05T12:43:13.8365754Z > create-agdf@0.14.5 test:late-source-revision-performance
2026-10-05T12:43:13.8366317Z > node scripts/late-source-revision-performance-test.js
2026-10-05T12:43:13.8366657Z 
2026-10-05T12:44:17.6804510Z {"scenario_id":"SCN-028","cycles":[{"cycle":1,"preview_ms":44.88170000000082,"apply_ms":532.2642000000005,"history_files":17,"history_bytes":35150},{"cycle":2,"preview_ms":37.862200000001394,"apply_ms":824.0692999999992,"history_files":34,"history_bytes":77036},{"cycle":3,"preview_ms":50.774100000000544,"apply_ms":1004.5869000000002,"history_files":51,"history_bytes":125415},{"cycle":4,"preview_ms":62.658400000000256,"apply_ms":691.1224999999977,"history_files":68,"history_bytes":180287},{"cycle":5,"preview_ms":75.3752999999997,"apply_ms":1035.5275000000001,"history_files":85,"history_bytes":241652},{"cycle":6,"preview_ms":90.72909999999683,"apply_ms":864.8502999999982,"history_files":102,"history_bytes":309510},{"cycle":7,"preview_ms":104.05059999999503,"apply_ms":1204.0665000000008,"history_files":119,"history_bytes":383861},{"cycle":8,"preview_ms":117.65230000000156,"apply_ms":1140.2060999999958,"history_files":136,"history_bytes":464705},{"cycle":9,"preview_ms":138.81259999999747,"apply_ms":1368.8835000000036,"history_files":153,"history_bytes":552042},{"cycle":10,"preview_ms":191.48340000000462,"apply_ms":1442.9084000000003,"history_files":170,"history_bytes":645872}],"unrelated_history_reads":0,"competition":{"elapsed_ms":1781.645700000001,"results":[{"code":0,"result":{"outcome":"reopened","authorizes":false,"run_id":"revision-performance","operation_id":"251fe76c-96dc-421a-978a-29dd4c001a79","gate":"TP","revision_id":"2821e27e-c62c-478d-8fe4-8cacc53c4c81","revision":"63","impact":{"source_gate":"TP","retained":["UR","PRD","SD"],"superseded":["TP"],"invalidated_bindings":["674745c6-6f4b-4572-9b16-6c2b4139df83"],"analyses":[{"type":"Brownfield Review","disposition":"retain","path":".agdf/control/artefacts/revision-performance/BROWNFIELD_REVIEW.md","digest":"sha256:64ce92f3dbffa8b295dd5ae9ee82cb9384045b84977ec89d401c2d773b8c785f","reason":"Synthetic reviewed applicability assessment under unchanged or renewed UR"}],"invalidated_steps":["Brownfield Analysis","CD+Tests","CR"],"retained_work":"Code and test files are retained; fulfillment and evidence require the renewed TP.","next_gate":"TP","implementation_authority":false},"next_action":"Draft or refine the Task/Test Plan; do not implement before TP is approved."}},{"code":0,"result":{"schema_version":"1","outcome":"rejected","run_id":"revision-performance","reason":"run_write_locked","lock_path":"C:\\Users\\RUNNER~1\\AppData\\Local\\Temp\\agdf-revision-performance-IsX0xe\\.agdf\\control\\runs\\revision-performance\\RUN_STATE.md.lock","authorizes":false}}]}}
2026-10-05T12:44:18.0854153Z 
2026-10-05T12:44:18.0854904Z > create-agdf@0.14.5 test:intake-continuation
2026-10-05T12:44:18.0855531Z > node scripts/intake-continuation-test.js
2026-10-05T12:44:18.0855849Z 
2026-10-05T12:44:43.0539540Z intake continuation packaged-runtime E2E passed (new/resume, binding, rejection, read-only, recovery, route); runtime sha256:90628ade81f47b45dc20cce5819d7aaa5258851c75cc3c2b6f688e20f5e25aa5
2026-10-05T12:44:43.4392947Z 
2026-10-05T12:44:43.4393674Z > create-agdf@0.14.5 test:prd-definition
2026-10-05T12:44:43.4394580Z > node scripts/prd-definition-test.js
2026-10-05T12:44:43.4394911Z 
2026-10-05T12:45:13.8160270Z PRD packaged authoring/clarification/revision/binding/presentation/approval boundaries passed.
2026-10-05T12:45:14.2444380Z 
2026-10-05T12:45:14.2445006Z > create-agdf@0.14.5 test:sd-readiness
2026-10-05T12:45:14.2445409Z > node ../core/test/sd-readiness-test.js
2026-10-05T12:45:14.2445614Z 
2026-10-05T12:45:14.3292784Z SD declared-decision readiness: resolved/open/malformed/legacy boundaries passed.
2026-10-05T12:45:14.6497167Z 
2026-10-05T12:45:14.6497755Z > create-agdf@0.14.5 test:sd-definition
2026-10-05T12:45:14.6498187Z > node scripts/sd-definition-test.js
2026-10-05T12:45:14.6498361Z 
2026-10-05T12:45:37.3864296Z SD assembled authoring/source/readiness/revision/approval boundaries passed (synthetic fixtures).
2026-10-05T12:45:37.8135939Z 
2026-10-05T12:45:37.8140115Z > create-agdf@0.14.5 test:artifact-language
2026-10-05T12:45:37.8141057Z > node scripts/artifact-language-test.js
2026-10-05T12:45:37.8141340Z 
2026-10-05T12:45:53.8175903Z artifact language tests passed (config source, English defaults, dispatcher recovery)
2026-10-05T12:45:54.2423687Z 
2026-10-05T12:45:54.2424560Z > create-agdf@0.14.5 test:parent-reconciliation
2026-10-05T12:45:54.2425245Z > node ../core/test/parent-reconciliation-test.js
2026-10-05T12:45:54.2425584Z 
2026-10-05T12:45:55.5692516Z AGDF parent reconciliation tests passed
2026-10-05T12:45:55.8952985Z 
2026-10-05T12:45:55.8954000Z > create-agdf@0.14.5 test:interaction-presentation
2026-10-05T12:45:55.8955106Z > node ../core/test/interaction-presentation-test.js
2026-10-05T12:45:55.8955475Z 
2026-10-05T12:45:57.8854008Z interaction presentation tests passed
2026-10-05T12:45:58.0674642Z gate rationale and why tests passed
2026-10-05T12:45:58.1879339Z scope classification card tests passed
2026-10-05T12:45:58.3095902Z task target orientation tests passed
2026-10-05T12:45:58.6365051Z 
2026-10-05T12:45:58.6365825Z > create-agdf@0.14.5 test:operational-localization
2026-10-05T12:45:58.6366595Z > node scripts/operational-localization-test.js
2026-10-05T12:45:58.6366939Z 
2026-10-05T12:46:11.4474442Z operational localization tests passed
2026-10-05T12:46:11.7551396Z 
2026-10-05T12:46:11.7552193Z > create-agdf@0.14.5 test:verified-change
2026-10-05T12:46:11.7552853Z > node scripts/verified-change-test.js
2026-10-05T12:46:11.7553422Z 
2026-10-05T12:46:13.2501778Z warning: in the working copy of '.agdf/control/AGENT_QUALITY_CONTRACTS.json', LF will be replaced by CRLF the next time Git touches it
2026-10-05T12:46:13.2503066Z warning: in the working copy of '.agdf/control/CONTEXT_GRAPH.md', LF will be replaced by CRLF the next time Git touches it
2026-10-05T12:46:13.2504207Z warning: in the working copy of '.agdf/control/MASTER_BACKLOG.md', LF will be replaced by CRLF the next time Git touches it
2026-10-05T12:46:13.2505354Z warning: in the working copy of '.agdf/control/README.md', LF will be replaced by CRLF the next time Git touches it
2026-10-05T12:46:13.2506495Z warning: in the working copy of '.agdf/control/SOT_REGISTRY.md', LF will be replaced by CRLF the next time Git touches it
2026-10-05T12:46:13.2507652Z warning: in the working copy of '.agdf/control/config.json', LF will be replaced by CRLF the next time Git touches it
2026-10-05T12:46:13.2508867Z warning: in the working copy of '.agdf/control/runs/example/RUN_STATE.md', LF will be replaced by CRLF the next time Git touches it
2026-10-05T12:46:13.2510148Z warning: in the working copy of '.agdf/control/templates/artefacts/BROWNFIELD_REVIEW.md', LF will be replaced by CRLF the next time Git touches it
2026-10-05T12:46:13.2511440Z warning: in the working copy of '.agdf/control/templates/artefacts/OR.md', LF will be replaced by CRLF the next time Git touches it
2026-10-05T12:46:13.2512753Z warning: in the working copy of '.agdf/control/templates/artefacts/PRD.md', LF will be replaced by CRLF the next time Git touches it
2026-10-05T12:46:13.2514271Z warning: in the working copy of '.agdf/control/templates/artefacts/QA_REPORT.md', LF will be replaced by CRLF the next time Git touches it
2026-10-05T12:46:13.2515563Z warning: in the working copy of '.agdf/control/templates/artefacts/SD.md', LF will be replaced by CRLF the next time Git touches it
2026-10-05T12:46:13.2517092Z warning: in the working copy of '.agdf/control/templates/artefacts/TP.md', LF will be replaced by CRLF the next time Git touches it
2026-10-05T12:46:13.2518328Z warning: in the working copy of '.agdf/control/templates/artefacts/UR.md', LF will be replaced by CRLF the next time Git touches it
2026-10-05T12:46:13.2519673Z warning: in the working copy of '.agdf/control/templates/artefacts/UX_INTENT_DEFINITION.md', LF will be replaced by CRLF the next time Git touches it
2026-10-05T12:46:13.2520993Z warning: in the working copy of '.agdf/control/templates/artefacts/VERIFIED_CHANGE.md', LF will be replaced by CRLF the next time Git touches it
2026-10-05T12:46:13.2522081Z warning: in the working copy of 'README.md', LF will be replaced by CRLF the next time Git touches it
2026-10-05T12:46:13.2523068Z warning: in the working copy of 'contained.md', LF will be replaced by CRLF the next time Git touches it
2026-10-05T12:46:13.2524293Z warning: in the working copy of 'unrelated-tracked.md', LF will be replaced by CRLF the next time Git touches it
2026-10-05T12:46:28.4810339Z Verified Change tests passed
2026-10-05T12:46:28.8092876Z 
2026-10-05T12:46:28.8093447Z > create-agdf@0.14.5 test:runtime-integrity-layout
2026-10-05T12:46:28.8093894Z > node scripts/runtime-integrity-layout-test.js
2026-10-05T12:46:28.8094121Z 
2026-10-05T12:46:33.7492115Z Runtime integrity layout tests passed
2026-10-05T12:46:34.1438164Z 
2026-10-05T12:46:34.1439149Z > create-agdf@0.14.5 test:runtime-integrity-negative
2026-10-05T12:46:34.1440711Z > node scripts/runtime-integrity-negative-test.js
2026-10-05T12:46:34.1441016Z 
2026-10-05T12:47:24.4220774Z Runtime integrity negative tests passed
2026-10-05T12:47:25.0160932Z 
2026-10-05T12:47:25.0161950Z > create-agdf@0.14.5 test:agent-skills-conformance
2026-10-05T12:47:25.0162404Z > node scripts/agent-skills-conformance-test.js
2026-10-05T12:47:25.0162645Z 
2026-10-05T12:47:26.3906953Z Agent Skills conformance tests passed (source, policy, metadata, resources, symlinks and 4 generated surfaces)
2026-10-05T12:47:26.7190936Z 
2026-10-05T12:47:26.7191535Z > create-agdf@0.14.5 test:skill-evals
2026-10-05T12:47:26.7192071Z > node scripts/skill-evals-test.js
2026-10-05T12:47:26.7192294Z 
2026-10-05T12:47:26.9545051Z AGDF skill eval tests passed
2026-10-05T12:47:27.2583888Z 
2026-10-05T12:47:27.2584529Z > create-agdf@0.14.5 eval:skills
2026-10-05T12:47:27.2584935Z > node ../../evals/scripts/run-skill-evals.js
2026-10-05T12:47:27.2585151Z 
2026-10-05T12:47:27.4278756Z AGDF skill evals: pass (102/102 cases; 13 skills; deterministic replay, not live host execution)
2026-10-05T12:47:27.7280672Z 
2026-10-05T12:47:27.7281179Z > create-agdf@0.14.5 test:proportionality
2026-10-05T12:47:27.7281676Z > node scripts/proportionality-benchmark-test.js
2026-10-05T12:47:27.7281877Z 
2026-10-05T12:47:31.4010057Z AGDF proportionality benchmark tests passed
2026-10-05T12:47:31.7079586Z 
2026-10-05T12:47:31.7080366Z > create-agdf@0.14.5 test:delivery-path-search
2026-10-05T12:47:31.7080981Z > node scripts/delivery-path-search-test.js
2026-10-05T12:47:31.7081301Z 
2026-10-05T12:47:32.5824370Z Delivery Path Search focused tests passed.
2026-10-05T12:47:32.8928335Z 
2026-10-05T12:47:32.8929039Z > create-agdf@0.14.5 test:delivery-path-search-unit
2026-10-05T12:47:32.8929509Z > node ../core/test/delivery-path-search-unit-test.js
2026-10-05T12:47:32.8929738Z 
2026-10-05T12:47:32.9641343Z Delivery Path Search unit tests passed.
2026-10-05T12:47:33.2840331Z 
2026-10-05T12:47:33.2840997Z > create-agdf@0.14.5 test:delivery-path-search-generator
2026-10-05T12:47:33.2841466Z > node scripts/delivery-path-search-generator-test.js
2026-10-05T12:47:33.2841697Z 
2026-10-05T12:47:33.6515908Z Delivery Path Search generator tests passed.
2026-10-05T12:47:33.9766141Z 
2026-10-05T12:47:33.9767104Z > create-agdf@0.14.5 test:opencode-hardening
2026-10-05T12:47:33.9767757Z > node scripts/opencode-hardening-test.js
2026-10-05T12:47:33.9768023Z 
2026-10-05T12:47:34.3502468Z OpenCode hardening tests passed.
2026-10-05T12:47:34.4474680Z [smoke 0.0s] CLI metadata and release guards
2026-10-05T12:47:34.6690992Z [smoke 0.2s] codex global
2026-10-05T12:47:36.1038561Z [smoke 1.7s] host installer scenarios
2026-10-05T12:47:37.0376834Z [smoke 2.6s] claude install
2026-10-05T12:47:38.6904590Z [smoke 4.2s] claude update
2026-10-05T12:47:40.2754140Z [smoke 5.8s] Claude installer scenarios
2026-10-05T12:47:42.6138353Z [smoke 8.2s] OpenCode global installation and validator
2026-10-05T12:47:47.2658364Z [smoke 12.8s] OpenCode installation and status scenarios
2026-10-05T12:47:54.2167993Z [smoke 19.8s] opencode global preservation
2026-10-05T12:48:08.4261627Z [smoke 34.0s] opencode global collision
2026-10-05T12:48:08.8918186Z [smoke 34.4s] opencode validator package collision
2026-10-05T12:48:21.5310550Z [smoke 47.1s] repository bootstrap scenarios
2026-10-05T12:48:22.1952042Z [smoke 47.8s] opencode agent migration
2026-10-05T12:48:22.5336856Z [smoke 48.1s] opencode existing config
2026-10-05T12:48:22.8557935Z [smoke 48.4s] configuration and locale scenarios
2026-10-05T12:48:23.0829213Z [smoke 48.6s] init
2026-10-05T12:48:24.8088416Z [smoke 50.4s] gate check status card
2026-10-05T12:48:26.3920264Z [smoke 51.9s] language explicit
2026-10-05T12:48:27.2435360Z [smoke 52.8s] language config update
2026-10-05T12:48:27.7018244Z [smoke 53.3s] language locale
2026-10-05T12:48:28.3664763Z [smoke 53.9s] localized status cards
2026-10-05T12:48:30.3434752Z [smoke 55.9s] status card tp transition
2026-10-05T12:48:31.8845217Z [smoke 57.4s] gate check implicit consent
2026-10-05T12:48:32.8985362Z [smoke 58.5s] late gate transition scenarios
2026-10-05T12:48:48.7862332Z [smoke 74.3s] QA and UAT gate scenarios
2026-10-05T12:48:49.8209835Z [smoke 75.4s] doctor qa status mismatch
2026-10-05T12:48:50.7657890Z [smoke 76.3s] doctor missing
2026-10-05T12:48:51.3429486Z [smoke 76.9s] gate check ur triage
2026-10-05T12:48:52.5735948Z [smoke 78.1s] gate-check presentation scenarios
2026-10-05T12:48:53.9125632Z [smoke 79.5s] Mode and slice decision scenarios
2026-10-05T12:48:55.2821931Z [smoke 80.8s] gate check or handoff
2026-10-05T12:48:56.5057663Z [smoke 82.1s] gate check mode slice incomplete
2026-10-05T12:48:57.4415376Z [smoke 83.0s] delivery map chain
2026-10-05T12:48:59.1006190Z [smoke 84.7s] delivery map and backlog scenarios
2026-10-05T12:48:59.9532728Z [smoke 85.5s] invalid compact backlog
2026-10-05T12:49:00.6274913Z [smoke 86.2s] completed only backlog
2026-10-05T12:49:01.2612214Z [smoke 86.8s] gate check missing ur artifact
2026-10-05T12:49:02.4813945Z [smoke 88.0s] missing artefact and package compatibility scenarios
2026-10-05T12:49:06.9355410Z [smoke 92.5s] generated host surface scenarios
2026-10-05T12:49:07.3693643Z create-agdf smoke test passed
2026-10-05T12:49:07.4227743Z AGDF routing render test passed for plugin-only Copilot skills
2026-10-05T12:49:07.4425730Z [verify-ci] wrapper-smoke
2026-10-05T12:49:07.5795229Z 
2026-10-05T12:49:07.5795752Z > @agdf/cli@0.14.5 smoke-test
2026-10-05T12:49:07.5796141Z > node ./scripts/smoke-test.js
2026-10-05T12:49:07.5796318Z 
2026-10-05T12:49:45.8029354Z agdf CLI smoke test passed
2026-10-05T12:49:45.8504354Z Post job cleanup.
2026-10-05T12:49:45.9666141Z Cache hit occurred on the primary key node-cache-Windows-x64-npm-4a8c1dfe21846cde5c46d2e00bf82bda80106e5dab88c6ef4b098e180c48c961, not saving cache.
2026-10-05T12:49:45.9918144Z Post job cleanup.
2026-10-05T12:49:46.1342842Z [command]"C:\Program Files\Git\bin\git.exe" version
2026-10-05T12:49:46.1582564Z git version 2.55.0.windows.5
2026-10-05T12:49:46.1637449Z Copying 'C:\Users\runneradmin\.gitconfig' to 'D:\a\_temp\e19129f6-e4c5-4e71-91c7-bb32fc7397c9\.gitconfig'
2026-10-05T12:49:46.1655649Z Temporarily overriding HOME='D:\a\_temp\e19129f6-e4c5-4e71-91c7-bb32fc7397c9' before making global git config changes
2026-10-05T12:49:46.1656696Z Adding repository directory to the temporary git global config as a safe directory
2026-10-05T12:49:46.1667747Z [command]"C:\Program Files\Git\bin\git.exe" config --global --add safe.directory D:\a\ai-native-governance-delivery-framework\ai-native-governance-delivery-framework
2026-10-05T12:49:46.1944088Z Removing SSH command configuration
2026-10-05T12:49:46.1954287Z [command]"C:\Program Files\Git\bin\git.exe" config --local --name-only --get-regexp core\.sshCommand
2026-10-05T12:49:46.2253401Z [command]"C:\Program Files\Git\bin\git.exe" submodule foreach --recursive "sh -c \"git config --local --name-only --get-regexp 'core\.sshCommand' && git config --local --unset-all 'core.sshCommand' || :\""
2026-10-05T12:49:46.6624022Z Removing HTTP extra header
2026-10-05T12:49:46.6632489Z [command]"C:\Program Files\Git\bin\git.exe" config --local --name-only --get-regexp http\.https\:\/\/github\.com\/\.extraheader
2026-10-05T12:49:46.6905440Z [command]"C:\Program Files\Git\bin\git.exe" submodule foreach --recursive "sh -c \"git config --local --name-only --get-regexp 'http\.https\:\/\/github\.com\/\.extraheader' && git config --local --unset-all 'http.https://github.com/.extraheader' || :\""
2026-10-05T12:49:47.1220220Z Removing includeIf entries pointing to credentials config files
2026-10-05T12:49:47.1229637Z [command]"C:\Program Files\Git\bin\git.exe" config --local --name-only --get-regexp ^includeIf\.gitdir:
2026-10-05T12:49:47.1449670Z includeif.gitdir:D:/a/ai-native-governance-delivery-framework/ai-native-governance-delivery-framework/.git.path
2026-10-05T12:49:47.1450557Z includeif.gitdir:D:/a/ai-native-governance-delivery-framework/ai-native-governance-delivery-framework/.git/worktrees/*.path
2026-10-05T12:49:47.1451354Z includeif.gitdir:/github/workspace/.git.path
2026-10-05T12:49:47.1451818Z includeif.gitdir:/github/workspace/.git/worktrees/*.path
2026-10-05T12:49:47.1482259Z [command]"C:\Program Files\Git\bin\git.exe" config --local --get-all includeif.gitdir:D:/a/ai-native-governance-delivery-framework/ai-native-governance-delivery-framework/.git.path
2026-10-05T12:49:47.1699985Z D:\a\_temp\git-credentials-385bbf97-e1bb-49df-be5e-6870c1ef442e.config
2026-10-05T12:49:47.1735297Z [command]"C:\Program Files\Git\bin\git.exe" config --local --unset includeif.gitdir:D:/a/ai-native-governance-delivery-framework/ai-native-governance-delivery-framework/.git.path D\:\\a\\_temp\\git\-credentials\-385bbf97\-e1bb\-49df\-be5e\-6870c1ef442e\.config
2026-10-05T12:49:47.2026391Z [command]"C:\Program Files\Git\bin\git.exe" config --local --get-all includeif.gitdir:D:/a/ai-native-governance-delivery-framework/ai-native-governance-delivery-framework/.git/worktrees/*.path
2026-10-05T12:49:47.2239069Z D:\a\_temp\git-credentials-385bbf97-e1bb-49df-be5e-6870c1ef442e.config
2026-10-05T12:49:47.2275029Z [command]"C:\Program Files\Git\bin\git.exe" config --local --unset includeif.gitdir:D:/a/ai-native-governance-delivery-framework/ai-native-governance-delivery-framework/.git/worktrees/*.path D\:\\a\\_temp\\git\-credentials\-385bbf97\-e1bb\-49df\-be5e\-6870c1ef442e\.config
2026-10-05T12:49:47.2533354Z [command]"C:\Program Files\Git\bin\git.exe" config --local --get-all includeif.gitdir:/github/workspace/.git.path
2026-10-05T12:49:47.2743958Z /github/runner_temp/git-credentials-385bbf97-e1bb-49df-be5e-6870c1ef442e.config
2026-10-05T12:49:47.2777482Z [command]"C:\Program Files\Git\bin\git.exe" config --local --unset includeif.gitdir:/github/workspace/.git.path \/github\/runner_temp\/git\-credentials\-385bbf97\-e1bb\-49df\-be5e\-6870c1ef442e\.config
2026-10-05T12:49:47.3014715Z [command]"C:\Program Files\Git\bin\git.exe" config --local --get-all includeif.gitdir:/github/workspace/.git/worktrees/*.path
2026-10-05T12:49:47.3263429Z /github/runner_temp/git-credentials-385bbf97-e1bb-49df-be5e-6870c1ef442e.config
2026-10-05T12:49:47.3298479Z [command]"C:\Program Files\Git\bin\git.exe" config --local --unset includeif.gitdir:/github/workspace/.git/worktrees/*.path \/github\/runner_temp\/git\-credentials\-385bbf97\-e1bb\-49df\-be5e\-6870c1ef442e\.config
2026-10-05T12:49:47.3552333Z [command]"C:\Program Files\Git\bin\git.exe" submodule foreach --recursive "git config --local --show-origin --name-only --get-regexp remote.origin.url"
2026-10-05T12:49:47.7900032Z Removing credentials config 'D:\a\_temp\git-credentials-385bbf97-e1bb-49df-be5e-6870c1ef442e.config'
2026-10-05T12:49:47.8081986Z Cleaning up orphan processes
